domain,question,answer
DSA,What are the alternatives or companions of binary tree?,"Binary tree is traversed in preorder, inorder, postorder, or level order. It is used to represent hierarchies, expressions, and as a base for search trees. It supports natural recursive algorithms and traversals. It represents the expression three plus four times two as a tree."
DSA,What is a heap and a priority queue?,"A heap is a complete binary tree satisfying the heap property: in a min-heap each parent is smaller than its children. It implements a priority queue, giving O(1) access to the minimum or maximum, and O(log n) insertion and removal. Heaps power heap sort, Dijkstra's algorithm, and top-k problems."
DSA,Why is hash table useful?,"Hash table offers average constant-time insert, search, and delete. It is used for fast lookups, caches, counting, and deduplication. It has unordered keys, collisions, and worst-case linear time with poor hashing. It counts word frequencies by using each word as a key. It handles collisions with chaining or open addressing."
DSA,Describe a scenario where DFS is applied.,DFS explores a maze by following a corridor to the end before returning. It is simple to write recursively and uses memory proportional to depth. It does not find shortest paths and can overflow the recursion stack on deep graphs.
DSA,What are the advantages of two-pointer technique?,Two-pointer technique often reduces quadratic solutions to linear time with constant extra space. It is a technique that moves two indices through data to solve problems efficiently. It finds two numbers summing to a target by moving pointers inward from both ends. It is closely related to sliding window.
DSA,What other concepts are connected to segment tree?,Segment tree is an alternative to Fenwick trees and sparse tables. It is used for range queries and updates such as sum or minimum. It uses extra memory and is more complex to implement than prefix sums. It finds the minimum in any subarray of a changing array.
DSA,When should you use heap?,Heap is used to implement priority queues and heap sort. It is a complete binary tree where each parent is ordered relative to its children. It does not support fast arbitrary search or ordered traversal. It comes as min-heap or max-heap and is often stored in an array.
DSA,Walk me through a simple example of linked list.,"Linked list chains songs in a playlist so one can be inserted between two others. It is a sequence of nodes where each node points to the next. It has slow access by position and extra memory for pointers. It comes in singly, doubly, and circular forms."
DSA,What makes Bloom filter valuable?,Bloom filter is very space efficient and has fast constant-time operations. It is a probabilistic structure that tests whether an element is possibly in a set. It is used to avoid costly lookups in caches and databases. It has false positives and does not support deletion in the basic version.
DSA,What are the alternatives or companions of AVL tree?,"AVL tree is more strictly balanced than Red-Black trees. It guarantees O(log n) search, insert, and delete. It performs frequent rotations, so insertions cost more than in simpler trees. It rotates left after inserting values in increasing order to restore balance."
DSA,When should you avoid topological sort?,Topological sort exists only for graphs without cycles. It is an ordering of a directed acyclic graph's vertices so edges point forward. It orders courses so each prerequisite comes before the course that needs it. It is computed with Kahn's algorithm or DFS.
DSA,What is sliding window used for?,Sliding window is used for subarray and substring problems like maximum sum of k elements. It is a technique that maintains a moving range over an array or string. It finds the longest substring without repeating characters. It is a specialized form of the two-pointer technique.
DSA,Can you illustrate segment tree with an example?,Segment tree finds the minimum in any subarray of a changing array. It is used for range queries and updates such as sum or minimum. It answers range queries and point updates in logarithmic time. It is an alternative to Fenwick trees and sparse tables.
DSA,What other concepts are connected to memoization?,"Memoization is the top-down counterpart of tabulation in dynamic programming. It is used in recursive solutions with overlapping subproblems. It avoids repeated computation, often reducing exponential time to polynomial. It uses extra memory and adds recursion overhead. It stores Fibonacci values so each is computed once."
DSA,What is an alternative to trie?,"Trie is also called a prefix tree. It is a tree storing strings character by character along paths from the root. It is used for autocomplete, spell checking, and prefix searches. It finds prefixes in time proportional to word length, independent of dictionary size."
DSA,What is a practical example of stack?,"Stack lets a browser go back to the most recently visited page. It is a linear structure following Last In, First Out order. It offers constant-time push and pop with simple implementation. It is the counterpart of a queue, which is First In, First Out."
DSA,What are the alternatives or companions of binary search?,"Binary search is easy to get wrong because of off-by-one and overflow errors. It is an algorithm that finds a target in a sorted collection by halving the range. It runs in logarithmic time, so a million items need about twenty steps."
DSA,What makes binary search tree valuable?,Binary search tree gives logarithmic operations on balanced trees and sorted output through inorder traversal. It finds the value 42 by comparing and moving left or right. It is made reliable by balanced variants such as AVL and Red-Black trees.
DSA,What is an alternative to quick sort?,Quick sort is often made safer with random or median-of-three pivots. It is usually very fast in practice and sorts in place. It degrades to O(n^2) with bad pivots and is not stable. It picks the last element as pivot and moves smaller values to its left.
DSA,What is related to memoization?,"Memoization is the top-down counterpart of tabulation in dynamic programming. It is an optimization that caches function results for repeated inputs. It is used in recursive solutions with overlapping subproblems. It avoids repeated computation, often reducing exponential time to polynomial. It stores Fibonacci values so each is computed once."
DSA,Explain counting sort.,"Counting sort is a non-comparison sorting algorithm that counts occurrences of each value. It is used for integers within a small known range. It runs in linear time, O(n + k), for suitable inputs. It sorts exam scores from zero to one hundred by tallying counts."
DSA,What are the advantages of queue?,"Queue processes items fairly in arrival order with constant-time enqueue and dequeue. It is a linear structure following First In, First Out order. It is used for scheduling, buffering, and breadth-first search. It lines up print jobs so the earliest one prints first."
DSA,Why do developers use trie?,"Trie is used for autocomplete, spell checking, and prefix searches. It is a tree storing strings character by character along paths from the root. It finds prefixes in time proportional to word length, independent of dictionary size. It can use much memory when many strings share few prefixes."
DSA,Describe AVL tree briefly.,"AVL tree is a self-balancing binary search tree keeping subtree heights within one. It is used when lookups dominate and guaranteed logarithmic time is needed. It performs frequent rotations, so insertions cost more than in simpler trees. It is more strictly balanced than Red-Black trees."
DSA,What is the main purpose of binary search tree?,"Binary search tree is used for ordered data needing fast search, insertion, and deletion. It is a binary tree where left descendants are smaller and right ones larger than each node. It finds the value 42 by comparing and moving left or right."
DSA,How would you explain quick sort to a beginner?,Quick sort is a sorting algorithm that partitions around a pivot and sorts both sides. It is used for general in-memory sorting where average speed matters. It degrades to O(n^2) with bad pivots and is not stable. It is often made safer with random or median-of-three pivots.
DSA,Can you give a short overview of linked list?,"Linked list is a sequence of nodes where each node points to the next. It has slow access by position and extra memory for pointers. It chains songs in a playlist so one can be inserted between two others. It comes in singly, doubly, and circular forms."
DSA,What are the advantages of binary search?,"Binary search runs in logarithmic time, so a million items need about twenty steps. It is an algorithm that finds a target in a sorted collection by halving the range. It requires sorted data and random access to be efficient."
DSA,How does KMP algorithm help developers?,KMP algorithm runs in linear time O(n + m). It is a string matching algorithm that avoids rechecking characters using a prefix table. It is trickier to understand and implement than naive search. It finds the word abab in a long string without moving backward in the text.
DSA,What problem does Dijkstra's algorithm solve?,"Dijkstra's algorithm is used in routing, maps, and network planning. It is an algorithm that finds shortest paths from one source in graphs with non-negative weights. It fails with negative edge weights. It computes the quickest driving route between two cities."
DSA,What are the benefits of using LRU cache?,"LRU cache keeps frequently used items available and gives constant-time operations with the right design. It is a cache that evicts the least recently used item when full. It is used in memory caches, browsers, and databases. It is an alternative to FIFO and LFU policies."
DSA,What other concepts are connected to DFS?,"DFS contrasts with BFS, which explores nearest vertices first. It is a graph traversal that goes as deep as possible before backtracking. It is simple to write recursively and uses memory proportional to depth. It does not find shortest paths and can overflow the recursion stack on deep graphs."
DSA,Walk me through a simple example of heap sort.,"Heap sort builds a max-heap, then swaps the root with the last element repeatedly. It is used when guaranteed O(n log n) time and constant extra space are required. It is not stable and usually slower than quick sort in practice due to cache behavior."
DSA,Describe Dijkstra's algorithm briefly.,"Dijkstra's algorithm is an algorithm that finds shortest paths from one source in graphs with non-negative weights. It is efficient with a priority queue, running in about O((V+E) log V). It fails with negative edge weights. It computes the quickest driving route between two cities."
DSA,What other concepts are connected to binary tree?,"Binary tree is traversed in preorder, inorder, postorder, or level order. It is a hierarchical structure where each node has at most two children. It supports natural recursive algorithms and traversals. It can become skewed, making operations as slow as a linked list."
DSA,What is the main purpose of quick sort?,Quick sort is used for general in-memory sorting where average speed matters. It is a sorting algorithm that partitions around a pivot and sorts both sides. It picks the last element as pivot and moves smaller values to its left.
DSA,Describe queue briefly.,"Queue is a linear structure following First In, First Out order. It is used for scheduling, buffering, and breadth-first search. It processes items fairly in arrival order with constant-time enqueue and dequeue. It has variants like deque, priority queue, and circular queue."
DSA,What is an alternative to binary search?,"Binary search is easy to get wrong because of off-by-one and overflow errors. It is used for fast lookups and for searching answers over monotonic conditions. It runs in logarithmic time, so a million items need about twenty steps. It requires sorted data and random access to be efficient."
DSA,What are the disadvantages of recursion?,"Recursion can overflow the call stack and repeat work without memoization. It is used for trees, divide and conquer, and backtracking. It computes factorial of five as five times factorial of four. It needs a base case and can often be converted to iteration."
DSA,What makes array valuable?,"Array gives constant-time access by index and good cache locality. It is a collection of elements stored in contiguous memory and accessed by index. It stores daily temperatures for a week at indexes zero to six. It differs from linked lists, which trade access speed for flexible insertion."
DSA,Show a real-world example of hash table.,"Hash table counts word frequencies by using each word as a key. It is a structure that maps keys to values using a hash function. It is used for fast lookups, caches, counting, and deduplication. It handles collisions with chaining or open addressing."
DSA,In which situations is linked list a good choice?,Linked list is used when frequent insertions and deletions are needed without shifting elements. It is a sequence of nodes where each node points to the next. It chains songs in a playlist so one can be inserted between two others.
DSA,What makes trie valuable?,"Trie finds prefixes in time proportional to word length, independent of dictionary size. It is a tree storing strings character by character along paths from the root. It is used for autocomplete, spell checking, and prefix searches. It is also called a prefix tree."
DSA,What are common pitfalls with array?,"Array has costly middle insertions and deletions, and fixed size in many languages. It is a collection of elements stored in contiguous memory and accessed by index. It is used when fast random access and a known size are needed. It gives constant-time access by index and good cache locality."
DSA,What is the main purpose of DFS?,"DFS is used for cycle detection, topological sorting, and exploring all paths. It is a graph traversal that goes as deep as possible before backtracking. It is simple to write recursively and uses memory proportional to depth. It contrasts with BFS, which explores nearest vertices first."
DSA,What other concepts are connected to heap?,Heap comes as min-heap or max-heap and is often stored in an array. It is used to implement priority queues and heap sort. It gives constant-time access to the min or max and logarithmic insertions. It repeatedly extracts the smallest task to schedule next.
DSA,How is memoization typically used in real projects?,"Memoization is used in recursive solutions with overlapping subproblems. It avoids repeated computation, often reducing exponential time to polynomial. It uses extra memory and adds recursion overhead. It stores Fibonacci values so each is computed once. It is the top-down counterpart of tabulation in dynamic programming."
DSA,Where have you seen greedy algorithm in action?,"Greedy algorithm gives change using the largest coin first in standard currency systems. It is an approach that picks the locally best choice at every step. It is used when local choices lead to a global optimum, like interval scheduling."
DSA,What is an alternative to bubble sort?,Bubble sort is similar to insertion and selection sort in performance. It is a simple sorting algorithm that repeatedly swaps adjacent elements that are out of order. It is used mainly for teaching and very small datasets. It runs in O(n^2) time and is impractical for large inputs.
DSA,Describe a scenario where graph is applied.,"Graph models cities as vertices and roads as weighted edges. It is a structure of vertices connected by edges, directed or undirected. It is used to model networks, maps, dependencies, and relationships. It is stored as an adjacency list or adjacency matrix."
DSA,Where have you seen queue in action?,"Queue lines up print jobs so the earliest one prints first. It is a linear structure following First In, First Out order. It processes items fairly in arrival order with constant-time enqueue and dequeue. It allows access only at the ends, and array versions may waste space."
DSA,What problems can KMP algorithm cause?,KMP algorithm is trickier to understand and implement than naive search. It is used to find a pattern inside a long text. It finds the word abab in a long string without moving backward in the text. It is an alternative to Rabin-Karp and Boyer-Moore.
DSA,What are the advantages of backtracking?,"Backtracking prunes large search spaces compared with naive brute force. It is a technique that builds solutions step by step and abandons paths that fail. It is used for puzzles, permutations, subsets, and constraint problems. It is related to depth-first search and recursion."
DSA,What problems can heap cause?,Heap does not support fast arbitrary search or ordered traversal. It is a complete binary tree where each parent is ordered relative to its children. It gives constant-time access to the min or max and logarithmic insertions. It comes as min-heap or max-heap and is often stored in an array.
DSA,What is the basic idea behind graph?,"Graph is a structure of vertices connected by edges, directed or undirected. It represents complex connections that trees and lists cannot capture. It models cities as vertices and roads as weighted edges. It is stored as an adjacency list or adjacency matrix."
DSA,What is the basic idea behind Big O notation?,"Big O notation is a notation describing how an algorithm's running time or space grows with input size. It focuses on scalability, ignoring constants and lower-order terms. It describes upper bounds, while Omega and Theta describe lower and tight bounds."
DSA,Define DFS in simple words.,DFS is a graph traversal that goes as deep as possible before backtracking. It does not find shortest paths and can overflow the recursion stack on deep graphs. It explores a maze by following a corridor to the end before returning.
DSA,When should you use adjacency list?,"Adjacency list is used for sparse graphs in traversals and shortest-path algorithms. It uses memory proportional to vertices plus edges and iterates neighbors quickly. It checks whether a specific edge exists more slowly than an adjacency matrix. It stores vertex A with neighbors B and C as A: [B, C]."
DSA,What should you watch out for when using recursion?,"Recursion can overflow the call stack and repeat work without memoization. It is used for trees, divide and conquer, and backtracking. It makes complex problems concise and natural to express. It needs a base case and can often be converted to iteration."
DSA,What should you watch out for when using memoization?,Memoization uses extra memory and adds recursion overhead. It is an optimization that caches function results for repeated inputs. It is used in recursive solutions with overlapping subproblems. It stores Fibonacci values so each is computed once. It is the top-down counterpart of tabulation in dynamic programming.
DSA,What are the limitations of Fenwick tree?,Fenwick tree is less flexible than segment trees and suits mainly invertible operations. It is a compact structure for prefix sums supporting updates in logarithmic time. It is used for cumulative frequency and range sum queries. It tracks running totals of scores while values change.
DSA,List the strengths of graph.,"Graph represents complex connections that trees and lists cannot capture. It is a structure of vertices connected by edges, directed or undirected. It can be memory heavy, and many problems on graphs are computationally hard. It is stored as an adjacency list or adjacency matrix."
DSA,Give an example of amortized analysis.,"Amortized analysis explains why appending to a dynamic array is O(1) amortized despite occasional resizing. It is a method that averages the cost of operations over a sequence. It is used to analyze structures like dynamic arrays. It differs from average-case analysis, which relies on input probability."
DSA,Why is greedy algorithm considered important?,"Greedy algorithm is simple, fast, and often easy to implement. It is an approach that picks the locally best choice at every step. It is used when local choices lead to a global optimum, like interval scheduling. It fails on problems without the greedy-choice property, so correctness needs proof."
DSA,What are the limitations of dynamic programming?,Dynamic programming can use much memory and designing the state is difficult. It is used for optimization and counting problems with optimal substructure. It finds the minimum coins needed to make change for an amount. It is implemented top-down with memoization or bottom-up with tabulation.
DSA,What is related to linked list?,"Linked list comes in singly, doubly, and circular forms. It is a sequence of nodes where each node points to the next. It is used when frequent insertions and deletions are needed without shifting elements. It chains songs in a playlist so one can be inserted between two others."
DSA,What makes linked list valuable?,Linked list grows dynamically and inserts at a known node in constant time. It is a sequence of nodes where each node points to the next. It chains songs in a playlist so one can be inserted between two others.
DSA,When should you use amortized analysis?,Amortized analysis is used to analyze structures like dynamic arrays. It is a method that averages the cost of operations over a sequence. It guarantees average cost over sequences but not for every single operation. It explains why appending to a dynamic array is O(1) amortized despite occasional resizing.
DSA,Can you give a short overview of hash table?,"Hash table is a structure that maps keys to values using a hash function. It is used for fast lookups, caches, counting, and deduplication. It has unordered keys, collisions, and worst-case linear time with poor hashing. It counts word frequencies by using each word as a key."
DSA,What makes Dijkstra's algorithm valuable?,"Dijkstra's algorithm is efficient with a priority queue, running in about O((V+E) log V). It is an algorithm that finds shortest paths from one source in graphs with non-negative weights. It is replaced by Bellman-Ford for negative edges and A* for guided search."
DSA,What problem does adjacency list solve?,Adjacency list is used for sparse graphs in traversals and shortest-path algorithms. It is a graph representation storing each vertex's neighbors in a list. It uses memory proportional to vertices plus edges and iterates neighbors quickly. It is the usual alternative to an adjacency matrix for dense graphs.
DSA,Walk me through a simple example of adjacency list.,"Adjacency list stores vertex A with neighbors B and C as A: [B, C]. It is used for sparse graphs in traversals and shortest-path algorithms. It uses memory proportional to vertices plus edges and iterates neighbors quickly. It is the usual alternative to an adjacency matrix for dense graphs."
DSA,What are the drawbacks of DFS?,"DFS does not find shortest paths and can overflow the recursion stack on deep graphs. It is a graph traversal that goes as deep as possible before backtracking. It explores a maze by following a corridor to the end before returning. It contrasts with BFS, which explores nearest vertices first."
DSA,What do you gain by using KMP algorithm?,KMP algorithm runs in linear time O(n + m). It is a string matching algorithm that avoids rechecking characters using a prefix table. It is used to find a pattern inside a long text. It is an alternative to Rabin-Karp and Boyer-Moore.
DSA,How does quick sort compare with similar approaches?,Quick sort is often made safer with random or median-of-three pivots. It is a sorting algorithm that partitions around a pivot and sorts both sides. It is usually very fast in practice and sorts in place. It degrades to O(n^2) with bad pivots and is not stable.
DSA,Can you give a short overview of LRU cache?,LRU cache is a cache that evicts the least recently used item when full. It keeps frequently used items available and gives constant-time operations with the right design. It combines a hash map with a doubly linked list. It is an alternative to FIFO and LFU policies.
DSA,Define deque in simple words.,"Deque is a double-ended queue allowing insertion and removal at both ends. It is used for sliding window maximum, BFS variants, and palindromes. It has slower random access than arrays in linked implementations. It uses Python's collections.deque to pop from the left efficiently."
DSA,What is the basic idea behind recursion?,"Recursion is a technique where a function solves a problem by calling itself on smaller inputs. It is used for trees, divide and conquer, and backtracking. It can overflow the call stack and repeat work without memoization. It computes factorial of five as five times factorial of four."
DSA,What is linked list?,"Linked list is a sequence of nodes where each node points to the next. It grows dynamically and inserts at a known node in constant time. It has slow access by position and extra memory for pointers. It comes in singly, doubly, and circular forms."
DSA,Why is DFS considered important?,"DFS is simple to write recursively and uses memory proportional to depth. It does not find shortest paths and can overflow the recursion stack on deep graphs. It explores a maze by following a corridor to the end before returning. It contrasts with BFS, which explores nearest vertices first."
DSA,Can you illustrate hash table with an example?,"Hash table counts word frequencies by using each word as a key. It is a structure that maps keys to values using a hash function. It offers average constant-time insert, search, and delete. It handles collisions with chaining or open addressing."
DSA,When should you avoid graph?,"Graph can be memory heavy, and many problems on graphs are computationally hard. It is used to model networks, maps, dependencies, and relationships. It models cities as vertices and roads as weighted edges. It is stored as an adjacency list or adjacency matrix."
DSA,What are the advantages of Fenwick tree?,Fenwick tree is short to code and uses little memory. It is a compact structure for prefix sums supporting updates in logarithmic time. It is less flexible than segment trees and suits mainly invertible operations. It tracks running totals of scores while values change.
DSA,Explain quick sort.,Quick sort is a sorting algorithm that partitions around a pivot and sorts both sides. It is used for general in-memory sorting where average speed matters. It picks the last element as pivot and moves smaller values to its left.
DSA,What other concepts are connected to binary search tree?,"Binary search tree is made reliable by balanced variants such as AVL and Red-Black trees. It is used for ordered data needing fast search, insertion, and deletion. It gives logarithmic operations on balanced trees and sorted output through inorder traversal. It degrades to linear time if the tree becomes skewed."
DSA,In which situations is Dijkstra's algorithm a good choice?,"Dijkstra's algorithm is used in routing, maps, and network planning. It is an algorithm that finds shortest paths from one source in graphs with non-negative weights. It is efficient with a priority queue, running in about O((V+E) log V). It fails with negative edge weights."
DSA,When should you use AVL tree?,"AVL tree is used when lookups dominate and guaranteed logarithmic time is needed. It is a self-balancing binary search tree keeping subtree heights within one. It guarantees O(log n) search, insert, and delete. It rotates left after inserting values in increasing order to restore balance."
DSA,What is two-pointer technique?,Two-pointer technique is a technique that moves two indices through data to solve problems efficiently. It generally needs sorted or structured input to work correctly. It finds two numbers summing to a target by moving pointers inward from both ends. It is closely related to sliding window.
DSA,What is counting sort?,"Counting sort is a non-comparison sorting algorithm that counts occurrences of each value. It is used for integers within a small known range. It runs in linear time, O(n + k), for suitable inputs. It wastes memory when the value range is large."
DSA,Describe recursion briefly.,"Recursion is a technique where a function solves a problem by calling itself on smaller inputs. It is used for trees, divide and conquer, and backtracking. It computes factorial of five as five times factorial of four. It needs a base case and can often be converted to iteration."
DSA,How does backtracking compare with similar approaches?,"Backtracking is related to depth-first search and recursion. It is a technique that builds solutions step by step and abandons paths that fail. It is used for puzzles, permutations, subsets, and constraint problems. It can still take exponential time in the worst case."
DSA,What is stack?,"Stack is a linear structure following Last In, First Out order. It is used for undo features, recursion, expression evaluation, and backtracking. It offers constant-time push and pop with simple implementation. It is the counterpart of a queue, which is First In, First Out."
DSA,How does deque differ from related concepts?,"Deque generalizes both stacks and queues. It is a double-ended queue allowing insertion and removal at both ends. It is used for sliding window maximum, BFS variants, and palindromes. It supports constant-time operations at both ends. It has slower random access than arrays in linked implementations."
DSA,Where have you seen Dijkstra's algorithm in action?,Dijkstra's algorithm computes the quickest driving route between two cities. It is an algorithm that finds shortest paths from one source in graphs with non-negative weights. It fails with negative edge weights. It is replaced by Bellman-Ford for negative edges and A* for guided search.
DSA,What are the alternatives or companions of binary search tree?,Binary search tree is made reliable by balanced variants such as AVL and Red-Black trees. It is a binary tree where left descendants are smaller and right ones larger than each node. It finds the value 42 by comparing and moving left or right.
DSA,What is a practical example of linked list?,Linked list chains songs in a playlist so one can be inserted between two others. It is used when frequent insertions and deletions are needed without shifting elements. It grows dynamically and inserts at a known node in constant time.
DSA,Is there a substitute for minimum spanning tree?,Minimum spanning tree is computed using Kruskal's or Prim's algorithm. It is a subset of edges connecting all vertices with the smallest total weight. It gives the cheapest way to connect everything without cycles. It finds the cheapest cable layout connecting every office.
DSA,What are the disadvantages of merge sort?,"Merge sort needs O(n) extra space for arrays. It is used when stable, predictable sorting or external sorting is needed. It guarantees O(n log n) time and keeps equal elements in order. It sorts linked lists efficiently without random access."
DSA,In which situations is hash table a good choice?,"Hash table is used for fast lookups, caches, counting, and deduplication. It has unordered keys, collisions, and worst-case linear time with poor hashing. It counts word frequencies by using each word as a key. It handles collisions with chaining or open addressing."
DSA,Can you give a short overview of greedy algorithm?,"Greedy algorithm is an approach that picks the locally best choice at every step. It fails on problems without the greedy-choice property, so correctness needs proof. It gives change using the largest coin first in standard currency systems. It differs from dynamic programming, which considers combinations of subproblems."
DSA,What should I learn alongside recursion?,"Recursion needs a base case and can often be converted to iteration. It is a technique where a function solves a problem by calling itself on smaller inputs. It is used for trees, divide and conquer, and backtracking. It computes factorial of five as five times factorial of four."
DSA,What is a practical example of graph?,"Graph models cities as vertices and roads as weighted edges. It is a structure of vertices connected by edges, directed or undirected. It is used to model networks, maps, dependencies, and relationships. It represents complex connections that trees and lists cannot capture."
DSA,What does amortized analysis mean?,"Amortized analysis is a method that averages the cost of operations over a sequence. It is used to analyze structures like dynamic arrays. It guarantees average cost over sequences but not for every single operation. It differs from average-case analysis, which relies on input probability."
DSA,Is there a substitute for Fenwick tree?,Fenwick tree is also known as a binary indexed tree. It is used for cumulative frequency and range sum queries. It is less flexible than segment trees and suits mainly invertible operations. It tracks running totals of scores while values change.
DSA,Can you give a short overview of binary tree?,"Binary tree is a hierarchical structure where each node has at most two children. It supports natural recursive algorithms and traversals. It represents the expression three plus four times two as a tree. It is traversed in preorder, inorder, postorder, or level order."
DSA,What do you gain by using trie?,"Trie finds prefixes in time proportional to word length, independent of dictionary size. It is a tree storing strings character by character along paths from the root. It can use much memory when many strings share few prefixes. It is also called a prefix tree."
DSA,When should you avoid bit manipulation?,"Bit manipulation reduces readability and is easy to get wrong. It is the use of bitwise operators to work directly with binary representations. It is used for flags, masks, compact storage, and fast arithmetic tricks. It is very fast and memory efficient. It uses AND, OR, XOR, NOT, and shifts."
DSA,What is the basic idea behind divide and conquer?,"Divide and conquer is a strategy that splits a problem into subproblems, solves them, and combines results. It simplifies hard problems and often parallelizes naturally. It adds recursion overhead and may repeat work if subproblems overlap. It sorts an array by splitting, sorting halves, and merging."
DSA,What is bit manipulation?,"Bit manipulation is the use of bitwise operators to work directly with binary representations. It is used for flags, masks, compact storage, and fast arithmetic tricks. It reduces readability and is easy to get wrong. It uses AND, OR, XOR, NOT, and shifts."
DSA,What makes counting sort valuable?,"Counting sort runs in linear time, O(n + k), for suitable inputs. It is used for integers within a small known range. It sorts exam scores from zero to one hundred by tallying counts. It is often used as a subroutine in radix sort."
DSA,Describe a scenario where bubble sort is applied.,Bubble sort moves the largest value to the end after the first pass. It is a simple sorting algorithm that repeatedly swaps adjacent elements that are out of order. It is easy to understand and implement and can stop early if sorted.
DSA,Can you illustrate minimum spanning tree with an example?,"Minimum spanning tree finds the cheapest cable layout connecting every office. It is a subset of edges connecting all vertices with the smallest total weight. It is used in network design such as cables, roads, and clustering. It gives the cheapest way to connect everything without cycles."
DSA,What is an alternative to stack?,"Stack is the counterpart of a queue, which is First In, First Out. It is a linear structure following Last In, First Out order. It is used for undo features, recursion, expression evaluation, and backtracking. It offers constant-time push and pop with simple implementation."
DSA,What are the drawbacks of stack?,"Stack allows access only to the top element and can overflow if size is bounded. It is a linear structure following Last In, First Out order. It is used for undo features, recursion, expression evaluation, and backtracking. It lets a browser go back to the most recently visited page."
DSA,What are the drawbacks of backtracking?,"Backtracking can still take exponential time in the worst case. It is used for puzzles, permutations, subsets, and constraint problems. It prunes large search spaces compared with naive brute force. It solves N-Queens by placing queens and undoing moves that cause conflicts. It is related to depth-first search and recursion."
DSA,What do you gain by using bubble sort?,Bubble sort is easy to understand and implement and can stop early if sorted. It is a simple sorting algorithm that repeatedly swaps adjacent elements that are out of order. It moves the largest value to the end after the first pass.
DSA,What is an alternative to segment tree?,Segment tree is an alternative to Fenwick trees and sparse tables. It is used for range queries and updates such as sum or minimum. It answers range queries and point updates in logarithmic time. It finds the minimum in any subarray of a changing array.
DSA,What are the benefits of using Bloom filter?,Bloom filter is very space efficient and has fast constant-time operations. It is a probabilistic structure that tests whether an element is possibly in a set. It lets a crawler quickly skip URLs it has probably seen. It never returns false negatives.
DSA,How does hash table differ from related concepts?,"Hash table handles collisions with chaining or open addressing. It is a structure that maps keys to values using a hash function. It offers average constant-time insert, search, and delete. It counts word frequencies by using each word as a key."
DSA,Can you illustrate heap sort with an example?,"Heap sort builds a max-heap, then swaps the root with the last element repeatedly. It is a sorting algorithm that builds a heap and repeatedly extracts the maximum. It is used when guaranteed O(n log n) time and constant extra space are required."
DSA,How is quick sort typically used in real projects?,Quick sort is used for general in-memory sorting where average speed matters. It is usually very fast in practice and sorts in place. It degrades to O(n^2) with bad pivots and is not stable. It is often made safer with random or median-of-three pivots.
DSA,Why is stack useful?,"Stack offers constant-time push and pop with simple implementation. It is a linear structure following Last In, First Out order. It lets a browser go back to the most recently visited page. It is the counterpart of a queue, which is First In, First Out."
DSA,What should I learn alongside amortized analysis?,"Amortized analysis differs from average-case analysis, which relies on input probability. It is used to analyze structures like dynamic arrays. It guarantees average cost over sequences but not for every single operation. It explains why appending to a dynamic array is O(1) amortized despite occasional resizing."
DSA,How does sliding window compare with similar approaches?,Sliding window is a specialized form of the two-pointer technique. It is used for subarray and substring problems like maximum sum of k elements. It works best when the window condition changes predictably as it moves. It finds the longest substring without repeating characters.
DSA,Why is topological sort considered important?,"Topological sort gives a valid execution order in linear time. It is used for task scheduling, build systems, and course prerequisites. It exists only for graphs without cycles. It orders courses so each prerequisite comes before the course that needs it. It is computed with Kahn's algorithm or DFS."
DSA,What is a practical example of DFS?,"DFS explores a maze by following a corridor to the end before returning. It is simple to write recursively and uses memory proportional to depth. It does not find shortest paths and can overflow the recursion stack on deep graphs. It contrasts with BFS, which explores nearest vertices first."
DSA,Give an example of counting sort.,"Counting sort sorts exam scores from zero to one hundred by tallying counts. It is a non-comparison sorting algorithm that counts occurrences of each value. It is used for integers within a small known range. It runs in linear time, O(n + k), for suitable inputs."
DSA,Describe a scenario where Dijkstra's algorithm is applied.,"Dijkstra's algorithm computes the quickest driving route between two cities. It is used in routing, maps, and network planning. It is efficient with a priority queue, running in about O((V+E) log V). It is replaced by Bellman-Ford for negative edges and A* for guided search."
DSA,In which situations is divide and conquer a good choice?,"Divide and conquer is used in sorting, searching, and matrix multiplication. It is a strategy that splits a problem into subproblems, solves them, and combines results. It adds recursion overhead and may repeat work if subproblems overlap. It is analyzed with recurrences and the master theorem."
DSA,What should I learn alongside deque?,"Deque generalizes both stacks and queues. It is used for sliding window maximum, BFS variants, and palindromes. It supports constant-time operations at both ends. It has slower random access than arrays in linked implementations. It uses Python's collections.deque to pop from the left efficiently."
DSA,Can you illustrate quick sort with an example?,Quick sort picks the last element as pivot and moves smaller values to its left. It is a sorting algorithm that partitions around a pivot and sorts both sides. It is usually very fast in practice and sorts in place. It is often made safer with random or median-of-three pivots.
DSA,What problems can heap sort cause?,Heap sort is not stable and usually slower than quick sort in practice due to cache behavior. It is used when guaranteed O(n log n) time and constant extra space are required. It sorts in place with no worst-case slowdown. It relies on the heap data structure.
DSA,What are the limitations of binary search tree?,Binary search tree degrades to linear time if the tree becomes skewed. It is a binary tree where left descendants are smaller and right ones larger than each node. It is made reliable by balanced variants such as AVL and Red-Black trees.
DSA,Describe amortized analysis briefly.,"Amortized analysis is a method that averages the cost of operations over a sequence. It guarantees average cost over sequences but not for every single operation. It explains why appending to a dynamic array is O(1) amortized despite occasional resizing. It differs from average-case analysis, which relies on input probability."
DSA,Walk me through a simple example of array.,"Array stores daily temperatures for a week at indexes zero to six. It is used when fast random access and a known size are needed. It gives constant-time access by index and good cache locality. It has costly middle insertions and deletions, and fixed size in many languages."
DSA,How is deque typically used in real projects?,"Deque is used for sliding window maximum, BFS variants, and palindromes. It is a double-ended queue allowing insertion and removal at both ends. It supports constant-time operations at both ends. It has slower random access than arrays in linked implementations. It generalizes both stacks and queues."
DSA,What do you gain by using AVL tree?,"AVL tree guarantees O(log n) search, insert, and delete. It is a self-balancing binary search tree keeping subtree heights within one. It performs frequent rotations, so insertions cost more than in simpler trees. It rotates left after inserting values in increasing order to restore balance."
DSA,What is LRU cache?,"LRU cache is a cache that evicts the least recently used item when full. It is used in memory caches, browsers, and databases. It can be hurt by scans that flush useful entries. It is an alternative to FIFO and LFU policies."
DSA,Give an example of bit manipulation.,"Bit manipulation checks whether a number is a power of two with n and n minus one. It is used for flags, masks, compact storage, and fast arithmetic tricks. It reduces readability and is easy to get wrong. It uses AND, OR, XOR, NOT, and shifts."
DSA,When should you use binary search?,Binary search is used for fast lookups and for searching answers over monotonic conditions. It is an algorithm that finds a target in a sorted collection by halving the range. It finds a word in a dictionary by repeatedly opening the middle page.
DSA,What is a practical example of amortized analysis?,Amortized analysis explains why appending to a dynamic array is O(1) amortized despite occasional resizing. It is a method that averages the cost of operations over a sequence. It is used to analyze structures like dynamic arrays. It guarantees average cost over sequences but not for every single operation.
DSA,Can you give a short overview of AVL tree?,"AVL tree is a self-balancing binary search tree keeping subtree heights within one. It guarantees O(log n) search, insert, and delete. It performs frequent rotations, so insertions cost more than in simpler trees. It rotates left after inserting values in increasing order to restore balance."
DSA,What is Dijkstra's algorithm?,Dijkstra's algorithm is an algorithm that finds shortest paths from one source in graphs with non-negative weights. It fails with negative edge weights. It computes the quickest driving route between two cities. It is replaced by Bellman-Ford for negative edges and A* for guided search.
DSA,List the strengths of circular queue.,"Circular queue reuses freed space and avoids shifting elements. It is a fixed-size queue where the end connects back to the start. It is used for buffers, streaming data, and round-robin scheduling. It stores audio samples in a ring buffer. It is also known as a ring buffer."
DSA,Give an example of heap sort.,"Heap sort builds a max-heap, then swaps the root with the last element repeatedly. It is a sorting algorithm that builds a heap and repeatedly extracts the maximum. It is used when guaranteed O(n log n) time and constant extra space are required. It relies on the heap data structure."
DSA,What are the benefits of using segment tree?,Segment tree answers range queries and point updates in logarithmic time. It is a tree structure that stores aggregate information for array ranges. It uses extra memory and is more complex to implement than prefix sums. It is an alternative to Fenwick trees and sparse tables.
DSA,Walk me through a simple example of sliding window.,"Sliding window finds the longest substring without repeating characters. It is used for subarray and substring problems like maximum sum of k elements. It avoids recomputation, reducing time from quadratic to linear. It is a specialized form of the two-pointer technique."
DSA,How is BFS typically used in real projects?,"BFS is used to find shortest paths in unweighted graphs and connected components. It guarantees the fewest edges to reach any vertex from the source. It can use a lot of memory because it stores a whole frontier of vertices. It contrasts with depth-first search, which explores deeply before backtracking."
DSA,Define linked list in simple words.,"Linked list is a sequence of nodes where each node points to the next. It is used when frequent insertions and deletions are needed without shifting elements. It has slow access by position and extra memory for pointers. It comes in singly, doubly, and circular forms."
DSA,Where is backtracking commonly applied?,"Backtracking is used for puzzles, permutations, subsets, and constraint problems. It can still take exponential time in the worst case. It solves N-Queens by placing queens and undoing moves that cause conflicts. It is related to depth-first search and recursion."
DSA,What are the downsides of merge sort?,"Merge sort needs O(n) extra space for arrays. It is a divide and conquer sorting algorithm that splits, sorts, and merges halves. It is used when stable, predictable sorting or external sorting is needed. It guarantees O(n log n) time and keeps equal elements in order."
DSA,What are the limitations of greedy algorithm?,"Greedy algorithm fails on problems without the greedy-choice property, so correctness needs proof. It is used when local choices lead to a global optimum, like interval scheduling. It is simple, fast, and often easy to implement. It differs from dynamic programming, which considers combinations of subproblems."
DSA,What are the downsides of counting sort?,"Counting sort wastes memory when the value range is large. It is a non-comparison sorting algorithm that counts occurrences of each value. It is used for integers within a small known range. It runs in linear time, O(n + k), for suitable inputs."
DSA,Give an example of Big O notation.,"Big O notation classifies binary search as O(log n) and bubble sort as O(n^2). It is a notation describing how an algorithm's running time or space grows with input size. It focuses on scalability, ignoring constants and lower-order terms. It hides constant factors that matter on small inputs."
DSA,What is the basic idea behind linked list?,Linked list is a sequence of nodes where each node points to the next. It grows dynamically and inserts at a known node in constant time. It chains songs in a playlist so one can be inserted between two others.
DSA,When should you use divide and conquer?,"Divide and conquer is used in sorting, searching, and matrix multiplication. It simplifies hard problems and often parallelizes naturally. It adds recursion overhead and may repeat work if subproblems overlap. It sorts an array by splitting, sorting halves, and merging."
DSA,What is the basic idea behind AVL tree?,AVL tree is a self-balancing binary search tree keeping subtree heights within one. It is used when lookups dominate and guaranteed logarithmic time is needed. It rotates left after inserting values in increasing order to restore balance. It is more strictly balanced than Red-Black trees.
DSA,How does segment tree compare with similar approaches?,Segment tree is an alternative to Fenwick trees and sparse tables. It is a tree structure that stores aggregate information for array ranges. It answers range queries and point updates in logarithmic time. It uses extra memory and is more complex to implement than prefix sums.
DSA,Why is merge sort useful?,"Merge sort guarantees O(n log n) time and keeps equal elements in order. It is used when stable, predictable sorting or external sorting is needed. It needs O(n) extra space for arrays. It is a stable alternative to quick sort and heap sort."
DSA,Can you illustrate stack with an example?,"Stack lets a browser go back to the most recently visited page. It is a linear structure following Last In, First Out order. It is used for undo features, recursion, expression evaluation, and backtracking. It allows access only to the top element and can overflow if size is bounded."
DSA,What are the alternatives or companions of union-find?,Union-find is also called disjoint set union. It is a data structure that tracks disjoint sets with find and union operations. It achieves near-constant time per operation with path compression and union by rank. It checks whether two computers are already connected in a network.
DSA,What is related to merge sort?,"Merge sort is a stable alternative to quick sort and heap sort. It is a divide and conquer sorting algorithm that splits, sorts, and merges halves. It is used when stable, predictable sorting or external sorting is needed. It needs O(n) extra space for arrays."
DSA,What is the basic idea behind KMP algorithm?,KMP algorithm is a string matching algorithm that avoids rechecking characters using a prefix table. It is trickier to understand and implement than naive search. It finds the word abab in a long string without moving backward in the text.
DSA,Show a real-world example of union-find.,"Union-find checks whether two computers are already connected in a network. It is a data structure that tracks disjoint sets with find and union operations. It is used for connected components, Kruskal's algorithm, and cycle detection in undirected graphs. It supports merging but not efficient splitting of sets."
DSA,Walk me through a simple example of greedy algorithm.,"Greedy algorithm gives change using the largest coin first in standard currency systems. It is an approach that picks the locally best choice at every step. It is simple, fast, and often easy to implement. It differs from dynamic programming, which considers combinations of subproblems."
DSA,List the strengths of Big O notation.,"Big O notation focuses on scalability, ignoring constants and lower-order terms. It is a notation describing how an algorithm's running time or space grows with input size. It describes upper bounds, while Omega and Theta describe lower and tight bounds."
DSA,Why do developers use binary search?,"Binary search is used for fast lookups and for searching answers over monotonic conditions. It runs in logarithmic time, so a million items need about twenty steps. It requires sorted data and random access to be efficient. It is easy to get wrong because of off-by-one and overflow errors."
DSA,What should I learn alongside memoization?,"Memoization is the top-down counterpart of tabulation in dynamic programming. It is an optimization that caches function results for repeated inputs. It is used in recursive solutions with overlapping subproblems. It avoids repeated computation, often reducing exponential time to polynomial. It uses extra memory and adds recursion overhead."
DSA,What are the alternatives or companions of heap?,Heap comes as min-heap or max-heap and is often stored in an array. It gives constant-time access to the min or max and logarithmic insertions. It does not support fast arbitrary search or ordered traversal. It repeatedly extracts the smallest task to schedule next.
DSA,Describe divide and conquer briefly.,"Divide and conquer is a strategy that splits a problem into subproblems, solves them, and combines results. It is used in sorting, searching, and matrix multiplication. It adds recursion overhead and may repeat work if subproblems overlap. It is analyzed with recurrences and the master theorem."
DSA,Define merge sort in simple words.,"Merge sort is a divide and conquer sorting algorithm that splits, sorts, and merges halves. It guarantees O(n log n) time and keeps equal elements in order. It needs O(n) extra space for arrays. It sorts linked lists efficiently without random access."
DSA,What is binary search?,"Binary search is an algorithm that finds a target in a sorted collection by halving the range. It runs in logarithmic time, so a million items need about twenty steps. It requires sorted data and random access to be efficient."
DSA,What are the drawbacks of amortized analysis?,"Amortized analysis guarantees average cost over sequences but not for every single operation. It is used to analyze structures like dynamic arrays. It shows that occasional expensive operations still give cheap average cost. It differs from average-case analysis, which relies on input probability."
DSA,Define hash table in simple words.,"Hash table is a structure that maps keys to values using a hash function. It is used for fast lookups, caches, counting, and deduplication. It offers average constant-time insert, search, and delete. It has unordered keys, collisions, and worst-case linear time with poor hashing."
DSA,What is the basic idea behind queue?,"Queue is a linear structure following First In, First Out order. It is used for scheduling, buffering, and breadth-first search. It lines up print jobs so the earliest one prints first. It has variants like deque, priority queue, and circular queue."
DSA,Where have you seen linked list in action?,"Linked list chains songs in a playlist so one can be inserted between two others. It is a sequence of nodes where each node points to the next. It is used when frequent insertions and deletions are needed without shifting elements. It comes in singly, doubly, and circular forms."
DSA,What is the basic idea behind counting sort?,"Counting sort is a non-comparison sorting algorithm that counts occurrences of each value. It runs in linear time, O(n + k), for suitable inputs. It wastes memory when the value range is large. It sorts exam scores from zero to one hundred by tallying counts."
DSA,What should you watch out for when using circular queue?,"Circular queue has a fixed capacity and needs care to tell full from empty. It is used for buffers, streaming data, and round-robin scheduling. It stores audio samples in a ring buffer. It is also known as a ring buffer."
DSA,Show a real-world example of Bloom filter.,Bloom filter lets a crawler quickly skip URLs it has probably seen. It is very space efficient and has fast constant-time operations. It has false positives and does not support deletion in the basic version. It never returns false negatives.
DSA,Can you illustrate adjacency list with an example?,"Adjacency list stores vertex A with neighbors B and C as A: [B, C]. It is a graph representation storing each vertex's neighbors in a list. It is used for sparse graphs in traversals and shortest-path algorithms. It uses memory proportional to vertices plus edges and iterates neighbors quickly."
DSA,What are the benefits of using heap?,Heap gives constant-time access to the min or max and logarithmic insertions. It is a complete binary tree where each parent is ordered relative to its children. It does not support fast arbitrary search or ordered traversal. It comes as min-heap or max-heap and is often stored in an array.
DSA,How does linked list help developers?,Linked list grows dynamically and inserts at a known node in constant time. It is used when frequent insertions and deletions are needed without shifting elements. It chains songs in a playlist so one can be inserted between two others.
DSA,What are the advantages of DFS?,"DFS is simple to write recursively and uses memory proportional to depth. It is a graph traversal that goes as deep as possible before backtracking. It is used for cycle detection, topological sorting, and exploring all paths. It explores a maze by following a corridor to the end before returning."
DSA,Is there a substitute for KMP algorithm?,KMP algorithm is an alternative to Rabin-Karp and Boyer-Moore. It is a string matching algorithm that avoids rechecking characters using a prefix table. It is used to find a pattern inside a long text. It finds the word abab in a long string without moving backward in the text.
DSA,Show a real-world example of amortized analysis.,Amortized analysis explains why appending to a dynamic array is O(1) amortized despite occasional resizing. It is used to analyze structures like dynamic arrays. It shows that occasional expensive operations still give cheap average cost. It guarantees average cost over sequences but not for every single operation.
DSA,What are the downsides of binary search?,Binary search requires sorted data and random access to be efficient. It is an algorithm that finds a target in a sorted collection by halving the range. It finds a word in a dictionary by repeatedly opening the middle page.
DSA,What is an alternative to memoization?,Memoization is the top-down counterpart of tabulation in dynamic programming. It is an optimization that caches function results for repeated inputs. It is used in recursive solutions with overlapping subproblems. It uses extra memory and adds recursion overhead. It stores Fibonacci values so each is computed once.
DSA,What are the alternatives or companions of backtracking?,"Backtracking is related to depth-first search and recursion. It is a technique that builds solutions step by step and abandons paths that fail. It is used for puzzles, permutations, subsets, and constraint problems. It prunes large search spaces compared with naive brute force."
DSA,Why is bit manipulation useful?,"Bit manipulation is very fast and memory efficient. It is the use of bitwise operators to work directly with binary representations. It is used for flags, masks, compact storage, and fast arithmetic tricks. It checks whether a number is a power of two with n and n minus one."
DSA,What is union-find used for?,"Union-find is used for connected components, Kruskal's algorithm, and cycle detection in undirected graphs. It is a data structure that tracks disjoint sets with find and union operations. It supports merging but not efficient splitting of sets. It checks whether two computers are already connected in a network."
DSA,Where is BFS commonly applied?,"BFS is used to find shortest paths in unweighted graphs and connected components. It guarantees the fewest edges to reach any vertex from the source. It finds the minimum moves needed to solve a maze grid. It contrasts with depth-first search, which explores deeply before backtracking."
DSA,What makes two-pointer technique valuable?,"Two-pointer technique often reduces quadratic solutions to linear time with constant extra space. It is a technique that moves two indices through data to solve problems efficiently. It is used for sorted arrays, pair sums, and palindrome checks. It generally needs sorted or structured input to work correctly."
DSA,Describe dynamic programming briefly.,Dynamic programming is a method that solves problems by combining answers to overlapping subproblems. It can use much memory and designing the state is difficult. It finds the minimum coins needed to make change for an amount. It is implemented top-down with memoization or bottom-up with tabulation.
DSA,What is an alternative to DFS?,"DFS contrasts with BFS, which explores nearest vertices first. It is simple to write recursively and uses memory proportional to depth. It does not find shortest paths and can overflow the recursion stack on deep graphs. It explores a maze by following a corridor to the end before returning."
DSA,What is the basic idea behind segment tree?,Segment tree is a tree structure that stores aggregate information for array ranges. It answers range queries and point updates in logarithmic time. It finds the minimum in any subarray of a changing array. It is an alternative to Fenwick trees and sparse tables.
DSA,What are the limitations of counting sort?,"Counting sort wastes memory when the value range is large. It is a non-comparison sorting algorithm that counts occurrences of each value. It runs in linear time, O(n + k), for suitable inputs. It is often used as a subroutine in radix sort."
DSA,What are the drawbacks of queue?,"Queue allows access only at the ends, and array versions may waste space. It processes items fairly in arrival order with constant-time enqueue and dequeue. It lines up print jobs so the earliest one prints first. It has variants like deque, priority queue, and circular queue."
DSA,How is union-find typically used in real projects?,"Union-find is used for connected components, Kruskal's algorithm, and cycle detection in undirected graphs. It is a data structure that tracks disjoint sets with find and union operations. It achieves near-constant time per operation with path compression and union by rank. It is also called disjoint set union."
DSA,Where is array commonly applied?,"Array is used when fast random access and a known size are needed. It is a collection of elements stored in contiguous memory and accessed by index. It gives constant-time access by index and good cache locality. It has costly middle insertions and deletions, and fixed size in many languages."
DSA,What is greedy algorithm?,"Greedy algorithm is an approach that picks the locally best choice at every step. It is used when local choices lead to a global optimum, like interval scheduling. It fails on problems without the greedy-choice property, so correctness needs proof."
DSA,How does merge sort help developers?,"Merge sort guarantees O(n log n) time and keeps equal elements in order. It is a divide and conquer sorting algorithm that splits, sorts, and merges halves. It sorts linked lists efficiently without random access. It is a stable alternative to quick sort and heap sort."
DSA,What are the downsides of backtracking?,"Backtracking can still take exponential time in the worst case. It is used for puzzles, permutations, subsets, and constraint problems. It solves N-Queens by placing queens and undoing moves that cause conflicts. It is related to depth-first search and recursion."
DSA,What are the advantages of BFS?,BFS guarantees the fewest edges to reach any vertex from the source. It is used to find shortest paths in unweighted graphs and connected components. It can use a lot of memory because it stores a whole frontier of vertices.
DSA,Why is divide and conquer considered important?,"Divide and conquer simplifies hard problems and often parallelizes naturally. It is a strategy that splits a problem into subproblems, solves them, and combines results. It is used in sorting, searching, and matrix multiplication. It sorts an array by splitting, sorting halves, and merging."
DSA,What problem does counting sort solve?,"Counting sort is used for integers within a small known range. It runs in linear time, O(n + k), for suitable inputs. It wastes memory when the value range is large. It is often used as a subroutine in radix sort."
DSA,Why is two-pointer technique considered important?,"Two-pointer technique often reduces quadratic solutions to linear time with constant extra space. It is used for sorted arrays, pair sums, and palindrome checks. It generally needs sorted or structured input to work correctly. It finds two numbers summing to a target by moving pointers inward from both ends."
DSA,What are the downsides of graph?,"Graph can be memory heavy, and many problems on graphs are computationally hard. It is a structure of vertices connected by edges, directed or undirected. It is used to model networks, maps, dependencies, and relationships. It represents complex connections that trees and lists cannot capture."
DSA,Can you illustrate two-pointer technique with an example?,"Two-pointer technique finds two numbers summing to a target by moving pointers inward from both ends. It is used for sorted arrays, pair sums, and palindrome checks. It often reduces quadratic solutions to linear time with constant extra space. It generally needs sorted or structured input to work correctly."
DSA,What should you watch out for when using array?,"Array has costly middle insertions and deletions, and fixed size in many languages. It is used when fast random access and a known size are needed. It stores daily temperatures for a week at indexes zero to six. It differs from linked lists, which trade access speed for flexible insertion."
DSA,Where have you seen Fenwick tree in action?,Fenwick tree tracks running totals of scores while values change. It is used for cumulative frequency and range sum queries. It is short to code and uses little memory. It is less flexible than segment trees and suits mainly invertible operations. It is also known as a binary indexed tree.
DSA,What are the downsides of topological sort?,Topological sort exists only for graphs without cycles. It is an ordering of a directed acyclic graph's vertices so edges point forward. It gives a valid execution order in linear time. It orders courses so each prerequisite comes before the course that needs it.
DSA,How would you explain two-pointer technique to a beginner?,Two-pointer technique is a technique that moves two indices through data to solve problems efficiently. It often reduces quadratic solutions to linear time with constant extra space. It finds two numbers summing to a target by moving pointers inward from both ends. It is closely related to sliding window.
DSA,Give an example of Fenwick tree.,Fenwick tree tracks running totals of scores while values change. It is a compact structure for prefix sums supporting updates in logarithmic time. It is used for cumulative frequency and range sum queries. It is also known as a binary indexed tree.
DSA,What are the limitations of backtracking?,"Backtracking can still take exponential time in the worst case. It is used for puzzles, permutations, subsets, and constraint problems. It prunes large search spaces compared with naive brute force. It solves N-Queens by placing queens and undoing moves that cause conflicts."
DSA,Where is counting sort commonly applied?,"Counting sort is used for integers within a small known range. It is a non-comparison sorting algorithm that counts occurrences of each value. It runs in linear time, O(n + k), for suitable inputs. It is often used as a subroutine in radix sort."
DSA,Describe a scenario where LRU cache is applied.,LRU cache combines a hash map with a doubly linked list. It is a cache that evicts the least recently used item when full. It keeps frequently used items available and gives constant-time operations with the right design. It is an alternative to FIFO and LFU policies.
DSA,Define minimum spanning tree in simple words.,"Minimum spanning tree is a subset of edges connecting all vertices with the smallest total weight. It is used in network design such as cables, roads, and clustering. It finds the cheapest cable layout connecting every office. It is computed using Kruskal's or Prim's algorithm."
DSA,How is AVL tree typically used in real projects?,"AVL tree is used when lookups dominate and guaranteed logarithmic time is needed. It guarantees O(log n) search, insert, and delete. It performs frequent rotations, so insertions cost more than in simpler trees. It is more strictly balanced than Red-Black trees."
DSA,Can you illustrate graph with an example?,"Graph models cities as vertices and roads as weighted edges. It is a structure of vertices connected by edges, directed or undirected. It is used to model networks, maps, dependencies, and relationships. It can be memory heavy, and many problems on graphs are computationally hard."
DSA,Why is binary search considered important?,"Binary search runs in logarithmic time, so a million items need about twenty steps. It is an algorithm that finds a target in a sorted collection by halving the range. It is used for fast lookups and for searching answers over monotonic conditions."
DSA,Walk me through a simple example of Dijkstra's algorithm.,"Dijkstra's algorithm computes the quickest driving route between two cities. It is an algorithm that finds shortest paths from one source in graphs with non-negative weights. It is efficient with a priority queue, running in about O((V+E) log V). It fails with negative edge weights."
DSA,What are the downsides of Dijkstra's algorithm?,"Dijkstra's algorithm fails with negative edge weights. It is efficient with a priority queue, running in about O((V+E) log V). It computes the quickest driving route between two cities. It is replaced by Bellman-Ford for negative edges and A* for guided search."
DSA,How does stack help developers?,"Stack offers constant-time push and pop with simple implementation. It allows access only to the top element and can overflow if size is bounded. It lets a browser go back to the most recently visited page. It is the counterpart of a queue, which is First In, First Out."
DSA,What are the disadvantages of KMP algorithm?,KMP algorithm is trickier to understand and implement than naive search. It is a string matching algorithm that avoids rechecking characters using a prefix table. It finds the word abab in a long string without moving backward in the text.
DSA,What are the disadvantages of adjacency list?,Adjacency list checks whether a specific edge exists more slowly than an adjacency matrix. It is a graph representation storing each vertex's neighbors in a list. It is used for sparse graphs in traversals and shortest-path algorithms. It uses memory proportional to vertices plus edges and iterates neighbors quickly.
DSA,Describe binary search tree briefly.,"Binary search tree is a binary tree where left descendants are smaller and right ones larger than each node. It is used for ordered data needing fast search, insertion, and deletion. It is made reliable by balanced variants such as AVL and Red-Black trees."
DSA,Why is AVL tree useful?,"AVL tree guarantees O(log n) search, insert, and delete. It is used when lookups dominate and guaranteed logarithmic time is needed. It rotates left after inserting values in increasing order to restore balance. It is more strictly balanced than Red-Black trees."
DSA,What is a practical example of deque?,"Deque uses Python's collections.deque to pop from the left efficiently. It is a double-ended queue allowing insertion and removal at both ends. It is used for sliding window maximum, BFS variants, and palindromes. It has slower random access than arrays in linked implementations."
DSA,Give an example of hash table.,"Hash table counts word frequencies by using each word as a key. It is used for fast lookups, caches, counting, and deduplication. It offers average constant-time insert, search, and delete. It has unordered keys, collisions, and worst-case linear time with poor hashing. It handles collisions with chaining or open addressing."
DSA,List the strengths of adjacency list.,"Adjacency list uses memory proportional to vertices plus edges and iterates neighbors quickly. It is a graph representation storing each vertex's neighbors in a list. It stores vertex A with neighbors B and C as A: [B, C]. It is the usual alternative to an adjacency matrix for dense graphs."
DSA,How does bubble sort differ from related concepts?,Bubble sort is similar to insertion and selection sort in performance. It is used mainly for teaching and very small datasets. It runs in O(n^2) time and is impractical for large inputs. It moves the largest value to the end after the first pass.
DSA,What should you watch out for when using Bloom filter?,Bloom filter has false positives and does not support deletion in the basic version. It is a probabilistic structure that tests whether an element is possibly in a set. It is very space efficient and has fast constant-time operations. It never returns false negatives.
DSA,What are the disadvantages of topological sort?,"Topological sort exists only for graphs without cycles. It is an ordering of a directed acyclic graph's vertices so edges point forward. It is used for task scheduling, build systems, and course prerequisites. It is computed with Kahn's algorithm or DFS."
DSA,Where have you seen LRU cache in action?,"LRU cache combines a hash map with a doubly linked list. It is used in memory caches, browsers, and databases. It keeps frequently used items available and gives constant-time operations with the right design. It is an alternative to FIFO and LFU policies."
DSA,What are the disadvantages of deque?,"Deque has slower random access than arrays in linked implementations. It is used for sliding window maximum, BFS variants, and palindromes. It supports constant-time operations at both ends. It uses Python's collections.deque to pop from the left efficiently. It generalizes both stacks and queues."
DSA,What is the main purpose of LRU cache?,"LRU cache is used in memory caches, browsers, and databases. It is a cache that evicts the least recently used item when full. It keeps frequently used items available and gives constant-time operations with the right design. It can be hurt by scans that flush useful entries."
DSA,How would you explain binary tree to a beginner?,"Binary tree is a hierarchical structure where each node has at most two children. It is used to represent hierarchies, expressions, and as a base for search trees. It can become skewed, making operations as slow as a linked list."
DSA,What is related to binary tree?,"Binary tree is traversed in preorder, inorder, postorder, or level order. It supports natural recursive algorithms and traversals. It can become skewed, making operations as slow as a linked list. It represents the expression three plus four times two as a tree."
DSA,Describe a scenario where AVL tree is applied.,"AVL tree rotates left after inserting values in increasing order to restore balance. It is a self-balancing binary search tree keeping subtree heights within one. It is used when lookups dominate and guaranteed logarithmic time is needed. It guarantees O(log n) search, insert, and delete."
DSA,What are the benefits of using hash table?,"Hash table offers average constant-time insert, search, and delete. It is a structure that maps keys to values using a hash function. It counts word frequencies by using each word as a key. It handles collisions with chaining or open addressing."
DSA,What do you gain by using Bloom filter?,Bloom filter is very space efficient and has fast constant-time operations. It is a probabilistic structure that tests whether an element is possibly in a set. It has false positives and does not support deletion in the basic version. It never returns false negatives.
DSA,What are the advantages of amortized analysis?,Amortized analysis shows that occasional expensive operations still give cheap average cost. It is used to analyze structures like dynamic arrays. It guarantees average cost over sequences but not for every single operation. It explains why appending to a dynamic array is O(1) amortized despite occasional resizing.
DSA,Can you illustrate Fenwick tree with an example?,Fenwick tree tracks running totals of scores while values change. It is used for cumulative frequency and range sum queries. It is less flexible than segment trees and suits mainly invertible operations. It is also known as a binary indexed tree.
DSA,Define Bloom filter in simple words.,Bloom filter is a probabilistic structure that tests whether an element is possibly in a set. It is used to avoid costly lookups in caches and databases. It lets a crawler quickly skip URLs it has probably seen. It never returns false negatives.
DSA,What are the alternatives or companions of Fenwick tree?,Fenwick tree is also known as a binary indexed tree. It is used for cumulative frequency and range sum queries. It is short to code and uses little memory. It is less flexible than segment trees and suits mainly invertible operations.
DSA,What are common pitfalls with queue?,"Queue allows access only at the ends, and array versions may waste space. It is a linear structure following First In, First Out order. It processes items fairly in arrival order with constant-time enqueue and dequeue. It has variants like deque, priority queue, and circular queue."
DSA,What are the drawbacks of LRU cache?,"LRU cache can be hurt by scans that flush useful entries. It is a cache that evicts the least recently used item when full. It is used in memory caches, browsers, and databases. It is an alternative to FIFO and LFU policies."
DSA,Why is two-pointer technique useful?,"Two-pointer technique often reduces quadratic solutions to linear time with constant extra space. It is a technique that moves two indices through data to solve problems efficiently. It is used for sorted arrays, pair sums, and palindrome checks. It is closely related to sliding window."
DSA,Can you illustrate divide and conquer with an example?,"Divide and conquer sorts an array by splitting, sorting halves, and merging. It simplifies hard problems and often parallelizes naturally. It adds recursion overhead and may repeat work if subproblems overlap. It is analyzed with recurrences and the master theorem."
DSA,Why is BFS useful?,BFS guarantees the fewest edges to reach any vertex from the source. It is a graph traversal that visits vertices level by level using a queue. It can use a lot of memory because it stores a whole frontier of vertices.
DSA,What are common pitfalls with stack?,"Stack allows access only to the top element and can overflow if size is bounded. It is used for undo features, recursion, expression evaluation, and backtracking. It offers constant-time push and pop with simple implementation. It lets a browser go back to the most recently visited page."
DSA,What is an alternative to binary search tree?,"Binary search tree is made reliable by balanced variants such as AVL and Red-Black trees. It is a binary tree where left descendants are smaller and right ones larger than each node. It is used for ordered data needing fast search, insertion, and deletion."
DSA,What is minimum spanning tree used for?,"Minimum spanning tree is used in network design such as cables, roads, and clustering. It gives the cheapest way to connect everything without cycles. It finds the cheapest cable layout connecting every office. It is computed using Kruskal's or Prim's algorithm."
DSA,What are the advantages of deque?,"Deque supports constant-time operations at both ends. It is a double-ended queue allowing insertion and removal at both ends. It is used for sliding window maximum, BFS variants, and palindromes. It uses Python's collections.deque to pop from the left efficiently. It generalizes both stacks and queues."
DSA,What are the advantages of graph?,"Graph represents complex connections that trees and lists cannot capture. It can be memory heavy, and many problems on graphs are computationally hard. It models cities as vertices and roads as weighted edges. It is stored as an adjacency list or adjacency matrix."
DSA,Is there a substitute for recursion?,"Recursion needs a base case and can often be converted to iteration. It is a technique where a function solves a problem by calling itself on smaller inputs. It is used for trees, divide and conquer, and backtracking. It makes complex problems concise and natural to express."
DSA,What are common pitfalls with binary tree?,"Binary tree can become skewed, making operations as slow as a linked list. It supports natural recursive algorithms and traversals. It represents the expression three plus four times two as a tree. It is traversed in preorder, inorder, postorder, or level order."
DSA,How would you explain greedy algorithm to a beginner?,"Greedy algorithm is an approach that picks the locally best choice at every step. It is used when local choices lead to a global optimum, like interval scheduling. It is simple, fast, and often easy to implement. It fails on problems without the greedy-choice property, so correctness needs proof."
DSA,What problems can topological sort cause?,"Topological sort exists only for graphs without cycles. It is used for task scheduling, build systems, and course prerequisites. It orders courses so each prerequisite comes before the course that needs it. It is computed with Kahn's algorithm or DFS."
DSA,What is related to greedy algorithm?,"Greedy algorithm differs from dynamic programming, which considers combinations of subproblems. It is an approach that picks the locally best choice at every step. It is used when local choices lead to a global optimum, like interval scheduling. It fails on problems without the greedy-choice property, so correctness needs proof."
DSA,What problems can Fenwick tree cause?,Fenwick tree is less flexible than segment trees and suits mainly invertible operations. It is short to code and uses little memory. It tracks running totals of scores while values change. It is also known as a binary indexed tree.
DSA,What is heap sort used for?,"Heap sort is used when guaranteed O(n log n) time and constant extra space are required. It is a sorting algorithm that builds a heap and repeatedly extracts the maximum. It builds a max-heap, then swaps the root with the last element repeatedly. It relies on the heap data structure."
DSA,How is Dijkstra's algorithm used in practice?,"Dijkstra's algorithm computes the quickest driving route between two cities. It is an algorithm that finds shortest paths from one source in graphs with non-negative weights. It is used in routing, maps, and network planning. It is efficient with a priority queue, running in about O((V+E) log V)."
DSA,What other concepts are connected to bubble sort?,Bubble sort is similar to insertion and selection sort in performance. It is a simple sorting algorithm that repeatedly swaps adjacent elements that are out of order. It is used mainly for teaching and very small datasets. It moves the largest value to the end after the first pass.
DSA,What is a practical example of heap sort?,"Heap sort builds a max-heap, then swaps the root with the last element repeatedly. It is a sorting algorithm that builds a heap and repeatedly extracts the maximum. It sorts in place with no worst-case slowdown. It relies on the heap data structure."
DSA,What do you gain by using quick sort?,Quick sort is usually very fast in practice and sorts in place. It is a sorting algorithm that partitions around a pivot and sorts both sides. It picks the last element as pivot and moves smaller values to its left.
DSA,What makes binary search valuable?,"Binary search runs in logarithmic time, so a million items need about twenty steps. It requires sorted data and random access to be efficient. It finds a word in a dictionary by repeatedly opening the middle page. It is easy to get wrong because of off-by-one and overflow errors."
DSA,What is the main purpose of hash table?,"Hash table is used for fast lookups, caches, counting, and deduplication. It is a structure that maps keys to values using a hash function. It offers average constant-time insert, search, and delete. It has unordered keys, collisions, and worst-case linear time with poor hashing."
DSA,What is related to Dijkstra's algorithm?,"Dijkstra's algorithm is replaced by Bellman-Ford for negative edges and A* for guided search. It is efficient with a priority queue, running in about O((V+E) log V). It fails with negative edge weights. It computes the quickest driving route between two cities."
DSA,Where is Bloom filter commonly applied?,Bloom filter is used to avoid costly lookups in caches and databases. It is a probabilistic structure that tests whether an element is possibly in a set. It lets a crawler quickly skip URLs it has probably seen. It never returns false negatives.
DSA,Is there a substitute for stack?,"Stack is the counterpart of a queue, which is First In, First Out. It offers constant-time push and pop with simple implementation. It allows access only to the top element and can overflow if size is bounded. It lets a browser go back to the most recently visited page."
DSA,Where is binary search commonly applied?,Binary search is used for fast lookups and for searching answers over monotonic conditions. It requires sorted data and random access to be efficient. It finds a word in a dictionary by repeatedly opening the middle page. It is easy to get wrong because of off-by-one and overflow errors.
DSA,Where have you seen deque in action?,"Deque uses Python's collections.deque to pop from the left efficiently. It is a double-ended queue allowing insertion and removal at both ends. It is used for sliding window maximum, BFS variants, and palindromes. It has slower random access than arrays in linked implementations. It generalizes both stacks and queues."
DSA,What do you gain by using divide and conquer?,"Divide and conquer simplifies hard problems and often parallelizes naturally. It is a strategy that splits a problem into subproblems, solves them, and combines results. It is used in sorting, searching, and matrix multiplication. It adds recursion overhead and may repeat work if subproblems overlap."
DSA,When should you use topological sort?,"Topological sort is used for task scheduling, build systems, and course prerequisites. It gives a valid execution order in linear time. It exists only for graphs without cycles. It orders courses so each prerequisite comes before the course that needs it."
DSA,What makes AVL tree valuable?,"AVL tree guarantees O(log n) search, insert, and delete. It is a self-balancing binary search tree keeping subtree heights within one. It performs frequent rotations, so insertions cost more than in simpler trees. It is more strictly balanced than Red-Black trees."
DSA,What is the main purpose of Bloom filter?,Bloom filter is used to avoid costly lookups in caches and databases. It is very space efficient and has fast constant-time operations. It has false positives and does not support deletion in the basic version. It never returns false negatives.
DSA,What is related to BFS?,"BFS contrasts with depth-first search, which explores deeply before backtracking. It is used to find shortest paths in unweighted graphs and connected components. It guarantees the fewest edges to reach any vertex from the source. It can use a lot of memory because it stores a whole frontier of vertices."
DSA,What problems can binary tree cause?,"Binary tree can become skewed, making operations as slow as a linked list. It is a hierarchical structure where each node has at most two children. It is used to represent hierarchies, expressions, and as a base for search trees. It is traversed in preorder, inorder, postorder, or level order."
DSA,Can you give a short overview of merge sort?,"Merge sort is a divide and conquer sorting algorithm that splits, sorts, and merges halves. It is used when stable, predictable sorting or external sorting is needed. It guarantees O(n log n) time and keeps equal elements in order. It needs O(n) extra space for arrays."
DSA,Why is minimum spanning tree useful?,"Minimum spanning tree gives the cheapest way to connect everything without cycles. It is used in network design such as cables, roads, and clustering. It applies only to weighted undirected connected graphs. It is computed using Kruskal's or Prim's algorithm."
DSA,How is Dijkstra's algorithm typically used in real projects?,"Dijkstra's algorithm is used in routing, maps, and network planning. It is efficient with a priority queue, running in about O((V+E) log V). It computes the quickest driving route between two cities. It is replaced by Bellman-Ford for negative edges and A* for guided search."
DSA,Describe a scenario where merge sort is applied.,"Merge sort sorts linked lists efficiently without random access. It is a divide and conquer sorting algorithm that splits, sorts, and merges halves. It is used when stable, predictable sorting or external sorting is needed. It needs O(n) extra space for arrays."
DSA,What makes BFS valuable?,"BFS guarantees the fewest edges to reach any vertex from the source. It can use a lot of memory because it stores a whole frontier of vertices. It finds the minimum moves needed to solve a maze grid. It contrasts with depth-first search, which explores deeply before backtracking."
DSA,Why is LRU cache useful?,"LRU cache keeps frequently used items available and gives constant-time operations with the right design. It is used in memory caches, browsers, and databases. It can be hurt by scans that flush useful entries. It is an alternative to FIFO and LFU policies."
DSA,How does queue compare with similar approaches?,"Queue has variants like deque, priority queue, and circular queue. It is a linear structure following First In, First Out order. It processes items fairly in arrival order with constant-time enqueue and dequeue. It allows access only at the ends, and array versions may waste space."
DSA,Describe a scenario where Fenwick tree is applied.,Fenwick tree tracks running totals of scores while values change. It is short to code and uses little memory. It is less flexible than segment trees and suits mainly invertible operations. It is also known as a binary indexed tree.
DSA,Where have you seen trie in action?,"Trie suggests words starting with pre while a user types. It is a tree storing strings character by character along paths from the root. It is used for autocomplete, spell checking, and prefix searches. It is also called a prefix tree."
DSA,What is related to backtracking?,"Backtracking is related to depth-first search and recursion. It is used for puzzles, permutations, subsets, and constraint problems. It can still take exponential time in the worst case. It solves N-Queens by placing queens and undoing moves that cause conflicts."
DSA,What do you gain by using graph?,"Graph represents complex connections that trees and lists cannot capture. It is a structure of vertices connected by edges, directed or undirected. It models cities as vertices and roads as weighted edges. It is stored as an adjacency list or adjacency matrix."
DSA,What do you gain by using array?,"Array gives constant-time access by index and good cache locality. It is a collection of elements stored in contiguous memory and accessed by index. It has costly middle insertions and deletions, and fixed size in many languages. It stores daily temperatures for a week at indexes zero to six."
DSA,Describe deque briefly.,"Deque is a double-ended queue allowing insertion and removal at both ends. It is used for sliding window maximum, BFS variants, and palindromes. It supports constant-time operations at both ends. It has slower random access than arrays in linked implementations. It uses Python's collections.deque to pop from the left efficiently."
DSA,When should you use bubble sort?,Bubble sort is used mainly for teaching and very small datasets. It is a simple sorting algorithm that repeatedly swaps adjacent elements that are out of order. It is easy to understand and implement and can stop early if sorted.
DSA,How does memoization differ from related concepts?,"Memoization is the top-down counterpart of tabulation in dynamic programming. It is an optimization that caches function results for repeated inputs. It is used in recursive solutions with overlapping subproblems. It avoids repeated computation, often reducing exponential time to polynomial."
DSA,Why is deque useful?,Deque supports constant-time operations at both ends. It is a double-ended queue allowing insertion and removal at both ends. It has slower random access than arrays in linked implementations. It uses Python's collections.deque to pop from the left efficiently. It generalizes both stacks and queues.
DSA,What is an alternative to amortized analysis?,"Amortized analysis differs from average-case analysis, which relies on input probability. It is a method that averages the cost of operations over a sequence. It is used to analyze structures like dynamic arrays. It shows that occasional expensive operations still give cheap average cost."
DSA,Why is DFS useful?,"DFS is simple to write recursively and uses memory proportional to depth. It is used for cycle detection, topological sorting, and exploring all paths. It explores a maze by following a corridor to the end before returning. It contrasts with BFS, which explores nearest vertices first."
DSA,Can you give a short overview of array?,Array is a collection of elements stored in contiguous memory and accessed by index. It is used when fast random access and a known size are needed. It gives constant-time access by index and good cache locality. It stores daily temperatures for a week at indexes zero to six.
DSA,Why do developers use two-pointer technique?,"Two-pointer technique is used for sorted arrays, pair sums, and palindrome checks. It often reduces quadratic solutions to linear time with constant extra space. It finds two numbers summing to a target by moving pointers inward from both ends. It is closely related to sliding window."
DSA,What should you watch out for when using bubble sort?,Bubble sort runs in O(n^2) time and is impractical for large inputs. It is a simple sorting algorithm that repeatedly swaps adjacent elements that are out of order. It moves the largest value to the end after the first pass. It is similar to insertion and selection sort in performance.
DSA,What are common pitfalls with merge sort?,"Merge sort needs O(n) extra space for arrays. It is a divide and conquer sorting algorithm that splits, sorts, and merges halves. It is used when stable, predictable sorting or external sorting is needed. It is a stable alternative to quick sort and heap sort."
DSA,What are the alternatives or companions of adjacency list?,"Adjacency list is the usual alternative to an adjacency matrix for dense graphs. It is a graph representation storing each vertex's neighbors in a list. It uses memory proportional to vertices plus edges and iterates neighbors quickly. It stores vertex A with neighbors B and C as A: [B, C]."
DSA,What are the alternatives or companions of merge sort?,"Merge sort is a stable alternative to quick sort and heap sort. It is a divide and conquer sorting algorithm that splits, sorts, and merges halves. It guarantees O(n log n) time and keeps equal elements in order. It sorts linked lists efficiently without random access."
DSA,How does counting sort differ from related concepts?,Counting sort is often used as a subroutine in radix sort. It is a non-comparison sorting algorithm that counts occurrences of each value. It is used for integers within a small known range. It wastes memory when the value range is large.
DSA,How would you explain array to a beginner?,"Array is a collection of elements stored in contiguous memory and accessed by index. It gives constant-time access by index and good cache locality. It stores daily temperatures for a week at indexes zero to six. It differs from linked lists, which trade access speed for flexible insertion."
DSA,What are the disadvantages of heap?,Heap does not support fast arbitrary search or ordered traversal. It is used to implement priority queues and heap sort. It repeatedly extracts the smallest task to schedule next. It comes as min-heap or max-heap and is often stored in an array.
DSA,What problems can linked list cause?,"Linked list has slow access by position and extra memory for pointers. It is a sequence of nodes where each node points to the next. It grows dynamically and inserts at a known node in constant time. It comes in singly, doubly, and circular forms."
DSA,What are the downsides of bit manipulation?,"Bit manipulation reduces readability and is easy to get wrong. It is the use of bitwise operators to work directly with binary representations. It is used for flags, masks, compact storage, and fast arithmetic tricks. It uses AND, OR, XOR, NOT, and shifts."
DSA,Can you give a short overview of heap sort?,Heap sort is a sorting algorithm that builds a heap and repeatedly extracts the maximum. It is used when guaranteed O(n log n) time and constant extra space are required. It sorts in place with no worst-case slowdown. It relies on the heap data structure.
DSA,Walk me through a simple example of merge sort.,"Merge sort sorts linked lists efficiently without random access. It is a divide and conquer sorting algorithm that splits, sorts, and merges halves. It guarantees O(n log n) time and keeps equal elements in order. It is a stable alternative to quick sort and heap sort."
DSA,What should you watch out for when using sliding window?,Sliding window works best when the window condition changes predictably as it moves. It is a technique that maintains a moving range over an array or string. It is used for subarray and substring problems like maximum sum of k elements.
DSA,What other concepts are connected to Dijkstra's algorithm?,Dijkstra's algorithm is replaced by Bellman-Ford for negative edges and A* for guided search. It is an algorithm that finds shortest paths from one source in graphs with non-negative weights. It fails with negative edge weights. It computes the quickest driving route between two cities.
DSA,What is a practical example of topological sort?,"Topological sort orders courses so each prerequisite comes before the course that needs it. It is used for task scheduling, build systems, and course prerequisites. It gives a valid execution order in linear time. It exists only for graphs without cycles. It is computed with Kahn's algorithm or DFS."
DSA,Why do developers use amortized analysis?,Amortized analysis is used to analyze structures like dynamic arrays. It is a method that averages the cost of operations over a sequence. It shows that occasional expensive operations still give cheap average cost. It explains why appending to a dynamic array is O(1) amortized despite occasional resizing.
DSA,In which situations is stack a good choice?,"Stack is used for undo features, recursion, expression evaluation, and backtracking. It is a linear structure following Last In, First Out order. It allows access only to the top element and can overflow if size is bounded. It lets a browser go back to the most recently visited page."
DSA,How does binary search differ from related concepts?,"Binary search is easy to get wrong because of off-by-one and overflow errors. It is used for fast lookups and for searching answers over monotonic conditions. It runs in logarithmic time, so a million items need about twenty steps. It requires sorted data and random access to be efficient."
DSA,What does array mean?,"Array is a collection of elements stored in contiguous memory and accessed by index. It is used when fast random access and a known size are needed. It gives constant-time access by index and good cache locality. It has costly middle insertions and deletions, and fixed size in many languages."
DSA,Describe counting sort briefly.,"Counting sort is a non-comparison sorting algorithm that counts occurrences of each value. It runs in linear time, O(n + k), for suitable inputs. It wastes memory when the value range is large. It is often used as a subroutine in radix sort."
DSA,What problems can amortized analysis cause?,Amortized analysis guarantees average cost over sequences but not for every single operation. It is a method that averages the cost of operations over a sequence. It explains why appending to a dynamic array is O(1) amortized despite occasional resizing.
DSA,Describe a scenario where topological sort is applied.,"Topological sort orders courses so each prerequisite comes before the course that needs it. It is used for task scheduling, build systems, and course prerequisites. It exists only for graphs without cycles. It is computed with Kahn's algorithm or DFS."
DSA,What is related to adjacency list?,"Adjacency list is the usual alternative to an adjacency matrix for dense graphs. It is a graph representation storing each vertex's neighbors in a list. It is used for sparse graphs in traversals and shortest-path algorithms. It stores vertex A with neighbors B and C as A: [B, C]."
DSA,How does graph help developers?,"Graph represents complex connections that trees and lists cannot capture. It is a structure of vertices connected by edges, directed or undirected. It can be memory heavy, and many problems on graphs are computationally hard. It models cities as vertices and roads as weighted edges."
DSA,Can you give a short overview of quick sort?,Quick sort is a sorting algorithm that partitions around a pivot and sorts both sides. It is used for general in-memory sorting where average speed matters. It is usually very fast in practice and sorts in place. It is often made safer with random or median-of-three pivots.
DSA,What should I learn alongside bit manipulation?,"Bit manipulation uses AND, OR, XOR, NOT, and shifts. It is used for flags, masks, compact storage, and fast arithmetic tricks. It is very fast and memory efficient. It checks whether a number is a power of two with n and n minus one."
DSA,What are the alternatives or companions of KMP algorithm?,KMP algorithm is an alternative to Rabin-Karp and Boyer-Moore. It is used to find a pattern inside a long text. It runs in linear time O(n + m). It finds the word abab in a long string without moving backward in the text.
DSA,When should you use binary search tree?,"Binary search tree is used for ordered data needing fast search, insertion, and deletion. It gives logarithmic operations on balanced trees and sorted output through inorder traversal. It degrades to linear time if the tree becomes skewed. It is made reliable by balanced variants such as AVL and Red-Black trees."
DSA,What is the main purpose of queue?,"Queue is used for scheduling, buffering, and breadth-first search. It processes items fairly in arrival order with constant-time enqueue and dequeue. It allows access only at the ends, and array versions may waste space. It has variants like deque, priority queue, and circular queue."
DSA,What is an alternative to counting sort?,"Counting sort is often used as a subroutine in radix sort. It is a non-comparison sorting algorithm that counts occurrences of each value. It runs in linear time, O(n + k), for suitable inputs. It sorts exam scores from zero to one hundred by tallying counts."
DSA,What problem does backtracking solve?,"Backtracking is used for puzzles, permutations, subsets, and constraint problems. It is a technique that builds solutions step by step and abandons paths that fail. It can still take exponential time in the worst case. It solves N-Queens by placing queens and undoing moves that cause conflicts."
DSA,Why is quick sort useful?,Quick sort is usually very fast in practice and sorts in place. It is used for general in-memory sorting where average speed matters. It degrades to O(n^2) with bad pivots and is not stable. It is often made safer with random or median-of-three pivots.
DSA,Why is BFS considered important?,"BFS guarantees the fewest edges to reach any vertex from the source. It is used to find shortest paths in unweighted graphs and connected components. It can use a lot of memory because it stores a whole frontier of vertices. It contrasts with depth-first search, which explores deeply before backtracking."
DSA,What are the disadvantages of memoization?,"Memoization uses extra memory and adds recursion overhead. It is an optimization that caches function results for repeated inputs. It is used in recursive solutions with overlapping subproblems. It avoids repeated computation, often reducing exponential time to polynomial. It is the top-down counterpart of tabulation in dynamic programming."
DSA,Why do developers use BFS?,"BFS is used to find shortest paths in unweighted graphs and connected components. It can use a lot of memory because it stores a whole frontier of vertices. It finds the minimum moves needed to solve a maze grid. It contrasts with depth-first search, which explores deeply before backtracking."
DSA,What is AVL tree used for?,"AVL tree is used when lookups dominate and guaranteed logarithmic time is needed. It guarantees O(log n) search, insert, and delete. It rotates left after inserting values in increasing order to restore balance. It is more strictly balanced than Red-Black trees."
DSA,How would you explain segment tree to a beginner?,Segment tree is a tree structure that stores aggregate information for array ranges. It is used for range queries and updates such as sum or minimum. It answers range queries and point updates in logarithmic time. It uses extra memory and is more complex to implement than prefix sums.
DSA,What makes union-find valuable?,"Union-find achieves near-constant time per operation with path compression and union by rank. It is a data structure that tracks disjoint sets with find and union operations. It is used for connected components, Kruskal's algorithm, and cycle detection in undirected graphs. It is also called disjoint set union."
DSA,Give an example of AVL tree.,"AVL tree rotates left after inserting values in increasing order to restore balance. It is a self-balancing binary search tree keeping subtree heights within one. It guarantees O(log n) search, insert, and delete. It is more strictly balanced than Red-Black trees."
DSA,What are the disadvantages of segment tree?,Segment tree uses extra memory and is more complex to implement than prefix sums. It is a tree structure that stores aggregate information for array ranges. It is used for range queries and updates such as sum or minimum. It answers range queries and point updates in logarithmic time.
DSA,Describe a scenario where quick sort is applied.,Quick sort picks the last element as pivot and moves smaller values to its left. It is a sorting algorithm that partitions around a pivot and sorts both sides. It degrades to O(n^2) with bad pivots and is not stable.
DSA,Why is KMP algorithm considered important?,KMP algorithm runs in linear time O(n + m). It is a string matching algorithm that avoids rechecking characters using a prefix table. It is used to find a pattern inside a long text. It finds the word abab in a long string without moving backward in the text.
DSA,What should I learn alongside trie?,"Trie is also called a prefix tree. It is used for autocomplete, spell checking, and prefix searches. It finds prefixes in time proportional to word length, independent of dictionary size. It can use much memory when many strings share few prefixes."
DSA,What is a practical example of greedy algorithm?,"Greedy algorithm gives change using the largest coin first in standard currency systems. It is used when local choices lead to a global optimum, like interval scheduling. It fails on problems without the greedy-choice property, so correctness needs proof. It differs from dynamic programming, which considers combinations of subproblems."
DSA,Describe trie briefly.,"Trie is a tree storing strings character by character along paths from the root. It is used for autocomplete, spell checking, and prefix searches. It can use much memory when many strings share few prefixes. It is also called a prefix tree."
DSA,How is heap used in practice?,Heap repeatedly extracts the smallest task to schedule next. It is a complete binary tree where each parent is ordered relative to its children. It is used to implement priority queues and heap sort. It does not support fast arbitrary search or ordered traversal.
DSA,What are the downsides of greedy algorithm?,"Greedy algorithm fails on problems without the greedy-choice property, so correctness needs proof. It is an approach that picks the locally best choice at every step. It is used when local choices lead to a global optimum, like interval scheduling. It is simple, fast, and often easy to implement."
DSA,What is a practical example of backtracking?,Backtracking solves N-Queens by placing queens and undoing moves that cause conflicts. It is a technique that builds solutions step by step and abandons paths that fail. It prunes large search spaces compared with naive brute force. It is related to depth-first search and recursion.
DSA,What makes deque valuable?,"Deque supports constant-time operations at both ends. It is a double-ended queue allowing insertion and removal at both ends. It is used for sliding window maximum, BFS variants, and palindromes. It has slower random access than arrays in linked implementations. It uses Python's collections.deque to pop from the left efficiently."
DSA,Why do developers use deque?,"Deque is used for sliding window maximum, BFS variants, and palindromes. It is a double-ended queue allowing insertion and removal at both ends. It supports constant-time operations at both ends. It uses Python's collections.deque to pop from the left efficiently."
DSA,Why is circular queue useful?,"Circular queue reuses freed space and avoids shifting elements. It is used for buffers, streaming data, and round-robin scheduling. It has a fixed capacity and needs care to tell full from empty. It stores audio samples in a ring buffer. It is also known as a ring buffer."
DSA,What should you watch out for when using quick sort?,Quick sort degrades to O(n^2) with bad pivots and is not stable. It is usually very fast in practice and sorts in place. It picks the last element as pivot and moves smaller values to its left. It is often made safer with random or median-of-three pivots.
DSA,In which situations is LRU cache a good choice?,"LRU cache is used in memory caches, browsers, and databases. It is a cache that evicts the least recently used item when full. It combines a hash map with a doubly linked list. It is an alternative to FIFO and LFU policies."
DSA,When should you use array?,"Array is used when fast random access and a known size are needed. It is a collection of elements stored in contiguous memory and accessed by index. It gives constant-time access by index and good cache locality. It differs from linked lists, which trade access speed for flexible insertion."
DSA,What makes circular queue valuable?,Circular queue reuses freed space and avoids shifting elements. It is a fixed-size queue where the end connects back to the start. It has a fixed capacity and needs care to tell full from empty. It is also known as a ring buffer.
DSA,Can you illustrate bubble sort with an example?,Bubble sort moves the largest value to the end after the first pass. It is a simple sorting algorithm that repeatedly swaps adjacent elements that are out of order. It is used mainly for teaching and very small datasets. It is similar to insertion and selection sort in performance.
DSA,What should I learn alongside minimum spanning tree?,"Minimum spanning tree is computed using Kruskal's or Prim's algorithm. It is a subset of edges connecting all vertices with the smallest total weight. It is used in network design such as cables, roads, and clustering. It finds the cheapest cable layout connecting every office."
DSA,What does Bloom filter mean?,Bloom filter is a probabilistic structure that tests whether an element is possibly in a set. It is very space efficient and has fast constant-time operations. It lets a crawler quickly skip URLs it has probably seen. It never returns false negatives.
DSA,What does Fenwick tree mean?,Fenwick tree is a compact structure for prefix sums supporting updates in logarithmic time. It is used for cumulative frequency and range sum queries. It is less flexible than segment trees and suits mainly invertible operations. It tracks running totals of scores while values change.
DSA,List the strengths of DFS.,"DFS is simple to write recursively and uses memory proportional to depth. It is used for cycle detection, topological sorting, and exploring all paths. It does not find shortest paths and can overflow the recursion stack on deep graphs. It contrasts with BFS, which explores nearest vertices first."
DSA,Why is Big O notation considered important?,"Big O notation focuses on scalability, ignoring constants and lower-order terms. It is a notation describing how an algorithm's running time or space grows with input size. It hides constant factors that matter on small inputs. It describes upper bounds, while Omega and Theta describe lower and tight bounds."
DSA,What other concepts are connected to LRU cache?,"LRU cache is an alternative to FIFO and LFU policies. It is used in memory caches, browsers, and databases. It keeps frequently used items available and gives constant-time operations with the right design. It combines a hash map with a doubly linked list."
DSA,What is an alternative to BFS?,"BFS contrasts with depth-first search, which explores deeply before backtracking. It is a graph traversal that visits vertices level by level using a queue. It can use a lot of memory because it stores a whole frontier of vertices. It finds the minimum moves needed to solve a maze grid."
DSA,What problem does topological sort solve?,"Topological sort is used for task scheduling, build systems, and course prerequisites. It exists only for graphs without cycles. It orders courses so each prerequisite comes before the course that needs it. It is computed with Kahn's algorithm or DFS."
DSA,Explain Fenwick tree.,Fenwick tree is a compact structure for prefix sums supporting updates in logarithmic time. It is short to code and uses little memory. It is less flexible than segment trees and suits mainly invertible operations. It tracks running totals of scores while values change.
DSA,What is quick sort?,Quick sort is a sorting algorithm that partitions around a pivot and sorts both sides. It is usually very fast in practice and sorts in place. It picks the last element as pivot and moves smaller values to its left. It is often made safer with random or median-of-three pivots.
DSA,How does LRU cache differ from related concepts?,LRU cache is an alternative to FIFO and LFU policies. It is a cache that evicts the least recently used item when full. It keeps frequently used items available and gives constant-time operations with the right design. It can be hurt by scans that flush useful entries.
DSA,What are the limitations of binary tree?,"Binary tree can become skewed, making operations as slow as a linked list. It is used to represent hierarchies, expressions, and as a base for search trees. It supports natural recursive algorithms and traversals. It represents the expression three plus four times two as a tree."
DSA,How does hash table compare with similar approaches?,"Hash table handles collisions with chaining or open addressing. It is a structure that maps keys to values using a hash function. It is used for fast lookups, caches, counting, and deduplication. It counts word frequencies by using each word as a key."
DSA,How does trie help developers?,"Trie finds prefixes in time proportional to word length, independent of dictionary size. It is used for autocomplete, spell checking, and prefix searches. It suggests words starting with pre while a user types. It is also called a prefix tree."
DSA,How does sliding window help developers?,"Sliding window avoids recomputation, reducing time from quadratic to linear. It is a technique that maintains a moving range over an array or string. It is used for subarray and substring problems like maximum sum of k elements. It works best when the window condition changes predictably as it moves."
DSA,What are the limitations of Big O notation?,"Big O notation hides constant factors that matter on small inputs. It is a notation describing how an algorithm's running time or space grows with input size. It is used to compare algorithms independent of hardware. It describes upper bounds, while Omega and Theta describe lower and tight bounds."
DSA,Can you give a short overview of BFS?,BFS is a graph traversal that visits vertices level by level using a queue. It is used to find shortest paths in unweighted graphs and connected components. It guarantees the fewest edges to reach any vertex from the source. It finds the minimum moves needed to solve a maze grid.
DSA,What is related to trie?,"Trie is also called a prefix tree. It is a tree storing strings character by character along paths from the root. It is used for autocomplete, spell checking, and prefix searches. It can use much memory when many strings share few prefixes."
DSA,What should I learn alongside graph?,"Graph is stored as an adjacency list or adjacency matrix. It is a structure of vertices connected by edges, directed or undirected. It represents complex connections that trees and lists cannot capture. It models cities as vertices and roads as weighted edges."
DSA,How is two-pointer technique used in practice?,Two-pointer technique finds two numbers summing to a target by moving pointers inward from both ends. It is a technique that moves two indices through data to solve problems efficiently. It often reduces quadratic solutions to linear time with constant extra space.
DSA,What other concepts are connected to greedy algorithm?,"Greedy algorithm differs from dynamic programming, which considers combinations of subproblems. It is an approach that picks the locally best choice at every step. It is used when local choices lead to a global optimum, like interval scheduling. It is simple, fast, and often easy to implement."
DSA,How would you explain recursion to a beginner?,"Recursion is a technique where a function solves a problem by calling itself on smaller inputs. It is used for trees, divide and conquer, and backtracking. It makes complex problems concise and natural to express. It can overflow the call stack and repeat work without memoization."
DSA,What should you watch out for when using binary search tree?,Binary search tree degrades to linear time if the tree becomes skewed. It is a binary tree where left descendants are smaller and right ones larger than each node. It gives logarithmic operations on balanced trees and sorted output through inorder traversal.
DSA,Is there a substitute for quick sort?,Quick sort is often made safer with random or median-of-three pivots. It is a sorting algorithm that partitions around a pivot and sorts both sides. It is used for general in-memory sorting where average speed matters. It picks the last element as pivot and moves smaller values to its left.
DSA,When should you use binary tree?,"Binary tree is used to represent hierarchies, expressions, and as a base for search trees. It is a hierarchical structure where each node has at most two children. It represents the expression three plus four times two as a tree."
DSA,What are the downsides of binary search tree?,"Binary search tree degrades to linear time if the tree becomes skewed. It is used for ordered data needing fast search, insertion, and deletion. It gives logarithmic operations on balanced trees and sorted output through inorder traversal. It finds the value 42 by comparing and moving left or right."
DSA,Why is bit manipulation considered important?,"Bit manipulation is very fast and memory efficient. It reduces readability and is easy to get wrong. It checks whether a number is a power of two with n and n minus one. It uses AND, OR, XOR, NOT, and shifts."
DSA,What should you watch out for when using topological sort?,"Topological sort exists only for graphs without cycles. It is used for task scheduling, build systems, and course prerequisites. It gives a valid execution order in linear time. It orders courses so each prerequisite comes before the course that needs it. It is computed with Kahn's algorithm or DFS."
DSA,What do you gain by using topological sort?,"Topological sort gives a valid execution order in linear time. It is an ordering of a directed acyclic graph's vertices so edges point forward. It is used for task scheduling, build systems, and course prerequisites. It is computed with Kahn's algorithm or DFS."
DSA,Explain trie.,"Trie is a tree storing strings character by character along paths from the root. It is used for autocomplete, spell checking, and prefix searches. It finds prefixes in time proportional to word length, independent of dictionary size. It suggests words starting with pre while a user types."
DSA,What is the main purpose of linked list?,Linked list is used when frequent insertions and deletions are needed without shifting elements. It grows dynamically and inserts at a known node in constant time. It chains songs in a playlist so one can be inserted between two others.
DSA,What are the disadvantages of greedy algorithm?,"Greedy algorithm fails on problems without the greedy-choice property, so correctness needs proof. It is an approach that picks the locally best choice at every step. It is simple, fast, and often easy to implement. It gives change using the largest coin first in standard currency systems."
DSA,Walk me through a simple example of binary search tree.,Binary search tree finds the value 42 by comparing and moving left or right. It gives logarithmic operations on balanced trees and sorted output through inorder traversal. It is made reliable by balanced variants such as AVL and Red-Black trees.
DSA,Why do developers use Big O notation?,"Big O notation is used to compare algorithms independent of hardware. It focuses on scalability, ignoring constants and lower-order terms. It classifies binary search as O(log n) and bubble sort as O(n^2). It describes upper bounds, while Omega and Theta describe lower and tight bounds."
DSA,How does bit manipulation compare with similar approaches?,"Bit manipulation uses AND, OR, XOR, NOT, and shifts. It is very fast and memory efficient. It reduces readability and is easy to get wrong. It checks whether a number is a power of two with n and n minus one."
DSA,What are the alternatives or companions of bubble sort?,Bubble sort is similar to insertion and selection sort in performance. It is used mainly for teaching and very small datasets. It is easy to understand and implement and can stop early if sorted. It moves the largest value to the end after the first pass.
DSA,Describe a scenario where sliding window is applied.,"Sliding window finds the longest substring without repeating characters. It is a technique that maintains a moving range over an array or string. It avoids recomputation, reducing time from quadratic to linear. It is a specialized form of the two-pointer technique."
DSA,What makes amortized analysis valuable?,"Amortized analysis shows that occasional expensive operations still give cheap average cost. It is a method that averages the cost of operations over a sequence. It guarantees average cost over sequences but not for every single operation. It differs from average-case analysis, which relies on input probability."
DSA,What are common pitfalls with DFS?,"DFS does not find shortest paths and can overflow the recursion stack on deep graphs. It is a graph traversal that goes as deep as possible before backtracking. It is used for cycle detection, topological sorting, and exploring all paths. It contrasts with BFS, which explores nearest vertices first."
DSA,Why is bubble sort considered important?,Bubble sort is easy to understand and implement and can stop early if sorted. It is a simple sorting algorithm that repeatedly swaps adjacent elements that are out of order. It is used mainly for teaching and very small datasets. It is similar to insertion and selection sort in performance.
DSA,What does bit manipulation mean?,"Bit manipulation is the use of bitwise operators to work directly with binary representations. It is used for flags, masks, compact storage, and fast arithmetic tricks. It is very fast and memory efficient. It uses AND, OR, XOR, NOT, and shifts."
DSA,Describe a scenario where minimum spanning tree is applied.,Minimum spanning tree finds the cheapest cable layout connecting every office. It is a subset of edges connecting all vertices with the smallest total weight. It gives the cheapest way to connect everything without cycles. It is computed using Kruskal's or Prim's algorithm.
DSA,Define array in simple words.,"Array is a collection of elements stored in contiguous memory and accessed by index. It gives constant-time access by index and good cache locality. It has costly middle insertions and deletions, and fixed size in many languages. It stores daily temperatures for a week at indexes zero to six."
DSA,When should you avoid Bloom filter?,Bloom filter has false positives and does not support deletion in the basic version. It is a probabilistic structure that tests whether an element is possibly in a set. It is used to avoid costly lookups in caches and databases. It is very space efficient and has fast constant-time operations.
DSA,What are the drawbacks of Big O notation?,"Big O notation hides constant factors that matter on small inputs. It is used to compare algorithms independent of hardware. It focuses on scalability, ignoring constants and lower-order terms. It classifies binary search as O(log n) and bubble sort as O(n^2)."
DSA,Why do developers use array?,"Array is used when fast random access and a known size are needed. It gives constant-time access by index and good cache locality. It has costly middle insertions and deletions, and fixed size in many languages. It stores daily temperatures for a week at indexes zero to six."
DSA,Give an example of trie.,"Trie suggests words starting with pre while a user types. It is used for autocomplete, spell checking, and prefix searches. It finds prefixes in time proportional to word length, independent of dictionary size. It is also called a prefix tree."
DSA,Why is adjacency list considered important?,Adjacency list uses memory proportional to vertices plus edges and iterates neighbors quickly. It is a graph representation storing each vertex's neighbors in a list. It is used for sparse graphs in traversals and shortest-path algorithms. It is the usual alternative to an adjacency matrix for dense graphs.
DSA,How does amortized analysis compare with similar approaches?,"Amortized analysis differs from average-case analysis, which relies on input probability. It is used to analyze structures like dynamic arrays. It shows that occasional expensive operations still give cheap average cost. It explains why appending to a dynamic array is O(1) amortized despite occasional resizing."
DSA,What are the benefits of using BFS?,BFS guarantees the fewest edges to reach any vertex from the source. It is a graph traversal that visits vertices level by level using a queue. It is used to find shortest paths in unweighted graphs and connected components. It finds the minimum moves needed to solve a maze grid.
DSA,Describe a scenario where trie is applied.,"Trie suggests words starting with pre while a user types. It finds prefixes in time proportional to word length, independent of dictionary size. It can use much memory when many strings share few prefixes. It is also called a prefix tree."
DSA,How does heap sort help developers?,"Heap sort sorts in place with no worst-case slowdown. It is used when guaranteed O(n log n) time and constant extra space are required. It builds a max-heap, then swaps the root with the last element repeatedly. It relies on the heap data structure."
DSA,What problem does dynamic programming solve?,Dynamic programming is used for optimization and counting problems with optimal substructure. It is a method that solves problems by combining answers to overlapping subproblems. It can use much memory and designing the state is difficult. It is implemented top-down with memoization or bottom-up with tabulation.
DSA,Show a real-world example of BFS.,"BFS finds the minimum moves needed to solve a maze grid. It is a graph traversal that visits vertices level by level using a queue. It is used to find shortest paths in unweighted graphs and connected components. It contrasts with depth-first search, which explores deeply before backtracking."
DSA,What are the drawbacks of KMP algorithm?,KMP algorithm is trickier to understand and implement than naive search. It is a string matching algorithm that avoids rechecking characters using a prefix table. It runs in linear time O(n + m). It finds the word abab in a long string without moving backward in the text.
DSA,What makes adjacency list valuable?,Adjacency list uses memory proportional to vertices plus edges and iterates neighbors quickly. It is used for sparse graphs in traversals and shortest-path algorithms. It checks whether a specific edge exists more slowly than an adjacency matrix. It is the usual alternative to an adjacency matrix for dense graphs.
DSA,How is deque used in practice?,Deque uses Python's collections.deque to pop from the left efficiently. It is a double-ended queue allowing insertion and removal at both ends. It supports constant-time operations at both ends. It has slower random access than arrays in linked implementations. It generalizes both stacks and queues.
DSA,What are the limitations of queue?,"Queue allows access only at the ends, and array versions may waste space. It is used for scheduling, buffering, and breadth-first search. It processes items fairly in arrival order with constant-time enqueue and dequeue. It lines up print jobs so the earliest one prints first."
DSA,Describe a scenario where binary tree is applied.,"Binary tree represents the expression three plus four times two as a tree. It is a hierarchical structure where each node has at most two children. It can become skewed, making operations as slow as a linked list. It is traversed in preorder, inorder, postorder, or level order."
DSA,How does counting sort help developers?,"Counting sort runs in linear time, O(n + k), for suitable inputs. It is a non-comparison sorting algorithm that counts occurrences of each value. It is used for integers within a small known range. It sorts exam scores from zero to one hundred by tallying counts."
DSA,What are the benefits of using array?,"Array gives constant-time access by index and good cache locality. It is a collection of elements stored in contiguous memory and accessed by index. It has costly middle insertions and deletions, and fixed size in many languages. It differs from linked lists, which trade access speed for flexible insertion."
DSA,What is dynamic programming?,"Dynamic programming solves complex problems by breaking them into overlapping subproblems and storing their results to avoid recomputation. It applies when problems have optimal substructure. Approaches include top-down memoization and bottom-up tabulation. Classic examples are Fibonacci numbers, the knapsack problem, and longest common subsequence, reducing exponential time to polynomial."
DSA,Is there a substitute for counting sort?,"Counting sort is often used as a subroutine in radix sort. It is used for integers within a small known range. It runs in linear time, O(n + k), for suitable inputs. It sorts exam scores from zero to one hundred by tallying counts."
DSA,What do you gain by using DFS?,"DFS is simple to write recursively and uses memory proportional to depth. It is a graph traversal that goes as deep as possible before backtracking. It is used for cycle detection, topological sorting, and exploring all paths. It contrasts with BFS, which explores nearest vertices first."
DSA,What problems can deque cause?,"Deque has slower random access than arrays in linked implementations. It is a double-ended queue allowing insertion and removal at both ends. It is used for sliding window maximum, BFS variants, and palindromes. It supports constant-time operations at both ends."
DSA,Give an example of stack.,"Stack lets a browser go back to the most recently visited page. It offers constant-time push and pop with simple implementation. It allows access only to the top element and can overflow if size is bounded. It is the counterpart of a queue, which is First In, First Out."
DSA,Can you give a short overview of bit manipulation?,"Bit manipulation is the use of bitwise operators to work directly with binary representations. It is used for flags, masks, compact storage, and fast arithmetic tricks. It checks whether a number is a power of two with n and n minus one. It uses AND, OR, XOR, NOT, and shifts."
DSA,List the strengths of LRU cache.,LRU cache keeps frequently used items available and gives constant-time operations with the right design. It can be hurt by scans that flush useful entries. It combines a hash map with a doubly linked list. It is an alternative to FIFO and LFU policies.
DSA,What is graph used for?,"Graph is used to model networks, maps, dependencies, and relationships. It can be memory heavy, and many problems on graphs are computationally hard. It models cities as vertices and roads as weighted edges. It is stored as an adjacency list or adjacency matrix."
DSA,Walk me through a simple example of graph.,"Graph models cities as vertices and roads as weighted edges. It is used to model networks, maps, dependencies, and relationships. It represents complex connections that trees and lists cannot capture. It is stored as an adjacency list or adjacency matrix."
DSA,Describe a scenario where recursion is applied.,Recursion computes factorial of five as five times factorial of four. It is a technique where a function solves a problem by calling itself on smaller inputs. It can overflow the call stack and repeat work without memoization. It needs a base case and can often be converted to iteration.
DSA,What problem does DFS solve?,"DFS is used for cycle detection, topological sorting, and exploring all paths. It does not find shortest paths and can overflow the recursion stack on deep graphs. It explores a maze by following a corridor to the end before returning."
DSA,What other concepts are connected to backtracking?,Backtracking is related to depth-first search and recursion. It is a technique that builds solutions step by step and abandons paths that fail. It prunes large search spaces compared with naive brute force. It solves N-Queens by placing queens and undoing moves that cause conflicts.
DSA,What are the advantages of bubble sort?,Bubble sort is easy to understand and implement and can stop early if sorted. It is used mainly for teaching and very small datasets. It moves the largest value to the end after the first pass. It is similar to insertion and selection sort in performance.
DSA,What are the advantages of AVL tree?,"AVL tree guarantees O(log n) search, insert, and delete. It is a self-balancing binary search tree keeping subtree heights within one. It is used when lookups dominate and guaranteed logarithmic time is needed. It is more strictly balanced than Red-Black trees."
DSA,Can you give a short overview of union-find?,"Union-find is a data structure that tracks disjoint sets with find and union operations. It is used for connected components, Kruskal's algorithm, and cycle detection in undirected graphs. It achieves near-constant time per operation with path compression and union by rank. It supports merging but not efficient splitting of sets."
DSA,What are the advantages of heap?,Heap gives constant-time access to the min or max and logarithmic insertions. It does not support fast arbitrary search or ordered traversal. It repeatedly extracts the smallest task to schedule next. It comes as min-heap or max-heap and is often stored in an array.
DSA,Can you illustrate merge sort with an example?,"Merge sort sorts linked lists efficiently without random access. It is a divide and conquer sorting algorithm that splits, sorts, and merges halves. It is used when stable, predictable sorting or external sorting is needed. It is a stable alternative to quick sort and heap sort."
DSA,Give an example of bubble sort.,Bubble sort moves the largest value to the end after the first pass. It is a simple sorting algorithm that repeatedly swaps adjacent elements that are out of order. It is used mainly for teaching and very small datasets. It runs in O(n^2) time and is impractical for large inputs.
DSA,What are the downsides of union-find?,Union-find supports merging but not efficient splitting of sets. It is a data structure that tracks disjoint sets with find and union operations. It checks whether two computers are already connected in a network. It is also called disjoint set union.
DSA,Walk me through a simple example of memoization.,Memoization stores Fibonacci values so each is computed once. It is an optimization that caches function results for repeated inputs. It is used in recursive solutions with overlapping subproblems. It uses extra memory and adds recursion overhead. It is the top-down counterpart of tabulation in dynamic programming.
DSA,Walk me through a simple example of DFS.,DFS explores a maze by following a corridor to the end before returning. It is a graph traversal that goes as deep as possible before backtracking. It does not find shortest paths and can overflow the recursion stack on deep graphs.
DSA,What are the limitations of KMP algorithm?,KMP algorithm is trickier to understand and implement than naive search. It is a string matching algorithm that avoids rechecking characters using a prefix table. It is used to find a pattern inside a long text. It runs in linear time O(n + m).
DSA,Where have you seen bit manipulation in action?,"Bit manipulation checks whether a number is a power of two with n and n minus one. It is very fast and memory efficient. It reduces readability and is easy to get wrong. It uses AND, OR, XOR, NOT, and shifts."
DSA,Describe a scenario where Big O notation is applied.,Big O notation classifies binary search as O(log n) and bubble sort as O(n^2). It is a notation describing how an algorithm's running time or space grows with input size. It is used to compare algorithms independent of hardware. It hides constant factors that matter on small inputs.
DSA,Is there a substitute for backtracking?,Backtracking is related to depth-first search and recursion. It prunes large search spaces compared with naive brute force. It can still take exponential time in the worst case. It solves N-Queens by placing queens and undoing moves that cause conflicts.
DSA,What is related to divide and conquer?,"Divide and conquer is analyzed with recurrences and the master theorem. It simplifies hard problems and often parallelizes naturally. It adds recursion overhead and may repeat work if subproblems overlap. It sorts an array by splitting, sorting halves, and merging."
DSA,How would you explain binary search to a beginner?,"Binary search is an algorithm that finds a target in a sorted collection by halving the range. It is used for fast lookups and for searching answers over monotonic conditions. It runs in logarithmic time, so a million items need about twenty steps."
DSA,Can you illustrate Bloom filter with an example?,Bloom filter lets a crawler quickly skip URLs it has probably seen. It is a probabilistic structure that tests whether an element is possibly in a set. It has false positives and does not support deletion in the basic version. It never returns false negatives.
DSA,Where have you seen circular queue in action?,"Circular queue stores audio samples in a ring buffer. It is used for buffers, streaming data, and round-robin scheduling. It has a fixed capacity and needs care to tell full from empty. It is also known as a ring buffer."
DSA,What is stack used for?,"Stack is used for undo features, recursion, expression evaluation, and backtracking. It is a linear structure following Last In, First Out order. It offers constant-time push and pop with simple implementation. It allows access only to the top element and can overflow if size is bounded."
DSA,What is a practical example of counting sort?,Counting sort sorts exam scores from zero to one hundred by tallying counts. It is a non-comparison sorting algorithm that counts occurrences of each value. It is used for integers within a small known range. It wastes memory when the value range is large.
DSA,Explain topological sort.,Topological sort is an ordering of a directed acyclic graph's vertices so edges point forward. It exists only for graphs without cycles. It orders courses so each prerequisite comes before the course that needs it. It is computed with Kahn's algorithm or DFS.
DSA,What other concepts are connected to bit manipulation?,"Bit manipulation uses AND, OR, XOR, NOT, and shifts. It is the use of bitwise operators to work directly with binary representations. It is used for flags, masks, compact storage, and fast arithmetic tricks. It is very fast and memory efficient."
DSA,What is recursion used for?,"Recursion is used for trees, divide and conquer, and backtracking. It makes complex problems concise and natural to express. It can overflow the call stack and repeat work without memoization. It needs a base case and can often be converted to iteration."
DSA,Explain queue.,"Queue is a linear structure following First In, First Out order. It processes items fairly in arrival order with constant-time enqueue and dequeue. It lines up print jobs so the earliest one prints first. It has variants like deque, priority queue, and circular queue."
DSA,What is related to Fenwick tree?,Fenwick tree is also known as a binary indexed tree. It is a compact structure for prefix sums supporting updates in logarithmic time. It is used for cumulative frequency and range sum queries. It is less flexible than segment trees and suits mainly invertible operations.
DSA,What is the basic idea behind minimum spanning tree?,"Minimum spanning tree is a subset of edges connecting all vertices with the smallest total weight. It is used in network design such as cables, roads, and clustering. It gives the cheapest way to connect everything without cycles. It applies only to weighted undirected connected graphs."
DSA,What is the difference between a stack and a queue?,"A stack follows Last In, First Out, so the most recently added element is removed first; it supports push and pop, used in recursion and undo features. A queue follows First In, First Out, adding at the rear and removing from the front, used in scheduling and breadth-first search."
DSA,Why is array useful?,"Array gives constant-time access by index and good cache locality. It is used when fast random access and a known size are needed. It stores daily temperatures for a week at indexes zero to six. It differs from linked lists, which trade access speed for flexible insertion."
DSA,When should you avoid quick sort?,Quick sort degrades to O(n^2) with bad pivots and is not stable. It is used for general in-memory sorting where average speed matters. It picks the last element as pivot and moves smaller values to its left. It is often made safer with random or median-of-three pivots.
DSA,What should I learn alongside adjacency list?,"Adjacency list is the usual alternative to an adjacency matrix for dense graphs. It is used for sparse graphs in traversals and shortest-path algorithms. It checks whether a specific edge exists more slowly than an adjacency matrix. It stores vertex A with neighbors B and C as A: [B, C]."
DSA,What is the main purpose of backtracking?,"Backtracking is used for puzzles, permutations, subsets, and constraint problems. It is a technique that builds solutions step by step and abandons paths that fail. It prunes large search spaces compared with naive brute force. It can still take exponential time in the worst case."
DSA,What is BFS used for?,BFS is used to find shortest paths in unweighted graphs and connected components. It guarantees the fewest edges to reach any vertex from the source. It can use a lot of memory because it stores a whole frontier of vertices.
DSA,Define Dijkstra's algorithm in simple words.,"Dijkstra's algorithm is an algorithm that finds shortest paths from one source in graphs with non-negative weights. It is used in routing, maps, and network planning. It fails with negative edge weights. It computes the quickest driving route between two cities."
DSA,What does segment tree mean?,Segment tree is a tree structure that stores aggregate information for array ranges. It is used for range queries and updates such as sum or minimum. It answers range queries and point updates in logarithmic time. It is an alternative to Fenwick trees and sparse tables.
DSA,What are the advantages of LRU cache?,"LRU cache keeps frequently used items available and gives constant-time operations with the right design. It is used in memory caches, browsers, and databases. It combines a hash map with a doubly linked list. It is an alternative to FIFO and LFU policies."
DSA,What are the advantages of greedy algorithm?,"Greedy algorithm is simple, fast, and often easy to implement. It is an approach that picks the locally best choice at every step. It gives change using the largest coin first in standard currency systems. It differs from dynamic programming, which considers combinations of subproblems."
DSA,Is there a substitute for Bloom filter?,Bloom filter never returns false negatives. It is a probabilistic structure that tests whether an element is possibly in a set. It is very space efficient and has fast constant-time operations. It has false positives and does not support deletion in the basic version.
DSA,What is LRU cache used for?,"LRU cache is used in memory caches, browsers, and databases. It is a cache that evicts the least recently used item when full. It can be hurt by scans that flush useful entries. It combines a hash map with a doubly linked list."
DSA,How is dynamic programming used in practice?,Dynamic programming finds the minimum coins needed to make change for an amount. It is used for optimization and counting problems with optimal substructure. It can use much memory and designing the state is difficult. It is implemented top-down with memoization or bottom-up with tabulation.
DSA,What are the benefits of using greedy algorithm?,"Greedy algorithm is simple, fast, and often easy to implement. It is an approach that picks the locally best choice at every step. It fails on problems without the greedy-choice property, so correctness needs proof. It gives change using the largest coin first in standard currency systems."
DSA,How does hash table help developers?,"Hash table offers average constant-time insert, search, and delete. It is a structure that maps keys to values using a hash function. It is used for fast lookups, caches, counting, and deduplication. It handles collisions with chaining or open addressing."
DSA,Why is binary search tree considered important?,"Binary search tree gives logarithmic operations on balanced trees and sorted output through inorder traversal. It is used for ordered data needing fast search, insertion, and deletion. It is made reliable by balanced variants such as AVL and Red-Black trees."
DSA,What are the advantages of KMP algorithm?,KMP algorithm runs in linear time O(n + m). It is trickier to understand and implement than naive search. It finds the word abab in a long string without moving backward in the text. It is an alternative to Rabin-Karp and Boyer-Moore.
DSA,What other concepts are connected to counting sort?,"Counting sort is often used as a subroutine in radix sort. It is a non-comparison sorting algorithm that counts occurrences of each value. It is used for integers within a small known range. It runs in linear time, O(n + k), for suitable inputs."
DSA,What is the basic idea behind LRU cache?,"LRU cache is a cache that evicts the least recently used item when full. It is used in memory caches, browsers, and databases. It keeps frequently used items available and gives constant-time operations with the right design. It can be hurt by scans that flush useful entries."
DSA,Is there a substitute for bit manipulation?,"Bit manipulation uses AND, OR, XOR, NOT, and shifts. It is used for flags, masks, compact storage, and fast arithmetic tricks. It reduces readability and is easy to get wrong. It checks whether a number is a power of two with n and n minus one."
DSA,What is the basic idea behind array?,"Array is a collection of elements stored in contiguous memory and accessed by index. It is used when fast random access and a known size are needed. It gives constant-time access by index and good cache locality. It differs from linked lists, which trade access speed for flexible insertion."
DSA,What is a practical example of minimum spanning tree?,Minimum spanning tree finds the cheapest cable layout connecting every office. It is a subset of edges connecting all vertices with the smallest total weight. It applies only to weighted undirected connected graphs. It is computed using Kruskal's or Prim's algorithm.
DSA,Describe memoization briefly.,"Memoization is an optimization that caches function results for repeated inputs. It is used in recursive solutions with overlapping subproblems. It avoids repeated computation, often reducing exponential time to polynomial. It uses extra memory and adds recursion overhead. It is the top-down counterpart of tabulation in dynamic programming."
DSA,How would you explain KMP algorithm to a beginner?,KMP algorithm is a string matching algorithm that avoids rechecking characters using a prefix table. It is trickier to understand and implement than naive search. It finds the word abab in a long string without moving backward in the text. It is an alternative to Rabin-Karp and Boyer-Moore.
DSA,What problem does sliding window solve?,Sliding window is used for subarray and substring problems like maximum sum of k elements. It is a technique that maintains a moving range over an array or string. It works best when the window condition changes predictably as it moves.
DSA,How does dynamic programming differ from related concepts?,Dynamic programming is implemented top-down with memoization or bottom-up with tabulation. It is a method that solves problems by combining answers to overlapping subproblems. It can use much memory and designing the state is difficult. It finds the minimum coins needed to make change for an amount.
DSA,When should you use sliding window?,"Sliding window is used for subarray and substring problems like maximum sum of k elements. It is a technique that maintains a moving range over an array or string. It avoids recomputation, reducing time from quadratic to linear. It is a specialized form of the two-pointer technique."
DSA,How is KMP algorithm used in practice?,KMP algorithm finds the word abab in a long string without moving backward in the text. It is a string matching algorithm that avoids rechecking characters using a prefix table. It is used to find a pattern inside a long text. It is an alternative to Rabin-Karp and Boyer-Moore.
DSA,What are the disadvantages of divide and conquer?,"Divide and conquer adds recursion overhead and may repeat work if subproblems overlap. It is used in sorting, searching, and matrix multiplication. It simplifies hard problems and often parallelizes naturally. It sorts an array by splitting, sorting halves, and merging."
DSA,What problems can divide and conquer cause?,"Divide and conquer adds recursion overhead and may repeat work if subproblems overlap. It is a strategy that splits a problem into subproblems, solves them, and combines results. It is used in sorting, searching, and matrix multiplication. It simplifies hard problems and often parallelizes naturally."
DSA,Why is heap sort considered important?,"Heap sort sorts in place with no worst-case slowdown. It is a sorting algorithm that builds a heap and repeatedly extracts the maximum. It builds a max-heap, then swaps the root with the last element repeatedly. It relies on the heap data structure."
DSA,How would you explain Dijkstra's algorithm to a beginner?,"Dijkstra's algorithm is an algorithm that finds shortest paths from one source in graphs with non-negative weights. It is used in routing, maps, and network planning. It is efficient with a priority queue, running in about O((V+E) log V). It computes the quickest driving route between two cities."
DSA,How does BFS compare with similar approaches?,"BFS contrasts with depth-first search, which explores deeply before backtracking. It is a graph traversal that visits vertices level by level using a queue. It is used to find shortest paths in unweighted graphs and connected components. It guarantees the fewest edges to reach any vertex from the source."
DSA,Describe a scenario where KMP algorithm is applied.,KMP algorithm finds the word abab in a long string without moving backward in the text. It runs in linear time O(n + m). It is trickier to understand and implement than naive search. It is an alternative to Rabin-Karp and Boyer-Moore.
DSA,Walk me through a simple example of LRU cache.,LRU cache combines a hash map with a doubly linked list. It is a cache that evicts the least recently used item when full. It can be hurt by scans that flush useful entries. It is an alternative to FIFO and LFU policies.
DSA,What should I learn alongside stack?,"Stack is the counterpart of a queue, which is First In, First Out. It is a linear structure following Last In, First Out order. It offers constant-time push and pop with simple implementation. It lets a browser go back to the most recently visited page."
DSA,When should you avoid counting sort?,Counting sort wastes memory when the value range is large. It is a non-comparison sorting algorithm that counts occurrences of each value. It is used for integers within a small known range. It is often used as a subroutine in radix sort.
DSA,What are the disadvantages of backtracking?,Backtracking can still take exponential time in the worst case. It prunes large search spaces compared with naive brute force. It solves N-Queens by placing queens and undoing moves that cause conflicts. It is related to depth-first search and recursion.
DSA,How does binary search compare with similar approaches?,Binary search is easy to get wrong because of off-by-one and overflow errors. It is used for fast lookups and for searching answers over monotonic conditions. It requires sorted data and random access to be efficient. It finds a word in a dictionary by repeatedly opening the middle page.
DSA,Give an example of linked list.,Linked list chains songs in a playlist so one can be inserted between two others. It is a sequence of nodes where each node points to the next. It is used when frequent insertions and deletions are needed without shifting elements.
DSA,List the strengths of bit manipulation.,"Bit manipulation is very fast and memory efficient. It is the use of bitwise operators to work directly with binary representations. It is used for flags, masks, compact storage, and fast arithmetic tricks. It reduces readability and is easy to get wrong. It uses AND, OR, XOR, NOT, and shifts."
DSA,What is an alternative to minimum spanning tree?,"Minimum spanning tree is computed using Kruskal's or Prim's algorithm. It is a subset of edges connecting all vertices with the smallest total weight. It is used in network design such as cables, roads, and clustering. It applies only to weighted undirected connected graphs."
DSA,What are the drawbacks of adjacency list?,"Adjacency list checks whether a specific edge exists more slowly than an adjacency matrix. It is used for sparse graphs in traversals and shortest-path algorithms. It stores vertex A with neighbors B and C as A: [B, C]. It is the usual alternative to an adjacency matrix for dense graphs."
DSA,What is the main purpose of bit manipulation?,"Bit manipulation is used for flags, masks, compact storage, and fast arithmetic tricks. It is the use of bitwise operators to work directly with binary representations. It is very fast and memory efficient. It uses AND, OR, XOR, NOT, and shifts."
DSA,What is the basic idea behind adjacency list?,"Adjacency list is a graph representation storing each vertex's neighbors in a list. It is used for sparse graphs in traversals and shortest-path algorithms. It checks whether a specific edge exists more slowly than an adjacency matrix. It stores vertex A with neighbors B and C as A: [B, C]."
DSA,What does divide and conquer mean?,"Divide and conquer is a strategy that splits a problem into subproblems, solves them, and combines results. It is used in sorting, searching, and matrix multiplication. It sorts an array by splitting, sorting halves, and merging. It is analyzed with recurrences and the master theorem."
DSA,What are the advantages of linked list?,"Linked list grows dynamically and inserts at a known node in constant time. It is a sequence of nodes where each node points to the next. It is used when frequent insertions and deletions are needed without shifting elements. It comes in singly, doubly, and circular forms."
DSA,In which situations is minimum spanning tree a good choice?,"Minimum spanning tree is used in network design such as cables, roads, and clustering. It is a subset of edges connecting all vertices with the smallest total weight. It finds the cheapest cable layout connecting every office. It is computed using Kruskal's or Prim's algorithm."
DSA,How is sliding window used in practice?,"Sliding window finds the longest substring without repeating characters. It is used for subarray and substring problems like maximum sum of k elements. It avoids recomputation, reducing time from quadratic to linear. It works best when the window condition changes predictably as it moves."
DSA,Show a real-world example of topological sort.,"Topological sort orders courses so each prerequisite comes before the course that needs it. It is used for task scheduling, build systems, and course prerequisites. It gives a valid execution order in linear time. It is computed with Kahn's algorithm or DFS."
DSA,Describe a scenario where two-pointer technique is applied.,"Two-pointer technique finds two numbers summing to a target by moving pointers inward from both ends. It is used for sorted arrays, pair sums, and palindrome checks. It generally needs sorted or structured input to work correctly. It is closely related to sliding window."
DSA,Where have you seen topological sort in action?,Topological sort orders courses so each prerequisite comes before the course that needs it. It is an ordering of a directed acyclic graph's vertices so edges point forward. It gives a valid execution order in linear time. It is computed with Kahn's algorithm or DFS.
DSA,What is a practical example of LRU cache?,"LRU cache combines a hash map with a doubly linked list. It is a cache that evicts the least recently used item when full. It is used in memory caches, browsers, and databases. It keeps frequently used items available and gives constant-time operations with the right design."
DSA,What is a practical example of Dijkstra's algorithm?,"Dijkstra's algorithm computes the quickest driving route between two cities. It is efficient with a priority queue, running in about O((V+E) log V). It fails with negative edge weights. It is replaced by Bellman-Ford for negative edges and A* for guided search."
DSA,What does counting sort mean?,Counting sort is a non-comparison sorting algorithm that counts occurrences of each value. It is used for integers within a small known range. It sorts exam scores from zero to one hundred by tallying counts. It is often used as a subroutine in radix sort.
DSA,Is there a substitute for heap?,Heap comes as min-heap or max-heap and is often stored in an array. It is used to implement priority queues and heap sort. It does not support fast arbitrary search or ordered traversal. It repeatedly extracts the smallest task to schedule next.
DSA,Where have you seen BFS in action?,"BFS finds the minimum moves needed to solve a maze grid. It is used to find shortest paths in unweighted graphs and connected components. It can use a lot of memory because it stores a whole frontier of vertices. It contrasts with depth-first search, which explores deeply before backtracking."
DSA,Explain merge sort.,"Merge sort is a divide and conquer sorting algorithm that splits, sorts, and merges halves. It is used when stable, predictable sorting or external sorting is needed. It sorts linked lists efficiently without random access. It is a stable alternative to quick sort and heap sort."
DSA,What is the main purpose of binary search?,"Binary search is used for fast lookups and for searching answers over monotonic conditions. It runs in logarithmic time, so a million items need about twenty steps. It requires sorted data and random access to be efficient. It finds a word in a dictionary by repeatedly opening the middle page."
DSA,List the strengths of quick sort.,Quick sort is usually very fast in practice and sorts in place. It is a sorting algorithm that partitions around a pivot and sorts both sides. It is used for general in-memory sorting where average speed matters. It degrades to O(n^2) with bad pivots and is not stable.
DSA,What problem does Big O notation solve?,"Big O notation is used to compare algorithms independent of hardware. It focuses on scalability, ignoring constants and lower-order terms. It hides constant factors that matter on small inputs. It describes upper bounds, while Omega and Theta describe lower and tight bounds."
DSA,List the strengths of trie.,"Trie finds prefixes in time proportional to word length, independent of dictionary size. It is used for autocomplete, spell checking, and prefix searches. It can use much memory when many strings share few prefixes. It is also called a prefix tree."
DSA,In which situations is bubble sort a good choice?,Bubble sort is used mainly for teaching and very small datasets. It runs in O(n^2) time and is impractical for large inputs. It moves the largest value to the end after the first pass. It is similar to insertion and selection sort in performance.
DSA,Where have you seen array in action?,"Array stores daily temperatures for a week at indexes zero to six. It is used when fast random access and a known size are needed. It has costly middle insertions and deletions, and fixed size in many languages. It differs from linked lists, which trade access speed for flexible insertion."
DSA,What are the alternatives or companions of counting sort?,Counting sort is often used as a subroutine in radix sort. It is a non-comparison sorting algorithm that counts occurrences of each value. It is used for integers within a small known range. It sorts exam scores from zero to one hundred by tallying counts.
DSA,What makes binary tree valuable?,"Binary tree supports natural recursive algorithms and traversals. It is used to represent hierarchies, expressions, and as a base for search trees. It can become skewed, making operations as slow as a linked list. It is traversed in preorder, inorder, postorder, or level order."
DSA,How does Big O notation help developers?,"Big O notation focuses on scalability, ignoring constants and lower-order terms. It is used to compare algorithms independent of hardware. It hides constant factors that matter on small inputs. It describes upper bounds, while Omega and Theta describe lower and tight bounds."
DSA,Where have you seen AVL tree in action?,"AVL tree rotates left after inserting values in increasing order to restore balance. It is used when lookups dominate and guaranteed logarithmic time is needed. It performs frequent rotations, so insertions cost more than in simpler trees. It is more strictly balanced than Red-Black trees."
DSA,What are the limitations of Dijkstra's algorithm?,"Dijkstra's algorithm fails with negative edge weights. It is used in routing, maps, and network planning. It is efficient with a priority queue, running in about O((V+E) log V). It is replaced by Bellman-Ford for negative edges and A* for guided search."
DSA,How is binary tree used in practice?,"Binary tree represents the expression three plus four times two as a tree. It is a hierarchical structure where each node has at most two children. It supports natural recursive algorithms and traversals. It is traversed in preorder, inorder, postorder, or level order."
DSA,Where is DFS commonly applied?,"DFS is used for cycle detection, topological sorting, and exploring all paths. It is simple to write recursively and uses memory proportional to depth. It explores a maze by following a corridor to the end before returning. It contrasts with BFS, which explores nearest vertices first."
DSA,Describe a scenario where memoization is applied.,"Memoization stores Fibonacci values so each is computed once. It is an optimization that caches function results for repeated inputs. It is used in recursive solutions with overlapping subproblems. It avoids repeated computation, often reducing exponential time to polynomial. It is the top-down counterpart of tabulation in dynamic programming."
DSA,What are the alternatives or companions of circular queue?,"Circular queue is also known as a ring buffer. It is a fixed-size queue where the end connects back to the start. It is used for buffers, streaming data, and round-robin scheduling. It stores audio samples in a ring buffer."
DSA,How does topological sort compare with similar approaches?,"Topological sort is computed with Kahn's algorithm or DFS. It is used for task scheduling, build systems, and course prerequisites. It gives a valid execution order in linear time. It orders courses so each prerequisite comes before the course that needs it."
DSA,When should you avoid sliding window?,Sliding window works best when the window condition changes predictably as it moves. It is a technique that maintains a moving range over an array or string. It is used for subarray and substring problems like maximum sum of k elements. It is a specialized form of the two-pointer technique.
DSA,What is related to binary search?,"Binary search is easy to get wrong because of off-by-one and overflow errors. It is an algorithm that finds a target in a sorted collection by halving the range. It runs in logarithmic time, so a million items need about twenty steps."
DSA,What are the disadvantages of binary search tree?,"Binary search tree degrades to linear time if the tree becomes skewed. It is a binary tree where left descendants are smaller and right ones larger than each node. It is used for ordered data needing fast search, insertion, and deletion."
DSA,What is related to hash table?,"Hash table handles collisions with chaining or open addressing. It is a structure that maps keys to values using a hash function. It is used for fast lookups, caches, counting, and deduplication. It offers average constant-time insert, search, and delete."
DSA,How would you explain circular queue to a beginner?,Circular queue is a fixed-size queue where the end connects back to the start. It reuses freed space and avoids shifting elements. It has a fixed capacity and needs care to tell full from empty. It stores audio samples in a ring buffer.
DSA,How does binary tree help developers?,"Binary tree supports natural recursive algorithms and traversals. It is used to represent hierarchies, expressions, and as a base for search trees. It represents the expression three plus four times two as a tree. It is traversed in preorder, inorder, postorder, or level order."
DSA,What are the limitations of LRU cache?,"LRU cache can be hurt by scans that flush useful entries. It is a cache that evicts the least recently used item when full. It is used in memory caches, browsers, and databases. It combines a hash map with a doubly linked list."
DSA,Explain graph.,"Graph is a structure of vertices connected by edges, directed or undirected. It is used to model networks, maps, dependencies, and relationships. It can be memory heavy, and many problems on graphs are computationally hard. It models cities as vertices and roads as weighted edges."
DSA,What are the drawbacks of graph?,"Graph can be memory heavy, and many problems on graphs are computationally hard. It is used to model networks, maps, dependencies, and relationships. It represents complex connections that trees and lists cannot capture. It models cities as vertices and roads as weighted edges."
DSA,What should I learn alongside topological sort?,Topological sort is computed with Kahn's algorithm or DFS. It is an ordering of a directed acyclic graph's vertices so edges point forward. It exists only for graphs without cycles. It orders courses so each prerequisite comes before the course that needs it.
DSA,What is related to stack?,"Stack is the counterpart of a queue, which is First In, First Out. It is a linear structure following Last In, First Out order. It is used for undo features, recursion, expression evaluation, and backtracking. It allows access only to the top element and can overflow if size is bounded."
DSA,What are the limitations of trie?,"Trie can use much memory when many strings share few prefixes. It finds prefixes in time proportional to word length, independent of dictionary size. It suggests words starting with pre while a user types. It is also called a prefix tree."
DSA,Where is amortized analysis commonly applied?,"Amortized analysis is used to analyze structures like dynamic arrays. It shows that occasional expensive operations still give cheap average cost. It guarantees average cost over sequences but not for every single operation. It differs from average-case analysis, which relies on input probability."
DSA,What is the main purpose of segment tree?,Segment tree is used for range queries and updates such as sum or minimum. It is a tree structure that stores aggregate information for array ranges. It answers range queries and point updates in logarithmic time. It uses extra memory and is more complex to implement than prefix sums.
DSA,What is queue used for?,"Queue is used for scheduling, buffering, and breadth-first search. It is a linear structure following First In, First Out order. It allows access only at the ends, and array versions may waste space. It lines up print jobs so the earliest one prints first."
DSA,What is binary tree used for?,"Binary tree is used to represent hierarchies, expressions, and as a base for search trees. It is a hierarchical structure where each node has at most two children. It supports natural recursive algorithms and traversals. It can become skewed, making operations as slow as a linked list."
DSA,Can you illustrate amortized analysis with an example?,"Amortized analysis explains why appending to a dynamic array is O(1) amortized despite occasional resizing. It shows that occasional expensive operations still give cheap average cost. It guarantees average cost over sequences but not for every single operation. It differs from average-case analysis, which relies on input probability."
DSA,How is two-pointer technique typically used in real projects?,"Two-pointer technique is used for sorted arrays, pair sums, and palindrome checks. It is a technique that moves two indices through data to solve problems efficiently. It often reduces quadratic solutions to linear time with constant extra space. It generally needs sorted or structured input to work correctly."
DSA,How is divide and conquer used in practice?,"Divide and conquer sorts an array by splitting, sorting halves, and merging. It is used in sorting, searching, and matrix multiplication. It simplifies hard problems and often parallelizes naturally. It adds recursion overhead and may repeat work if subproblems overlap."
DSA,What are the drawbacks of sliding window?,"Sliding window works best when the window condition changes predictably as it moves. It is a technique that maintains a moving range over an array or string. It is used for subarray and substring problems like maximum sum of k elements. It avoids recomputation, reducing time from quadratic to linear."
DSA,How does quick sort help developers?,Quick sort is usually very fast in practice and sorts in place. It is a sorting algorithm that partitions around a pivot and sorts both sides. It degrades to O(n^2) with bad pivots and is not stable. It is often made safer with random or median-of-three pivots.
DSA,How is Bloom filter typically used in real projects?,Bloom filter is used to avoid costly lookups in caches and databases. It has false positives and does not support deletion in the basic version. It lets a crawler quickly skip URLs it has probably seen. It never returns false negatives.
DSA,What are the disadvantages of stack?,"Stack allows access only to the top element and can overflow if size is bounded. It lets a browser go back to the most recently visited page. It is the counterpart of a queue, which is First In, First Out."
DSA,What is an alternative to recursion?,"Recursion needs a base case and can often be converted to iteration. It is used for trees, divide and conquer, and backtracking. It makes complex problems concise and natural to express. It computes factorial of five as five times factorial of four."
DSA,How would you explain stack to a beginner?,"Stack is a linear structure following Last In, First Out order. It offers constant-time push and pop with simple implementation. It lets a browser go back to the most recently visited page. It is the counterpart of a queue, which is First In, First Out."
DSA,When should you use linked list?,"Linked list is used when frequent insertions and deletions are needed without shifting elements. It has slow access by position and extra memory for pointers. It chains songs in a playlist so one can be inserted between two others. It comes in singly, doubly, and circular forms."
DSA,What are the advantages of array?,"Array gives constant-time access by index and good cache locality. It is used when fast random access and a known size are needed. It has costly middle insertions and deletions, and fixed size in many languages. It stores daily temperatures for a week at indexes zero to six."
DSA,Show a real-world example of stack.,"Stack lets a browser go back to the most recently visited page. It is used for undo features, recursion, expression evaluation, and backtracking. It offers constant-time push and pop with simple implementation. It is the counterpart of a queue, which is First In, First Out."
DSA,What is an alternative to AVL tree?,"AVL tree is more strictly balanced than Red-Black trees. It is a self-balancing binary search tree keeping subtree heights within one. It is used when lookups dominate and guaranteed logarithmic time is needed. It guarantees O(log n) search, insert, and delete."
DSA,Why do developers use KMP algorithm?,KMP algorithm is used to find a pattern inside a long text. It is a string matching algorithm that avoids rechecking characters using a prefix table. It finds the word abab in a long string without moving backward in the text.
DSA,What other concepts are connected to sliding window?,"Sliding window is a specialized form of the two-pointer technique. It is a technique that maintains a moving range over an array or string. It is used for subarray and substring problems like maximum sum of k elements. It avoids recomputation, reducing time from quadratic to linear."
DSA,How does deque help developers?,"Deque supports constant-time operations at both ends. It is a double-ended queue allowing insertion and removal at both ends. It is used for sliding window maximum, BFS variants, and palindromes. It uses Python's collections.deque to pop from the left efficiently."
DSA,What are the disadvantages of counting sort?,Counting sort wastes memory when the value range is large. It is a non-comparison sorting algorithm that counts occurrences of each value. It is used for integers within a small known range. It sorts exam scores from zero to one hundred by tallying counts.
DSA,What are the disadvantages of sliding window?,"Sliding window works best when the window condition changes predictably as it moves. It is a technique that maintains a moving range over an array or string. It avoids recomputation, reducing time from quadratic to linear. It finds the longest substring without repeating characters."
DSA,What are common pitfalls with linked list?,"Linked list has slow access by position and extra memory for pointers. It is a sequence of nodes where each node points to the next. It is used when frequent insertions and deletions are needed without shifting elements. It comes in singly, doubly, and circular forms."
DSA,When should you avoid KMP algorithm?,KMP algorithm is trickier to understand and implement than naive search. It runs in linear time O(n + m). It finds the word abab in a long string without moving backward in the text. It is an alternative to Rabin-Karp and Boyer-Moore.
DSA,When should you avoid divide and conquer?,"Divide and conquer adds recursion overhead and may repeat work if subproblems overlap. It is a strategy that splits a problem into subproblems, solves them, and combines results. It simplifies hard problems and often parallelizes naturally. It is analyzed with recurrences and the master theorem."
DSA,In which situations is topological sort a good choice?,"Topological sort is used for task scheduling, build systems, and course prerequisites. It is an ordering of a directed acyclic graph's vertices so edges point forward. It exists only for graphs without cycles. It is computed with Kahn's algorithm or DFS."
DSA,Give an example of graph.,"Graph models cities as vertices and roads as weighted edges. It is a structure of vertices connected by edges, directed or undirected. It represents complex connections that trees and lists cannot capture. It can be memory heavy, and many problems on graphs are computationally hard."
DSA,What are the drawbacks of deque?,"Deque has slower random access than arrays in linked implementations. It is a double-ended queue allowing insertion and removal at both ends. It is used for sliding window maximum, BFS variants, and palindromes. It uses Python's collections.deque to pop from the left efficiently. It generalizes both stacks and queues."
DSA,What is the basic idea behind bubble sort?,Bubble sort is a simple sorting algorithm that repeatedly swaps adjacent elements that are out of order. It runs in O(n^2) time and is impractical for large inputs. It moves the largest value to the end after the first pass.
DSA,What does Dijkstra's algorithm mean?,"Dijkstra's algorithm is an algorithm that finds shortest paths from one source in graphs with non-negative weights. It is used in routing, maps, and network planning. It is efficient with a priority queue, running in about O((V+E) log V). It fails with negative edge weights."
DSA,How is quick sort used in practice?,Quick sort picks the last element as pivot and moves smaller values to its left. It is a sorting algorithm that partitions around a pivot and sorts both sides. It is usually very fast in practice and sorts in place.
DSA,What are the benefits of using binary search?,"Binary search runs in logarithmic time, so a million items need about twenty steps. It is used for fast lookups and for searching answers over monotonic conditions. It requires sorted data and random access to be efficient. It is easy to get wrong because of off-by-one and overflow errors."
DSA,List the strengths of BFS.,"BFS guarantees the fewest edges to reach any vertex from the source. It is a graph traversal that visits vertices level by level using a queue. It finds the minimum moves needed to solve a maze grid. It contrasts with depth-first search, which explores deeply before backtracking."
DSA,What do you gain by using Big O notation?,"Big O notation focuses on scalability, ignoring constants and lower-order terms. It is a notation describing how an algorithm's running time or space grows with input size. It hides constant factors that matter on small inputs. It classifies binary search as O(log n) and bubble sort as O(n^2)."
DSA,Define greedy algorithm in simple words.,"Greedy algorithm is an approach that picks the locally best choice at every step. It is used when local choices lead to a global optimum, like interval scheduling. It gives change using the largest coin first in standard currency systems. It differs from dynamic programming, which considers combinations of subproblems."
DSA,Can you give a short overview of divide and conquer?,"Divide and conquer is a strategy that splits a problem into subproblems, solves them, and combines results. It is used in sorting, searching, and matrix multiplication. It simplifies hard problems and often parallelizes naturally. It adds recursion overhead and may repeat work if subproblems overlap."
DSA,What are the limitations of BFS?,BFS can use a lot of memory because it stores a whole frontier of vertices. It is a graph traversal that visits vertices level by level using a queue. It finds the minimum moves needed to solve a maze grid.
DSA,What do you gain by using bit manipulation?,Bit manipulation is very fast and memory efficient. It is the use of bitwise operators to work directly with binary representations. It reduces readability and is easy to get wrong. It checks whether a number is a power of two with n and n minus one.
DSA,Define backtracking in simple words.,Backtracking is a technique that builds solutions step by step and abandons paths that fail. It can still take exponential time in the worst case. It solves N-Queens by placing queens and undoing moves that cause conflicts. It is related to depth-first search and recursion.
DSA,When should you avoid trie?,"Trie can use much memory when many strings share few prefixes. It is a tree storing strings character by character along paths from the root. It is used for autocomplete, spell checking, and prefix searches. It is also called a prefix tree."
DSA,Explain BFS.,BFS is a graph traversal that visits vertices level by level using a queue. It is used to find shortest paths in unweighted graphs and connected components. It can use a lot of memory because it stores a whole frontier of vertices.
DSA,What is an alternative to two-pointer technique?,Two-pointer technique is closely related to sliding window. It is a technique that moves two indices through data to solve problems efficiently. It often reduces quadratic solutions to linear time with constant extra space. It generally needs sorted or structured input to work correctly.
DSA,What do you gain by using greedy algorithm?,"Greedy algorithm is simple, fast, and often easy to implement. It is an approach that picks the locally best choice at every step. It is used when local choices lead to a global optimum, like interval scheduling. It gives change using the largest coin first in standard currency systems."
DSA,What problem does graph solve?,"Graph is used to model networks, maps, dependencies, and relationships. It represents complex connections that trees and lists cannot capture. It can be memory heavy, and many problems on graphs are computationally hard. It is stored as an adjacency list or adjacency matrix."
DSA,What other concepts are connected to Big O notation?,"Big O notation describes upper bounds, while Omega and Theta describe lower and tight bounds. It is a notation describing how an algorithm's running time or space grows with input size. It hides constant factors that matter on small inputs."
DSA,What problem does minimum spanning tree solve?,"Minimum spanning tree is used in network design such as cables, roads, and clustering. It is a subset of edges connecting all vertices with the smallest total weight. It gives the cheapest way to connect everything without cycles. It finds the cheapest cable layout connecting every office."
DSA,What does deque mean?,"Deque is a double-ended queue allowing insertion and removal at both ends. It is used for sliding window maximum, BFS variants, and palindromes. It supports constant-time operations at both ends. It has slower random access than arrays in linked implementations."
DSA,How would you explain trie to a beginner?,"Trie is a tree storing strings character by character along paths from the root. It is used for autocomplete, spell checking, and prefix searches. It suggests words starting with pre while a user types. It is also called a prefix tree."
DSA,Is there a substitute for merge sort?,"Merge sort is a stable alternative to quick sort and heap sort. It is a divide and conquer sorting algorithm that splits, sorts, and merges halves. It guarantees O(n log n) time and keeps equal elements in order. It needs O(n) extra space for arrays."
DSA,What are the benefits of using Fenwick tree?,Fenwick tree is short to code and uses little memory. It is used for cumulative frequency and range sum queries. It is less flexible than segment trees and suits mainly invertible operations. It is also known as a binary indexed tree.
DSA,What should you watch out for when using AVL tree?,"AVL tree performs frequent rotations, so insertions cost more than in simpler trees. It is used when lookups dominate and guaranteed logarithmic time is needed. It guarantees O(log n) search, insert, and delete. It is more strictly balanced than Red-Black trees."
DSA,How does segment tree help developers?,Segment tree answers range queries and point updates in logarithmic time. It is used for range queries and updates such as sum or minimum. It uses extra memory and is more complex to implement than prefix sums. It is an alternative to Fenwick trees and sparse tables.
DSA,List the strengths of amortized analysis.,Amortized analysis shows that occasional expensive operations still give cheap average cost. It is a method that averages the cost of operations over a sequence. It is used to analyze structures like dynamic arrays. It explains why appending to a dynamic array is O(1) amortized despite occasional resizing.
DSA,Describe binary tree briefly.,"Binary tree is a hierarchical structure where each node has at most two children. It is used to represent hierarchies, expressions, and as a base for search trees. It supports natural recursive algorithms and traversals. It is traversed in preorder, inorder, postorder, or level order."
DSA,Why is binary search tree useful?,Binary search tree gives logarithmic operations on balanced trees and sorted output through inorder traversal. It degrades to linear time if the tree becomes skewed. It finds the value 42 by comparing and moving left or right. It is made reliable by balanced variants such as AVL and Red-Black trees.
DSA,What is sliding window?,Sliding window is a technique that maintains a moving range over an array or string. It is used for subarray and substring problems like maximum sum of k elements. It works best when the window condition changes predictably as it moves. It finds the longest substring without repeating characters.
DSA,How is binary search tree typically used in real projects?,"Binary search tree is used for ordered data needing fast search, insertion, and deletion. It gives logarithmic operations on balanced trees and sorted output through inorder traversal. It is made reliable by balanced variants such as AVL and Red-Black trees."
DSA,What is the basic idea behind Dijkstra's algorithm?,"Dijkstra's algorithm is an algorithm that finds shortest paths from one source in graphs with non-negative weights. It is used in routing, maps, and network planning. It computes the quickest driving route between two cities. It is replaced by Bellman-Ford for negative edges and A* for guided search."
DSA,What are the drawbacks of trie?,"Trie can use much memory when many strings share few prefixes. It is used for autocomplete, spell checking, and prefix searches. It finds prefixes in time proportional to word length, independent of dictionary size. It suggests words starting with pre while a user types."
DSA,What are the benefits of using KMP algorithm?,KMP algorithm runs in linear time O(n + m). It is used to find a pattern inside a long text. It finds the word abab in a long string without moving backward in the text. It is an alternative to Rabin-Karp and Boyer-Moore.
DSA,Show a real-world example of LRU cache.,LRU cache combines a hash map with a doubly linked list. It is a cache that evicts the least recently used item when full. It keeps frequently used items available and gives constant-time operations with the right design. It can be hurt by scans that flush useful entries.
DSA,What are the limitations of two-pointer technique?,"Two-pointer technique generally needs sorted or structured input to work correctly. It is a technique that moves two indices through data to solve problems efficiently. It is used for sorted arrays, pair sums, and palindrome checks. It often reduces quadratic solutions to linear time with constant extra space."
DSA,Define quick sort in simple words.,Quick sort is a sorting algorithm that partitions around a pivot and sorts both sides. It is used for general in-memory sorting where average speed matters. It is usually very fast in practice and sorts in place. It degrades to O(n^2) with bad pivots and is not stable.
DSA,Describe a scenario where adjacency list is applied.,"Adjacency list stores vertex A with neighbors B and C as A: [B, C]. It is used for sparse graphs in traversals and shortest-path algorithms. It uses memory proportional to vertices plus edges and iterates neighbors quickly. It checks whether a specific edge exists more slowly than an adjacency matrix."
DSA,What are common pitfalls with BFS?,"BFS can use a lot of memory because it stores a whole frontier of vertices. It is a graph traversal that visits vertices level by level using a queue. It finds the minimum moves needed to solve a maze grid. It contrasts with depth-first search, which explores deeply before backtracking."
DSA,What are common pitfalls with two-pointer technique?,"Two-pointer technique generally needs sorted or structured input to work correctly. It is used for sorted arrays, pair sums, and palindrome checks. It often reduces quadratic solutions to linear time with constant extra space. It finds two numbers summing to a target by moving pointers inward from both ends."
DSA,Define binary tree in simple words.,"Binary tree is a hierarchical structure where each node has at most two children. It is used to represent hierarchies, expressions, and as a base for search trees. It supports natural recursive algorithms and traversals. It can become skewed, making operations as slow as a linked list."
DSA,What should you watch out for when using segment tree?,Segment tree uses extra memory and is more complex to implement than prefix sums. It is a tree structure that stores aggregate information for array ranges. It is used for range queries and updates such as sum or minimum. It is an alternative to Fenwick trees and sparse tables.
DSA,Where is divide and conquer commonly applied?,"Divide and conquer is used in sorting, searching, and matrix multiplication. It is a strategy that splits a problem into subproblems, solves them, and combines results. It sorts an array by splitting, sorting halves, and merging. It is analyzed with recurrences and the master theorem."
DSA,List the strengths of AVL tree.,"AVL tree guarantees O(log n) search, insert, and delete. It is a self-balancing binary search tree keeping subtree heights within one. It is used when lookups dominate and guaranteed logarithmic time is needed. It performs frequent rotations, so insertions cost more than in simpler trees."
DSA,How does BFS differ from related concepts?,"BFS contrasts with depth-first search, which explores deeply before backtracking. It is a graph traversal that visits vertices level by level using a queue. It is used to find shortest paths in unweighted graphs and connected components. It finds the minimum moves needed to solve a maze grid."
DSA,When should you avoid DFS?,"DFS does not find shortest paths and can overflow the recursion stack on deep graphs. It is used for cycle detection, topological sorting, and exploring all paths. It is simple to write recursively and uses memory proportional to depth. It contrasts with BFS, which explores nearest vertices first."
DSA,What is KMP algorithm?,KMP algorithm is a string matching algorithm that avoids rechecking characters using a prefix table. It is used to find a pattern inside a long text. It runs in linear time O(n + m). It is an alternative to Rabin-Karp and Boyer-Moore.
DSA,Where is KMP algorithm commonly applied?,KMP algorithm is used to find a pattern inside a long text. It is a string matching algorithm that avoids rechecking characters using a prefix table. It runs in linear time O(n + m). It finds the word abab in a long string without moving backward in the text.
DSA,Give an example of array.,"Array stores daily temperatures for a week at indexes zero to six. It is used when fast random access and a known size are needed. It has costly middle insertions and deletions, and fixed size in many languages. It differs from linked lists, which trade access speed for flexible insertion."
DSA,When should you use KMP algorithm?,KMP algorithm is used to find a pattern inside a long text. It runs in linear time O(n + m). It is trickier to understand and implement than naive search. It finds the word abab in a long string without moving backward in the text.
DSA,What is an alternative to adjacency list?,Adjacency list is the usual alternative to an adjacency matrix for dense graphs. It is a graph representation storing each vertex's neighbors in a list. It is used for sparse graphs in traversals and shortest-path algorithms. It checks whether a specific edge exists more slowly than an adjacency matrix.
DSA,List the strengths of recursion.,"Recursion makes complex problems concise and natural to express. It is a technique where a function solves a problem by calling itself on smaller inputs. It is used for trees, divide and conquer, and backtracking. It can overflow the call stack and repeat work without memoization."
DSA,What are the disadvantages of amortized analysis?,Amortized analysis guarantees average cost over sequences but not for every single operation. It is a method that averages the cost of operations over a sequence. It is used to analyze structures like dynamic arrays. It shows that occasional expensive operations still give cheap average cost.
DSA,What are the limitations of minimum spanning tree?,Minimum spanning tree applies only to weighted undirected connected graphs. It is a subset of edges connecting all vertices with the smallest total weight. It gives the cheapest way to connect everything without cycles. It finds the cheapest cable layout connecting every office.
DSA,Where have you seen memoization in action?,"Memoization stores Fibonacci values so each is computed once. It is used in recursive solutions with overlapping subproblems. It avoids repeated computation, often reducing exponential time to polynomial. It uses extra memory and adds recursion overhead. It is the top-down counterpart of tabulation in dynamic programming."
DSA,What are the limitations of hash table?,"Hash table has unordered keys, collisions, and worst-case linear time with poor hashing. It is used for fast lookups, caches, counting, and deduplication. It counts word frequencies by using each word as a key. It handles collisions with chaining or open addressing."
DSA,Describe bubble sort briefly.,Bubble sort is a simple sorting algorithm that repeatedly swaps adjacent elements that are out of order. It is used mainly for teaching and very small datasets. It is easy to understand and implement and can stop early if sorted.
DSA,What do you gain by using counting sort?,"Counting sort runs in linear time, O(n + k), for suitable inputs. It is a non-comparison sorting algorithm that counts occurrences of each value. It wastes memory when the value range is large. It is often used as a subroutine in radix sort."
DSA,How is segment tree used in practice?,Segment tree finds the minimum in any subarray of a changing array. It is a tree structure that stores aggregate information for array ranges. It answers range queries and point updates in logarithmic time. It uses extra memory and is more complex to implement than prefix sums.
DSA,Can you illustrate dynamic programming with an example?,Dynamic programming finds the minimum coins needed to make change for an amount. It is a method that solves problems by combining answers to overlapping subproblems. It turns exponential brute force into polynomial time by reusing results. It is implemented top-down with memoization or bottom-up with tabulation.
DSA,Is there a substitute for array?,"Array differs from linked lists, which trade access speed for flexible insertion. It is used when fast random access and a known size are needed. It gives constant-time access by index and good cache locality. It has costly middle insertions and deletions, and fixed size in many languages."
DSA,What is heap sort?,"Heap sort is a sorting algorithm that builds a heap and repeatedly extracts the maximum. It is not stable and usually slower than quick sort in practice due to cache behavior. It builds a max-heap, then swaps the root with the last element repeatedly."
DSA,Can you give a short overview of graph?,"Graph is a structure of vertices connected by edges, directed or undirected. It is used to model networks, maps, dependencies, and relationships. It represents complex connections that trees and lists cannot capture. It is stored as an adjacency list or adjacency matrix."
DSA,Where have you seen bubble sort in action?,Bubble sort moves the largest value to the end after the first pass. It is used mainly for teaching and very small datasets. It is easy to understand and implement and can stop early if sorted. It runs in O(n^2) time and is impractical for large inputs.
DSA,How would you explain bit manipulation to a beginner?,"Bit manipulation is the use of bitwise operators to work directly with binary representations. It is used for flags, masks, compact storage, and fast arithmetic tricks. It is very fast and memory efficient. It checks whether a number is a power of two with n and n minus one."
DSA,What should I learn alongside bubble sort?,Bubble sort is similar to insertion and selection sort in performance. It is used mainly for teaching and very small datasets. It is easy to understand and implement and can stop early if sorted. It runs in O(n^2) time and is impractical for large inputs.
DSA,What is the main purpose of KMP algorithm?,KMP algorithm is used to find a pattern inside a long text. It is a string matching algorithm that avoids rechecking characters using a prefix table. It is trickier to understand and implement than naive search. It is an alternative to Rabin-Karp and Boyer-Moore.
DSA,Why do developers use graph?,"Graph is used to model networks, maps, dependencies, and relationships. It represents complex connections that trees and lists cannot capture. It models cities as vertices and roads as weighted edges. It is stored as an adjacency list or adjacency matrix."
DSA,When should you avoid dynamic programming?,Dynamic programming can use much memory and designing the state is difficult. It is used for optimization and counting problems with optimal substructure. It turns exponential brute force into polynomial time by reusing results. It finds the minimum coins needed to make change for an amount.
DSA,What are the advantages of circular queue?,Circular queue reuses freed space and avoids shifting elements. It is a fixed-size queue where the end connects back to the start. It has a fixed capacity and needs care to tell full from empty. It stores audio samples in a ring buffer.
DSA,Where is linked list commonly applied?,Linked list is used when frequent insertions and deletions are needed without shifting elements. It is a sequence of nodes where each node points to the next. It grows dynamically and inserts at a known node in constant time. It has slow access by position and extra memory for pointers.
DSA,What is the basic idea behind DFS?,"DFS is a graph traversal that goes as deep as possible before backtracking. It is simple to write recursively and uses memory proportional to depth. It explores a maze by following a corridor to the end before returning. It contrasts with BFS, which explores nearest vertices first."
DSA,Walk me through a simple example of counting sort.,"Counting sort sorts exam scores from zero to one hundred by tallying counts. It is a non-comparison sorting algorithm that counts occurrences of each value. It runs in linear time, O(n + k), for suitable inputs. It is often used as a subroutine in radix sort."
DSA,Can you illustrate greedy algorithm with an example?,"Greedy algorithm gives change using the largest coin first in standard currency systems. It is an approach that picks the locally best choice at every step. It is used when local choices lead to a global optimum, like interval scheduling. It is simple, fast, and often easy to implement."
DSA,Where is union-find commonly applied?,"Union-find is used for connected components, Kruskal's algorithm, and cycle detection in undirected graphs. It is a data structure that tracks disjoint sets with find and union operations. It checks whether two computers are already connected in a network. It is also called disjoint set union."
DSA,Where is AVL tree commonly applied?,"AVL tree is used when lookups dominate and guaranteed logarithmic time is needed. It is a self-balancing binary search tree keeping subtree heights within one. It guarantees O(log n) search, insert, and delete. It is more strictly balanced than Red-Black trees."
DSA,What are the advantages of divide and conquer?,"Divide and conquer simplifies hard problems and often parallelizes naturally. It is a strategy that splits a problem into subproblems, solves them, and combines results. It adds recursion overhead and may repeat work if subproblems overlap. It sorts an array by splitting, sorting halves, and merging."
DSA,How would you explain heap sort to a beginner?,Heap sort is a sorting algorithm that builds a heap and repeatedly extracts the maximum. It sorts in place with no worst-case slowdown. It is not stable and usually slower than quick sort in practice due to cache behavior. It relies on the heap data structure.
DSA,How does minimum spanning tree help developers?,"Minimum spanning tree gives the cheapest way to connect everything without cycles. It is a subset of edges connecting all vertices with the smallest total weight. It is used in network design such as cables, roads, and clustering. It is computed using Kruskal's or Prim's algorithm."
DSA,What do you gain by using LRU cache?,"LRU cache keeps frequently used items available and gives constant-time operations with the right design. It is a cache that evicts the least recently used item when full. It is used in memory caches, browsers, and databases. It combines a hash map with a doubly linked list."
DSA,What does DFS mean?,"DFS is a graph traversal that goes as deep as possible before backtracking. It is simple to write recursively and uses memory proportional to depth. It does not find shortest paths and can overflow the recursion stack on deep graphs. It contrasts with BFS, which explores nearest vertices first."
DSA,What are the limitations of merge sort?,"Merge sort needs O(n) extra space for arrays. It is a divide and conquer sorting algorithm that splits, sorts, and merges halves. It guarantees O(n log n) time and keeps equal elements in order. It is a stable alternative to quick sort and heap sort."
DSA,Show a real-world example of linked list.,"Linked list chains songs in a playlist so one can be inserted between two others. It is used when frequent insertions and deletions are needed without shifting elements. It has slow access by position and extra memory for pointers. It comes in singly, doubly, and circular forms."
DSA,Is there a substitute for divide and conquer?,"Divide and conquer is analyzed with recurrences and the master theorem. It is a strategy that splits a problem into subproblems, solves them, and combines results. It simplifies hard problems and often parallelizes naturally. It adds recursion overhead and may repeat work if subproblems overlap."
DSA,Where have you seen sliding window in action?,"Sliding window finds the longest substring without repeating characters. It is a technique that maintains a moving range over an array or string. It avoids recomputation, reducing time from quadratic to linear. It works best when the window condition changes predictably as it moves."
DSA,What are common pitfalls with adjacency list?,Adjacency list checks whether a specific edge exists more slowly than an adjacency matrix. It is used for sparse graphs in traversals and shortest-path algorithms. It uses memory proportional to vertices plus edges and iterates neighbors quickly. It is the usual alternative to an adjacency matrix for dense graphs.
DSA,How does DFS compare with similar approaches?,"DFS contrasts with BFS, which explores nearest vertices first. It is a graph traversal that goes as deep as possible before backtracking. It is used for cycle detection, topological sorting, and exploring all paths. It is simple to write recursively and uses memory proportional to depth."
DSA,Describe array briefly.,"Array is a collection of elements stored in contiguous memory and accessed by index. It gives constant-time access by index and good cache locality. It has costly middle insertions and deletions, and fixed size in many languages. It differs from linked lists, which trade access speed for flexible insertion."
DSA,In which situations is backtracking a good choice?,"Backtracking is used for puzzles, permutations, subsets, and constraint problems. It is a technique that builds solutions step by step and abandons paths that fail. It prunes large search spaces compared with naive brute force. It solves N-Queens by placing queens and undoing moves that cause conflicts."
DSA,Why do developers use queue?,"Queue is used for scheduling, buffering, and breadth-first search. It is a linear structure following First In, First Out order. It processes items fairly in arrival order with constant-time enqueue and dequeue. It allows access only at the ends, and array versions may waste space."
DSA,Is there a substitute for LRU cache?,"LRU cache is an alternative to FIFO and LFU policies. It is a cache that evicts the least recently used item when full. It is used in memory caches, browsers, and databases. It keeps frequently used items available and gives constant-time operations with the right design."
DSA,Where have you seen Bloom filter in action?,Bloom filter lets a crawler quickly skip URLs it has probably seen. It is a probabilistic structure that tests whether an element is possibly in a set. It is very space efficient and has fast constant-time operations. It has false positives and does not support deletion in the basic version.
DSA,Describe BFS briefly.,BFS is a graph traversal that visits vertices level by level using a queue. It guarantees the fewest edges to reach any vertex from the source. It can use a lot of memory because it stores a whole frontier of vertices.
DSA,List the strengths of heap.,Heap gives constant-time access to the min or max and logarithmic insertions. It is a complete binary tree where each parent is ordered relative to its children. It is used to implement priority queues and heap sort. It repeatedly extracts the smallest task to schedule next.
DSA,What is segment tree?,Segment tree is a tree structure that stores aggregate information for array ranges. It answers range queries and point updates in logarithmic time. It uses extra memory and is more complex to implement than prefix sums. It is an alternative to Fenwick trees and sparse tables.
DSA,What are the advantages of bit manipulation?,"Bit manipulation is very fast and memory efficient. It is the use of bitwise operators to work directly with binary representations. It is used for flags, masks, compact storage, and fast arithmetic tricks. It reduces readability and is easy to get wrong."
DSA,Where have you seen heap in action?,Heap repeatedly extracts the smallest task to schedule next. It is a complete binary tree where each parent is ordered relative to its children. It is used to implement priority queues and heap sort. It comes as min-heap or max-heap and is often stored in an array.
DSA,How would you explain queue to a beginner?,"Queue is a linear structure following First In, First Out order. It is used for scheduling, buffering, and breadth-first search. It processes items fairly in arrival order with constant-time enqueue and dequeue. It lines up print jobs so the earliest one prints first."
DSA,Define trie in simple words.,"Trie is a tree storing strings character by character along paths from the root. It finds prefixes in time proportional to word length, independent of dictionary size. It can use much memory when many strings share few prefixes. It is also called a prefix tree."
DSA,What are the benefits of using union-find?,Union-find achieves near-constant time per operation with path compression and union by rank. It is a data structure that tracks disjoint sets with find and union operations. It checks whether two computers are already connected in a network. It is also called disjoint set union.
DSA,Why is Dijkstra's algorithm useful?,"Dijkstra's algorithm is efficient with a priority queue, running in about O((V+E) log V). It is used in routing, maps, and network planning. It computes the quickest driving route between two cities. It is replaced by Bellman-Ford for negative edges and A* for guided search."
DSA,What makes segment tree valuable?,Segment tree answers range queries and point updates in logarithmic time. It is a tree structure that stores aggregate information for array ranges. It finds the minimum in any subarray of a changing array. It is an alternative to Fenwick trees and sparse tables.
DSA,What are the benefits of using backtracking?,"Backtracking prunes large search spaces compared with naive brute force. It is used for puzzles, permutations, subsets, and constraint problems. It can still take exponential time in the worst case. It solves N-Queens by placing queens and undoing moves that cause conflicts. It is related to depth-first search and recursion."
DSA,What are the alternatives or companions of queue?,"Queue has variants like deque, priority queue, and circular queue. It processes items fairly in arrival order with constant-time enqueue and dequeue. It allows access only at the ends, and array versions may waste space. It lines up print jobs so the earliest one prints first."
DSA,What are the limitations of DFS?,DFS does not find shortest paths and can overflow the recursion stack on deep graphs. It is a graph traversal that goes as deep as possible before backtracking. It is simple to write recursively and uses memory proportional to depth.
DSA,What are the drawbacks of two-pointer technique?,Two-pointer technique generally needs sorted or structured input to work correctly. It is a technique that moves two indices through data to solve problems efficiently. It often reduces quadratic solutions to linear time with constant extra space. It is closely related to sliding window.
DSA,What is array used for?,"Array is used when fast random access and a known size are needed. It gives constant-time access by index and good cache locality. It has costly middle insertions and deletions, and fixed size in many languages. It differs from linked lists, which trade access speed for flexible insertion."
DSA,What is the basic idea behind binary search?,Binary search is an algorithm that finds a target in a sorted collection by halving the range. It is used for fast lookups and for searching answers over monotonic conditions. It is easy to get wrong because of off-by-one and overflow errors.
DSA,What should you watch out for when using heap?,Heap does not support fast arbitrary search or ordered traversal. It is a complete binary tree where each parent is ordered relative to its children. It is used to implement priority queues and heap sort. It repeatedly extracts the smallest task to schedule next.
DSA,Where have you seen heap sort in action?,"Heap sort builds a max-heap, then swaps the root with the last element repeatedly. It is a sorting algorithm that builds a heap and repeatedly extracts the maximum. It is used when guaranteed O(n log n) time and constant extra space are required. It relies on the heap data structure."
DSA,How is recursion typically used in real projects?,"Recursion is used for trees, divide and conquer, and backtracking. It is a technique where a function solves a problem by calling itself on smaller inputs. It makes complex problems concise and natural to express. It needs a base case and can often be converted to iteration."
DSA,What are common pitfalls with heap sort?,Heap sort is not stable and usually slower than quick sort in practice due to cache behavior. It is a sorting algorithm that builds a heap and repeatedly extracts the maximum. It is used when guaranteed O(n log n) time and constant extra space are required.
DSA,How is minimum spanning tree used in practice?,Minimum spanning tree finds the cheapest cable layout connecting every office. It is a subset of edges connecting all vertices with the smallest total weight. It gives the cheapest way to connect everything without cycles. It applies only to weighted undirected connected graphs.
DSA,What are the drawbacks of quick sort?,Quick sort degrades to O(n^2) with bad pivots and is not stable. It is a sorting algorithm that partitions around a pivot and sorts both sides. It picks the last element as pivot and moves smaller values to its left.
DSA,What are the advantages of binary search tree?,Binary search tree gives logarithmic operations on balanced trees and sorted output through inorder traversal. It is a binary tree where left descendants are smaller and right ones larger than each node. It finds the value 42 by comparing and moving left or right.
DSA,Define divide and conquer in simple words.,"Divide and conquer is a strategy that splits a problem into subproblems, solves them, and combines results. It is used in sorting, searching, and matrix multiplication. It simplifies hard problems and often parallelizes naturally. It sorts an array by splitting, sorting halves, and merging."
DSA,What are the limitations of heap?,Heap does not support fast arbitrary search or ordered traversal. It is a complete binary tree where each parent is ordered relative to its children. It is used to implement priority queues and heap sort. It comes as min-heap or max-heap and is often stored in an array.
DSA,When should you avoid binary tree?,"Binary tree can become skewed, making operations as slow as a linked list. It is used to represent hierarchies, expressions, and as a base for search trees. It represents the expression three plus four times two as a tree. It is traversed in preorder, inorder, postorder, or level order."
DSA,In which situations is heap a good choice?,Heap is used to implement priority queues and heap sort. It does not support fast arbitrary search or ordered traversal. It repeatedly extracts the smallest task to schedule next. It comes as min-heap or max-heap and is often stored in an array.
DSA,What is the basic idea behind circular queue?,"Circular queue is a fixed-size queue where the end connects back to the start. It is used for buffers, streaming data, and round-robin scheduling. It has a fixed capacity and needs care to tell full from empty. It stores audio samples in a ring buffer."
DSA,What does merge sort mean?,"Merge sort is a divide and conquer sorting algorithm that splits, sorts, and merges halves. It is used when stable, predictable sorting or external sorting is needed. It needs O(n) extra space for arrays. It sorts linked lists efficiently without random access."
DSA,Can you illustrate linked list with an example?,"Linked list chains songs in a playlist so one can be inserted between two others. It is a sequence of nodes where each node points to the next. It grows dynamically and inserts at a known node in constant time. It comes in singly, doubly, and circular forms."
DSA,What is adjacency list used for?,Adjacency list is used for sparse graphs in traversals and shortest-path algorithms. It is a graph representation storing each vertex's neighbors in a list. It uses memory proportional to vertices plus edges and iterates neighbors quickly. It checks whether a specific edge exists more slowly than an adjacency matrix.
DSA,What makes DFS valuable?,"DFS is simple to write recursively and uses memory proportional to depth. It is a graph traversal that goes as deep as possible before backtracking. It explores a maze by following a corridor to the end before returning. It contrasts with BFS, which explores nearest vertices first."
DSA,Describe a scenario where segment tree is applied.,Segment tree finds the minimum in any subarray of a changing array. It is a tree structure that stores aggregate information for array ranges. It answers range queries and point updates in logarithmic time. It is an alternative to Fenwick trees and sparse tables.
DSA,Describe Big O notation briefly.,Big O notation is a notation describing how an algorithm's running time or space grows with input size. It is used to compare algorithms independent of hardware. It hides constant factors that matter on small inputs. It classifies binary search as O(log n) and bubble sort as O(n^2).
DSA,What are the disadvantages of Fenwick tree?,Fenwick tree is less flexible than segment trees and suits mainly invertible operations. It is a compact structure for prefix sums supporting updates in logarithmic time. It tracks running totals of scores while values change. It is also known as a binary indexed tree.
DSA,Where is heap commonly applied?,Heap is used to implement priority queues and heap sort. It is a complete binary tree where each parent is ordered relative to its children. It gives constant-time access to the min or max and logarithmic insertions. It does not support fast arbitrary search or ordered traversal.
DSA,What are the drawbacks of merge sort?,"Merge sort needs O(n) extra space for arrays. It is a divide and conquer sorting algorithm that splits, sorts, and merges halves. It is used when stable, predictable sorting or external sorting is needed. It sorts linked lists efficiently without random access."
DSA,What problem does bubble sort solve?,Bubble sort is used mainly for teaching and very small datasets. It is easy to understand and implement and can stop early if sorted. It runs in O(n^2) time and is impractical for large inputs. It moves the largest value to the end after the first pass.
DSA,What do you gain by using amortized analysis?,"Amortized analysis shows that occasional expensive operations still give cheap average cost. It guarantees average cost over sequences but not for every single operation. It explains why appending to a dynamic array is O(1) amortized despite occasional resizing. It differs from average-case analysis, which relies on input probability."
DSA,Describe graph briefly.,"Graph is a structure of vertices connected by edges, directed or undirected. It is used to model networks, maps, dependencies, and relationships. It represents complex connections that trees and lists cannot capture. It can be memory heavy, and many problems on graphs are computationally hard."
DSA,What do you gain by using adjacency list?,"Adjacency list uses memory proportional to vertices plus edges and iterates neighbors quickly. It is used for sparse graphs in traversals and shortest-path algorithms. It checks whether a specific edge exists more slowly than an adjacency matrix. It stores vertex A with neighbors B and C as A: [B, C]."
DSA,What is related to amortized analysis?,"Amortized analysis differs from average-case analysis, which relies on input probability. It is a method that averages the cost of operations over a sequence. It is used to analyze structures like dynamic arrays. It guarantees average cost over sequences but not for every single operation."
DSA,Explain segment tree.,Segment tree is a tree structure that stores aggregate information for array ranges. It is used for range queries and updates such as sum or minimum. It answers range queries and point updates in logarithmic time. It finds the minimum in any subarray of a changing array.
DSA,When should you avoid Dijkstra's algorithm?,"Dijkstra's algorithm fails with negative edge weights. It is an algorithm that finds shortest paths from one source in graphs with non-negative weights. It is efficient with a priority queue, running in about O((V+E) log V). It computes the quickest driving route between two cities."
DSA,List the strengths of linked list.,"Linked list grows dynamically and inserts at a known node in constant time. It has slow access by position and extra memory for pointers. It chains songs in a playlist so one can be inserted between two others. It comes in singly, doubly, and circular forms."
DSA,How is sliding window typically used in real projects?,"Sliding window is used for subarray and substring problems like maximum sum of k elements. It is a technique that maintains a moving range over an array or string. It avoids recomputation, reducing time from quadratic to linear. It finds the longest substring without repeating characters."
DSA,What problem does union-find solve?,"Union-find is used for connected components, Kruskal's algorithm, and cycle detection in undirected graphs. It achieves near-constant time per operation with path compression and union by rank. It supports merging but not efficient splitting of sets. It checks whether two computers are already connected in a network."
DSA,What is a practical example of segment tree?,Segment tree finds the minimum in any subarray of a changing array. It answers range queries and point updates in logarithmic time. It uses extra memory and is more complex to implement than prefix sums. It is an alternative to Fenwick trees and sparse tables.
DSA,How is AVL tree used in practice?,"AVL tree rotates left after inserting values in increasing order to restore balance. It is a self-balancing binary search tree keeping subtree heights within one. It guarantees O(log n) search, insert, and delete. It performs frequent rotations, so insertions cost more than in simpler trees."
DSA,What problems can counting sort cause?,"Counting sort wastes memory when the value range is large. It is used for integers within a small known range. It runs in linear time, O(n + k), for suitable inputs. It is often used as a subroutine in radix sort."
DSA,What are the downsides of Fenwick tree?,Fenwick tree is less flexible than segment trees and suits mainly invertible operations. It is a compact structure for prefix sums supporting updates in logarithmic time. It is short to code and uses little memory. It is also known as a binary indexed tree.
DSA,What does binary search mean?,Binary search is an algorithm that finds a target in a sorted collection by halving the range. It finds a word in a dictionary by repeatedly opening the middle page. It is easy to get wrong because of off-by-one and overflow errors.
DSA,Explain array.,"Array is a collection of elements stored in contiguous memory and accessed by index. It is used when fast random access and a known size are needed. It has costly middle insertions and deletions, and fixed size in many languages."
DSA,Give an example of Dijkstra's algorithm.,Dijkstra's algorithm computes the quickest driving route between two cities. It is an algorithm that finds shortest paths from one source in graphs with non-negative weights. It fails with negative edge weights. It is replaced by Bellman-Ford for negative edges and A* for guided search.
DSA,What is a practical example of circular queue?,Circular queue stores audio samples in a ring buffer. It is a fixed-size queue where the end connects back to the start. It reuses freed space and avoids shifting elements. It has a fixed capacity and needs care to tell full from empty.
DSA,In which situations is quick sort a good choice?,Quick sort is used for general in-memory sorting where average speed matters. It degrades to O(n^2) with bad pivots and is not stable. It picks the last element as pivot and moves smaller values to its left. It is often made safer with random or median-of-three pivots.
DSA,What are the downsides of LRU cache?,LRU cache can be hurt by scans that flush useful entries. It is a cache that evicts the least recently used item when full. It combines a hash map with a doubly linked list. It is an alternative to FIFO and LFU policies.
DSA,What problem does binary tree solve?,"Binary tree is used to represent hierarchies, expressions, and as a base for search trees. It is a hierarchical structure where each node has at most two children. It supports natural recursive algorithms and traversals. It is traversed in preorder, inorder, postorder, or level order."
DSA,Can you give a short overview of backtracking?,"Backtracking is a technique that builds solutions step by step and abandons paths that fail. It is used for puzzles, permutations, subsets, and constraint problems. It solves N-Queens by placing queens and undoing moves that cause conflicts. It is related to depth-first search and recursion."
DSA,Can you illustrate array with an example?,"Array stores daily temperatures for a week at indexes zero to six. It is used when fast random access and a known size are needed. It gives constant-time access by index and good cache locality. It differs from linked lists, which trade access speed for flexible insertion."
DSA,What makes bubble sort valuable?,Bubble sort is easy to understand and implement and can stop early if sorted. It is a simple sorting algorithm that repeatedly swaps adjacent elements that are out of order. It runs in O(n^2) time and is impractical for large inputs.
DSA,What should I learn alongside segment tree?,Segment tree is an alternative to Fenwick trees and sparse tables. It is a tree structure that stores aggregate information for array ranges. It is used for range queries and updates such as sum or minimum. It finds the minimum in any subarray of a changing array.
DSA,What are the downsides of AVL tree?,"AVL tree performs frequent rotations, so insertions cost more than in simpler trees. It is a self-balancing binary search tree keeping subtree heights within one. It is used when lookups dominate and guaranteed logarithmic time is needed. It guarantees O(log n) search, insert, and delete."
DSA,How does LRU cache compare with similar approaches?,"LRU cache is an alternative to FIFO and LFU policies. It is a cache that evicts the least recently used item when full. It is used in memory caches, browsers, and databases. It combines a hash map with a doubly linked list."
DSA,What makes hash table valuable?,"Hash table offers average constant-time insert, search, and delete. It is a structure that maps keys to values using a hash function. It has unordered keys, collisions, and worst-case linear time with poor hashing. It counts word frequencies by using each word as a key."
DSA,Why do developers use AVL tree?,"AVL tree is used when lookups dominate and guaranteed logarithmic time is needed. It guarantees O(log n) search, insert, and delete. It performs frequent rotations, so insertions cost more than in simpler trees. It rotates left after inserting values in increasing order to restore balance."
DSA,Can you give a short overview of deque?,"Deque is a double-ended queue allowing insertion and removal at both ends. It is used for sliding window maximum, BFS variants, and palindromes. It supports constant-time operations at both ends. It uses Python's collections.deque to pop from the left efficiently. It generalizes both stacks and queues."
DSA,What is the main purpose of recursion?,"Recursion is used for trees, divide and conquer, and backtracking. It is a technique where a function solves a problem by calling itself on smaller inputs. It can overflow the call stack and repeat work without memoization. It needs a base case and can often be converted to iteration."
DSA,What is an alternative to Big O notation?,"Big O notation describes upper bounds, while Omega and Theta describe lower and tight bounds. It is a notation describing how an algorithm's running time or space grows with input size. It is used to compare algorithms independent of hardware."
DSA,Define stack in simple words.,"Stack is a linear structure following Last In, First Out order. It offers constant-time push and pop with simple implementation. It allows access only to the top element and can overflow if size is bounded. It lets a browser go back to the most recently visited page."
DSA,How is recursion used in practice?,Recursion computes factorial of five as five times factorial of four. It is a technique where a function solves a problem by calling itself on smaller inputs. It makes complex problems concise and natural to express. It can overflow the call stack and repeat work without memoization.
DSA,Why is recursion considered important?,"Recursion makes complex problems concise and natural to express. It is used for trees, divide and conquer, and backtracking. It can overflow the call stack and repeat work without memoization. It computes factorial of five as five times factorial of four."
DSA,How would you explain dynamic programming to a beginner?,Dynamic programming is a method that solves problems by combining answers to overlapping subproblems. It turns exponential brute force into polynomial time by reusing results. It can use much memory and designing the state is difficult. It finds the minimum coins needed to make change for an amount.
DSA,List the strengths of dynamic programming.,Dynamic programming turns exponential brute force into polynomial time by reusing results. It is a method that solves problems by combining answers to overlapping subproblems. It is used for optimization and counting problems with optimal substructure. It is implemented top-down with memoization or bottom-up with tabulation.
DSA,Describe a scenario where heap sort is applied.,"Heap sort builds a max-heap, then swaps the root with the last element repeatedly. It is used when guaranteed O(n log n) time and constant extra space are required. It sorts in place with no worst-case slowdown. It relies on the heap data structure."
DSA,What are the disadvantages of queue?,"Queue allows access only at the ends, and array versions may waste space. It is a linear structure following First In, First Out order. It is used for scheduling, buffering, and breadth-first search. It has variants like deque, priority queue, and circular queue."
DSA,What problem does binary search solve?,Binary search is used for fast lookups and for searching answers over monotonic conditions. It is an algorithm that finds a target in a sorted collection by halving the range. It is easy to get wrong because of off-by-one and overflow errors.
DSA,How does topological sort differ from related concepts?,"Topological sort is computed with Kahn's algorithm or DFS. It is an ordering of a directed acyclic graph's vertices so edges point forward. It is used for task scheduling, build systems, and course prerequisites. It orders courses so each prerequisite comes before the course that needs it."
DSA,Explain deque.,"Deque is a double-ended queue allowing insertion and removal at both ends. It is used for sliding window maximum, BFS variants, and palindromes. It has slower random access than arrays in linked implementations. It uses Python's collections.deque to pop from the left efficiently. It generalizes both stacks and queues."
DSA,What are the advantages of minimum spanning tree?,Minimum spanning tree gives the cheapest way to connect everything without cycles. It is a subset of edges connecting all vertices with the smallest total weight. It finds the cheapest cable layout connecting every office. It is computed using Kruskal's or Prim's algorithm.
DSA,What problem does BFS solve?,"BFS is used to find shortest paths in unweighted graphs and connected components. It is a graph traversal that visits vertices level by level using a queue. It guarantees the fewest edges to reach any vertex from the source. It contrasts with depth-first search, which explores deeply before backtracking."
DSA,Describe circular queue briefly.,"Circular queue is a fixed-size queue where the end connects back to the start. It is used for buffers, streaming data, and round-robin scheduling. It reuses freed space and avoids shifting elements. It has a fixed capacity and needs care to tell full from empty."
DSA,What is an alternative to queue?,"Queue has variants like deque, priority queue, and circular queue. It is used for scheduling, buffering, and breadth-first search. It processes items fairly in arrival order with constant-time enqueue and dequeue. It allows access only at the ends, and array versions may waste space."
DSA,What is related to array?,"Array differs from linked lists, which trade access speed for flexible insertion. It is a collection of elements stored in contiguous memory and accessed by index. It gives constant-time access by index and good cache locality. It stores daily temperatures for a week at indexes zero to six."
DSA,What are the disadvantages of circular queue?,"Circular queue has a fixed capacity and needs care to tell full from empty. It is a fixed-size queue where the end connects back to the start. It is used for buffers, streaming data, and round-robin scheduling. It reuses freed space and avoids shifting elements."
DSA,What is a practical example of hash table?,"Hash table counts word frequencies by using each word as a key. It is a structure that maps keys to values using a hash function. It offers average constant-time insert, search, and delete. It has unordered keys, collisions, and worst-case linear time with poor hashing."
DSA,Where is heap sort commonly applied?,Heap sort is used when guaranteed O(n log n) time and constant extra space are required. It sorts in place with no worst-case slowdown. It is not stable and usually slower than quick sort in practice due to cache behavior.
DSA,In which situations is two-pointer technique a good choice?,"Two-pointer technique is used for sorted arrays, pair sums, and palindrome checks. It is a technique that moves two indices through data to solve problems efficiently. It generally needs sorted or structured input to work correctly. It is closely related to sliding window."
DSA,What problems can quick sort cause?,Quick sort degrades to O(n^2) with bad pivots and is not stable. It is a sorting algorithm that partitions around a pivot and sorts both sides. It is used for general in-memory sorting where average speed matters. It is often made safer with random or median-of-three pivots.
DSA,Why is trie useful?,"Trie finds prefixes in time proportional to word length, independent of dictionary size. It can use much memory when many strings share few prefixes. It suggests words starting with pre while a user types. It is also called a prefix tree."
DSA,Is there a substitute for topological sort?,"Topological sort is computed with Kahn's algorithm or DFS. It is an ordering of a directed acyclic graph's vertices so edges point forward. It is used for task scheduling, build systems, and course prerequisites. It gives a valid execution order in linear time. It exists only for graphs without cycles."
DSA,What are the limitations of binary search?,"Binary search requires sorted data and random access to be efficient. It runs in logarithmic time, so a million items need about twenty steps. It finds a word in a dictionary by repeatedly opening the middle page. It is easy to get wrong because of off-by-one and overflow errors."
DSA,What is the difference between BFS and DFS?,"Breadth-first search explores a graph level by level using a queue, finding shortest paths in unweighted graphs. Depth-first search goes as deep as possible along each branch before backtracking, using a stack or recursion. Both run in O(V+E), but DFS suits cycle detection and topological sorting."
DSA,How does linked list differ from related concepts?,"Linked list comes in singly, doubly, and circular forms. It is a sequence of nodes where each node points to the next. It grows dynamically and inserts at a known node in constant time. It has slow access by position and extra memory for pointers."
DSA,How does heap sort differ from related concepts?,"Heap sort relies on the heap data structure. It is used when guaranteed O(n log n) time and constant extra space are required. It sorts in place with no worst-case slowdown. It builds a max-heap, then swaps the root with the last element repeatedly."
DSA,Where is Fenwick tree commonly applied?,Fenwick tree is used for cumulative frequency and range sum queries. It is a compact structure for prefix sums supporting updates in logarithmic time. It is short to code and uses little memory. It tracks running totals of scores while values change.
DSA,Define Big O notation in simple words.,"Big O notation is a notation describing how an algorithm's running time or space grows with input size. It is used to compare algorithms independent of hardware. It focuses on scalability, ignoring constants and lower-order terms. It hides constant factors that matter on small inputs."
DSA,Is there a substitute for linked list?,"Linked list comes in singly, doubly, and circular forms. It is used when frequent insertions and deletions are needed without shifting elements. It grows dynamically and inserts at a known node in constant time. It has slow access by position and extra memory for pointers."
DSA,Can you illustrate union-find with an example?,Union-find checks whether two computers are already connected in a network. It is a data structure that tracks disjoint sets with find and union operations. It supports merging but not efficient splitting of sets. It is also called disjoint set union.
DSA,What is the main purpose of greedy algorithm?,"Greedy algorithm is used when local choices lead to a global optimum, like interval scheduling. It is an approach that picks the locally best choice at every step. It fails on problems without the greedy-choice property, so correctness needs proof. It differs from dynamic programming, which considers combinations of subproblems."
DSA,Walk me through a simple example of Bloom filter.,Bloom filter lets a crawler quickly skip URLs it has probably seen. It is a probabilistic structure that tests whether an element is possibly in a set. It has false positives and does not support deletion in the basic version.
DSA,What problems can graph cause?,"Graph can be memory heavy, and many problems on graphs are computationally hard. It is a structure of vertices connected by edges, directed or undirected. It is used to model networks, maps, dependencies, and relationships. It models cities as vertices and roads as weighted edges."
DSA,Walk me through a simple example of topological sort.,"Topological sort orders courses so each prerequisite comes before the course that needs it. It is used for task scheduling, build systems, and course prerequisites. It gives a valid execution order in linear time. It exists only for graphs without cycles."
DSA,What are the disadvantages of binary search?,Binary search requires sorted data and random access to be efficient. It is used for fast lookups and for searching answers over monotonic conditions. It finds a word in a dictionary by repeatedly opening the middle page. It is easy to get wrong because of off-by-one and overflow errors.
DSA,How is backtracking used in practice?,Backtracking solves N-Queens by placing queens and undoing moves that cause conflicts. It is a technique that builds solutions step by step and abandons paths that fail. It can still take exponential time in the worst case. It is related to depth-first search and recursion.
DSA,What are common pitfalls with LRU cache?,LRU cache can be hurt by scans that flush useful entries. It is a cache that evicts the least recently used item when full. It keeps frequently used items available and gives constant-time operations with the right design. It is an alternative to FIFO and LFU policies.
DSA,In which situations is heap sort a good choice?,"Heap sort is used when guaranteed O(n log n) time and constant extra space are required. It is a sorting algorithm that builds a heap and repeatedly extracts the maximum. It builds a max-heap, then swaps the root with the last element repeatedly."
DSA,What is the basic idea behind amortized analysis?,"Amortized analysis is a method that averages the cost of operations over a sequence. It is used to analyze structures like dynamic arrays. It shows that occasional expensive operations still give cheap average cost. It differs from average-case analysis, which relies on input probability."
DSA,How would you explain BFS to a beginner?,BFS is a graph traversal that visits vertices level by level using a queue. It can use a lot of memory because it stores a whole frontier of vertices. It finds the minimum moves needed to solve a maze grid.
DSA,Walk me through a simple example of circular queue.,"Circular queue stores audio samples in a ring buffer. It is a fixed-size queue where the end connects back to the start. It is used for buffers, streaming data, and round-robin scheduling. It is also known as a ring buffer."
DSA,What are the downsides of minimum spanning tree?,"Minimum spanning tree applies only to weighted undirected connected graphs. It is a subset of edges connecting all vertices with the smallest total weight. It is used in network design such as cables, roads, and clustering. It gives the cheapest way to connect everything without cycles."
DSA,What is the main purpose of bubble sort?,Bubble sort is used mainly for teaching and very small datasets. It is a simple sorting algorithm that repeatedly swaps adjacent elements that are out of order. It runs in O(n^2) time and is impractical for large inputs. It is similar to insertion and selection sort in performance.
DSA,What are common pitfalls with Bloom filter?,Bloom filter has false positives and does not support deletion in the basic version. It is used to avoid costly lookups in caches and databases. It is very space efficient and has fast constant-time operations. It lets a crawler quickly skip URLs it has probably seen.
DSA,What is a practical example of queue?,"Queue lines up print jobs so the earliest one prints first. It is a linear structure following First In, First Out order. It is used for scheduling, buffering, and breadth-first search. It processes items fairly in arrival order with constant-time enqueue and dequeue."
DSA,Why is segment tree considered important?,Segment tree answers range queries and point updates in logarithmic time. It is a tree structure that stores aggregate information for array ranges. It uses extra memory and is more complex to implement than prefix sums. It finds the minimum in any subarray of a changing array.
DSA,What is amortized analysis used for?,"Amortized analysis is used to analyze structures like dynamic arrays. It is a method that averages the cost of operations over a sequence. It shows that occasional expensive operations still give cheap average cost. It differs from average-case analysis, which relies on input probability."
DSA,What should you watch out for when using dynamic programming?,Dynamic programming can use much memory and designing the state is difficult. It is a method that solves problems by combining answers to overlapping subproblems. It is used for optimization and counting problems with optimal substructure. It finds the minimum coins needed to make change for an amount.
DSA,What are the advantages of binary tree?,"Binary tree supports natural recursive algorithms and traversals. It is a hierarchical structure where each node has at most two children. It is used to represent hierarchies, expressions, and as a base for search trees. It is traversed in preorder, inorder, postorder, or level order."
DSA,What do you gain by using two-pointer technique?,Two-pointer technique often reduces quadratic solutions to linear time with constant extra space. It is a technique that moves two indices through data to solve problems efficiently. It generally needs sorted or structured input to work correctly. It is closely related to sliding window.
DSA,Can you give a short overview of circular queue?,Circular queue is a fixed-size queue where the end connects back to the start. It reuses freed space and avoids shifting elements. It has a fixed capacity and needs care to tell full from empty. It is also known as a ring buffer.
DSA,What problems can two-pointer technique cause?,"Two-pointer technique generally needs sorted or structured input to work correctly. It is used for sorted arrays, pair sums, and palindrome checks. It often reduces quadratic solutions to linear time with constant extra space. It is closely related to sliding window."
DSA,What are the drawbacks of binary tree?,"Binary tree can become skewed, making operations as slow as a linked list. It is a hierarchical structure where each node has at most two children. It is used to represent hierarchies, expressions, and as a base for search trees."
DSA,How does adjacency list compare with similar approaches?,Adjacency list is the usual alternative to an adjacency matrix for dense graphs. It is a graph representation storing each vertex's neighbors in a list. It is used for sparse graphs in traversals and shortest-path algorithms. It uses memory proportional to vertices plus edges and iterates neighbors quickly.
DSA,What does sliding window mean?,Sliding window is a technique that maintains a moving range over an array or string. It is used for subarray and substring problems like maximum sum of k elements. It works best when the window condition changes predictably as it moves.
DSA,What are the downsides of quick sort?,Quick sort degrades to O(n^2) with bad pivots and is not stable. It is used for general in-memory sorting where average speed matters. It is usually very fast in practice and sorts in place. It is often made safer with random or median-of-three pivots.
DSA,How does KMP algorithm differ from related concepts?,KMP algorithm is an alternative to Rabin-Karp and Boyer-Moore. It is a string matching algorithm that avoids rechecking characters using a prefix table. It runs in linear time O(n + m). It finds the word abab in a long string without moving backward in the text.
DSA,Show a real-world example of divide and conquer.,"Divide and conquer sorts an array by splitting, sorting halves, and merging. It is a strategy that splits a problem into subproblems, solves them, and combines results. It adds recursion overhead and may repeat work if subproblems overlap. It is analyzed with recurrences and the master theorem."
DSA,Is there a substitute for two-pointer technique?,"Two-pointer technique is closely related to sliding window. It is a technique that moves two indices through data to solve problems efficiently. It is used for sorted arrays, pair sums, and palindrome checks. It generally needs sorted or structured input to work correctly."
DSA,When should you avoid Big O notation?,Big O notation hides constant factors that matter on small inputs. It is a notation describing how an algorithm's running time or space grows with input size. It is used to compare algorithms independent of hardware. It classifies binary search as O(log n) and bubble sort as O(n^2).
DSA,In which situations is adjacency list a good choice?,"Adjacency list is used for sparse graphs in traversals and shortest-path algorithms. It uses memory proportional to vertices plus edges and iterates neighbors quickly. It stores vertex A with neighbors B and C as A: [B, C]. It is the usual alternative to an adjacency matrix for dense graphs."
DSA,Can you give a short overview of two-pointer technique?,"Two-pointer technique is a technique that moves two indices through data to solve problems efficiently. It is used for sorted arrays, pair sums, and palindrome checks. It often reduces quadratic solutions to linear time with constant extra space. It is closely related to sliding window."
DSA,Walk me through a simple example of hash table.,"Hash table counts word frequencies by using each word as a key. It is used for fast lookups, caches, counting, and deduplication. It has unordered keys, collisions, and worst-case linear time with poor hashing. It handles collisions with chaining or open addressing."
DSA,What is Dijkstra's algorithm used for?,"Dijkstra's algorithm is used in routing, maps, and network planning. It is efficient with a priority queue, running in about O((V+E) log V). It computes the quickest driving route between two cities. It is replaced by Bellman-Ford for negative edges and A* for guided search."
DSA,Explain DFS.,"DFS is a graph traversal that goes as deep as possible before backtracking. It does not find shortest paths and can overflow the recursion stack on deep graphs. It explores a maze by following a corridor to the end before returning. It contrasts with BFS, which explores nearest vertices first."
DSA,What should I learn alongside Big O notation?,"Big O notation describes upper bounds, while Omega and Theta describe lower and tight bounds. It focuses on scalability, ignoring constants and lower-order terms. It hides constant factors that matter on small inputs. It classifies binary search as O(log n) and bubble sort as O(n^2)."
DSA,Give an example of heap.,Heap repeatedly extracts the smallest task to schedule next. It is used to implement priority queues and heap sort. It gives constant-time access to the min or max and logarithmic insertions. It comes as min-heap or max-heap and is often stored in an array.
DSA,How is counting sort used in practice?,"Counting sort sorts exam scores from zero to one hundred by tallying counts. It is a non-comparison sorting algorithm that counts occurrences of each value. It runs in linear time, O(n + k), for suitable inputs. It wastes memory when the value range is large."
DSA,What are the downsides of amortized analysis?,"Amortized analysis guarantees average cost over sequences but not for every single operation. It is used to analyze structures like dynamic arrays. It explains why appending to a dynamic array is O(1) amortized despite occasional resizing. It differs from average-case analysis, which relies on input probability."
DSA,What is the basic idea behind Fenwick tree?,Fenwick tree is a compact structure for prefix sums supporting updates in logarithmic time. It is used for cumulative frequency and range sum queries. It is less flexible than segment trees and suits mainly invertible operations. It is also known as a binary indexed tree.
DSA,Describe a scenario where bit manipulation is applied.,"Bit manipulation checks whether a number is a power of two with n and n minus one. It is the use of bitwise operators to work directly with binary representations. It is used for flags, masks, compact storage, and fast arithmetic tricks."
DSA,Define memoization in simple words.,"Memoization is an optimization that caches function results for repeated inputs. It avoids repeated computation, often reducing exponential time to polynomial. It stores Fibonacci values so each is computed once. It is the top-down counterpart of tabulation in dynamic programming."
DSA,What is backtracking?,"Backtracking is a technique that builds solutions step by step and abandons paths that fail. It is used for puzzles, permutations, subsets, and constraint problems. It prunes large search spaces compared with naive brute force. It is related to depth-first search and recursion."
DSA,How would you explain divide and conquer to a beginner?,"Divide and conquer is a strategy that splits a problem into subproblems, solves them, and combines results. It simplifies hard problems and often parallelizes naturally. It sorts an array by splitting, sorting halves, and merging. It is analyzed with recurrences and the master theorem."
DSA,How would you explain backtracking to a beginner?,Backtracking is a technique that builds solutions step by step and abandons paths that fail. It prunes large search spaces compared with naive brute force. It can still take exponential time in the worst case. It solves N-Queens by placing queens and undoing moves that cause conflicts.
DSA,What problem does hash table solve?,"Hash table is used for fast lookups, caches, counting, and deduplication. It offers average constant-time insert, search, and delete. It has unordered keys, collisions, and worst-case linear time with poor hashing. It counts word frequencies by using each word as a key. It handles collisions with chaining or open addressing."
DSA,Why do developers use bit manipulation?,"Bit manipulation is used for flags, masks, compact storage, and fast arithmetic tricks. It is very fast and memory efficient. It checks whether a number is a power of two with n and n minus one. It uses AND, OR, XOR, NOT, and shifts."
DSA,Why do developers use merge sort?,"Merge sort is used when stable, predictable sorting or external sorting is needed. It guarantees O(n log n) time and keeps equal elements in order. It sorts linked lists efficiently without random access. It is a stable alternative to quick sort and heap sort."
DSA,What are common pitfalls with deque?,"Deque has slower random access than arrays in linked implementations. It is a double-ended queue allowing insertion and removal at both ends. It is used for sliding window maximum, BFS variants, and palindromes. It uses Python's collections.deque to pop from the left efficiently."
DSA,How is linked list typically used in real projects?,"Linked list is used when frequent insertions and deletions are needed without shifting elements. It grows dynamically and inserts at a known node in constant time. It chains songs in a playlist so one can be inserted between two others. It comes in singly, doubly, and circular forms."
DSA,What other concepts are connected to minimum spanning tree?,"Minimum spanning tree is computed using Kruskal's or Prim's algorithm. It is a subset of edges connecting all vertices with the smallest total weight. It is used in network design such as cables, roads, and clustering. It gives the cheapest way to connect everything without cycles."
DSA,How does heap compare with similar approaches?,Heap comes as min-heap or max-heap and is often stored in an array. It is a complete binary tree where each parent is ordered relative to its children. It gives constant-time access to the min or max and logarithmic insertions.
DSA,Walk me through a simple example of Fenwick tree.,Fenwick tree tracks running totals of scores while values change. It is a compact structure for prefix sums supporting updates in logarithmic time. It is short to code and uses little memory. It is less flexible than segment trees and suits mainly invertible operations.
DSA,Can you give a short overview of amortized analysis?,"Amortized analysis is a method that averages the cost of operations over a sequence. It shows that occasional expensive operations still give cheap average cost. It guarantees average cost over sequences but not for every single operation. It differs from average-case analysis, which relies on input probability."
DSA,How does adjacency list help developers?,Adjacency list uses memory proportional to vertices plus edges and iterates neighbors quickly. It is a graph representation storing each vertex's neighbors in a list. It checks whether a specific edge exists more slowly than an adjacency matrix. It is the usual alternative to an adjacency matrix for dense graphs.
DSA,When should you avoid adjacency list?,"Adjacency list checks whether a specific edge exists more slowly than an adjacency matrix. It is a graph representation storing each vertex's neighbors in a list. It is used for sparse graphs in traversals and shortest-path algorithms. It stores vertex A with neighbors B and C as A: [B, C]."
DSA,What does graph mean?,"Graph is a structure of vertices connected by edges, directed or undirected. It represents complex connections that trees and lists cannot capture. It can be memory heavy, and many problems on graphs are computationally hard. It is stored as an adjacency list or adjacency matrix."
DSA,Show a real-world example of heap sort.,"Heap sort builds a max-heap, then swaps the root with the last element repeatedly. It is a sorting algorithm that builds a heap and repeatedly extracts the maximum. It is not stable and usually slower than quick sort in practice due to cache behavior."
DSA,What are the downsides of DFS?,DFS does not find shortest paths and can overflow the recursion stack on deep graphs. It is simple to write recursively and uses memory proportional to depth. It explores a maze by following a corridor to the end before returning.
DSA,What is related to deque?,"Deque generalizes both stacks and queues. It is a double-ended queue allowing insertion and removal at both ends. It is used for sliding window maximum, BFS variants, and palindromes. It supports constant-time operations at both ends. It has slower random access than arrays in linked implementations."
DSA,What do you gain by using heap?,Heap gives constant-time access to the min or max and logarithmic insertions. It is used to implement priority queues and heap sort. It does not support fast arbitrary search or ordered traversal. It repeatedly extracts the smallest task to schedule next.
DSA,What are the benefits of using two-pointer technique?,"Two-pointer technique often reduces quadratic solutions to linear time with constant extra space. It is used for sorted arrays, pair sums, and palindrome checks. It finds two numbers summing to a target by moving pointers inward from both ends. It is closely related to sliding window."
DSA,When should you use queue?,"Queue is used for scheduling, buffering, and breadth-first search. It processes items fairly in arrival order with constant-time enqueue and dequeue. It lines up print jobs so the earliest one prints first. It has variants like deque, priority queue, and circular queue."
DSA,When should you avoid backtracking?,"Backtracking can still take exponential time in the worst case. It is a technique that builds solutions step by step and abandons paths that fail. It is used for puzzles, permutations, subsets, and constraint problems. It prunes large search spaces compared with naive brute force."
DSA,What is the basic idea behind heap?,Heap is a complete binary tree where each parent is ordered relative to its children. It is used to implement priority queues and heap sort. It gives constant-time access to the min or max and logarithmic insertions. It repeatedly extracts the smallest task to schedule next.
DSA,Can you illustrate recursion with an example?,"Recursion computes factorial of five as five times factorial of four. It is a technique where a function solves a problem by calling itself on smaller inputs. It is used for trees, divide and conquer, and backtracking. It needs a base case and can often be converted to iteration."
DSA,How is graph used in practice?,"Graph models cities as vertices and roads as weighted edges. It is used to model networks, maps, dependencies, and relationships. It can be memory heavy, and many problems on graphs are computationally hard. It is stored as an adjacency list or adjacency matrix."
DSA,Is there a substitute for amortized analysis?,"Amortized analysis differs from average-case analysis, which relies on input probability. It is a method that averages the cost of operations over a sequence. It shows that occasional expensive operations still give cheap average cost. It explains why appending to a dynamic array is O(1) amortized despite occasional resizing."
DSA,How is KMP algorithm typically used in real projects?,KMP algorithm is used to find a pattern inside a long text. It is a string matching algorithm that avoids rechecking characters using a prefix table. It finds the word abab in a long string without moving backward in the text. It is an alternative to Rabin-Karp and Boyer-Moore.
DSA,What does memoization mean?,"Memoization is an optimization that caches function results for repeated inputs. It is used in recursive solutions with overlapping subproblems. It avoids repeated computation, often reducing exponential time to polynomial. It is the top-down counterpart of tabulation in dynamic programming."
DSA,What are the drawbacks of union-find?,"Union-find supports merging but not efficient splitting of sets. It is a data structure that tracks disjoint sets with find and union operations. It is used for connected components, Kruskal's algorithm, and cycle detection in undirected graphs. It is also called disjoint set union."
DSA,Describe minimum spanning tree briefly.,Minimum spanning tree is a subset of edges connecting all vertices with the smallest total weight. It gives the cheapest way to connect everything without cycles. It finds the cheapest cable layout connecting every office. It is computed using Kruskal's or Prim's algorithm.
DSA,What problems can trie cause?,"Trie can use much memory when many strings share few prefixes. It is a tree storing strings character by character along paths from the root. It finds prefixes in time proportional to word length, independent of dictionary size. It is also called a prefix tree."
DSA,What problems can binary search tree cause?,Binary search tree degrades to linear time if the tree becomes skewed. It is a binary tree where left descendants are smaller and right ones larger than each node. It finds the value 42 by comparing and moving left or right.
DSA,Describe a scenario where binary search tree is applied.,Binary search tree finds the value 42 by comparing and moving left or right. It is a binary tree where left descendants are smaller and right ones larger than each node. It gives logarithmic operations on balanced trees and sorted output through inorder traversal.
DSA,What other concepts are connected to deque?,Deque generalizes both stacks and queues. It is a double-ended queue allowing insertion and removal at both ends. It supports constant-time operations at both ends. It has slower random access than arrays in linked implementations. It uses Python's collections.deque to pop from the left efficiently.
DSA,Can you illustrate BFS with an example?,"BFS finds the minimum moves needed to solve a maze grid. It guarantees the fewest edges to reach any vertex from the source. It can use a lot of memory because it stores a whole frontier of vertices. It contrasts with depth-first search, which explores deeply before backtracking."
DSA,What is queue?,"Queue is a linear structure following First In, First Out order. It is used for scheduling, buffering, and breadth-first search. It allows access only at the ends, and array versions may waste space. It has variants like deque, priority queue, and circular queue."
DSA,In which situations is union-find a good choice?,"Union-find is used for connected components, Kruskal's algorithm, and cycle detection in undirected graphs. It is a data structure that tracks disjoint sets with find and union operations. It supports merging but not efficient splitting of sets. It is also called disjoint set union."
DSA,What are common pitfalls with Dijkstra's algorithm?,"Dijkstra's algorithm fails with negative edge weights. It is an algorithm that finds shortest paths from one source in graphs with non-negative weights. It is used in routing, maps, and network planning. It is efficient with a priority queue, running in about O((V+E) log V)."
DSA,What is related to bit manipulation?,"Bit manipulation uses AND, OR, XOR, NOT, and shifts. It is the use of bitwise operators to work directly with binary representations. It is used for flags, masks, compact storage, and fast arithmetic tricks. It is very fast and memory efficient. It reduces readability and is easy to get wrong."
DSA,Can you illustrate deque with an example?,"Deque uses Python's collections.deque to pop from the left efficiently. It is a double-ended queue allowing insertion and removal at both ends. It is used for sliding window maximum, BFS variants, and palindromes. It supports constant-time operations at both ends. It generalizes both stacks and queues."
DSA,What other concepts are connected to union-find?,Union-find is also called disjoint set union. It is a data structure that tracks disjoint sets with find and union operations. It supports merging but not efficient splitting of sets. It checks whether two computers are already connected in a network.
DSA,How is bit manipulation used in practice?,"Bit manipulation checks whether a number is a power of two with n and n minus one. It is the use of bitwise operators to work directly with binary representations. It is used for flags, masks, compact storage, and fast arithmetic tricks. It is very fast and memory efficient."
DSA,Show a real-world example of queue.,"Queue lines up print jobs so the earliest one prints first. It is used for scheduling, buffering, and breadth-first search. It processes items fairly in arrival order with constant-time enqueue and dequeue. It allows access only at the ends, and array versions may waste space."
DSA,What is memoization?,"Memoization is an optimization that caches function results for repeated inputs. It is used in recursive solutions with overlapping subproblems. It avoids repeated computation, often reducing exponential time to polynomial. It uses extra memory and adds recursion overhead. It stores Fibonacci values so each is computed once."
DSA,What problem does merge sort solve?,"Merge sort is used when stable, predictable sorting or external sorting is needed. It is a divide and conquer sorting algorithm that splits, sorts, and merges halves. It guarantees O(n log n) time and keeps equal elements in order. It sorts linked lists efficiently without random access."
DSA,What is the main purpose of dynamic programming?,Dynamic programming is used for optimization and counting problems with optimal substructure. It turns exponential brute force into polynomial time by reusing results. It can use much memory and designing the state is difficult. It is implemented top-down with memoization or bottom-up with tabulation.
DSA,What is binary search used for?,Binary search is used for fast lookups and for searching answers over monotonic conditions. It is an algorithm that finds a target in a sorted collection by halving the range. It requires sorted data and random access to be efficient.
DSA,What are the disadvantages of heap sort?,"Heap sort is not stable and usually slower than quick sort in practice due to cache behavior. It is used when guaranteed O(n log n) time and constant extra space are required. It builds a max-heap, then swaps the root with the last element repeatedly."
DSA,How does Big O notation differ from related concepts?,"Big O notation describes upper bounds, while Omega and Theta describe lower and tight bounds. It is a notation describing how an algorithm's running time or space grows with input size. It is used to compare algorithms independent of hardware. It focuses on scalability, ignoring constants and lower-order terms."
DSA,Is there a substitute for bubble sort?,Bubble sort is similar to insertion and selection sort in performance. It is a simple sorting algorithm that repeatedly swaps adjacent elements that are out of order. It is easy to understand and implement and can stop early if sorted.
DSA,Explain heap.,Heap is a complete binary tree where each parent is ordered relative to its children. It is used to implement priority queues and heap sort. It repeatedly extracts the smallest task to schedule next. It comes as min-heap or max-heap and is often stored in an array.
DSA,What are common pitfalls with dynamic programming?,Dynamic programming can use much memory and designing the state is difficult. It is a method that solves problems by combining answers to overlapping subproblems. It is used for optimization and counting problems with optimal substructure. It turns exponential brute force into polynomial time by reusing results.
DSA,What problem does segment tree solve?,Segment tree is used for range queries and updates such as sum or minimum. It is a tree structure that stores aggregate information for array ranges. It answers range queries and point updates in logarithmic time. It finds the minimum in any subarray of a changing array.
DSA,Define topological sort in simple words.,"Topological sort is an ordering of a directed acyclic graph's vertices so edges point forward. It is used for task scheduling, build systems, and course prerequisites. It exists only for graphs without cycles. It orders courses so each prerequisite comes before the course that needs it."
DSA,Is there a substitute for trie?,Trie is also called a prefix tree. It is a tree storing strings character by character along paths from the root. It can use much memory when many strings share few prefixes. It suggests words starting with pre while a user types.
DSA,What does stack mean?,"Stack is a linear structure following Last In, First Out order. It is used for undo features, recursion, expression evaluation, and backtracking. It offers constant-time push and pop with simple implementation. It allows access only to the top element and can overflow if size is bounded."
DSA,Can you illustrate LRU cache with an example?,LRU cache combines a hash map with a doubly linked list. It keeps frequently used items available and gives constant-time operations with the right design. It can be hurt by scans that flush useful entries. It is an alternative to FIFO and LFU policies.
DSA,Can you illustrate memoization with an example?,"Memoization stores Fibonacci values so each is computed once. It is an optimization that caches function results for repeated inputs. It avoids repeated computation, often reducing exponential time to polynomial. It is the top-down counterpart of tabulation in dynamic programming."
DSA,What is related to sliding window?,"Sliding window is a specialized form of the two-pointer technique. It is a technique that maintains a moving range over an array or string. It avoids recomputation, reducing time from quadratic to linear. It finds the longest substring without repeating characters."
DSA,When should you use memoization?,"Memoization is used in recursive solutions with overlapping subproblems. It avoids repeated computation, often reducing exponential time to polynomial. It uses extra memory and adds recursion overhead. It stores Fibonacci values so each is computed once. It is the top-down counterpart of tabulation in dynamic programming."
DSA,How is DFS typically used in real projects?,"DFS is used for cycle detection, topological sorting, and exploring all paths. It is a graph traversal that goes as deep as possible before backtracking. It does not find shortest paths and can overflow the recursion stack on deep graphs. It contrasts with BFS, which explores nearest vertices first."
DSA,How does union-find differ from related concepts?,"Union-find is also called disjoint set union. It is used for connected components, Kruskal's algorithm, and cycle detection in undirected graphs. It achieves near-constant time per operation with path compression and union by rank. It checks whether two computers are already connected in a network."
DSA,Where have you seen merge sort in action?,"Merge sort sorts linked lists efficiently without random access. It is a divide and conquer sorting algorithm that splits, sorts, and merges halves. It guarantees O(n log n) time and keeps equal elements in order. It needs O(n) extra space for arrays."
DSA,What other concepts are connected to topological sort?,Topological sort is computed with Kahn's algorithm or DFS. It is an ordering of a directed acyclic graph's vertices so edges point forward. It gives a valid execution order in linear time. It orders courses so each prerequisite comes before the course that needs it.
DSA,When should you use backtracking?,"Backtracking is used for puzzles, permutations, subsets, and constraint problems. It is a technique that builds solutions step by step and abandons paths that fail. It can still take exponential time in the worst case. It is related to depth-first search and recursion."
DSA,What do you gain by using backtracking?,"Backtracking prunes large search spaces compared with naive brute force. It is a technique that builds solutions step by step and abandons paths that fail. It is used for puzzles, permutations, subsets, and constraint problems. It solves N-Queens by placing queens and undoing moves that cause conflicts."
DSA,What is the main purpose of deque?,"Deque is used for sliding window maximum, BFS variants, and palindromes. It is a double-ended queue allowing insertion and removal at both ends. It has slower random access than arrays in linked implementations. It uses Python's collections.deque to pop from the left efficiently."
DSA,Give an example of binary tree.,"Binary tree represents the expression three plus four times two as a tree. It is used to represent hierarchies, expressions, and as a base for search trees. It can become skewed, making operations as slow as a linked list. It is traversed in preorder, inorder, postorder, or level order."
DSA,What are common pitfalls with binary search tree?,Binary search tree degrades to linear time if the tree becomes skewed. It gives logarithmic operations on balanced trees and sorted output through inorder traversal. It finds the value 42 by comparing and moving left or right. It is made reliable by balanced variants such as AVL and Red-Black trees.
DSA,What are the drawbacks of Dijkstra's algorithm?,"Dijkstra's algorithm fails with negative edge weights. It is an algorithm that finds shortest paths from one source in graphs with non-negative weights. It is efficient with a priority queue, running in about O((V+E) log V). It is replaced by Bellman-Ford for negative edges and A* for guided search."
DSA,What does topological sort mean?,"Topological sort is an ordering of a directed acyclic graph's vertices so edges point forward. It is used for task scheduling, build systems, and course prerequisites. It exists only for graphs without cycles. It is computed with Kahn's algorithm or DFS."
DSA,Define heap sort in simple words.,"Heap sort is a sorting algorithm that builds a heap and repeatedly extracts the maximum. It sorts in place with no worst-case slowdown. It builds a max-heap, then swaps the root with the last element repeatedly. It relies on the heap data structure."
DSA,Describe segment tree briefly.,Segment tree is a tree structure that stores aggregate information for array ranges. It answers range queries and point updates in logarithmic time. It uses extra memory and is more complex to implement than prefix sums. It finds the minimum in any subarray of a changing array.
DSA,In which situations is segment tree a good choice?,Segment tree is used for range queries and updates such as sum or minimum. It uses extra memory and is more complex to implement than prefix sums. It finds the minimum in any subarray of a changing array. It is an alternative to Fenwick trees and sparse tables.
DSA,Is there a substitute for circular queue?,"Circular queue is also known as a ring buffer. It is used for buffers, streaming data, and round-robin scheduling. It has a fixed capacity and needs care to tell full from empty. It stores audio samples in a ring buffer."
DSA,What should I learn alongside binary search tree?,"Binary search tree is made reliable by balanced variants such as AVL and Red-Black trees. It is used for ordered data needing fast search, insertion, and deletion. It gives logarithmic operations on balanced trees and sorted output through inorder traversal."
DSA,What are the disadvantages of binary tree?,"Binary tree can become skewed, making operations as slow as a linked list. It is a hierarchical structure where each node has at most two children. It supports natural recursive algorithms and traversals. It is traversed in preorder, inorder, postorder, or level order."
DSA,Walk me through a simple example of recursion.,"Recursion computes factorial of five as five times factorial of four. It is a technique where a function solves a problem by calling itself on smaller inputs. It is used for trees, divide and conquer, and backtracking. It can overflow the call stack and repeat work without memoization."
DSA,Explain AVL tree.,"AVL tree is a self-balancing binary search tree keeping subtree heights within one. It is used when lookups dominate and guaranteed logarithmic time is needed. It guarantees O(log n) search, insert, and delete. It performs frequent rotations, so insertions cost more than in simpler trees."
DSA,When should you use minimum spanning tree?,"Minimum spanning tree is used in network design such as cables, roads, and clustering. It is a subset of edges connecting all vertices with the smallest total weight. It gives the cheapest way to connect everything without cycles. It applies only to weighted undirected connected graphs."
DSA,What are the alternatives or companions of Big O notation?,"Big O notation describes upper bounds, while Omega and Theta describe lower and tight bounds. It is a notation describing how an algorithm's running time or space grows with input size. It focuses on scalability, ignoring constants and lower-order terms."
DSA,Can you illustrate topological sort with an example?,"Topological sort orders courses so each prerequisite comes before the course that needs it. It is an ordering of a directed acyclic graph's vertices so edges point forward. It is used for task scheduling, build systems, and course prerequisites. It exists only for graphs without cycles."
DSA,Show a real-world example of circular queue.,"Circular queue stores audio samples in a ring buffer. It is a fixed-size queue where the end connects back to the start. It is used for buffers, streaming data, and round-robin scheduling. It has a fixed capacity and needs care to tell full from empty."
DSA,Can you give a short overview of dynamic programming?,Dynamic programming is a method that solves problems by combining answers to overlapping subproblems. It is used for optimization and counting problems with optimal substructure. It turns exponential brute force into polynomial time by reusing results. It finds the minimum coins needed to make change for an amount.
DSA,Where have you seen KMP algorithm in action?,KMP algorithm finds the word abab in a long string without moving backward in the text. It is used to find a pattern inside a long text. It is trickier to understand and implement than naive search. It is an alternative to Rabin-Karp and Boyer-Moore.
DSA,Define Fenwick tree in simple words.,Fenwick tree is a compact structure for prefix sums supporting updates in logarithmic time. It is less flexible than segment trees and suits mainly invertible operations. It tracks running totals of scores while values change. It is also known as a binary indexed tree.
DSA,How would you explain linked list to a beginner?,Linked list is a sequence of nodes where each node points to the next. It is used when frequent insertions and deletions are needed without shifting elements. It chains songs in a playlist so one can be inserted between two others.
DSA,How does Bloom filter differ from related concepts?,Bloom filter never returns false negatives. It is very space efficient and has fast constant-time operations. It has false positives and does not support deletion in the basic version. It lets a crawler quickly skip URLs it has probably seen.
DSA,How is divide and conquer typically used in real projects?,"Divide and conquer is used in sorting, searching, and matrix multiplication. It is a strategy that splits a problem into subproblems, solves them, and combines results. It simplifies hard problems and often parallelizes naturally. It adds recursion overhead and may repeat work if subproblems overlap."
DSA,Can you illustrate circular queue with an example?,"Circular queue stores audio samples in a ring buffer. It is used for buffers, streaming data, and round-robin scheduling. It reuses freed space and avoids shifting elements. It has a fixed capacity and needs care to tell full from empty."
DSA,What is a practical example of memoization?,"Memoization stores Fibonacci values so each is computed once. It is an optimization that caches function results for repeated inputs. It avoids repeated computation, often reducing exponential time to polynomial. It uses extra memory and adds recursion overhead. It is the top-down counterpart of tabulation in dynamic programming."
DSA,How is amortized analysis used in practice?,"Amortized analysis explains why appending to a dynamic array is O(1) amortized despite occasional resizing. It is a method that averages the cost of operations over a sequence. It guarantees average cost over sequences but not for every single operation. It differs from average-case analysis, which relies on input probability."
DSA,What is the basic idea behind union-find?,Union-find is a data structure that tracks disjoint sets with find and union operations. It supports merging but not efficient splitting of sets. It checks whether two computers are already connected in a network. It is also called disjoint set union.
DSA,How would you explain DFS to a beginner?,"DFS is a graph traversal that goes as deep as possible before backtracking. It is used for cycle detection, topological sorting, and exploring all paths. It does not find shortest paths and can overflow the recursion stack on deep graphs."
DSA,Why is greedy algorithm useful?,"Greedy algorithm is simple, fast, and often easy to implement. It is used when local choices lead to a global optimum, like interval scheduling. It gives change using the largest coin first in standard currency systems. It differs from dynamic programming, which considers combinations of subproblems."
DSA,How does bubble sort help developers?,Bubble sort is easy to understand and implement and can stop early if sorted. It is a simple sorting algorithm that repeatedly swaps adjacent elements that are out of order. It is similar to insertion and selection sort in performance.
DSA,Describe merge sort briefly.,"Merge sort is a divide and conquer sorting algorithm that splits, sorts, and merges halves. It is used when stable, predictable sorting or external sorting is needed. It needs O(n) extra space for arrays. It is a stable alternative to quick sort and heap sort."
DSA,Is there a substitute for greedy algorithm?,"Greedy algorithm differs from dynamic programming, which considers combinations of subproblems. It is an approach that picks the locally best choice at every step. It is used when local choices lead to a global optimum, like interval scheduling. It gives change using the largest coin first in standard currency systems."
DSA,What are the alternatives or companions of heap sort?,Heap sort relies on the heap data structure. It is a sorting algorithm that builds a heap and repeatedly extracts the maximum. It is used when guaranteed O(n log n) time and constant extra space are required. It sorts in place with no worst-case slowdown.
DSA,What other concepts are connected to trie?,"Trie is also called a prefix tree. It is used for autocomplete, spell checking, and prefix searches. It finds prefixes in time proportional to word length, independent of dictionary size. It suggests words starting with pre while a user types."
DSA,What are the limitations of topological sort?,"Topological sort exists only for graphs without cycles. It is an ordering of a directed acyclic graph's vertices so edges point forward. It is used for task scheduling, build systems, and course prerequisites. It orders courses so each prerequisite comes before the course that needs it."
DSA,What are common pitfalls with AVL tree?,"AVL tree performs frequent rotations, so insertions cost more than in simpler trees. It is a self-balancing binary search tree keeping subtree heights within one. It is used when lookups dominate and guaranteed logarithmic time is needed. It is more strictly balanced than Red-Black trees."
DSA,What are the downsides of segment tree?,Segment tree uses extra memory and is more complex to implement than prefix sums. It is a tree structure that stores aggregate information for array ranges. It finds the minimum in any subarray of a changing array. It is an alternative to Fenwick trees and sparse tables.
DSA,What other concepts are connected to queue?,"Queue has variants like deque, priority queue, and circular queue. It is a linear structure following First In, First Out order. It is used for scheduling, buffering, and breadth-first search. It processes items fairly in arrival order with constant-time enqueue and dequeue."
DSA,What is an alternative to Bloom filter?,Bloom filter never returns false negatives. It is used to avoid costly lookups in caches and databases. It is very space efficient and has fast constant-time operations. It has false positives and does not support deletion in the basic version.
DSA,Can you give a short overview of counting sort?,Counting sort is a non-comparison sorting algorithm that counts occurrences of each value. It wastes memory when the value range is large. It sorts exam scores from zero to one hundred by tallying counts. It is often used as a subroutine in radix sort.
DSA,Can you illustrate AVL tree with an example?,"AVL tree rotates left after inserting values in increasing order to restore balance. It is used when lookups dominate and guaranteed logarithmic time is needed. It guarantees O(log n) search, insert, and delete. It performs frequent rotations, so insertions cost more than in simpler trees."
DSA,What problem does bit manipulation solve?,"Bit manipulation is used for flags, masks, compact storage, and fast arithmetic tricks. It is the use of bitwise operators to work directly with binary representations. It is very fast and memory efficient. It checks whether a number is a power of two with n and n minus one."
DSA,How does trie compare with similar approaches?,"Trie is also called a prefix tree. It finds prefixes in time proportional to word length, independent of dictionary size. It can use much memory when many strings share few prefixes. It suggests words starting with pre while a user types."
DSA,What is an alternative to Dijkstra's algorithm?,"Dijkstra's algorithm is replaced by Bellman-Ford for negative edges and A* for guided search. It is used in routing, maps, and network planning. It is efficient with a priority queue, running in about O((V+E) log V). It computes the quickest driving route between two cities."
DSA,Describe a scenario where backtracking is applied.,"Backtracking solves N-Queens by placing queens and undoing moves that cause conflicts. It is used for puzzles, permutations, subsets, and constraint problems. It prunes large search spaces compared with naive brute force. It is related to depth-first search and recursion."
DSA,What are the drawbacks of heap sort?,Heap sort is not stable and usually slower than quick sort in practice due to cache behavior. It is a sorting algorithm that builds a heap and repeatedly extracts the maximum. It sorts in place with no worst-case slowdown. It relies on the heap data structure.
DSA,What makes memoization valuable?,"Memoization avoids repeated computation, often reducing exponential time to polynomial. It is used in recursive solutions with overlapping subproblems. It uses extra memory and adds recursion overhead. It stores Fibonacci values so each is computed once. It is the top-down counterpart of tabulation in dynamic programming."
DSA,What should I learn alongside union-find?,"Union-find is also called disjoint set union. It is a data structure that tracks disjoint sets with find and union operations. It is used for connected components, Kruskal's algorithm, and cycle detection in undirected graphs. It achieves near-constant time per operation with path compression and union by rank."
DSA,Why is deque considered important?,"Deque supports constant-time operations at both ends. It is used for sliding window maximum, BFS variants, and palindromes. It has slower random access than arrays in linked implementations. It uses Python's collections.deque to pop from the left efficiently. It generalizes both stacks and queues."
DSA,What should I learn alongside dynamic programming?,Dynamic programming is implemented top-down with memoization or bottom-up with tabulation. It is a method that solves problems by combining answers to overlapping subproblems. It is used for optimization and counting problems with optimal substructure. It turns exponential brute force into polynomial time by reusing results.
DSA,Show a real-world example of greedy algorithm.,"Greedy algorithm gives change using the largest coin first in standard currency systems. It is an approach that picks the locally best choice at every step. It fails on problems without the greedy-choice property, so correctness needs proof. It differs from dynamic programming, which considers combinations of subproblems."
DSA,What is related to KMP algorithm?,KMP algorithm is an alternative to Rabin-Karp and Boyer-Moore. It runs in linear time O(n + m). It is trickier to understand and implement than naive search. It finds the word abab in a long string without moving backward in the text.
DSA,Why do developers use Fenwick tree?,Fenwick tree is used for cumulative frequency and range sum queries. It is short to code and uses little memory. It is less flexible than segment trees and suits mainly invertible operations. It tracks running totals of scores while values change. It is also known as a binary indexed tree.
DSA,What other concepts are connected to AVL tree?,"AVL tree is more strictly balanced than Red-Black trees. It is a self-balancing binary search tree keeping subtree heights within one. It is used when lookups dominate and guaranteed logarithmic time is needed. It performs frequent rotations, so insertions cost more than in simpler trees."
DSA,What is Bloom filter used for?,Bloom filter is used to avoid costly lookups in caches and databases. It is very space efficient and has fast constant-time operations. It has false positives and does not support deletion in the basic version. It lets a crawler quickly skip URLs it has probably seen.
DSA,What are the alternatives or companions of topological sort?,"Topological sort is computed with Kahn's algorithm or DFS. It is an ordering of a directed acyclic graph's vertices so edges point forward. It is used for task scheduling, build systems, and course prerequisites. It exists only for graphs without cycles."
DSA,Describe backtracking briefly.,Backtracking is a technique that builds solutions step by step and abandons paths that fail. It prunes large search spaces compared with naive brute force. It can still take exponential time in the worst case. It is related to depth-first search and recursion.
DSA,What are the limitations of bit manipulation?,"Bit manipulation reduces readability and is easy to get wrong. It is the use of bitwise operators to work directly with binary representations. It is used for flags, masks, compact storage, and fast arithmetic tricks. It is very fast and memory efficient."
DSA,Give an example of two-pointer technique.,"Two-pointer technique finds two numbers summing to a target by moving pointers inward from both ends. It is used for sorted arrays, pair sums, and palindrome checks. It often reduces quadratic solutions to linear time with constant extra space. It is closely related to sliding window."
DSA,How would you explain minimum spanning tree to a beginner?,Minimum spanning tree is a subset of edges connecting all vertices with the smallest total weight. It gives the cheapest way to connect everything without cycles. It applies only to weighted undirected connected graphs. It finds the cheapest cable layout connecting every office.
DSA,In which situations is AVL tree a good choice?,"AVL tree is used when lookups dominate and guaranteed logarithmic time is needed. It is a self-balancing binary search tree keeping subtree heights within one. It performs frequent rotations, so insertions cost more than in simpler trees. It is more strictly balanced than Red-Black trees."
DSA,What are the drawbacks of linked list?,Linked list has slow access by position and extra memory for pointers. It is a sequence of nodes where each node points to the next. It is used when frequent insertions and deletions are needed without shifting elements. It grows dynamically and inserts at a known node in constant time.
DSA,How would you explain counting sort to a beginner?,Counting sort is a non-comparison sorting algorithm that counts occurrences of each value. It is used for integers within a small known range. It wastes memory when the value range is large. It sorts exam scores from zero to one hundred by tallying counts.
DSA,What are common pitfalls with divide and conquer?,"Divide and conquer adds recursion overhead and may repeat work if subproblems overlap. It is used in sorting, searching, and matrix multiplication. It simplifies hard problems and often parallelizes naturally. It sorts an array by splitting, sorting halves, and merging. It is analyzed with recurrences and the master theorem."
DSA,What other concepts are connected to amortized analysis?,"Amortized analysis differs from average-case analysis, which relies on input probability. It is used to analyze structures like dynamic arrays. It shows that occasional expensive operations still give cheap average cost. It guarantees average cost over sequences but not for every single operation."
DSA,Why do developers use recursion?,"Recursion is used for trees, divide and conquer, and backtracking. It is a technique where a function solves a problem by calling itself on smaller inputs. It makes complex problems concise and natural to express. It computes factorial of five as five times factorial of four."
DSA,When should you use quick sort?,Quick sort is used for general in-memory sorting where average speed matters. It is usually very fast in practice and sorts in place. It picks the last element as pivot and moves smaller values to its left. It is often made safer with random or median-of-three pivots.
DSA,What problem does trie solve?,"Trie is used for autocomplete, spell checking, and prefix searches. It is a tree storing strings character by character along paths from the root. It can use much memory when many strings share few prefixes. It is also called a prefix tree."
DSA,What is related to binary search tree?,Binary search tree is made reliable by balanced variants such as AVL and Red-Black trees. It gives logarithmic operations on balanced trees and sorted output through inorder traversal. It degrades to linear time if the tree becomes skewed. It finds the value 42 by comparing and moving left or right.
DSA,What is a practical example of AVL tree?,"AVL tree rotates left after inserting values in increasing order to restore balance. It is a self-balancing binary search tree keeping subtree heights within one. It performs frequent rotations, so insertions cost more than in simpler trees. It is more strictly balanced than Red-Black trees."
DSA,Show a real-world example of binary search.,Binary search finds a word in a dictionary by repeatedly opening the middle page. It is an algorithm that finds a target in a sorted collection by halving the range. It is used for fast lookups and for searching answers over monotonic conditions.
DSA,What is related to AVL tree?,"AVL tree is more strictly balanced than Red-Black trees. It is a self-balancing binary search tree keeping subtree heights within one. It guarantees O(log n) search, insert, and delete. It rotates left after inserting values in increasing order to restore balance."
DSA,Why do developers use topological sort?,"Topological sort is used for task scheduling, build systems, and course prerequisites. It is an ordering of a directed acyclic graph's vertices so edges point forward. It orders courses so each prerequisite comes before the course that needs it. It is computed with Kahn's algorithm or DFS."
DSA,What is Fenwick tree used for?,Fenwick tree is used for cumulative frequency and range sum queries. It is a compact structure for prefix sums supporting updates in logarithmic time. It is less flexible than segment trees and suits mainly invertible operations. It tracks running totals of scores while values change.
DSA,Where have you seen backtracking in action?,"Backtracking solves N-Queens by placing queens and undoing moves that cause conflicts. It is a technique that builds solutions step by step and abandons paths that fail. It is used for puzzles, permutations, subsets, and constraint problems. It is related to depth-first search and recursion."
DSA,What is a practical example of merge sort?,"Merge sort sorts linked lists efficiently without random access. It is a divide and conquer sorting algorithm that splits, sorts, and merges halves. It needs O(n) extra space for arrays. It is a stable alternative to quick sort and heap sort."
DSA,What is a practical example of trie?,"Trie suggests words starting with pre while a user types. It is a tree storing strings character by character along paths from the root. It finds prefixes in time proportional to word length, independent of dictionary size. It can use much memory when many strings share few prefixes."
DSA,What problems can circular queue cause?,"Circular queue has a fixed capacity and needs care to tell full from empty. It is used for buffers, streaming data, and round-robin scheduling. It reuses freed space and avoids shifting elements. It stores audio samples in a ring buffer. It is also known as a ring buffer."
DSA,What are the alternatives or companions of graph?,"Graph is stored as an adjacency list or adjacency matrix. It is a structure of vertices connected by edges, directed or undirected. It can be memory heavy, and many problems on graphs are computationally hard. It models cities as vertices and roads as weighted edges."
DSA,How is DFS used in practice?,"DFS explores a maze by following a corridor to the end before returning. It is a graph traversal that goes as deep as possible before backtracking. It is used for cycle detection, topological sorting, and exploring all paths. It is simple to write recursively and uses memory proportional to depth."
DSA,How does memoization help developers?,"Memoization avoids repeated computation, often reducing exponential time to polynomial. It is an optimization that caches function results for repeated inputs. It stores Fibonacci values so each is computed once. It is the top-down counterpart of tabulation in dynamic programming."
DSA,What is related to queue?,"Queue has variants like deque, priority queue, and circular queue. It is used for scheduling, buffering, and breadth-first search. It allows access only at the ends, and array versions may waste space. It lines up print jobs so the earliest one prints first."
DSA,What is an alternative to deque?,"Deque generalizes both stacks and queues. It is used for sliding window maximum, BFS variants, and palindromes. It supports constant-time operations at both ends. It has slower random access than arrays in linked implementations. It uses Python's collections.deque to pop from the left efficiently."
DSA,Explain LRU cache.,LRU cache is a cache that evicts the least recently used item when full. It can be hurt by scans that flush useful entries. It combines a hash map with a doubly linked list. It is an alternative to FIFO and LFU policies.
DSA,What are the advantages of Big O notation?,"Big O notation focuses on scalability, ignoring constants and lower-order terms. It is a notation describing how an algorithm's running time or space grows with input size. It is used to compare algorithms independent of hardware. It classifies binary search as O(log n) and bubble sort as O(n^2)."
DSA,When should you use stack?,"Stack is used for undo features, recursion, expression evaluation, and backtracking. It is a linear structure following Last In, First Out order. It lets a browser go back to the most recently visited page. It is the counterpart of a queue, which is First In, First Out."
DSA,What makes topological sort valuable?,Topological sort gives a valid execution order in linear time. It is an ordering of a directed acyclic graph's vertices so edges point forward. It orders courses so each prerequisite comes before the course that needs it. It is computed with Kahn's algorithm or DFS.
DSA,What do you gain by using binary search tree?,"Binary search tree gives logarithmic operations on balanced trees and sorted output through inorder traversal. It is used for ordered data needing fast search, insertion, and deletion. It degrades to linear time if the tree becomes skewed. It is made reliable by balanced variants such as AVL and Red-Black trees."
DSA,What should you watch out for when using two-pointer technique?,"Two-pointer technique generally needs sorted or structured input to work correctly. It is used for sorted arrays, pair sums, and palindrome checks. It finds two numbers summing to a target by moving pointers inward from both ends. It is closely related to sliding window."
DSA,What are the alternatives or companions of Dijkstra's algorithm?,"Dijkstra's algorithm is replaced by Bellman-Ford for negative edges and A* for guided search. It is used in routing, maps, and network planning. It is efficient with a priority queue, running in about O((V+E) log V). It fails with negative edge weights."
DSA,Explain memoization.,"Memoization is an optimization that caches function results for repeated inputs. It is used in recursive solutions with overlapping subproblems. It avoids repeated computation, often reducing exponential time to polynomial. It stores Fibonacci values so each is computed once. It is the top-down counterpart of tabulation in dynamic programming."
DSA,What are the benefits of using trie?,"Trie finds prefixes in time proportional to word length, independent of dictionary size. It is a tree storing strings character by character along paths from the root. It is used for autocomplete, spell checking, and prefix searches. It can use much memory when many strings share few prefixes."
DSA,Is there a substitute for sliding window?,"Sliding window is a specialized form of the two-pointer technique. It is used for subarray and substring problems like maximum sum of k elements. It avoids recomputation, reducing time from quadratic to linear. It works best when the window condition changes predictably as it moves."
DSA,In which situations is merge sort a good choice?,"Merge sort is used when stable, predictable sorting or external sorting is needed. It is a divide and conquer sorting algorithm that splits, sorts, and merges halves. It needs O(n) extra space for arrays. It is a stable alternative to quick sort and heap sort."
DSA,What does linked list mean?,"Linked list is a sequence of nodes where each node points to the next. It is used when frequent insertions and deletions are needed without shifting elements. It chains songs in a playlist so one can be inserted between two others. It comes in singly, doubly, and circular forms."
DSA,Is there a substitute for Dijkstra's algorithm?,"Dijkstra's algorithm is replaced by Bellman-Ford for negative edges and A* for guided search. It is an algorithm that finds shortest paths from one source in graphs with non-negative weights. It is used in routing, maps, and network planning. It computes the quickest driving route between two cities."
DSA,What other concepts are connected to array?,"Array differs from linked lists, which trade access speed for flexible insertion. It is used when fast random access and a known size are needed. It has costly middle insertions and deletions, and fixed size in many languages. It stores daily temperatures for a week at indexes zero to six."
DSA,Give an example of circular queue.,"Circular queue stores audio samples in a ring buffer. It is used for buffers, streaming data, and round-robin scheduling. It reuses freed space and avoids shifting elements. It has a fixed capacity and needs care to tell full from empty. It is also known as a ring buffer."
DSA,Where have you seen stack in action?,"Stack lets a browser go back to the most recently visited page. It is used for undo features, recursion, expression evaluation, and backtracking. It offers constant-time push and pop with simple implementation. It allows access only to the top element and can overflow if size is bounded."
DSA,What is an alternative to KMP algorithm?,KMP algorithm is an alternative to Rabin-Karp and Boyer-Moore. It is a string matching algorithm that avoids rechecking characters using a prefix table. It is trickier to understand and implement than naive search. It finds the word abab in a long string without moving backward in the text.
DSA,Why is backtracking useful?,Backtracking prunes large search spaces compared with naive brute force. It is a technique that builds solutions step by step and abandons paths that fail. It solves N-Queens by placing queens and undoing moves that cause conflicts. It is related to depth-first search and recursion.
DSA,What are the advantages of hash table?,"Hash table offers average constant-time insert, search, and delete. It has unordered keys, collisions, and worst-case linear time with poor hashing. It counts word frequencies by using each word as a key. It handles collisions with chaining or open addressing."
DSA,What other concepts are connected to KMP algorithm?,KMP algorithm is an alternative to Rabin-Karp and Boyer-Moore. It is a string matching algorithm that avoids rechecking characters using a prefix table. It is used to find a pattern inside a long text. It is trickier to understand and implement than naive search.
DSA,Show a real-world example of Fenwick tree.,Fenwick tree tracks running totals of scores while values change. It is a compact structure for prefix sums supporting updates in logarithmic time. It is used for cumulative frequency and range sum queries. It is less flexible than segment trees and suits mainly invertible operations.
DSA,Why is sliding window considered important?,"Sliding window avoids recomputation, reducing time from quadratic to linear. It is used for subarray and substring problems like maximum sum of k elements. It works best when the window condition changes predictably as it moves. It finds the longest substring without repeating characters."
DSA,Can you give a short overview of memoization?,Memoization is an optimization that caches function results for repeated inputs. It is used in recursive solutions with overlapping subproblems. It uses extra memory and adds recursion overhead. It stores Fibonacci values so each is computed once. It is the top-down counterpart of tabulation in dynamic programming.
DSA,What makes greedy algorithm valuable?,"Greedy algorithm is simple, fast, and often easy to implement. It fails on problems without the greedy-choice property, so correctness needs proof. It gives change using the largest coin first in standard currency systems. It differs from dynamic programming, which considers combinations of subproblems."
DSA,How does KMP algorithm compare with similar approaches?,KMP algorithm is an alternative to Rabin-Karp and Boyer-Moore. It is a string matching algorithm that avoids rechecking characters using a prefix table. It is used to find a pattern inside a long text. It runs in linear time O(n + m).
DSA,What does greedy algorithm mean?,"Greedy algorithm is an approach that picks the locally best choice at every step. It is used when local choices lead to a global optimum, like interval scheduling. It is simple, fast, and often easy to implement. It gives change using the largest coin first in standard currency systems."
DSA,Where is sliding window commonly applied?,Sliding window is used for subarray and substring problems like maximum sum of k elements. It is a technique that maintains a moving range over an array or string. It works best when the window condition changes predictably as it moves. It finds the longest substring without repeating characters.
DSA,Explain Bloom filter.,Bloom filter is a probabilistic structure that tests whether an element is possibly in a set. It has false positives and does not support deletion in the basic version. It lets a crawler quickly skip URLs it has probably seen. It never returns false negatives.
DSA,Why is dynamic programming useful?,Dynamic programming turns exponential brute force into polynomial time by reusing results. It is used for optimization and counting problems with optimal substructure. It can use much memory and designing the state is difficult. It is implemented top-down with memoization or bottom-up with tabulation.
DSA,What are common pitfalls with hash table?,"Hash table has unordered keys, collisions, and worst-case linear time with poor hashing. It is used for fast lookups, caches, counting, and deduplication. It offers average constant-time insert, search, and delete. It counts word frequencies by using each word as a key."
DSA,What other concepts are connected to two-pointer technique?,Two-pointer technique is closely related to sliding window. It is a technique that moves two indices through data to solve problems efficiently. It often reduces quadratic solutions to linear time with constant extra space. It finds two numbers summing to a target by moving pointers inward from both ends.
DSA,In which situations is deque a good choice?,"Deque is used for sliding window maximum, BFS variants, and palindromes. It is a double-ended queue allowing insertion and removal at both ends. It supports constant-time operations at both ends. It uses Python's collections.deque to pop from the left efficiently. It generalizes both stacks and queues."
DSA,What should I learn alongside KMP algorithm?,KMP algorithm is an alternative to Rabin-Karp and Boyer-Moore. It is a string matching algorithm that avoids rechecking characters using a prefix table. It runs in linear time O(n + m). It is trickier to understand and implement than naive search.
DSA,What are common pitfalls with recursion?,"Recursion can overflow the call stack and repeat work without memoization. It is a technique where a function solves a problem by calling itself on smaller inputs. It is used for trees, divide and conquer, and backtracking. It needs a base case and can often be converted to iteration."
DSA,What are the benefits of using divide and conquer?,"Divide and conquer simplifies hard problems and often parallelizes naturally. It is a strategy that splits a problem into subproblems, solves them, and combines results. It sorts an array by splitting, sorting halves, and merging. It is analyzed with recurrences and the master theorem."
DSA,Can you give a short overview of recursion?,"Recursion is a technique where a function solves a problem by calling itself on smaller inputs. It is used for trees, divide and conquer, and backtracking. It makes complex problems concise and natural to express. It computes factorial of five as five times factorial of four."
DSA,What makes heap sort valuable?,Heap sort sorts in place with no worst-case slowdown. It is used when guaranteed O(n log n) time and constant extra space are required. It is not stable and usually slower than quick sort in practice due to cache behavior.
DSA,Can you give a short overview of binary search tree?,Binary search tree is a binary tree where left descendants are smaller and right ones larger than each node. It finds the value 42 by comparing and moving left or right. It is made reliable by balanced variants such as AVL and Red-Black trees.
DSA,What is a practical example of two-pointer technique?,Two-pointer technique finds two numbers summing to a target by moving pointers inward from both ends. It is a technique that moves two indices through data to solve problems efficiently. It often reduces quadratic solutions to linear time with constant extra space. It is closely related to sliding window.
DSA,What is union-find?,"Union-find is a data structure that tracks disjoint sets with find and union operations. It is used for connected components, Kruskal's algorithm, and cycle detection in undirected graphs. It supports merging but not efficient splitting of sets. It is also called disjoint set union."
DSA,How does backtracking differ from related concepts?,Backtracking is related to depth-first search and recursion. It is a technique that builds solutions step by step and abandons paths that fail. It prunes large search spaces compared with naive brute force. It can still take exponential time in the worst case.
DSA,What are the drawbacks of hash table?,"Hash table has unordered keys, collisions, and worst-case linear time with poor hashing. It is a structure that maps keys to values using a hash function. It is used for fast lookups, caches, counting, and deduplication. It offers average constant-time insert, search, and delete."
DSA,How would you explain Big O notation to a beginner?,"Big O notation is a notation describing how an algorithm's running time or space grows with input size. It hides constant factors that matter on small inputs. It describes upper bounds, while Omega and Theta describe lower and tight bounds."
DSA,Can you give a short overview of bubble sort?,Bubble sort is a simple sorting algorithm that repeatedly swaps adjacent elements that are out of order. It runs in O(n^2) time and is impractical for large inputs. It moves the largest value to the end after the first pass. It is similar to insertion and selection sort in performance.
DSA,Is there a substitute for queue?,"Queue has variants like deque, priority queue, and circular queue. It is used for scheduling, buffering, and breadth-first search. It processes items fairly in arrival order with constant-time enqueue and dequeue. It lines up print jobs so the earliest one prints first."
DSA,In which situations is binary search a good choice?,"Binary search is used for fast lookups and for searching answers over monotonic conditions. It runs in logarithmic time, so a million items need about twenty steps. It finds a word in a dictionary by repeatedly opening the middle page."
DSA,How is memoization used in practice?,"Memoization stores Fibonacci values so each is computed once. It is an optimization that caches function results for repeated inputs. It is used in recursive solutions with overlapping subproblems. It avoids repeated computation, often reducing exponential time to polynomial. It uses extra memory and adds recursion overhead."
DSA,Give an example of segment tree.,Segment tree finds the minimum in any subarray of a changing array. It is used for range queries and updates such as sum or minimum. It uses extra memory and is more complex to implement than prefix sums. It is an alternative to Fenwick trees and sparse tables.
DSA,What does hash table mean?,"Hash table is a structure that maps keys to values using a hash function. It offers average constant-time insert, search, and delete. It has unordered keys, collisions, and worst-case linear time with poor hashing. It counts word frequencies by using each word as a key."
DSA,How does Bloom filter compare with similar approaches?,Bloom filter never returns false negatives. It is a probabilistic structure that tests whether an element is possibly in a set. It is used to avoid costly lookups in caches and databases. It has false positives and does not support deletion in the basic version.
DSA,How is Fenwick tree typically used in real projects?,Fenwick tree is used for cumulative frequency and range sum queries. It is short to code and uses little memory. It is less flexible than segment trees and suits mainly invertible operations. It tracks running totals of scores while values change.
DSA,What are the drawbacks of segment tree?,Segment tree uses extra memory and is more complex to implement than prefix sums. It is used for range queries and updates such as sum or minimum. It answers range queries and point updates in logarithmic time. It finds the minimum in any subarray of a changing array.
DSA,What problem does linked list solve?,"Linked list is used when frequent insertions and deletions are needed without shifting elements. It is a sequence of nodes where each node points to the next. It has slow access by position and extra memory for pointers. It comes in singly, doubly, and circular forms."
DSA,When should you use merge sort?,"Merge sort is used when stable, predictable sorting or external sorting is needed. It guarantees O(n log n) time and keeps equal elements in order. It needs O(n) extra space for arrays. It is a stable alternative to quick sort and heap sort."
DSA,Where have you seen binary search in action?,"Binary search finds a word in a dictionary by repeatedly opening the middle page. It runs in logarithmic time, so a million items need about twenty steps. It requires sorted data and random access to be efficient. It is easy to get wrong because of off-by-one and overflow errors."
DSA,Give an example of Bloom filter.,Bloom filter lets a crawler quickly skip URLs it has probably seen. It is a probabilistic structure that tests whether an element is possibly in a set. It is used to avoid costly lookups in caches and databases. It never returns false negatives.
DSA,Walk me through a simple example of segment tree.,Segment tree finds the minimum in any subarray of a changing array. It is a tree structure that stores aggregate information for array ranges. It is used for range queries and updates such as sum or minimum. It uses extra memory and is more complex to implement than prefix sums.
DSA,Walk me through a simple example of union-find.,"Union-find checks whether two computers are already connected in a network. It is used for connected components, Kruskal's algorithm, and cycle detection in undirected graphs. It supports merging but not efficient splitting of sets. It is also called disjoint set union."
DSA,What are the benefits of using merge sort?,"Merge sort guarantees O(n log n) time and keeps equal elements in order. It is a divide and conquer sorting algorithm that splits, sorts, and merges halves. It needs O(n) extra space for arrays. It is a stable alternative to quick sort and heap sort."
DSA,What is hash table?,"Hash table is a structure that maps keys to values using a hash function. It is used for fast lookups, caches, counting, and deduplication. It counts word frequencies by using each word as a key. It handles collisions with chaining or open addressing."
DSA,What problem does heap solve?,Heap is used to implement priority queues and heap sort. It is a complete binary tree where each parent is ordered relative to its children. It gives constant-time access to the min or max and logarithmic insertions. It comes as min-heap or max-heap and is often stored in an array.
DSA,What are the advantages of Dijkstra's algorithm?,"Dijkstra's algorithm is efficient with a priority queue, running in about O((V+E) log V). It is an algorithm that finds shortest paths from one source in graphs with non-negative weights. It is used in routing, maps, and network planning. It computes the quickest driving route between two cities."
DSA,How is Big O notation typically used in real projects?,"Big O notation is used to compare algorithms independent of hardware. It is a notation describing how an algorithm's running time or space grows with input size. It hides constant factors that matter on small inputs. It describes upper bounds, while Omega and Theta describe lower and tight bounds."
DSA,What is the main purpose of merge sort?,"Merge sort is used when stable, predictable sorting or external sorting is needed. It is a divide and conquer sorting algorithm that splits, sorts, and merges halves. It sorts linked lists efficiently without random access. It is a stable alternative to quick sort and heap sort."
DSA,Describe topological sort briefly.,Topological sort is an ordering of a directed acyclic graph's vertices so edges point forward. It gives a valid execution order in linear time. It exists only for graphs without cycles. It orders courses so each prerequisite comes before the course that needs it.
DSA,What is AVL tree?,"AVL tree is a self-balancing binary search tree keeping subtree heights within one. It is used when lookups dominate and guaranteed logarithmic time is needed. It performs frequent rotations, so insertions cost more than in simpler trees. It rotates left after inserting values in increasing order to restore balance."
DSA,What should you watch out for when using Dijkstra's algorithm?,Dijkstra's algorithm fails with negative edge weights. It is an algorithm that finds shortest paths from one source in graphs with non-negative weights. It computes the quickest driving route between two cities. It is replaced by Bellman-Ford for negative edges and A* for guided search.
DSA,What is related to counting sort?,Counting sort is often used as a subroutine in radix sort. It is used for integers within a small known range. It wastes memory when the value range is large. It sorts exam scores from zero to one hundred by tallying counts.
DSA,What is the main purpose of graph?,"Graph is used to model networks, maps, dependencies, and relationships. It is a structure of vertices connected by edges, directed or undirected. It represents complex connections that trees and lists cannot capture. It models cities as vertices and roads as weighted edges."
DSA,What should you watch out for when using hash table?,"Hash table has unordered keys, collisions, and worst-case linear time with poor hashing. It is a structure that maps keys to values using a hash function. It offers average constant-time insert, search, and delete. It counts word frequencies by using each word as a key."
DSA,Explain heap sort.,"Heap sort is a sorting algorithm that builds a heap and repeatedly extracts the maximum. It is used when guaranteed O(n log n) time and constant extra space are required. It builds a max-heap, then swaps the root with the last element repeatedly. It relies on the heap data structure."
DSA,What are the limitations of sliding window?,Sliding window works best when the window condition changes predictably as it moves. It is a technique that maintains a moving range over an array or string. It finds the longest substring without repeating characters. It is a specialized form of the two-pointer technique.
DSA,What is an alternative to heap?,Heap comes as min-heap or max-heap and is often stored in an array. It is a complete binary tree where each parent is ordered relative to its children. It is used to implement priority queues and heap sort. It does not support fast arbitrary search or ordered traversal.
DSA,Explain Dijkstra's algorithm.,"Dijkstra's algorithm is an algorithm that finds shortest paths from one source in graphs with non-negative weights. It is efficient with a priority queue, running in about O((V+E) log V). It is replaced by Bellman-Ford for negative edges and A* for guided search."
DSA,What are the downsides of hash table?,"Hash table has unordered keys, collisions, and worst-case linear time with poor hashing. It is used for fast lookups, caches, counting, and deduplication. It offers average constant-time insert, search, and delete. It counts word frequencies by using each word as a key. It handles collisions with chaining or open addressing."
DSA,In which situations is binary tree a good choice?,"Binary tree is used to represent hierarchies, expressions, and as a base for search trees. It can become skewed, making operations as slow as a linked list. It represents the expression three plus four times two as a tree. It is traversed in preorder, inorder, postorder, or level order."
DSA,What are the limitations of linked list?,"Linked list has slow access by position and extra memory for pointers. It is used when frequent insertions and deletions are needed without shifting elements. It grows dynamically and inserts at a known node in constant time. It comes in singly, doubly, and circular forms."
DSA,How is binary search used in practice?,"Binary search finds a word in a dictionary by repeatedly opening the middle page. It is used for fast lookups and for searching answers over monotonic conditions. It runs in logarithmic time, so a million items need about twenty steps."
DSA,What are common pitfalls with memoization?,"Memoization uses extra memory and adds recursion overhead. It is used in recursive solutions with overlapping subproblems. It avoids repeated computation, often reducing exponential time to polynomial. It stores Fibonacci values so each is computed once. It is the top-down counterpart of tabulation in dynamic programming."
DSA,What does heap mean?,Heap is a complete binary tree where each parent is ordered relative to its children. It gives constant-time access to the min or max and logarithmic insertions. It does not support fast arbitrary search or ordered traversal. It repeatedly extracts the smallest task to schedule next.
DSA,What problem does memoization solve?,"Memoization is used in recursive solutions with overlapping subproblems. It is an optimization that caches function results for repeated inputs. It avoids repeated computation, often reducing exponential time to polynomial. It is the top-down counterpart of tabulation in dynamic programming."
DSA,Why do developers use heap sort?,Heap sort is used when guaranteed O(n log n) time and constant extra space are required. It sorts in place with no worst-case slowdown. It is not stable and usually slower than quick sort in practice due to cache behavior. It relies on the heap data structure.
DSA,What other concepts are connected to BFS?,"BFS contrasts with depth-first search, which explores deeply before backtracking. It is used to find shortest paths in unweighted graphs and connected components. It guarantees the fewest edges to reach any vertex from the source. It finds the minimum moves needed to solve a maze grid."
DSA,Why is binary search useful?,"Binary search runs in logarithmic time, so a million items need about twenty steps. It is used for fast lookups and for searching answers over monotonic conditions. It requires sorted data and random access to be efficient. It finds a word in a dictionary by repeatedly opening the middle page."
DSA,What is an alternative to greedy algorithm?,"Greedy algorithm differs from dynamic programming, which considers combinations of subproblems. It is used when local choices lead to a global optimum, like interval scheduling. It fails on problems without the greedy-choice property, so correctness needs proof. It gives change using the largest coin first in standard currency systems."
DSA,How is graph typically used in real projects?,"Graph is used to model networks, maps, dependencies, and relationships. It is a structure of vertices connected by edges, directed or undirected. It represents complex connections that trees and lists cannot capture. It can be memory heavy, and many problems on graphs are computationally hard."
DSA,How would you explain merge sort to a beginner?,"Merge sort is a divide and conquer sorting algorithm that splits, sorts, and merges halves. It guarantees O(n log n) time and keeps equal elements in order. It needs O(n) extra space for arrays. It is a stable alternative to quick sort and heap sort."
DSA,What does recursion mean?,Recursion is a technique where a function solves a problem by calling itself on smaller inputs. It makes complex problems concise and natural to express. It can overflow the call stack and repeat work without memoization. It computes factorial of five as five times factorial of four.
DSA,Describe heap sort briefly.,Heap sort is a sorting algorithm that builds a heap and repeatedly extracts the maximum. It is used when guaranteed O(n log n) time and constant extra space are required. It is not stable and usually slower than quick sort in practice due to cache behavior.
DSA,What are the benefits of using deque?,"Deque supports constant-time operations at both ends. It is a double-ended queue allowing insertion and removal at both ends. It is used for sliding window maximum, BFS variants, and palindromes. It has slower random access than arrays in linked implementations."
DSA,Where is LRU cache commonly applied?,"LRU cache is used in memory caches, browsers, and databases. It keeps frequently used items available and gives constant-time operations with the right design. It combines a hash map with a doubly linked list. It is an alternative to FIFO and LFU policies."
DSA,List the strengths of sliding window.,"Sliding window avoids recomputation, reducing time from quadratic to linear. It is a technique that maintains a moving range over an array or string. It works best when the window condition changes predictably as it moves. It is a specialized form of the two-pointer technique."
DSA,What are the downsides of BFS?,"BFS can use a lot of memory because it stores a whole frontier of vertices. It guarantees the fewest edges to reach any vertex from the source. It finds the minimum moves needed to solve a maze grid. It contrasts with depth-first search, which explores deeply before backtracking."
DSA,What problem does array solve?,Array is used when fast random access and a known size are needed. It is a collection of elements stored in contiguous memory and accessed by index. It gives constant-time access by index and good cache locality. It stores daily temperatures for a week at indexes zero to six.
DSA,Where have you seen dynamic programming in action?,Dynamic programming finds the minimum coins needed to make change for an amount. It is used for optimization and counting problems with optimal substructure. It turns exponential brute force into polynomial time by reusing results. It can use much memory and designing the state is difficult.
DSA,Why is bubble sort useful?,Bubble sort is easy to understand and implement and can stop early if sorted. It runs in O(n^2) time and is impractical for large inputs. It moves the largest value to the end after the first pass. It is similar to insertion and selection sort in performance.
DSA,What is a practical example of KMP algorithm?,KMP algorithm finds the word abab in a long string without moving backward in the text. It is a string matching algorithm that avoids rechecking characters using a prefix table. It is used to find a pattern inside a long text.
DSA,What are the advantages of union-find?,Union-find achieves near-constant time per operation with path compression and union by rank. It is a data structure that tracks disjoint sets with find and union operations. It supports merging but not efficient splitting of sets. It checks whether two computers are already connected in a network.
DSA,How does AVL tree differ from related concepts?,"AVL tree is more strictly balanced than Red-Black trees. It is used when lookups dominate and guaranteed logarithmic time is needed. It guarantees O(log n) search, insert, and delete. It performs frequent rotations, so insertions cost more than in simpler trees."
DSA,What problems can BFS cause?,BFS can use a lot of memory because it stores a whole frontier of vertices. It is a graph traversal that visits vertices level by level using a queue. It is used to find shortest paths in unweighted graphs and connected components.
DSA,Why is heap sort useful?,Heap sort sorts in place with no worst-case slowdown. It is a sorting algorithm that builds a heap and repeatedly extracts the maximum. It is not stable and usually slower than quick sort in practice due to cache behavior. It relies on the heap data structure.
DSA,What should I learn alongside Fenwick tree?,Fenwick tree is also known as a binary indexed tree. It is a compact structure for prefix sums supporting updates in logarithmic time. It is used for cumulative frequency and range sum queries. It is short to code and uses little memory.
DSA,When should you avoid hash table?,"Hash table has unordered keys, collisions, and worst-case linear time with poor hashing. It is a structure that maps keys to values using a hash function. It is used for fast lookups, caches, counting, and deduplication. It counts word frequencies by using each word as a key."
DSA,List the strengths of two-pointer technique.,Two-pointer technique often reduces quadratic solutions to linear time with constant extra space. It generally needs sorted or structured input to work correctly. It finds two numbers summing to a target by moving pointers inward from both ends. It is closely related to sliding window.
DSA,What are the advantages of segment tree?,Segment tree answers range queries and point updates in logarithmic time. It is a tree structure that stores aggregate information for array ranges. It is used for range queries and updates such as sum or minimum. It is an alternative to Fenwick trees and sparse tables.
DSA,Why do developers use binary tree?,"Binary tree is used to represent hierarchies, expressions, and as a base for search trees. It is a hierarchical structure where each node has at most two children. It can become skewed, making operations as slow as a linked list."
DSA,What is a practical example of BFS?,"BFS finds the minimum moves needed to solve a maze grid. It is used to find shortest paths in unweighted graphs and connected components. It guarantees the fewest edges to reach any vertex from the source. It contrasts with depth-first search, which explores deeply before backtracking."
DSA,What are the downsides of bubble sort?,Bubble sort runs in O(n^2) time and is impractical for large inputs. It is easy to understand and implement and can stop early if sorted. It moves the largest value to the end after the first pass. It is similar to insertion and selection sort in performance.
DSA,Where is quick sort commonly applied?,Quick sort is used for general in-memory sorting where average speed matters. It is a sorting algorithm that partitions around a pivot and sorts both sides. It is usually very fast in practice and sorts in place. It degrades to O(n^2) with bad pivots and is not stable.
DSA,Why is merge sort considered important?,"Merge sort guarantees O(n log n) time and keeps equal elements in order. It is a divide and conquer sorting algorithm that splits, sorts, and merges halves. It is used when stable, predictable sorting or external sorting is needed. It is a stable alternative to quick sort and heap sort."
DSA,Show a real-world example of quick sort.,Quick sort picks the last element as pivot and moves smaller values to its left. It is a sorting algorithm that partitions around a pivot and sorts both sides. It degrades to O(n^2) with bad pivots and is not stable. It is often made safer with random or median-of-three pivots.
DSA,Show a real-world example of deque.,"Deque uses Python's collections.deque to pop from the left efficiently. It is a double-ended queue allowing insertion and removal at both ends. It is used for sliding window maximum, BFS variants, and palindromes. It supports constant-time operations at both ends."
DSA,Show a real-world example of merge sort.,"Merge sort sorts linked lists efficiently without random access. It is used when stable, predictable sorting or external sorting is needed. It guarantees O(n log n) time and keeps equal elements in order. It is a stable alternative to quick sort and heap sort."
DSA,What is the main purpose of sliding window?,"Sliding window is used for subarray and substring problems like maximum sum of k elements. It avoids recomputation, reducing time from quadratic to linear. It works best when the window condition changes predictably as it moves. It is a specialized form of the two-pointer technique."
DSA,What are the alternatives or companions of dynamic programming?,Dynamic programming is implemented top-down with memoization or bottom-up with tabulation. It turns exponential brute force into polynomial time by reusing results. It can use much memory and designing the state is difficult. It finds the minimum coins needed to make change for an amount.
DSA,Describe a scenario where deque is applied.,"Deque uses Python's collections.deque to pop from the left efficiently. It is used for sliding window maximum, BFS variants, and palindromes. It supports constant-time operations at both ends. It has slower random access than arrays in linked implementations. It generalizes both stacks and queues."
DSA,Why is amortized analysis useful?,"Amortized analysis shows that occasional expensive operations still give cheap average cost. It is a method that averages the cost of operations over a sequence. It explains why appending to a dynamic array is O(1) amortized despite occasional resizing. It differs from average-case analysis, which relies on input probability."
DSA,Define amortized analysis in simple words.,"Amortized analysis is a method that averages the cost of operations over a sequence. It is used to analyze structures like dynamic arrays. It explains why appending to a dynamic array is O(1) amortized despite occasional resizing. It differs from average-case analysis, which relies on input probability."
DSA,List the strengths of hash table.,"Hash table offers average constant-time insert, search, and delete. It is a structure that maps keys to values using a hash function. It has unordered keys, collisions, and worst-case linear time with poor hashing. It handles collisions with chaining or open addressing."
DSA,Why is memoization useful?,"Memoization avoids repeated computation, often reducing exponential time to polynomial. It is an optimization that caches function results for repeated inputs. It is used in recursive solutions with overlapping subproblems. It is the top-down counterpart of tabulation in dynamic programming."
DSA,What makes LRU cache valuable?,LRU cache keeps frequently used items available and gives constant-time operations with the right design. It is a cache that evicts the least recently used item when full. It can be hurt by scans that flush useful entries. It is an alternative to FIFO and LFU policies.
DSA,What is a practical example of sliding window?,Sliding window finds the longest substring without repeating characters. It is a technique that maintains a moving range over an array or string. It works best when the window condition changes predictably as it moves. It is a specialized form of the two-pointer technique.
DSA,What do you gain by using union-find?,"Union-find achieves near-constant time per operation with path compression and union by rank. It is a data structure that tracks disjoint sets with find and union operations. It is used for connected components, Kruskal's algorithm, and cycle detection in undirected graphs. It supports merging but not efficient splitting of sets."
DSA,Why is amortized analysis considered important?,Amortized analysis shows that occasional expensive operations still give cheap average cost. It is a method that averages the cost of operations over a sequence. It is used to analyze structures like dynamic arrays. It guarantees average cost over sequences but not for every single operation.
DSA,What is related to minimum spanning tree?,"Minimum spanning tree is computed using Kruskal's or Prim's algorithm. It is used in network design such as cables, roads, and clustering. It gives the cheapest way to connect everything without cycles. It applies only to weighted undirected connected graphs. It finds the cheapest cable layout connecting every office."
DSA,Show a real-world example of recursion.,Recursion computes factorial of five as five times factorial of four. It makes complex problems concise and natural to express. It can overflow the call stack and repeat work without memoization. It needs a base case and can often be converted to iteration.
DSA,What should you watch out for when using bit manipulation?,"Bit manipulation reduces readability and is easy to get wrong. It is very fast and memory efficient. It checks whether a number is a power of two with n and n minus one. It uses AND, OR, XOR, NOT, and shifts."
DSA,Is there a substitute for binary search?,Binary search is easy to get wrong because of off-by-one and overflow errors. It is an algorithm that finds a target in a sorted collection by halving the range. It is used for fast lookups and for searching answers over monotonic conditions.
DSA,What is linked list used for?,"Linked list is used when frequent insertions and deletions are needed without shifting elements. It is a sequence of nodes where each node points to the next. It chains songs in a playlist so one can be inserted between two others. It comes in singly, doubly, and circular forms."
DSA,What are common pitfalls with bit manipulation?,Bit manipulation reduces readability and is easy to get wrong. It is the use of bitwise operators to work directly with binary representations. It is very fast and memory efficient. It checks whether a number is a power of two with n and n minus one.
DSA,How is array used in practice?,"Array stores daily temperatures for a week at indexes zero to six. It gives constant-time access by index and good cache locality. It has costly middle insertions and deletions, and fixed size in many languages. It differs from linked lists, which trade access speed for flexible insertion."
DSA,Describe DFS briefly.,DFS is a graph traversal that goes as deep as possible before backtracking. It is simple to write recursively and uses memory proportional to depth. It does not find shortest paths and can overflow the recursion stack on deep graphs.
DSA,Where is two-pointer technique commonly applied?,"Two-pointer technique is used for sorted arrays, pair sums, and palindrome checks. It is a technique that moves two indices through data to solve problems efficiently. It finds two numbers summing to a target by moving pointers inward from both ends."
DSA,How does quick sort differ from related concepts?,Quick sort is often made safer with random or median-of-three pivots. It is used for general in-memory sorting where average speed matters. It is usually very fast in practice and sorts in place. It picks the last element as pivot and moves smaller values to its left.
DSA,What are the benefits of using quick sort?,Quick sort is usually very fast in practice and sorts in place. It degrades to O(n^2) with bad pivots and is not stable. It picks the last element as pivot and moves smaller values to its left. It is often made safer with random or median-of-three pivots.
DSA,What are common pitfalls with segment tree?,Segment tree uses extra memory and is more complex to implement than prefix sums. It is used for range queries and updates such as sum or minimum. It finds the minimum in any subarray of a changing array. It is an alternative to Fenwick trees and sparse tables.
DSA,What does KMP algorithm mean?,KMP algorithm is a string matching algorithm that avoids rechecking characters using a prefix table. It is used to find a pattern inside a long text. It runs in linear time O(n + m). It is trickier to understand and implement than naive search.
DSA,Why is adjacency list useful?,Adjacency list uses memory proportional to vertices plus edges and iterates neighbors quickly. It is a graph representation storing each vertex's neighbors in a list. It is used for sparse graphs in traversals and shortest-path algorithms. It checks whether a specific edge exists more slowly than an adjacency matrix.
DSA,Can you illustrate queue with an example?,"Queue lines up print jobs so the earliest one prints first. It is used for scheduling, buffering, and breadth-first search. It allows access only at the ends, and array versions may waste space. It has variants like deque, priority queue, and circular queue."
DSA,What is trie?,"Trie is a tree storing strings character by character along paths from the root. It finds prefixes in time proportional to word length, independent of dictionary size. It can use much memory when many strings share few prefixes. It suggests words starting with pre while a user types."
DSA,What is the basic idea behind quick sort?,Quick sort is a sorting algorithm that partitions around a pivot and sorts both sides. It is usually very fast in practice and sorts in place. It picks the last element as pivot and moves smaller values to its left.
DSA,How is merge sort typically used in real projects?,"Merge sort is used when stable, predictable sorting or external sorting is needed. It guarantees O(n log n) time and keeps equal elements in order. It needs O(n) extra space for arrays. It sorts linked lists efficiently without random access."
DSA,What are the disadvantages of Bloom filter?,Bloom filter has false positives and does not support deletion in the basic version. It is a probabilistic structure that tests whether an element is possibly in a set. It is very space efficient and has fast constant-time operations. It lets a crawler quickly skip URLs it has probably seen.
DSA,What is the basic idea behind topological sort?,"Topological sort is an ordering of a directed acyclic graph's vertices so edges point forward. It is used for task scheduling, build systems, and course prerequisites. It gives a valid execution order in linear time. It exists only for graphs without cycles. It is computed with Kahn's algorithm or DFS."
DSA,What should you watch out for when using adjacency list?,Adjacency list checks whether a specific edge exists more slowly than an adjacency matrix. It is a graph representation storing each vertex's neighbors in a list. It uses memory proportional to vertices plus edges and iterates neighbors quickly. It is the usual alternative to an adjacency matrix for dense graphs.
DSA,What does dynamic programming mean?,Dynamic programming is a method that solves problems by combining answers to overlapping subproblems. It is used for optimization and counting problems with optimal substructure. It turns exponential brute force into polynomial time by reusing results. It is implemented top-down with memoization or bottom-up with tabulation.
DSA,Can you give a short overview of Bloom filter?,Bloom filter is a probabilistic structure that tests whether an element is possibly in a set. It is very space efficient and has fast constant-time operations. It has false positives and does not support deletion in the basic version. It never returns false negatives.
DSA,List the strengths of backtracking.,Backtracking prunes large search spaces compared with naive brute force. It is a technique that builds solutions step by step and abandons paths that fail. It can still take exponential time in the worst case. It solves N-Queens by placing queens and undoing moves that cause conflicts.
DSA,What is the main purpose of Big O notation?,"Big O notation is used to compare algorithms independent of hardware. It is a notation describing how an algorithm's running time or space grows with input size. It focuses on scalability, ignoring constants and lower-order terms. It classifies binary search as O(log n) and bubble sort as O(n^2)."
DSA,What other concepts are connected to merge sort?,"Merge sort is a stable alternative to quick sort and heap sort. It is a divide and conquer sorting algorithm that splits, sorts, and merges halves. It is used when stable, predictable sorting or external sorting is needed. It sorts linked lists efficiently without random access."
DSA,What is a practical example of heap?,Heap repeatedly extracts the smallest task to schedule next. It is a complete binary tree where each parent is ordered relative to its children. It is used to implement priority queues and heap sort. It gives constant-time access to the min or max and logarithmic insertions.
DSA,Explain divide and conquer.,"Divide and conquer is a strategy that splits a problem into subproblems, solves them, and combines results. It adds recursion overhead and may repeat work if subproblems overlap. It sorts an array by splitting, sorting halves, and merging. It is analyzed with recurrences and the master theorem."
DSA,List the strengths of binary search.,"Binary search runs in logarithmic time, so a million items need about twenty steps. It is an algorithm that finds a target in a sorted collection by halving the range. It finds a word in a dictionary by repeatedly opening the middle page."
DSA,How would you explain union-find to a beginner?,Union-find is a data structure that tracks disjoint sets with find and union operations. It achieves near-constant time per operation with path compression and union by rank. It supports merging but not efficient splitting of sets. It is also called disjoint set union.
DSA,How does binary search help developers?,"Binary search runs in logarithmic time, so a million items need about twenty steps. It is an algorithm that finds a target in a sorted collection by halving the range. It is easy to get wrong because of off-by-one and overflow errors."
DSA,What are the downsides of array?,"Array has costly middle insertions and deletions, and fixed size in many languages. It is used when fast random access and a known size are needed. It gives constant-time access by index and good cache locality. It stores daily temperatures for a week at indexes zero to six."
DSA,How is counting sort typically used in real projects?,Counting sort is used for integers within a small known range. It is a non-comparison sorting algorithm that counts occurrences of each value. It wastes memory when the value range is large. It sorts exam scores from zero to one hundred by tallying counts.
DSA,Where is Big O notation commonly applied?,"Big O notation is used to compare algorithms independent of hardware. It hides constant factors that matter on small inputs. It classifies binary search as O(log n) and bubble sort as O(n^2). It describes upper bounds, while Omega and Theta describe lower and tight bounds."
DSA,What are the drawbacks of topological sort?,"Topological sort exists only for graphs without cycles. It is an ordering of a directed acyclic graph's vertices so edges point forward. It is used for task scheduling, build systems, and course prerequisites. It gives a valid execution order in linear time."
DSA,What are the alternatives or companions of trie?,"Trie is also called a prefix tree. It is a tree storing strings character by character along paths from the root. It is used for autocomplete, spell checking, and prefix searches. It suggests words starting with pre while a user types."
DSA,How does DFS help developers?,"DFS is simple to write recursively and uses memory proportional to depth. It is a graph traversal that goes as deep as possible before backtracking. It does not find shortest paths and can overflow the recursion stack on deep graphs. It contrasts with BFS, which explores nearest vertices first."
DSA,Why is quick sort considered important?,Quick sort is usually very fast in practice and sorts in place. It is used for general in-memory sorting where average speed matters. It picks the last element as pivot and moves smaller values to its left. It is often made safer with random or median-of-three pivots.
DSA,Walk me through a simple example of deque.,"Deque uses Python's collections.deque to pop from the left efficiently. It is a double-ended queue allowing insertion and removal at both ends. It is used for sliding window maximum, BFS variants, and palindromes. It supports constant-time operations at both ends. It has slower random access than arrays in linked implementations."
DSA,What problem does AVL tree solve?,"AVL tree is used when lookups dominate and guaranteed logarithmic time is needed. It is a self-balancing binary search tree keeping subtree heights within one. It performs frequent rotations, so insertions cost more than in simpler trees. It rotates left after inserting values in increasing order to restore balance."
DSA,What are the limitations of bubble sort?,Bubble sort runs in O(n^2) time and is impractical for large inputs. It is used mainly for teaching and very small datasets. It moves the largest value to the end after the first pass. It is similar to insertion and selection sort in performance.
DSA,What is circular queue used for?,"Circular queue is used for buffers, streaming data, and round-robin scheduling. It is a fixed-size queue where the end connects back to the start. It has a fixed capacity and needs care to tell full from empty. It is also known as a ring buffer."
DSA,What is heap?,Heap is a complete binary tree where each parent is ordered relative to its children. It gives constant-time access to the min or max and logarithmic insertions. It repeatedly extracts the smallest task to schedule next. It comes as min-heap or max-heap and is often stored in an array.
DSA,What is an alternative to merge sort?,"Merge sort is a stable alternative to quick sort and heap sort. It is a divide and conquer sorting algorithm that splits, sorts, and merges halves. It needs O(n) extra space for arrays. It sorts linked lists efficiently without random access."
DSA,Why is circular queue considered important?,"Circular queue reuses freed space and avoids shifting elements. It is a fixed-size queue where the end connects back to the start. It is used for buffers, streaming data, and round-robin scheduling. It stores audio samples in a ring buffer."
DSA,What are the alternatives or companions of two-pointer technique?,"Two-pointer technique is closely related to sliding window. It is used for sorted arrays, pair sums, and palindrome checks. It often reduces quadratic solutions to linear time with constant extra space. It finds two numbers summing to a target by moving pointers inward from both ends."
DSA,What are the alternatives or companions of DFS?,"DFS contrasts with BFS, which explores nearest vertices first. It is used for cycle detection, topological sorting, and exploring all paths. It does not find shortest paths and can overflow the recursion stack on deep graphs. It explores a maze by following a corridor to the end before returning."
DSA,Describe sliding window briefly.,"Sliding window is a technique that maintains a moving range over an array or string. It is used for subarray and substring problems like maximum sum of k elements. It avoids recomputation, reducing time from quadratic to linear. It is a specialized form of the two-pointer technique."
DSA,What is trie used for?,"Trie is used for autocomplete, spell checking, and prefix searches. It finds prefixes in time proportional to word length, independent of dictionary size. It can use much memory when many strings share few prefixes. It suggests words starting with pre while a user types."
DSA,Explain dynamic programming.,Dynamic programming is a method that solves problems by combining answers to overlapping subproblems. It turns exponential brute force into polynomial time by reusing results. It can use much memory and designing the state is difficult. It is implemented top-down with memoization or bottom-up with tabulation.
DSA,What is dynamic programming used for?,Dynamic programming is used for optimization and counting problems with optimal substructure. It is a method that solves problems by combining answers to overlapping subproblems. It turns exponential brute force into polynomial time by reusing results. It is implemented top-down with memoization or bottom-up with tabulation.
DSA,Why do developers use LRU cache?,"LRU cache is used in memory caches, browsers, and databases. It is a cache that evicts the least recently used item when full. It keeps frequently used items available and gives constant-time operations with the right design. It is an alternative to FIFO and LFU policies."
DSA,What are the alternatives or companions of stack?,"Stack is the counterpart of a queue, which is First In, First Out. It is used for undo features, recursion, expression evaluation, and backtracking. It offers constant-time push and pop with simple implementation. It lets a browser go back to the most recently visited page."
DSA,Show a real-world example of binary search tree.,"Binary search tree finds the value 42 by comparing and moving left or right. It is a binary tree where left descendants are smaller and right ones larger than each node. It is used for ordered data needing fast search, insertion, and deletion."
DSA,Show a real-world example of KMP algorithm.,KMP algorithm finds the word abab in a long string without moving backward in the text. It is used to find a pattern inside a long text. It runs in linear time O(n + m). It is an alternative to Rabin-Karp and Boyer-Moore.
DSA,How does backtracking help developers?,"Backtracking prunes large search spaces compared with naive brute force. It is used for puzzles, permutations, subsets, and constraint problems. It can still take exponential time in the worst case. It solves N-Queens by placing queens and undoing moves that cause conflicts."
DSA,What is quick sort used for?,Quick sort is used for general in-memory sorting where average speed matters. It is a sorting algorithm that partitions around a pivot and sorts both sides. It picks the last element as pivot and moves smaller values to its left. It is often made safer with random or median-of-three pivots.
DSA,How does recursion help developers?,"Recursion makes complex problems concise and natural to express. It is a technique where a function solves a problem by calling itself on smaller inputs. It is used for trees, divide and conquer, and backtracking. It computes factorial of five as five times factorial of four."
DSA,What should you watch out for when using BFS?,"BFS can use a lot of memory because it stores a whole frontier of vertices. It is used to find shortest paths in unweighted graphs and connected components. It guarantees the fewest edges to reach any vertex from the source. It contrasts with depth-first search, which explores deeply before backtracking."
DSA,List the strengths of counting sort.,"Counting sort runs in linear time, O(n + k), for suitable inputs. It is a non-comparison sorting algorithm that counts occurrences of each value. It sorts exam scores from zero to one hundred by tallying counts. It is often used as a subroutine in radix sort."
DSA,What are the downsides of circular queue?,"Circular queue has a fixed capacity and needs care to tell full from empty. It is a fixed-size queue where the end connects back to the start. It is used for buffers, streaming data, and round-robin scheduling. It is also known as a ring buffer."
DSA,How does graph compare with similar approaches?,"Graph is stored as an adjacency list or adjacency matrix. It is used to model networks, maps, dependencies, and relationships. It can be memory heavy, and many problems on graphs are computationally hard. It models cities as vertices and roads as weighted edges."
DSA,Give an example of deque.,"Deque uses Python's collections.deque to pop from the left efficiently. It is a double-ended queue allowing insertion and removal at both ends. It is used for sliding window maximum, BFS variants, and palindromes. It has slower random access than arrays in linked implementations. It generalizes both stacks and queues."
DSA,What do you gain by using BFS?,"BFS guarantees the fewest edges to reach any vertex from the source. It is a graph traversal that visits vertices level by level using a queue. It is used to find shortest paths in unweighted graphs and connected components. It contrasts with depth-first search, which explores deeply before backtracking."
DSA,When should you use deque?,"Deque is used for sliding window maximum, BFS variants, and palindromes. It is a double-ended queue allowing insertion and removal at both ends. It supports constant-time operations at both ends. It has slower random access than arrays in linked implementations."
DSA,Explain circular queue.,"Circular queue is a fixed-size queue where the end connects back to the start. It is used for buffers, streaming data, and round-robin scheduling. It stores audio samples in a ring buffer. It is also known as a ring buffer."
DSA,What do you gain by using binary search?,"Binary search runs in logarithmic time, so a million items need about twenty steps. It is used for fast lookups and for searching answers over monotonic conditions. It finds a word in a dictionary by repeatedly opening the middle page."
DSA,Explain KMP algorithm.,KMP algorithm is a string matching algorithm that avoids rechecking characters using a prefix table. It is used to find a pattern inside a long text. It is trickier to understand and implement than naive search. It is an alternative to Rabin-Karp and Boyer-Moore.
DSA,What does AVL tree mean?,"AVL tree is a self-balancing binary search tree keeping subtree heights within one. It is used when lookups dominate and guaranteed logarithmic time is needed. It guarantees O(log n) search, insert, and delete. It is more strictly balanced than Red-Black trees."
DSA,What do you gain by using Fenwick tree?,Fenwick tree is short to code and uses little memory. It is a compact structure for prefix sums supporting updates in logarithmic time. It tracks running totals of scores while values change. It is also known as a binary indexed tree.
DSA,What problem does LRU cache solve?,"LRU cache is used in memory caches, browsers, and databases. It is a cache that evicts the least recently used item when full. It can be hurt by scans that flush useful entries. It is an alternative to FIFO and LFU policies."
DSA,How does linked list compare with similar approaches?,"Linked list comes in singly, doubly, and circular forms. It is a sequence of nodes where each node points to the next. It is used when frequent insertions and deletions are needed without shifting elements. It grows dynamically and inserts at a known node in constant time."
DSA,Explain bit manipulation.,"Bit manipulation is the use of bitwise operators to work directly with binary representations. It is used for flags, masks, compact storage, and fast arithmetic tricks. It is very fast and memory efficient. It reduces readability and is easy to get wrong."
DSA,What is BFS?,"BFS is a graph traversal that visits vertices level by level using a queue. It is used to find shortest paths in unweighted graphs and connected components. It finds the minimum moves needed to solve a maze grid. It contrasts with depth-first search, which explores deeply before backtracking."
DSA,Show a real-world example of binary tree.,"Binary tree represents the expression three plus four times two as a tree. It supports natural recursive algorithms and traversals. It can become skewed, making operations as slow as a linked list. It is traversed in preorder, inorder, postorder, or level order."
DSA,What are the alternatives or companions of bit manipulation?,"Bit manipulation uses AND, OR, XOR, NOT, and shifts. It is the use of bitwise operators to work directly with binary representations. It is used for flags, masks, compact storage, and fast arithmetic tricks. It checks whether a number is a power of two with n and n minus one."
DSA,How is binary search typically used in real projects?,"Binary search is used for fast lookups and for searching answers over monotonic conditions. It is an algorithm that finds a target in a sorted collection by halving the range. It runs in logarithmic time, so a million items need about twenty steps."
DSA,What is bubble sort used for?,Bubble sort is used mainly for teaching and very small datasets. It is a simple sorting algorithm that repeatedly swaps adjacent elements that are out of order. It moves the largest value to the end after the first pass. It is similar to insertion and selection sort in performance.
DSA,Why is LRU cache considered important?,"LRU cache keeps frequently used items available and gives constant-time operations with the right design. It is used in memory caches, browsers, and databases. It can be hurt by scans that flush useful entries. It combines a hash map with a doubly linked list."
DSA,Why is heap considered important?,Heap gives constant-time access to the min or max and logarithmic insertions. It is a complete binary tree where each parent is ordered relative to its children. It is used to implement priority queues and heap sort. It comes as min-heap or max-heap and is often stored in an array.
DSA,What makes divide and conquer valuable?,"Divide and conquer simplifies hard problems and often parallelizes naturally. It is used in sorting, searching, and matrix multiplication. It adds recursion overhead and may repeat work if subproblems overlap. It sorts an array by splitting, sorting halves, and merging. It is analyzed with recurrences and the master theorem."
DSA,How is Big O notation used in practice?,"Big O notation classifies binary search as O(log n) and bubble sort as O(n^2). It is a notation describing how an algorithm's running time or space grows with input size. It describes upper bounds, while Omega and Theta describe lower and tight bounds."
DSA,What is related to union-find?,Union-find is also called disjoint set union. It is a data structure that tracks disjoint sets with find and union operations. It achieves near-constant time per operation with path compression and union by rank. It supports merging but not efficient splitting of sets.
DSA,Describe KMP algorithm briefly.,KMP algorithm is a string matching algorithm that avoids rechecking characters using a prefix table. It is used to find a pattern inside a long text. It finds the word abab in a long string without moving backward in the text.
DSA,Describe a scenario where circular queue is applied.,"Circular queue stores audio samples in a ring buffer. It is a fixed-size queue where the end connects back to the start. It is used for buffers, streaming data, and round-robin scheduling. It reuses freed space and avoids shifting elements."
DSA,How is topological sort used in practice?,Topological sort orders courses so each prerequisite comes before the course that needs it. It is an ordering of a directed acyclic graph's vertices so edges point forward. It gives a valid execution order in linear time. It exists only for graphs without cycles.
DSA,What is related to circular queue?,"Circular queue is also known as a ring buffer. It is used for buffers, streaming data, and round-robin scheduling. It reuses freed space and avoids shifting elements. It has a fixed capacity and needs care to tell full from empty."
DSA,Why do developers use DFS?,"DFS is used for cycle detection, topological sorting, and exploring all paths. It is a graph traversal that goes as deep as possible before backtracking. It does not find shortest paths and can overflow the recursion stack on deep graphs."
DSA,What problems can dynamic programming cause?,Dynamic programming can use much memory and designing the state is difficult. It is a method that solves problems by combining answers to overlapping subproblems. It is used for optimization and counting problems with optimal substructure. It is implemented top-down with memoization or bottom-up with tabulation.
DSA,How does two-pointer technique help developers?,"Two-pointer technique often reduces quadratic solutions to linear time with constant extra space. It is used for sorted arrays, pair sums, and palindrome checks. It generally needs sorted or structured input to work correctly. It is closely related to sliding window."
DSA,How would you explain adjacency list to a beginner?,Adjacency list is a graph representation storing each vertex's neighbors in a list. It is used for sparse graphs in traversals and shortest-path algorithms. It uses memory proportional to vertices plus edges and iterates neighbors quickly. It checks whether a specific edge exists more slowly than an adjacency matrix.
DSA,What makes graph valuable?,"Graph represents complex connections that trees and lists cannot capture. It is a structure of vertices connected by edges, directed or undirected. It is used to model networks, maps, dependencies, and relationships. It models cities as vertices and roads as weighted edges."
DSA,What problems can minimum spanning tree cause?,"Minimum spanning tree applies only to weighted undirected connected graphs. It is a subset of edges connecting all vertices with the smallest total weight. It is used in network design such as cables, roads, and clustering. It finds the cheapest cable layout connecting every office."
DSA,What are the limitations of divide and conquer?,"Divide and conquer adds recursion overhead and may repeat work if subproblems overlap. It is a strategy that splits a problem into subproblems, solves them, and combines results. It is used in sorting, searching, and matrix multiplication. It sorts an array by splitting, sorting halves, and merging."
DSA,What are the alternatives or companions of linked list?,"Linked list comes in singly, doubly, and circular forms. It is used when frequent insertions and deletions are needed without shifting elements. It has slow access by position and extra memory for pointers. It chains songs in a playlist so one can be inserted between two others."
DSA,How would you explain hash table to a beginner?,"Hash table is a structure that maps keys to values using a hash function. It is used for fast lookups, caches, counting, and deduplication. It offers average constant-time insert, search, and delete. It handles collisions with chaining or open addressing."
DSA,What is a practical example of adjacency list?,"Adjacency list stores vertex A with neighbors B and C as A: [B, C]. It is a graph representation storing each vertex's neighbors in a list. It uses memory proportional to vertices plus edges and iterates neighbors quickly. It is the usual alternative to an adjacency matrix for dense graphs."
DSA,How does bubble sort compare with similar approaches?,Bubble sort is similar to insertion and selection sort in performance. It is a simple sorting algorithm that repeatedly swaps adjacent elements that are out of order. It is used mainly for teaching and very small datasets. It is easy to understand and implement and can stop early if sorted.
DSA,What are the limitations of adjacency list?,"Adjacency list checks whether a specific edge exists more slowly than an adjacency matrix. It is used for sparse graphs in traversals and shortest-path algorithms. It uses memory proportional to vertices plus edges and iterates neighbors quickly. It stores vertex A with neighbors B and C as A: [B, C]."
DSA,Define two-pointer technique in simple words.,Two-pointer technique is a technique that moves two indices through data to solve problems efficiently. It generally needs sorted or structured input to work correctly. It finds two numbers summing to a target by moving pointers inward from both ends.
DSA,What problems can merge sort cause?,"Merge sort needs O(n) extra space for arrays. It is a divide and conquer sorting algorithm that splits, sorts, and merges halves. It guarantees O(n log n) time and keeps equal elements in order. It sorts linked lists efficiently without random access."
DSA,Describe quick sort briefly.,Quick sort is a sorting algorithm that partitions around a pivot and sorts both sides. It is usually very fast in practice and sorts in place. It degrades to O(n^2) with bad pivots and is not stable. It is often made safer with random or median-of-three pivots.
DSA,List the strengths of union-find.,"Union-find achieves near-constant time per operation with path compression and union by rank. It is used for connected components, Kruskal's algorithm, and cycle detection in undirected graphs. It supports merging but not efficient splitting of sets. It checks whether two computers are already connected in a network."
DSA,What are common pitfalls with union-find?,Union-find supports merging but not efficient splitting of sets. It is a data structure that tracks disjoint sets with find and union operations. It achieves near-constant time per operation with path compression and union by rank. It is also called disjoint set union.
DSA,What is deque used for?,"Deque is used for sliding window maximum, BFS variants, and palindromes. It supports constant-time operations at both ends. It has slower random access than arrays in linked implementations. It uses Python's collections.deque to pop from the left efficiently. It generalizes both stacks and queues."
DSA,How is circular queue used in practice?,Circular queue stores audio samples in a ring buffer. It is a fixed-size queue where the end connects back to the start. It has a fixed capacity and needs care to tell full from empty. It is also known as a ring buffer.
DSA,What problem does amortized analysis solve?,"Amortized analysis is used to analyze structures like dynamic arrays. It shows that occasional expensive operations still give cheap average cost. It explains why appending to a dynamic array is O(1) amortized despite occasional resizing. It differs from average-case analysis, which relies on input probability."
DSA,What is the main purpose of divide and conquer?,"Divide and conquer is used in sorting, searching, and matrix multiplication. It is a strategy that splits a problem into subproblems, solves them, and combines results. It adds recursion overhead and may repeat work if subproblems overlap. It sorts an array by splitting, sorting halves, and merging."
DSA,What other concepts are connected to Bloom filter?,Bloom filter never returns false negatives. It is a probabilistic structure that tests whether an element is possibly in a set. It is very space efficient and has fast constant-time operations. It lets a crawler quickly skip URLs it has probably seen.
DSA,How does Big O notation compare with similar approaches?,"Big O notation describes upper bounds, while Omega and Theta describe lower and tight bounds. It is used to compare algorithms independent of hardware. It hides constant factors that matter on small inputs. It classifies binary search as O(log n) and bubble sort as O(n^2)."
DSA,How does Fenwick tree help developers?,Fenwick tree is short to code and uses little memory. It is used for cumulative frequency and range sum queries. It is less flexible than segment trees and suits mainly invertible operations. It tracks running totals of scores while values change. It is also known as a binary indexed tree.
DSA,How would you explain amortized analysis to a beginner?,Amortized analysis is a method that averages the cost of operations over a sequence. It is used to analyze structures like dynamic arrays. It shows that occasional expensive operations still give cheap average cost. It guarantees average cost over sequences but not for every single operation.
DSA,How would you explain Fenwick tree to a beginner?,Fenwick tree is a compact structure for prefix sums supporting updates in logarithmic time. It is short to code and uses little memory. It tracks running totals of scores while values change. It is also known as a binary indexed tree.
DSA,What should you watch out for when using DFS?,"DFS does not find shortest paths and can overflow the recursion stack on deep graphs. It is a graph traversal that goes as deep as possible before backtracking. It is simple to write recursively and uses memory proportional to depth. It contrasts with BFS, which explores nearest vertices first."
DSA,When should you avoid Fenwick tree?,Fenwick tree is less flexible than segment trees and suits mainly invertible operations. It is a compact structure for prefix sums supporting updates in logarithmic time. It is short to code and uses little memory. It tracks running totals of scores while values change.
DSA,What are the disadvantages of Big O notation?,"Big O notation hides constant factors that matter on small inputs. It is a notation describing how an algorithm's running time or space grows with input size. It describes upper bounds, while Omega and Theta describe lower and tight bounds."
DSA,What should I learn alongside hash table?,"Hash table handles collisions with chaining or open addressing. It is used for fast lookups, caches, counting, and deduplication. It has unordered keys, collisions, and worst-case linear time with poor hashing. It counts word frequencies by using each word as a key."
DSA,When should you avoid amortized analysis?,Amortized analysis guarantees average cost over sequences but not for every single operation. It is used to analyze structures like dynamic arrays. It shows that occasional expensive operations still give cheap average cost. It explains why appending to a dynamic array is O(1) amortized despite occasional resizing.
DSA,What should you watch out for when using minimum spanning tree?,Minimum spanning tree applies only to weighted undirected connected graphs. It is a subset of edges connecting all vertices with the smallest total weight. It finds the cheapest cable layout connecting every office. It is computed using Kruskal's or Prim's algorithm.
DSA,What are the drawbacks of Fenwick tree?,Fenwick tree is less flexible than segment trees and suits mainly invertible operations. It is a compact structure for prefix sums supporting updates in logarithmic time. It is used for cumulative frequency and range sum queries. It is short to code and uses little memory.
DSA,What are common pitfalls with binary search?,Binary search requires sorted data and random access to be efficient. It is an algorithm that finds a target in a sorted collection by halving the range. It is used for fast lookups and for searching answers over monotonic conditions.
DSA,Walk me through a simple example of binary tree.,"Binary tree represents the expression three plus four times two as a tree. It is a hierarchical structure where each node has at most two children. It is used to represent hierarchies, expressions, and as a base for search trees. It supports natural recursive algorithms and traversals."
DSA,Give an example of BFS.,"BFS finds the minimum moves needed to solve a maze grid. It is a graph traversal that visits vertices level by level using a queue. It can use a lot of memory because it stores a whole frontier of vertices. It contrasts with depth-first search, which explores deeply before backtracking."
DSA,Can you give a short overview of binary search?,Binary search is an algorithm that finds a target in a sorted collection by halving the range. It is used for fast lookups and for searching answers over monotonic conditions. It finds a word in a dictionary by repeatedly opening the middle page.
DSA,Explain sliding window.,Sliding window is a technique that maintains a moving range over an array or string. It works best when the window condition changes predictably as it moves. It finds the longest substring without repeating characters. It is a specialized form of the two-pointer technique.
DSA,What is a practical example of recursion?,"Recursion computes factorial of five as five times factorial of four. It is used for trees, divide and conquer, and backtracking. It makes complex problems concise and natural to express. It can overflow the call stack and repeat work without memoization."
DSA,What should I learn alongside quick sort?,Quick sort is often made safer with random or median-of-three pivots. It is a sorting algorithm that partitions around a pivot and sorts both sides. It degrades to O(n^2) with bad pivots and is not stable. It picks the last element as pivot and moves smaller values to its left.
DSA,How does segment tree differ from related concepts?,Segment tree is an alternative to Fenwick trees and sparse tables. It is a tree structure that stores aggregate information for array ranges. It uses extra memory and is more complex to implement than prefix sums. It finds the minimum in any subarray of a changing array.
DSA,What is an alternative to array?,"Array differs from linked lists, which trade access speed for flexible insertion. It is used when fast random access and a known size are needed. It gives constant-time access by index and good cache locality. It stores daily temperatures for a week at indexes zero to six."
DSA,When should you use Bloom filter?,Bloom filter is used to avoid costly lookups in caches and databases. It is a probabilistic structure that tests whether an element is possibly in a set. It has false positives and does not support deletion in the basic version. It never returns false negatives.
DSA,What are the limitations of recursion?,Recursion can overflow the call stack and repeat work without memoization. It makes complex problems concise and natural to express. It computes factorial of five as five times factorial of four. It needs a base case and can often be converted to iteration.
DSA,Define dynamic programming in simple words.,Dynamic programming is a method that solves problems by combining answers to overlapping subproblems. It is used for optimization and counting problems with optimal substructure. It can use much memory and designing the state is difficult. It finds the minimum coins needed to make change for an amount.
DSA,What are the downsides of trie?,Trie can use much memory when many strings share few prefixes. It is a tree storing strings character by character along paths from the root. It suggests words starting with pre while a user types. It is also called a prefix tree.
DSA,Why is topological sort useful?,"Topological sort gives a valid execution order in linear time. It is used for task scheduling, build systems, and course prerequisites. It orders courses so each prerequisite comes before the course that needs it. It is computed with Kahn's algorithm or DFS."
DSA,What are the disadvantages of hash table?,"Hash table has unordered keys, collisions, and worst-case linear time with poor hashing. It is a structure that maps keys to values using a hash function. It counts word frequencies by using each word as a key. It handles collisions with chaining or open addressing."
DSA,Define KMP algorithm in simple words.,KMP algorithm is a string matching algorithm that avoids rechecking characters using a prefix table. It runs in linear time O(n + m). It is trickier to understand and implement than naive search. It finds the word abab in a long string without moving backward in the text.
DSA,What are the drawbacks of dynamic programming?,Dynamic programming can use much memory and designing the state is difficult. It is used for optimization and counting problems with optimal substructure. It turns exponential brute force into polynomial time by reusing results. It is implemented top-down with memoization or bottom-up with tabulation.
DSA,List the strengths of binary tree.,"Binary tree supports natural recursive algorithms and traversals. It can become skewed, making operations as slow as a linked list. It represents the expression three plus four times two as a tree. It is traversed in preorder, inorder, postorder, or level order."
DSA,How would you explain topological sort to a beginner?,Topological sort is an ordering of a directed acyclic graph's vertices so edges point forward. It gives a valid execution order in linear time. It orders courses so each prerequisite comes before the course that needs it. It is computed with Kahn's algorithm or DFS.
DSA,What are the benefits of using counting sort?,"Counting sort runs in linear time, O(n + k), for suitable inputs. It is a non-comparison sorting algorithm that counts occurrences of each value. It is used for integers within a small known range. It wastes memory when the value range is large."
DSA,What is memoization used for?,"Memoization is used in recursive solutions with overlapping subproblems. It is an optimization that caches function results for repeated inputs. It avoids repeated computation, often reducing exponential time to polynomial. It uses extra memory and adds recursion overhead. It stores Fibonacci values so each is computed once."
DSA,What is an alternative to binary tree?,"Binary tree is traversed in preorder, inorder, postorder, or level order. It is a hierarchical structure where each node has at most two children. It is used to represent hierarchies, expressions, and as a base for search trees. It represents the expression three plus four times two as a tree."
DSA,What should you watch out for when using queue?,"Queue allows access only at the ends, and array versions may waste space. It is a linear structure following First In, First Out order. It is used for scheduling, buffering, and breadth-first search. It processes items fairly in arrival order with constant-time enqueue and dequeue."
DSA,What problems can backtracking cause?,"Backtracking can still take exponential time in the worst case. It is a technique that builds solutions step by step and abandons paths that fail. It is used for puzzles, permutations, subsets, and constraint problems. It solves N-Queens by placing queens and undoing moves that cause conflicts."
DSA,What is merge sort used for?,"Merge sort is used when stable, predictable sorting or external sorting is needed. It is a divide and conquer sorting algorithm that splits, sorts, and merges halves. It guarantees O(n log n) time and keeps equal elements in order. It needs O(n) extra space for arrays."
DSA,Describe a scenario where heap is applied.,Heap repeatedly extracts the smallest task to schedule next. It is used to implement priority queues and heap sort. It does not support fast arbitrary search or ordered traversal. It comes as min-heap or max-heap and is often stored in an array.
DSA,Can you illustrate heap with an example?,Heap repeatedly extracts the smallest task to schedule next. It is a complete binary tree where each parent is ordered relative to its children. It gives constant-time access to the min or max and logarithmic insertions. It comes as min-heap or max-heap and is often stored in an array.
DSA,What is the main purpose of union-find?,"Union-find is used for connected components, Kruskal's algorithm, and cycle detection in undirected graphs. It is a data structure that tracks disjoint sets with find and union operations. It achieves near-constant time per operation with path compression and union by rank."
DSA,What are the downsides of divide and conquer?,"Divide and conquer adds recursion overhead and may repeat work if subproblems overlap. It is a strategy that splits a problem into subproblems, solves them, and combines results. It sorts an array by splitting, sorting halves, and merging. It is analyzed with recurrences and the master theorem."
DSA,How does two-pointer technique differ from related concepts?,"Two-pointer technique is closely related to sliding window. It is a technique that moves two indices through data to solve problems efficiently. It is used for sorted arrays, pair sums, and palindrome checks. It finds two numbers summing to a target by moving pointers inward from both ends."
DSA,What should you watch out for when using heap sort?,"Heap sort is not stable and usually slower than quick sort in practice due to cache behavior. It is a sorting algorithm that builds a heap and repeatedly extracts the maximum. It builds a max-heap, then swaps the root with the last element repeatedly."
DSA,Define queue in simple words.,"Queue is a linear structure following First In, First Out order. It processes items fairly in arrival order with constant-time enqueue and dequeue. It allows access only at the ends, and array versions may waste space. It lines up print jobs so the earliest one prints first."
DSA,Show a real-world example of Big O notation.,"Big O notation classifies binary search as O(log n) and bubble sort as O(n^2). It focuses on scalability, ignoring constants and lower-order terms. It hides constant factors that matter on small inputs. It describes upper bounds, while Omega and Theta describe lower and tight bounds."
DSA,When should you use counting sort?,"Counting sort is used for integers within a small known range. It is a non-comparison sorting algorithm that counts occurrences of each value. It runs in linear time, O(n + k), for suitable inputs. It sorts exam scores from zero to one hundred by tallying counts."
DSA,What are the limitations of array?,"Array has costly middle insertions and deletions, and fixed size in many languages. It gives constant-time access by index and good cache locality. It stores daily temperatures for a week at indexes zero to six. It differs from linked lists, which trade access speed for flexible insertion."
DSA,How does sliding window differ from related concepts?,"Sliding window is a specialized form of the two-pointer technique. It is used for subarray and substring problems like maximum sum of k elements. It avoids recomputation, reducing time from quadratic to linear. It finds the longest substring without repeating characters."
DSA,What is the main purpose of minimum spanning tree?,"Minimum spanning tree is used in network design such as cables, roads, and clustering. It is a subset of edges connecting all vertices with the smallest total weight. It applies only to weighted undirected connected graphs. It finds the cheapest cable layout connecting every office."
DSA,What is the main purpose of counting sort?,"Counting sort is used for integers within a small known range. It runs in linear time, O(n + k), for suitable inputs. It wastes memory when the value range is large. It sorts exam scores from zero to one hundred by tallying counts."
DSA,What are the alternatives or companions of amortized analysis?,"Amortized analysis differs from average-case analysis, which relies on input probability. It is a method that averages the cost of operations over a sequence. It is used to analyze structures like dynamic arrays. It explains why appending to a dynamic array is O(1) amortized despite occasional resizing."
DSA,What problem does greedy algorithm solve?,"Greedy algorithm is used when local choices lead to a global optimum, like interval scheduling. It is an approach that picks the locally best choice at every step. It fails on problems without the greedy-choice property, so correctness needs proof."
DSA,What is an alternative to hash table?,"Hash table handles collisions with chaining or open addressing. It offers average constant-time insert, search, and delete. It has unordered keys, collisions, and worst-case linear time with poor hashing. It counts word frequencies by using each word as a key."
DSA,Show a real-world example of sliding window.,"Sliding window finds the longest substring without repeating characters. It is a technique that maintains a moving range over an array or string. It is used for subarray and substring problems like maximum sum of k elements. It avoids recomputation, reducing time from quadratic to linear."
DSA,What are the benefits of using minimum spanning tree?,"Minimum spanning tree gives the cheapest way to connect everything without cycles. It is used in network design such as cables, roads, and clustering. It applies only to weighted undirected connected graphs. It finds the cheapest cable layout connecting every office. It is computed using Kruskal's or Prim's algorithm."
DSA,What problems can sliding window cause?,"Sliding window works best when the window condition changes predictably as it moves. It is a technique that maintains a moving range over an array or string. It avoids recomputation, reducing time from quadratic to linear. It is a specialized form of the two-pointer technique."
DSA,How does adjacency list differ from related concepts?,Adjacency list is the usual alternative to an adjacency matrix for dense graphs. It is a graph representation storing each vertex's neighbors in a list. It uses memory proportional to vertices plus edges and iterates neighbors quickly. It checks whether a specific edge exists more slowly than an adjacency matrix.
DSA,What does minimum spanning tree mean?,"Minimum spanning tree is a subset of edges connecting all vertices with the smallest total weight. It is used in network design such as cables, roads, and clustering. It applies only to weighted undirected connected graphs. It is computed using Kruskal's or Prim's algorithm."
DSA,When should you use BFS?,"BFS is used to find shortest paths in unweighted graphs and connected components. It is a graph traversal that visits vertices level by level using a queue. It finds the minimum moves needed to solve a maze grid. It contrasts with depth-first search, which explores deeply before backtracking."
DSA,What are common pitfalls with Big O notation?,"Big O notation hides constant factors that matter on small inputs. It focuses on scalability, ignoring constants and lower-order terms. It classifies binary search as O(log n) and bubble sort as O(n^2). It describes upper bounds, while Omega and Theta describe lower and tight bounds."
DSA,What does trie mean?,"Trie is a tree storing strings character by character along paths from the root. It finds prefixes in time proportional to word length, independent of dictionary size. It suggests words starting with pre while a user types. It is also called a prefix tree."
DSA,Explain hash table.,"Hash table is a structure that maps keys to values using a hash function. It is used for fast lookups, caches, counting, and deduplication. It offers average constant-time insert, search, and delete. It counts word frequencies by using each word as a key."
DSA,What is the main purpose of amortized analysis?,"Amortized analysis is used to analyze structures like dynamic arrays. It guarantees average cost over sequences but not for every single operation. It explains why appending to a dynamic array is O(1) amortized despite occasional resizing. It differs from average-case analysis, which relies on input probability."
DSA,What are the drawbacks of recursion?,"Recursion can overflow the call stack and repeat work without memoization. It is a technique where a function solves a problem by calling itself on smaller inputs. It is used for trees, divide and conquer, and backtracking. It makes complex problems concise and natural to express."
DSA,Why is Bloom filter useful?,Bloom filter is very space efficient and has fast constant-time operations. It is used to avoid costly lookups in caches and databases. It has false positives and does not support deletion in the basic version. It lets a crawler quickly skip URLs it has probably seen.
DSA,Why is recursion useful?,"Recursion makes complex problems concise and natural to express. It is used for trees, divide and conquer, and backtracking. It can overflow the call stack and repeat work without memoization. It needs a base case and can often be converted to iteration."
DSA,How is array typically used in real projects?,"Array is used when fast random access and a known size are needed. It is a collection of elements stored in contiguous memory and accessed by index. It has costly middle insertions and deletions, and fixed size in many languages."
DSA,What do you gain by using binary tree?,"Binary tree supports natural recursive algorithms and traversals. It is a hierarchical structure where each node has at most two children. It represents the expression three plus four times two as a tree. It is traversed in preorder, inorder, postorder, or level order."
DSA,Explain backtracking.,"Backtracking is a technique that builds solutions step by step and abandons paths that fail. It is used for puzzles, permutations, subsets, and constraint problems. It can still take exponential time in the worst case. It solves N-Queens by placing queens and undoing moves that cause conflicts."
DSA,What are the disadvantages of LRU cache?,"LRU cache can be hurt by scans that flush useful entries. It is a cache that evicts the least recently used item when full. It is used in memory caches, browsers, and databases. It keeps frequently used items available and gives constant-time operations with the right design."
DSA,What should you watch out for when using graph?,"Graph can be memory heavy, and many problems on graphs are computationally hard. It is a structure of vertices connected by edges, directed or undirected. It models cities as vertices and roads as weighted edges. It is stored as an adjacency list or adjacency matrix."
DSA,What should I learn alongside DFS?,"DFS contrasts with BFS, which explores nearest vertices first. It is used for cycle detection, topological sorting, and exploring all paths. It is simple to write recursively and uses memory proportional to depth. It does not find shortest paths and can overflow the recursion stack on deep graphs."
DSA,What does binary search tree mean?,Binary search tree is a binary tree where left descendants are smaller and right ones larger than each node. It degrades to linear time if the tree becomes skewed. It is made reliable by balanced variants such as AVL and Red-Black trees.
DSA,How does divide and conquer help developers?,"Divide and conquer simplifies hard problems and often parallelizes naturally. It is used in sorting, searching, and matrix multiplication. It adds recursion overhead and may repeat work if subproblems overlap. It sorts an array by splitting, sorting halves, and merging."
DSA,What are the downsides of deque?,"Deque has slower random access than arrays in linked implementations. It is a double-ended queue allowing insertion and removal at both ends. It is used for sliding window maximum, BFS variants, and palindromes. It uses Python's collections.deque to pop from the left efficiently. It generalizes both stacks and queues."
DSA,What are the limitations of heap sort?,Heap sort is not stable and usually slower than quick sort in practice due to cache behavior. It is used when guaranteed O(n log n) time and constant extra space are required. It sorts in place with no worst-case slowdown.
DSA,How would you explain bubble sort to a beginner?,Bubble sort is a simple sorting algorithm that repeatedly swaps adjacent elements that are out of order. It is easy to understand and implement and can stop early if sorted. It runs in O(n^2) time and is impractical for large inputs.
DSA,How is bubble sort used in practice?,Bubble sort moves the largest value to the end after the first pass. It is used mainly for teaching and very small datasets. It is easy to understand and implement and can stop early if sorted. It is similar to insertion and selection sort in performance.
DSA,What are common pitfalls with Fenwick tree?,Fenwick tree is less flexible than segment trees and suits mainly invertible operations. It is used for cumulative frequency and range sum queries. It is short to code and uses little memory. It is also known as a binary indexed tree.
DSA,What does queue mean?,"Queue is a linear structure following First In, First Out order. It allows access only at the ends, and array versions may waste space. It lines up print jobs so the earliest one prints first. It has variants like deque, priority queue, and circular queue."
DSA,Describe union-find briefly.,"Union-find is a data structure that tracks disjoint sets with find and union operations. It is used for connected components, Kruskal's algorithm, and cycle detection in undirected graphs. It checks whether two computers are already connected in a network. It is also called disjoint set union."
DSA,How is LRU cache used in practice?,"LRU cache combines a hash map with a doubly linked list. It is a cache that evicts the least recently used item when full. It is used in memory caches, browsers, and databases. It is an alternative to FIFO and LFU policies."
DSA,What makes sliding window valuable?,"Sliding window avoids recomputation, reducing time from quadratic to linear. It is a technique that maintains a moving range over an array or string. It works best when the window condition changes predictably as it moves. It finds the longest substring without repeating characters."
DSA,What does LRU cache mean?,LRU cache is a cache that evicts the least recently used item when full. It keeps frequently used items available and gives constant-time operations with the right design. It can be hurt by scans that flush useful entries. It is an alternative to FIFO and LFU policies.
DSA,What makes minimum spanning tree valuable?,"Minimum spanning tree gives the cheapest way to connect everything without cycles. It is used in network design such as cables, roads, and clustering. It finds the cheapest cable layout connecting every office. It is computed using Kruskal's or Prim's algorithm."
DSA,Walk me through a simple example of trie.,"Trie suggests words starting with pre while a user types. It is a tree storing strings character by character along paths from the root. It is used for autocomplete, spell checking, and prefix searches. It finds prefixes in time proportional to word length, independent of dictionary size."
DSA,What should I learn alongside LRU cache?,LRU cache is an alternative to FIFO and LFU policies. It is a cache that evicts the least recently used item when full. It keeps frequently used items available and gives constant-time operations with the right design. It combines a hash map with a doubly linked list.
DSA,How does stack differ from related concepts?,"Stack is the counterpart of a queue, which is First In, First Out. It allows access only to the top element and can overflow if size is bounded. It lets a browser go back to the most recently visited page."
DSA,When should you avoid minimum spanning tree?,"Minimum spanning tree applies only to weighted undirected connected graphs. It is used in network design such as cables, roads, and clustering. It gives the cheapest way to connect everything without cycles. It finds the cheapest cable layout connecting every office."
DSA,What problem does deque solve?,"Deque is used for sliding window maximum, BFS variants, and palindromes. It is a double-ended queue allowing insertion and removal at both ends. It supports constant-time operations at both ends. It has slower random access than arrays in linked implementations. It uses Python's collections.deque to pop from the left efficiently."
DSA,What problems can stack cause?,"Stack allows access only to the top element and can overflow if size is bounded. It is a linear structure following Last In, First Out order. It is used for undo features, recursion, expression evaluation, and backtracking. It offers constant-time push and pop with simple implementation."
DSA,Why do developers use memoization?,"Memoization is used in recursive solutions with overlapping subproblems. It is an optimization that caches function results for repeated inputs. It avoids repeated computation, often reducing exponential time to polynomial. It stores Fibonacci values so each is computed once. It is the top-down counterpart of tabulation in dynamic programming."
DSA,Where have you seen Big O notation in action?,"Big O notation classifies binary search as O(log n) and bubble sort as O(n^2). It is used to compare algorithms independent of hardware. It focuses on scalability, ignoring constants and lower-order terms. It hides constant factors that matter on small inputs."
DSA,What are the downsides of memoization?,"Memoization uses extra memory and adds recursion overhead. It is used in recursive solutions with overlapping subproblems. It avoids repeated computation, often reducing exponential time to polynomial. It stores Fibonacci values so each is computed once. It is the top-down counterpart of tabulation in dynamic programming."
DSA,In which situations is dynamic programming a good choice?,Dynamic programming is used for optimization and counting problems with optimal substructure. It turns exponential brute force into polynomial time by reusing results. It finds the minimum coins needed to make change for an amount. It is implemented top-down with memoization or bottom-up with tabulation.
DSA,When should you avoid bubble sort?,Bubble sort runs in O(n^2) time and is impractical for large inputs. It is a simple sorting algorithm that repeatedly swaps adjacent elements that are out of order. It is used mainly for teaching and very small datasets. It moves the largest value to the end after the first pass.
DSA,How does Bloom filter help developers?,Bloom filter is very space efficient and has fast constant-time operations. It has false positives and does not support deletion in the basic version. It lets a crawler quickly skip URLs it has probably seen. It never returns false negatives.
DSA,How does quick sort work?,"Quick sort picks a pivot, partitions the array so smaller elements go left and larger go right, then recursively sorts both sides. Its average time complexity is O(n log n), but the worst case is O(n^2) with poor pivots. It sorts in place and is typically very fast in practice."
DSA,Define adjacency list in simple words.,"Adjacency list is a graph representation storing each vertex's neighbors in a list. It is used for sparse graphs in traversals and shortest-path algorithms. It stores vertex A with neighbors B and C as A: [B, C]. It is the usual alternative to an adjacency matrix for dense graphs."
DSA,Give an example of recursion.,Recursion computes factorial of five as five times factorial of four. It is a technique where a function solves a problem by calling itself on smaller inputs. It makes complex problems concise and natural to express. It needs a base case and can often be converted to iteration.
DSA,How is heap sort used in practice?,"Heap sort builds a max-heap, then swaps the root with the last element repeatedly. It sorts in place with no worst-case slowdown. It is not stable and usually slower than quick sort in practice due to cache behavior. It relies on the heap data structure."
DSA,What do you gain by using circular queue?,"Circular queue reuses freed space and avoids shifting elements. It is a fixed-size queue where the end connects back to the start. It is used for buffers, streaming data, and round-robin scheduling. It is also known as a ring buffer."
DSA,Walk me through a simple example of bit manipulation.,"Bit manipulation checks whether a number is a power of two with n and n minus one. It is used for flags, masks, compact storage, and fast arithmetic tricks. It is very fast and memory efficient. It reduces readability and is easy to get wrong."
DSA,How does amortized analysis differ from related concepts?,"Amortized analysis differs from average-case analysis, which relies on input probability. It is a method that averages the cost of operations over a sequence. It guarantees average cost over sequences but not for every single operation. It explains why appending to a dynamic array is O(1) amortized despite occasional resizing."
DSA,What should you watch out for when using greedy algorithm?,"Greedy algorithm fails on problems without the greedy-choice property, so correctness needs proof. It is an approach that picks the locally best choice at every step. It is simple, fast, and often easy to implement. It differs from dynamic programming, which considers combinations of subproblems."
DSA,Define sliding window in simple words.,Sliding window is a technique that maintains a moving range over an array or string. It is used for subarray and substring problems like maximum sum of k elements. It finds the longest substring without repeating characters. It is a specialized form of the two-pointer technique.
DSA,What is related to topological sort?,"Topological sort is computed with Kahn's algorithm or DFS. It is used for task scheduling, build systems, and course prerequisites. It gives a valid execution order in linear time. It exists only for graphs without cycles. It orders courses so each prerequisite comes before the course that needs it."
DSA,What makes Big O notation valuable?,"Big O notation focuses on scalability, ignoring constants and lower-order terms. It is used to compare algorithms independent of hardware. It hides constant factors that matter on small inputs. It classifies binary search as O(log n) and bubble sort as O(n^2)."
DSA,What is topological sort used for?,"Topological sort is used for task scheduling, build systems, and course prerequisites. It is an ordering of a directed acyclic graph's vertices so edges point forward. It gives a valid execution order in linear time. It exists only for graphs without cycles. It is computed with Kahn's algorithm or DFS."
DSA,What does bubble sort mean?,Bubble sort is a simple sorting algorithm that repeatedly swaps adjacent elements that are out of order. It is used mainly for teaching and very small datasets. It moves the largest value to the end after the first pass. It is similar to insertion and selection sort in performance.
DSA,What are the advantages of quick sort?,Quick sort is usually very fast in practice and sorts in place. It is a sorting algorithm that partitions around a pivot and sorts both sides. It picks the last element as pivot and moves smaller values to its left. It is often made safer with random or median-of-three pivots.
DSA,Describe linked list briefly.,"Linked list is a sequence of nodes where each node points to the next. It grows dynamically and inserts at a known node in constant time. It chains songs in a playlist so one can be inserted between two others. It comes in singly, doubly, and circular forms."
DSA,What makes queue valuable?,"Queue processes items fairly in arrival order with constant-time enqueue and dequeue. It allows access only at the ends, and array versions may waste space. It lines up print jobs so the earliest one prints first. It has variants like deque, priority queue, and circular queue."
DSA,When should you avoid heap sort?,"Heap sort is not stable and usually slower than quick sort in practice due to cache behavior. It sorts in place with no worst-case slowdown. It builds a max-heap, then swaps the root with the last element repeatedly. It relies on the heap data structure."
DSA,Can you illustrate backtracking with an example?,Backtracking solves N-Queens by placing queens and undoing moves that cause conflicts. It prunes large search spaces compared with naive brute force. It can still take exponential time in the worst case. It is related to depth-first search and recursion.
DSA,Why is array considered important?,"Array gives constant-time access by index and good cache locality. It is a collection of elements stored in contiguous memory and accessed by index. It is used when fast random access and a known size are needed. It has costly middle insertions and deletions, and fixed size in many languages."
DSA,What does backtracking mean?,"Backtracking is a technique that builds solutions step by step and abandons paths that fail. It is used for puzzles, permutations, subsets, and constraint problems. It can still take exponential time in the worst case. It is related to depth-first search and recursion."
DSA,How is dynamic programming typically used in real projects?,Dynamic programming is used for optimization and counting problems with optimal substructure. It can use much memory and designing the state is difficult. It finds the minimum coins needed to make change for an amount. It is implemented top-down with memoization or bottom-up with tabulation.
DSA,What is an alternative to bit manipulation?,"Bit manipulation uses AND, OR, XOR, NOT, and shifts. It is the use of bitwise operators to work directly with binary representations. It reduces readability and is easy to get wrong. It checks whether a number is a power of two with n and n minus one."
DSA,What makes KMP algorithm valuable?,KMP algorithm runs in linear time O(n + m). It is used to find a pattern inside a long text. It is trickier to understand and implement than naive search. It finds the word abab in a long string without moving backward in the text.
DSA,How would you explain LRU cache to a beginner?,"LRU cache is a cache that evicts the least recently used item when full. It is used in memory caches, browsers, and databases. It keeps frequently used items available and gives constant-time operations with the right design. It is an alternative to FIFO and LFU policies."
DSA,Describe two-pointer technique briefly.,Two-pointer technique is a technique that moves two indices through data to solve problems efficiently. It often reduces quadratic solutions to linear time with constant extra space. It finds two numbers summing to a target by moving pointers inward from both ends.
DSA,How is bubble sort typically used in real projects?,Bubble sort is used mainly for teaching and very small datasets. It is a simple sorting algorithm that repeatedly swaps adjacent elements that are out of order. It is easy to understand and implement and can stop early if sorted. It is similar to insertion and selection sort in performance.
DSA,Show a real-world example of dynamic programming.,Dynamic programming finds the minimum coins needed to make change for an amount. It is used for optimization and counting problems with optimal substructure. It turns exponential brute force into polynomial time by reusing results. It is implemented top-down with memoization or bottom-up with tabulation.
DSA,What are the downsides of linked list?,Linked list has slow access by position and extra memory for pointers. It is a sequence of nodes where each node points to the next. It is used when frequent insertions and deletions are needed without shifting elements. It grows dynamically and inserts at a known node in constant time.
DSA,How does binary tree differ from related concepts?,"Binary tree is traversed in preorder, inorder, postorder, or level order. It is a hierarchical structure where each node has at most two children. It is used to represent hierarchies, expressions, and as a base for search trees. It supports natural recursive algorithms and traversals."
DSA,What problems can bit manipulation cause?,"Bit manipulation reduces readability and is easy to get wrong. It is used for flags, masks, compact storage, and fast arithmetic tricks. It is very fast and memory efficient. It checks whether a number is a power of two with n and n minus one."
DSA,What other concepts are connected to adjacency list?,Adjacency list is the usual alternative to an adjacency matrix for dense graphs. It is used for sparse graphs in traversals and shortest-path algorithms. It uses memory proportional to vertices plus edges and iterates neighbors quickly. It checks whether a specific edge exists more slowly than an adjacency matrix.
DSA,Show a real-world example of bit manipulation.,"Bit manipulation checks whether a number is a power of two with n and n minus one. It is the use of bitwise operators to work directly with binary representations. It is very fast and memory efficient. It uses AND, OR, XOR, NOT, and shifts."
DSA,Can you give a short overview of Big O notation?,"Big O notation is a notation describing how an algorithm's running time or space grows with input size. It classifies binary search as O(log n) and bubble sort as O(n^2). It describes upper bounds, while Omega and Theta describe lower and tight bounds."
DSA,What are the drawbacks of bit manipulation?,"Bit manipulation reduces readability and is easy to get wrong. It is the use of bitwise operators to work directly with binary representations. It checks whether a number is a power of two with n and n minus one. It uses AND, OR, XOR, NOT, and shifts."
DSA,How does union-find help developers?,Union-find achieves near-constant time per operation with path compression and union by rank. It supports merging but not efficient splitting of sets. It checks whether two computers are already connected in a network. It is also called disjoint set union.
DSA,Why do developers use divide and conquer?,"Divide and conquer is used in sorting, searching, and matrix multiplication. It adds recursion overhead and may repeat work if subproblems overlap. It sorts an array by splitting, sorting halves, and merging. It is analyzed with recurrences and the master theorem."
DSA,How does binary search tree help developers?,Binary search tree gives logarithmic operations on balanced trees and sorted output through inorder traversal. It is a binary tree where left descendants are smaller and right ones larger than each node. It is made reliable by balanced variants such as AVL and Red-Black trees.
DSA,What are the benefits of using memoization?,"Memoization avoids repeated computation, often reducing exponential time to polynomial. It is an optimization that caches function results for repeated inputs. It is used in recursive solutions with overlapping subproblems. It uses extra memory and adds recursion overhead. It is the top-down counterpart of tabulation in dynamic programming."
DSA,What are the benefits of using circular queue?,"Circular queue reuses freed space and avoids shifting elements. It is a fixed-size queue where the end connects back to the start. It is used for buffers, streaming data, and round-robin scheduling. It has a fixed capacity and needs care to tell full from empty."
DSA,What problem does heap sort solve?,"Heap sort is used when guaranteed O(n log n) time and constant extra space are required. It sorts in place with no worst-case slowdown. It builds a max-heap, then swaps the root with the last element repeatedly. It relies on the heap data structure."
DSA,How is trie used in practice?,"Trie suggests words starting with pre while a user types. It is used for autocomplete, spell checking, and prefix searches. It finds prefixes in time proportional to word length, independent of dictionary size. It can use much memory when many strings share few prefixes."
DSA,Give an example of merge sort.,"Merge sort sorts linked lists efficiently without random access. It is used when stable, predictable sorting or external sorting is needed. It guarantees O(n log n) time and keeps equal elements in order. It needs O(n) extra space for arrays."
DSA,Describe a scenario where BFS is applied.,BFS finds the minimum moves needed to solve a maze grid. It is a graph traversal that visits vertices level by level using a queue. It is used to find shortest paths in unweighted graphs and connected components. It guarantees the fewest edges to reach any vertex from the source.
DSA,What is the main purpose of circular queue?,"Circular queue is used for buffers, streaming data, and round-robin scheduling. It is a fixed-size queue where the end connects back to the start. It stores audio samples in a ring buffer. It is also known as a ring buffer."
DSA,What is an alternative to LRU cache?,LRU cache is an alternative to FIFO and LFU policies. It is a cache that evicts the least recently used item when full. It can be hurt by scans that flush useful entries. It combines a hash map with a doubly linked list.
DSA,What are the disadvantages of union-find?,"Union-find supports merging but not efficient splitting of sets. It is used for connected components, Kruskal's algorithm, and cycle detection in undirected graphs. It checks whether two computers are already connected in a network. It is also called disjoint set union."
DSA,When should you avoid linked list?,"Linked list has slow access by position and extra memory for pointers. It grows dynamically and inserts at a known node in constant time. It chains songs in a playlist so one can be inserted between two others. It comes in singly, doubly, and circular forms."
DSA,Where is segment tree commonly applied?,Segment tree is used for range queries and updates such as sum or minimum. It answers range queries and point updates in logarithmic time. It uses extra memory and is more complex to implement than prefix sums. It finds the minimum in any subarray of a changing array.
DSA,What is an alternative to union-find?,"Union-find is also called disjoint set union. It is used for connected components, Kruskal's algorithm, and cycle detection in undirected graphs. It achieves near-constant time per operation with path compression and union by rank. It supports merging but not efficient splitting of sets."
DSA,Is there a substitute for binary tree?,"Binary tree is traversed in preorder, inorder, postorder, or level order. It is a hierarchical structure where each node has at most two children. It is used to represent hierarchies, expressions, and as a base for search trees. It can become skewed, making operations as slow as a linked list."
DSA,Explain Big O notation.,"Big O notation is a notation describing how an algorithm's running time or space grows with input size. It is used to compare algorithms independent of hardware. It focuses on scalability, ignoring constants and lower-order terms. It describes upper bounds, while Omega and Theta describe lower and tight bounds."
DSA,What does Big O notation mean?,"Big O notation is a notation describing how an algorithm's running time or space grows with input size. It is used to compare algorithms independent of hardware. It focuses on scalability, ignoring constants and lower-order terms. It classifies binary search as O(log n) and bubble sort as O(n^2)."
DSA,Walk me through a simple example of KMP algorithm.,KMP algorithm finds the word abab in a long string without moving backward in the text. It is a string matching algorithm that avoids rechecking characters using a prefix table. It runs in linear time O(n + m). It is an alternative to Rabin-Karp and Boyer-Moore.
DSA,What is array?,"Array is a collection of elements stored in contiguous memory and accessed by index. It is used when fast random access and a known size are needed. It gives constant-time access by index and good cache locality. It differs from linked lists, which trade access speed for flexible insertion."
DSA,What are the advantages of dynamic programming?,Dynamic programming turns exponential brute force into polynomial time by reusing results. It can use much memory and designing the state is difficult. It finds the minimum coins needed to make change for an amount. It is implemented top-down with memoization or bottom-up with tabulation.
DSA,How is bit manipulation typically used in real projects?,"Bit manipulation is used for flags, masks, compact storage, and fast arithmetic tricks. It is the use of bitwise operators to work directly with binary representations. It reduces readability and is easy to get wrong. It uses AND, OR, XOR, NOT, and shifts."
DSA,Why is heap useful?,Heap gives constant-time access to the min or max and logarithmic insertions. It is a complete binary tree where each parent is ordered relative to its children. It is used to implement priority queues and heap sort. It does not support fast arbitrary search or ordered traversal.
DSA,What are common pitfalls with KMP algorithm?,KMP algorithm is trickier to understand and implement than naive search. It is a string matching algorithm that avoids rechecking characters using a prefix table. It is used to find a pattern inside a long text. It is an alternative to Rabin-Karp and Boyer-Moore.
DSA,What is Big O notation?,"Big O notation is a notation describing how an algorithm's running time or space grows with input size. It is used to compare algorithms independent of hardware. It hides constant factors that matter on small inputs. It describes upper bounds, while Omega and Theta describe lower and tight bounds."
DSA,What is related to heap sort?,"Heap sort relies on the heap data structure. It sorts in place with no worst-case slowdown. It is not stable and usually slower than quick sort in practice due to cache behavior. It builds a max-heap, then swaps the root with the last element repeatedly."
DSA,Describe a scenario where counting sort is applied.,Counting sort sorts exam scores from zero to one hundred by tallying counts. It is a non-comparison sorting algorithm that counts occurrences of each value. It wastes memory when the value range is large. It is often used as a subroutine in radix sort.
DSA,What does union-find mean?,Union-find is a data structure that tracks disjoint sets with find and union operations. It achieves near-constant time per operation with path compression and union by rank. It checks whether two computers are already connected in a network. It is also called disjoint set union.
DSA,Can you give a short overview of Dijkstra's algorithm?,"Dijkstra's algorithm is an algorithm that finds shortest paths from one source in graphs with non-negative weights. It is efficient with a priority queue, running in about O((V+E) log V). It fails with negative edge weights. It is replaced by Bellman-Ford for negative edges and A* for guided search."
DSA,What is the difference between an array and a linked list?,"Arrays store elements in contiguous memory, giving O(1) random access but costly insertions and deletions in the middle. Linked lists connect nodes through pointers, allowing O(1) insertion or deletion when the node is known, but access requires O(n) traversal and extra memory for pointers."
DSA,What are the disadvantages of AVL tree?,"AVL tree performs frequent rotations, so insertions cost more than in simpler trees. It is a self-balancing binary search tree keeping subtree heights within one. It rotates left after inserting values in increasing order to restore balance. It is more strictly balanced than Red-Black trees."
DSA,What is related to Big O notation?,"Big O notation describes upper bounds, while Omega and Theta describe lower and tight bounds. It is a notation describing how an algorithm's running time or space grows with input size. It classifies binary search as O(log n) and bubble sort as O(n^2)."
DSA,Give an example of LRU cache.,"LRU cache combines a hash map with a doubly linked list. It is used in memory caches, browsers, and databases. It keeps frequently used items available and gives constant-time operations with the right design. It can be hurt by scans that flush useful entries."
DSA,What are the alternatives or companions of BFS?,"BFS contrasts with depth-first search, which explores deeply before backtracking. It is a graph traversal that visits vertices level by level using a queue. It guarantees the fewest edges to reach any vertex from the source. It finds the minimum moves needed to solve a maze grid."
DSA,Why do developers use linked list?,"Linked list is used when frequent insertions and deletions are needed without shifting elements. It is a sequence of nodes where each node points to the next. It grows dynamically and inserts at a known node in constant time. It comes in singly, doubly, and circular forms."
DSA,Where is graph commonly applied?,"Graph is used to model networks, maps, dependencies, and relationships. It is a structure of vertices connected by edges, directed or undirected. It can be memory heavy, and many problems on graphs are computationally hard. It models cities as vertices and roads as weighted edges."
DSA,What are the disadvantages of DFS?,"DFS does not find shortest paths and can overflow the recursion stack on deep graphs. It is used for cycle detection, topological sorting, and exploring all paths. It explores a maze by following a corridor to the end before returning."
DSA,What is the basic idea behind greedy algorithm?,"Greedy algorithm is an approach that picks the locally best choice at every step. It is used when local choices lead to a global optimum, like interval scheduling. It is simple, fast, and often easy to implement. It differs from dynamic programming, which considers combinations of subproblems."
DSA,Where have you seen DFS in action?,"DFS explores a maze by following a corridor to the end before returning. It is a graph traversal that goes as deep as possible before backtracking. It is used for cycle detection, topological sorting, and exploring all paths. It contrasts with BFS, which explores nearest vertices first."
DSA,What are the drawbacks of minimum spanning tree?,"Minimum spanning tree applies only to weighted undirected connected graphs. It is a subset of edges connecting all vertices with the smallest total weight. It is used in network design such as cables, roads, and clustering. It is computed using Kruskal's or Prim's algorithm."
DSA,Explain adjacency list.,"Adjacency list is a graph representation storing each vertex's neighbors in a list. It uses memory proportional to vertices plus edges and iterates neighbors quickly. It stores vertex A with neighbors B and C as A: [B, C]. It is the usual alternative to an adjacency matrix for dense graphs."
DSA,What is a binary search tree?,"A binary search tree is a hierarchical structure where each node's left subtree holds smaller values and its right subtree holds larger values. This ordering enables search, insertion, and deletion in O(log n) on balanced trees, but degenerates to O(n) when skewed. Self-balancing variants like AVL trees prevent that."
DSA,Where have you seen two-pointer technique in action?,"Two-pointer technique finds two numbers summing to a target by moving pointers inward from both ends. It is a technique that moves two indices through data to solve problems efficiently. It is used for sorted arrays, pair sums, and palindrome checks."
DSA,How does counting sort compare with similar approaches?,"Counting sort is often used as a subroutine in radix sort. It is used for integers within a small known range. It runs in linear time, O(n + k), for suitable inputs. It wastes memory when the value range is large."
DSA,What are the drawbacks of binary search tree?,"Binary search tree degrades to linear time if the tree becomes skewed. It is used for ordered data needing fast search, insertion, and deletion. It gives logarithmic operations on balanced trees and sorted output through inorder traversal. It is made reliable by balanced variants such as AVL and Red-Black trees."
DSA,Show a real-world example of AVL tree.,AVL tree rotates left after inserting values in increasing order to restore balance. It is a self-balancing binary search tree keeping subtree heights within one. It is used when lookups dominate and guaranteed logarithmic time is needed. It is more strictly balanced than Red-Black trees.
DSA,What are the benefits of using sliding window?,"Sliding window avoids recomputation, reducing time from quadratic to linear. It is used for subarray and substring problems like maximum sum of k elements. It finds the longest substring without repeating characters. It is a specialized form of the two-pointer technique."
DSA,How is linked list used in practice?,"Linked list chains songs in a playlist so one can be inserted between two others. It is used when frequent insertions and deletions are needed without shifting elements. It grows dynamically and inserts at a known node in constant time. It comes in singly, doubly, and circular forms."
DSA,What is the main purpose of BFS?,BFS is used to find shortest paths in unweighted graphs and connected components. It is a graph traversal that visits vertices level by level using a queue. It guarantees the fewest edges to reach any vertex from the source. It finds the minimum moves needed to solve a maze grid.
DSA,How would you explain graph to a beginner?,"Graph is a structure of vertices connected by edges, directed or undirected. It can be memory heavy, and many problems on graphs are computationally hard. It models cities as vertices and roads as weighted edges. It is stored as an adjacency list or adjacency matrix."
DSA,Why is divide and conquer useful?,"Divide and conquer simplifies hard problems and often parallelizes naturally. It is a strategy that splits a problem into subproblems, solves them, and combines results. It is used in sorting, searching, and matrix multiplication. It is analyzed with recurrences and the master theorem."
DSA,Describe a scenario where Bloom filter is applied.,Bloom filter lets a crawler quickly skip URLs it has probably seen. It is used to avoid costly lookups in caches and databases. It is very space efficient and has fast constant-time operations. It has false positives and does not support deletion in the basic version.
DSA,How does dynamic programming help developers?,Dynamic programming turns exponential brute force into polynomial time by reusing results. It is a method that solves problems by combining answers to overlapping subproblems. It can use much memory and designing the state is difficult. It finds the minimum coins needed to make change for an amount.
DSA,Define union-find in simple words.,"Union-find is a data structure that tracks disjoint sets with find and union operations. It is used for connected components, Kruskal's algorithm, and cycle detection in undirected graphs. It supports merging but not efficient splitting of sets. It checks whether two computers are already connected in a network."
DSA,When should you use heap sort?,Heap sort is used when guaranteed O(n log n) time and constant extra space are required. It is a sorting algorithm that builds a heap and repeatedly extracts the maximum. It sorts in place with no worst-case slowdown. It relies on the heap data structure.
DSA,What is Fenwick tree?,Fenwick tree is a compact structure for prefix sums supporting updates in logarithmic time. It is used for cumulative frequency and range sum queries. It is short to code and uses little memory. It is less flexible than segment trees and suits mainly invertible operations.
DSA,What is the basic idea behind stack?,"Stack is a linear structure following Last In, First Out order. It is used for undo features, recursion, expression evaluation, and backtracking. It lets a browser go back to the most recently visited page. It is the counterpart of a queue, which is First In, First Out."
DSA,What is a practical example of binary search tree?,Binary search tree finds the value 42 by comparing and moving left or right. It is a binary tree where left descendants are smaller and right ones larger than each node. It is made reliable by balanced variants such as AVL and Red-Black trees.
DSA,What is two-pointer technique used for?,"Two-pointer technique is used for sorted arrays, pair sums, and palindrome checks. It is a technique that moves two indices through data to solve problems efficiently. It often reduces quadratic solutions to linear time with constant extra space. It is closely related to sliding window."
DSA,Show a real-world example of graph.,"Graph models cities as vertices and roads as weighted edges. It is used to model networks, maps, dependencies, and relationships. It represents complex connections that trees and lists cannot capture. It can be memory heavy, and many problems on graphs are computationally hard."
DSA,What do you gain by using merge sort?,"Merge sort guarantees O(n log n) time and keeps equal elements in order. It is a divide and conquer sorting algorithm that splits, sorts, and merges halves. It needs O(n) extra space for arrays. It sorts linked lists efficiently without random access."
DSA,Show a real-world example of minimum spanning tree.,"Minimum spanning tree finds the cheapest cable layout connecting every office. It is used in network design such as cables, roads, and clustering. It gives the cheapest way to connect everything without cycles. It applies only to weighted undirected connected graphs. It is computed using Kruskal's or Prim's algorithm."
DSA,When should you avoid segment tree?,Segment tree uses extra memory and is more complex to implement than prefix sums. It is a tree structure that stores aggregate information for array ranges. It is used for range queries and updates such as sum or minimum. It finds the minimum in any subarray of a changing array.
DSA,In which situations is Big O notation a good choice?,"Big O notation is used to compare algorithms independent of hardware. It is a notation describing how an algorithm's running time or space grows with input size. It focuses on scalability, ignoring constants and lower-order terms. It hides constant factors that matter on small inputs."
DSA,Describe stack briefly.,"Stack is a linear structure following Last In, First Out order. It is used for undo features, recursion, expression evaluation, and backtracking. It allows access only to the top element and can overflow if size is bounded. It lets a browser go back to the most recently visited page."
DSA,What are common pitfalls with minimum spanning tree?,"Minimum spanning tree applies only to weighted undirected connected graphs. It is used in network design such as cables, roads, and clustering. It gives the cheapest way to connect everything without cycles. It is computed using Kruskal's or Prim's algorithm."
DSA,Define binary search in simple words.,"Binary search is an algorithm that finds a target in a sorted collection by halving the range. It runs in logarithmic time, so a million items need about twenty steps. It is easy to get wrong because of off-by-one and overflow errors."
DSA,What is a practical example of binary tree?,"Binary tree represents the expression three plus four times two as a tree. It is used to represent hierarchies, expressions, and as a base for search trees. It supports natural recursive algorithms and traversals. It is traversed in preorder, inorder, postorder, or level order."
DSA,Why is KMP algorithm useful?,KMP algorithm runs in linear time O(n + m). It is a string matching algorithm that avoids rechecking characters using a prefix table. It is used to find a pattern inside a long text. It is trickier to understand and implement than naive search.
DSA,Why do developers use heap?,Heap is used to implement priority queues and heap sort. It is a complete binary tree where each parent is ordered relative to its children. It gives constant-time access to the min or max and logarithmic insertions. It repeatedly extracts the smallest task to schedule next.
DSA,Where is minimum spanning tree commonly applied?,"Minimum spanning tree is used in network design such as cables, roads, and clustering. It is a subset of edges connecting all vertices with the smallest total weight. It gives the cheapest way to connect everything without cycles. It is computed using Kruskal's or Prim's algorithm."
DSA,What are the disadvantages of trie?,"Trie can use much memory when many strings share few prefixes. It is a tree storing strings character by character along paths from the root. It is used for autocomplete, spell checking, and prefix searches. It finds prefixes in time proportional to word length, independent of dictionary size."
DSA,How does heap differ from related concepts?,Heap comes as min-heap or max-heap and is often stored in an array. It is a complete binary tree where each parent is ordered relative to its children. It is used to implement priority queues and heap sort. It repeatedly extracts the smallest task to schedule next.
DSA,Is there a substitute for BFS?,"BFS contrasts with depth-first search, which explores deeply before backtracking. It is used to find shortest paths in unweighted graphs and connected components. It can use a lot of memory because it stores a whole frontier of vertices. It finds the minimum moves needed to solve a maze grid."
DSA,What makes dynamic programming valuable?,Dynamic programming turns exponential brute force into polynomial time by reusing results. It is a method that solves problems by combining answers to overlapping subproblems. It can use much memory and designing the state is difficult. It is implemented top-down with memoization or bottom-up with tabulation.
DSA,When should you avoid union-find?,Union-find supports merging but not efficient splitting of sets. It achieves near-constant time per operation with path compression and union by rank. It checks whether two computers are already connected in a network. It is also called disjoint set union.
DSA,Describe greedy algorithm briefly.,"Greedy algorithm is an approach that picks the locally best choice at every step. It is used when local choices lead to a global optimum, like interval scheduling. It gives change using the largest coin first in standard currency systems."
DSA,What does circular queue mean?,"Circular queue is a fixed-size queue where the end connects back to the start. It is used for buffers, streaming data, and round-robin scheduling. It reuses freed space and avoids shifting elements. It stores audio samples in a ring buffer. It is also known as a ring buffer."
DSA,Where have you seen quick sort in action?,Quick sort picks the last element as pivot and moves smaller values to its left. It is used for general in-memory sorting where average speed matters. It is usually very fast in practice and sorts in place. It degrades to O(n^2) with bad pivots and is not stable.
DSA,What problem does two-pointer technique solve?,"Two-pointer technique is used for sorted arrays, pair sums, and palindrome checks. It is a technique that moves two indices through data to solve problems efficiently. It finds two numbers summing to a target by moving pointers inward from both ends. It is closely related to sliding window."
DSA,What are common pitfalls with quick sort?,Quick sort degrades to O(n^2) with bad pivots and is not stable. It is a sorting algorithm that partitions around a pivot and sorts both sides. It is usually very fast in practice and sorts in place. It is often made safer with random or median-of-three pivots.
DSA,What should I learn alongside Bloom filter?,Bloom filter never returns false negatives. It is used to avoid costly lookups in caches and databases. It has false positives and does not support deletion in the basic version. It lets a crawler quickly skip URLs it has probably seen.
DSA,What are the benefits of using bit manipulation?,"Bit manipulation is very fast and memory efficient. It is the use of bitwise operators to work directly with binary representations. It checks whether a number is a power of two with n and n minus one. It uses AND, OR, XOR, NOT, and shifts."
DSA,What other concepts are connected to Fenwick tree?,Fenwick tree is also known as a binary indexed tree. It is a compact structure for prefix sums supporting updates in logarithmic time. It is short to code and uses little memory. It tracks running totals of scores while values change.
DSA,In which situations is graph a good choice?,"Graph is used to model networks, maps, dependencies, and relationships. It is a structure of vertices connected by edges, directed or undirected. It represents complex connections that trees and lists cannot capture. It is stored as an adjacency list or adjacency matrix."
DSA,Define recursion in simple words.,"Recursion is a technique where a function solves a problem by calling itself on smaller inputs. It is used for trees, divide and conquer, and backtracking. It can overflow the call stack and repeat work without memoization. It needs a base case and can often be converted to iteration."
DSA,What is a practical example of dynamic programming?,Dynamic programming finds the minimum coins needed to make change for an amount. It is a method that solves problems by combining answers to overlapping subproblems. It turns exponential brute force into polynomial time by reusing results. It can use much memory and designing the state is difficult.
DSA,How does AVL tree compare with similar approaches?,"AVL tree is more strictly balanced than Red-Black trees. It is a self-balancing binary search tree keeping subtree heights within one. It guarantees O(log n) search, insert, and delete. It performs frequent rotations, so insertions cost more than in simpler trees."
DSA,What are the drawbacks of bubble sort?,Bubble sort runs in O(n^2) time and is impractical for large inputs. It is used mainly for teaching and very small datasets. It is easy to understand and implement and can stop early if sorted. It moves the largest value to the end after the first pass.
DSA,Define bit manipulation in simple words.,Bit manipulation is the use of bitwise operators to work directly with binary representations. It is very fast and memory efficient. It reduces readability and is easy to get wrong. It checks whether a number is a power of two with n and n minus one.
DSA,Define counting sort in simple words.,Counting sort is a non-comparison sorting algorithm that counts occurrences of each value. It is used for integers within a small known range. It wastes memory when the value range is large. It is often used as a subroutine in radix sort.
DSA,List the strengths of array.,Array gives constant-time access by index and good cache locality. It is a collection of elements stored in contiguous memory and accessed by index. It is used when fast random access and a known size are needed. It stores daily temperatures for a week at indexes zero to six.
DSA,Why is linked list useful?,"Linked list grows dynamically and inserts at a known node in constant time. It is a sequence of nodes where each node points to the next. It chains songs in a playlist so one can be inserted between two others. It comes in singly, doubly, and circular forms."
DSA,Why is graph considered important?,"Graph represents complex connections that trees and lists cannot capture. It is a structure of vertices connected by edges, directed or undirected. It is used to model networks, maps, dependencies, and relationships. It can be memory heavy, and many problems on graphs are computationally hard."
DSA,What should you watch out for when using Big O notation?,"Big O notation hides constant factors that matter on small inputs. It is used to compare algorithms independent of hardware. It classifies binary search as O(log n) and bubble sort as O(n^2). It describes upper bounds, while Omega and Theta describe lower and tight bounds."
DSA,What is related to LRU cache?,LRU cache is an alternative to FIFO and LFU policies. It keeps frequently used items available and gives constant-time operations with the right design. It can be hurt by scans that flush useful entries. It combines a hash map with a doubly linked list.
DSA,What are the advantages of adjacency list?,"Adjacency list uses memory proportional to vertices plus edges and iterates neighbors quickly. It is used for sparse graphs in traversals and shortest-path algorithms. It stores vertex A with neighbors B and C as A: [B, C]. It is the usual alternative to an adjacency matrix for dense graphs."
DSA,What are the benefits of using AVL tree?,"AVL tree guarantees O(log n) search, insert, and delete. It performs frequent rotations, so insertions cost more than in simpler trees. It rotates left after inserting values in increasing order to restore balance. It is more strictly balanced than Red-Black trees."
DSA,What do you gain by using heap sort?,"Heap sort sorts in place with no worst-case slowdown. It is not stable and usually slower than quick sort in practice due to cache behavior. It builds a max-heap, then swaps the root with the last element repeatedly. It relies on the heap data structure."
DSA,What is the basic idea behind dynamic programming?,Dynamic programming is a method that solves problems by combining answers to overlapping subproblems. It is used for optimization and counting problems with optimal substructure. It turns exponential brute force into polynomial time by reusing results. It can use much memory and designing the state is difficult.
DSA,What are the alternatives or companions of LRU cache?,"LRU cache is an alternative to FIFO and LFU policies. It is a cache that evicts the least recently used item when full. It is used in memory caches, browsers, and databases. It can be hurt by scans that flush useful entries."
DSA,Define bubble sort in simple words.,Bubble sort is a simple sorting algorithm that repeatedly swaps adjacent elements that are out of order. It is easy to understand and implement and can stop early if sorted. It is similar to insertion and selection sort in performance.
DSA,What are common pitfalls with circular queue?,Circular queue has a fixed capacity and needs care to tell full from empty. It is a fixed-size queue where the end connects back to the start. It reuses freed space and avoids shifting elements. It is also known as a ring buffer.
DSA,Why is memoization considered important?,"Memoization avoids repeated computation, often reducing exponential time to polynomial. It is an optimization that caches function results for repeated inputs. It is used in recursive solutions with overlapping subproblems. It uses extra memory and adds recursion overhead. It stores Fibonacci values so each is computed once."
DSA,Walk me through a simple example of BFS.,BFS finds the minimum moves needed to solve a maze grid. It is a graph traversal that visits vertices level by level using a queue. It can use a lot of memory because it stores a whole frontier of vertices.
DSA,What should you watch out for when using merge sort?,"Merge sort needs O(n) extra space for arrays. It is a divide and conquer sorting algorithm that splits, sorts, and merges halves. It sorts linked lists efficiently without random access. It is a stable alternative to quick sort and heap sort."
DSA,How is minimum spanning tree typically used in real projects?,"Minimum spanning tree is used in network design such as cables, roads, and clustering. It is a subset of edges connecting all vertices with the smallest total weight. It applies only to weighted undirected connected graphs. It is computed using Kruskal's or Prim's algorithm."
DSA,How does heap help developers?,Heap gives constant-time access to the min or max and logarithmic insertions. It is a complete binary tree where each parent is ordered relative to its children. It repeatedly extracts the smallest task to schedule next. It comes as min-heap or max-heap and is often stored in an array.
DSA,What is an alternative to circular queue?,"Circular queue is also known as a ring buffer. It is a fixed-size queue where the end connects back to the start. It is used for buffers, streaming data, and round-robin scheduling. It reuses freed space and avoids shifting elements. It stores audio samples in a ring buffer."
DSA,What should I learn alongside linked list?,"Linked list comes in singly, doubly, and circular forms. It is a sequence of nodes where each node points to the next. It grows dynamically and inserts at a known node in constant time. It chains songs in a playlist so one can be inserted between two others."
DSA,How does graph differ from related concepts?,"Graph is stored as an adjacency list or adjacency matrix. It is a structure of vertices connected by edges, directed or undirected. It is used to model networks, maps, dependencies, and relationships. It can be memory heavy, and many problems on graphs are computationally hard."
DSA,Explain amortized analysis.,"Amortized analysis is a method that averages the cost of operations over a sequence. It shows that occasional expensive operations still give cheap average cost. It explains why appending to a dynamic array is O(1) amortized despite occasional resizing. It differs from average-case analysis, which relies on input probability."
DSA,Why is hash table considered important?,"Hash table offers average constant-time insert, search, and delete. It is a structure that maps keys to values using a hash function. It is used for fast lookups, caches, counting, and deduplication. It counts word frequencies by using each word as a key."
DSA,How does trie differ from related concepts?,"Trie is also called a prefix tree. It is a tree storing strings character by character along paths from the root. It finds prefixes in time proportional to word length, independent of dictionary size. It can use much memory when many strings share few prefixes."
DSA,What is the main purpose of memoization?,"Memoization is used in recursive solutions with overlapping subproblems. It is an optimization that caches function results for repeated inputs. It avoids repeated computation, often reducing exponential time to polynomial. It uses extra memory and adds recursion overhead. It stores Fibonacci values so each is computed once."
DSA,What should you watch out for when using linked list?,"Linked list has slow access by position and extra memory for pointers. It is used when frequent insertions and deletions are needed without shifting elements. It chains songs in a playlist so one can be inserted between two others. It comes in singly, doubly, and circular forms."
DSA,What problems can LRU cache cause?,"LRU cache can be hurt by scans that flush useful entries. It is used in memory caches, browsers, and databases. It keeps frequently used items available and gives constant-time operations with the right design. It combines a hash map with a doubly linked list."
DSA,What are the advantages of merge sort?,"Merge sort guarantees O(n log n) time and keeps equal elements in order. It is used when stable, predictable sorting or external sorting is needed. It needs O(n) extra space for arrays. It sorts linked lists efficiently without random access."
DSA,Where is adjacency list commonly applied?,"Adjacency list is used for sparse graphs in traversals and shortest-path algorithms. It is a graph representation storing each vertex's neighbors in a list. It uses memory proportional to vertices plus edges and iterates neighbors quickly. It stores vertex A with neighbors B and C as A: [B, C]."
DSA,What problems can binary search cause?,"Binary search requires sorted data and random access to be efficient. It is an algorithm that finds a target in a sorted collection by halving the range. It runs in logarithmic time, so a million items need about twenty steps."
DSA,How does greedy algorithm help developers?,"Greedy algorithm is simple, fast, and often easy to implement. It is an approach that picks the locally best choice at every step. It fails on problems without the greedy-choice property, so correctness needs proof. It differs from dynamic programming, which considers combinations of subproblems."
DSA,What is circular queue?,"Circular queue is a fixed-size queue where the end connects back to the start. It is used for buffers, streaming data, and round-robin scheduling. It reuses freed space and avoids shifting elements. It stores audio samples in a ring buffer."
DSA,In which situations is array a good choice?,"Array is used when fast random access and a known size are needed. It gives constant-time access by index and good cache locality. It stores daily temperatures for a week at indexes zero to six. It differs from linked lists, which trade access speed for flexible insertion."
DSA,What is the basic idea behind sliding window?,"Sliding window is a technique that maintains a moving range over an array or string. It avoids recomputation, reducing time from quadratic to linear. It works best when the window condition changes predictably as it moves. It finds the longest substring without repeating characters."
DSA,What should you watch out for when using amortized analysis?,"Amortized analysis guarantees average cost over sequences but not for every single operation. It is a method that averages the cost of operations over a sequence. It shows that occasional expensive operations still give cheap average cost. It differs from average-case analysis, which relies on input probability."
DSA,What does adjacency list mean?,Adjacency list is a graph representation storing each vertex's neighbors in a list. It uses memory proportional to vertices plus edges and iterates neighbors quickly. It checks whether a specific edge exists more slowly than an adjacency matrix. It is the usual alternative to an adjacency matrix for dense graphs.
DSA,What should you watch out for when using stack?,"Stack allows access only to the top element and can overflow if size is bounded. It is a linear structure following Last In, First Out order. It offers constant-time push and pop with simple implementation. It lets a browser go back to the most recently visited page."
DSA,In which situations is trie a good choice?,"Trie is used for autocomplete, spell checking, and prefix searches. It finds prefixes in time proportional to word length, independent of dictionary size. It suggests words starting with pre while a user types. It is also called a prefix tree."
DSA,What is a practical example of divide and conquer?,"Divide and conquer sorts an array by splitting, sorting halves, and merging. It is a strategy that splits a problem into subproblems, solves them, and combines results. It is used in sorting, searching, and matrix multiplication. It simplifies hard problems and often parallelizes naturally."
DSA,Why is queue useful?,"Queue processes items fairly in arrival order with constant-time enqueue and dequeue. It is a linear structure following First In, First Out order. It allows access only at the ends, and array versions may waste space. It lines up print jobs so the earliest one prints first."
DSA,What other concepts are connected to graph?,"Graph is stored as an adjacency list or adjacency matrix. It is a structure of vertices connected by edges, directed or undirected. It represents complex connections that trees and lists cannot capture. It can be memory heavy, and many problems on graphs are computationally hard."
DSA,When should you avoid queue?,"Queue allows access only at the ends, and array versions may waste space. It is used for scheduling, buffering, and breadth-first search. It processes items fairly in arrival order with constant-time enqueue and dequeue. It has variants like deque, priority queue, and circular queue."
DSA,What are the disadvantages of minimum spanning tree?,Minimum spanning tree applies only to weighted undirected connected graphs. It is a subset of edges connecting all vertices with the smallest total weight. It gives the cheapest way to connect everything without cycles. It is computed using Kruskal's or Prim's algorithm.
DSA,What are the drawbacks of array?,"Array has costly middle insertions and deletions, and fixed size in many languages. It is a collection of elements stored in contiguous memory and accessed by index. It gives constant-time access by index and good cache locality. It differs from linked lists, which trade access speed for flexible insertion."
DSA,Why do developers use adjacency list?,"Adjacency list is used for sparse graphs in traversals and shortest-path algorithms. It is a graph representation storing each vertex's neighbors in a list. It stores vertex A with neighbors B and C as A: [B, C]. It is the usual alternative to an adjacency matrix for dense graphs."
DSA,What are common pitfalls with amortized analysis?,"Amortized analysis guarantees average cost over sequences but not for every single operation. It is a method that averages the cost of operations over a sequence. It is used to analyze structures like dynamic arrays. It differs from average-case analysis, which relies on input probability."
DSA,What should I learn alongside binary search?,Binary search is easy to get wrong because of off-by-one and overflow errors. It is an algorithm that finds a target in a sorted collection by halving the range. It finds a word in a dictionary by repeatedly opening the middle page.
DSA,What is a practical example of bit manipulation?,"Bit manipulation checks whether a number is a power of two with n and n minus one. It is the use of bitwise operators to work directly with binary representations. It reduces readability and is easy to get wrong. It uses AND, OR, XOR, NOT, and shifts."
DSA,What is counting sort used for?,"Counting sort is used for integers within a small known range. It runs in linear time, O(n + k), for suitable inputs. It sorts exam scores from zero to one hundred by tallying counts. It is often used as a subroutine in radix sort."
DSA,What problem does stack solve?,"Stack is used for undo features, recursion, expression evaluation, and backtracking. It is a linear structure following Last In, First Out order. It offers constant-time push and pop with simple implementation. It is the counterpart of a queue, which is First In, First Out."
DSA,Show a real-world example of adjacency list.,"Adjacency list stores vertex A with neighbors B and C as A: [B, C]. It is used for sparse graphs in traversals and shortest-path algorithms. It checks whether a specific edge exists more slowly than an adjacency matrix. It is the usual alternative to an adjacency matrix for dense graphs."
DSA,What problems can queue cause?,"Queue allows access only at the ends, and array versions may waste space. It is a linear structure following First In, First Out order. It lines up print jobs so the earliest one prints first. It has variants like deque, priority queue, and circular queue."
DSA,Can you illustrate DFS with an example?,"DFS explores a maze by following a corridor to the end before returning. It is used for cycle detection, topological sorting, and exploring all paths. It does not find shortest paths and can overflow the recursion stack on deep graphs."
DSA,Show a real-world example of counting sort.,"Counting sort sorts exam scores from zero to one hundred by tallying counts. It is used for integers within a small known range. It runs in linear time, O(n + k), for suitable inputs. It wastes memory when the value range is large."
DSA,How does recursion compare with similar approaches?,"Recursion needs a base case and can often be converted to iteration. It is used for trees, divide and conquer, and backtracking. It can overflow the call stack and repeat work without memoization. It computes factorial of five as five times factorial of four."
DSA,What is the basic idea behind backtracking?,"Backtracking is a technique that builds solutions step by step and abandons paths that fail. It is used for puzzles, permutations, subsets, and constraint problems. It prunes large search spaces compared with naive brute force. It solves N-Queens by placing queens and undoing moves that cause conflicts."
DSA,Describe a scenario where dynamic programming is applied.,Dynamic programming finds the minimum coins needed to make change for an amount. It is a method that solves problems by combining answers to overlapping subproblems. It is used for optimization and counting problems with optimal substructure. It can use much memory and designing the state is difficult.
DSA,Walk me through a simple example of minimum spanning tree.,"Minimum spanning tree finds the cheapest cable layout connecting every office. It is used in network design such as cables, roads, and clustering. It gives the cheapest way to connect everything without cycles. It applies only to weighted undirected connected graphs."
DSA,What is the basic idea behind binary search tree?,Binary search tree is a binary tree where left descendants are smaller and right ones larger than each node. It degrades to linear time if the tree becomes skewed. It finds the value 42 by comparing and moving left or right.
DSA,Describe binary search briefly.,Binary search is an algorithm that finds a target in a sorted collection by halving the range. It is used for fast lookups and for searching answers over monotonic conditions. It requires sorted data and random access to be efficient.
DSA,Where have you seen graph in action?,"Graph models cities as vertices and roads as weighted edges. It represents complex connections that trees and lists cannot capture. It can be memory heavy, and many problems on graphs are computationally hard. It is stored as an adjacency list or adjacency matrix."
DSA,Why is Bloom filter considered important?,Bloom filter is very space efficient and has fast constant-time operations. It is a probabilistic structure that tests whether an element is possibly in a set. It has false positives and does not support deletion in the basic version. It lets a crawler quickly skip URLs it has probably seen.
DSA,Walk me through a simple example of binary search.,"Binary search finds a word in a dictionary by repeatedly opening the middle page. It is used for fast lookups and for searching answers over monotonic conditions. It runs in logarithmic time, so a million items need about twenty steps. It requires sorted data and random access to be efficient."
DSA,How is binary tree typically used in real projects?,"Binary tree is used to represent hierarchies, expressions, and as a base for search trees. It supports natural recursive algorithms and traversals. It can become skewed, making operations as slow as a linked list. It represents the expression three plus four times two as a tree."
DSA,How is adjacency list typically used in real projects?,Adjacency list is used for sparse graphs in traversals and shortest-path algorithms. It is a graph representation storing each vertex's neighbors in a list. It checks whether a specific edge exists more slowly than an adjacency matrix. It is the usual alternative to an adjacency matrix for dense graphs.
DSA,What are the limitations of AVL tree?,"AVL tree performs frequent rotations, so insertions cost more than in simpler trees. It is a self-balancing binary search tree keeping subtree heights within one. It is used when lookups dominate and guaranteed logarithmic time is needed. It rotates left after inserting values in increasing order to restore balance."
DSA,What do you gain by using linked list?,"Linked list grows dynamically and inserts at a known node in constant time. It is a sequence of nodes where each node points to the next. It has slow access by position and extra memory for pointers. It comes in singly, doubly, and circular forms."
DSA,What are the benefits of using adjacency list?,"Adjacency list uses memory proportional to vertices plus edges and iterates neighbors quickly. It is a graph representation storing each vertex's neighbors in a list. It is used for sparse graphs in traversals and shortest-path algorithms. It stores vertex A with neighbors B and C as A: [B, C]."
DSA,Describe adjacency list briefly.,"Adjacency list is a graph representation storing each vertex's neighbors in a list. It is used for sparse graphs in traversals and shortest-path algorithms. It uses memory proportional to vertices plus edges and iterates neighbors quickly. It stores vertex A with neighbors B and C as A: [B, C]."
DSA,What are the benefits of using queue?,"Queue processes items fairly in arrival order with constant-time enqueue and dequeue. It is used for scheduling, buffering, and breadth-first search. It allows access only at the ends, and array versions may waste space. It lines up print jobs so the earliest one prints first."
DSA,Why do developers use hash table?,"Hash table is used for fast lookups, caches, counting, and deduplication. It offers average constant-time insert, search, and delete. It has unordered keys, collisions, and worst-case linear time with poor hashing. It counts word frequencies by using each word as a key."
DSA,What are common pitfalls with trie?,"Trie can use much memory when many strings share few prefixes. It is a tree storing strings character by character along paths from the root. It is used for autocomplete, spell checking, and prefix searches. It suggests words starting with pre while a user types."
DSA,What problems can hash table cause?,"Hash table has unordered keys, collisions, and worst-case linear time with poor hashing. It offers average constant-time insert, search, and delete. It counts word frequencies by using each word as a key. It handles collisions with chaining or open addressing."
DSA,What are the limitations of stack?,"Stack allows access only to the top element and can overflow if size is bounded. It is a linear structure following Last In, First Out order. It offers constant-time push and pop with simple implementation. It is the counterpart of a queue, which is First In, First Out."
DSA,Give an example of dynamic programming.,Dynamic programming finds the minimum coins needed to make change for an amount. It is a method that solves problems by combining answers to overlapping subproblems. It is used for optimization and counting problems with optimal substructure. It turns exponential brute force into polynomial time by reusing results.
DSA,How does BFS help developers?,"BFS guarantees the fewest edges to reach any vertex from the source. It is used to find shortest paths in unweighted graphs and connected components. It finds the minimum moves needed to solve a maze grid. It contrasts with depth-first search, which explores deeply before backtracking."
DSA,What makes merge sort valuable?,"Merge sort guarantees O(n log n) time and keeps equal elements in order. It is used when stable, predictable sorting or external sorting is needed. It sorts linked lists efficiently without random access. It is a stable alternative to quick sort and heap sort."
DSA,How does dynamic programming compare with similar approaches?,Dynamic programming is implemented top-down with memoization or bottom-up with tabulation. It is a method that solves problems by combining answers to overlapping subproblems. It is used for optimization and counting problems with optimal substructure. It finds the minimum coins needed to make change for an amount.
DSA,Is there a substitute for DFS?,"DFS contrasts with BFS, which explores nearest vertices first. It is a graph traversal that goes as deep as possible before backtracking. It is used for cycle detection, topological sorting, and exploring all paths. It explores a maze by following a corridor to the end before returning."
DSA,When should you use union-find?,"Union-find is used for connected components, Kruskal's algorithm, and cycle detection in undirected graphs. It supports merging but not efficient splitting of sets. It checks whether two computers are already connected in a network. It is also called disjoint set union."
DSA,When should you avoid array?,"Array has costly middle insertions and deletions, and fixed size in many languages. It is a collection of elements stored in contiguous memory and accessed by index. It is used when fast random access and a known size are needed."
DSA,Where have you seen counting sort in action?,Counting sort sorts exam scores from zero to one hundred by tallying counts. It is a non-comparison sorting algorithm that counts occurrences of each value. It is used for integers within a small known range. It is often used as a subroutine in radix sort.
DSA,What is Bloom filter?,Bloom filter is a probabilistic structure that tests whether an element is possibly in a set. It is very space efficient and has fast constant-time operations. It has false positives and does not support deletion in the basic version. It lets a crawler quickly skip URLs it has probably seen.
DSA,Why is sliding window useful?,"Sliding window avoids recomputation, reducing time from quadratic to linear. It is used for subarray and substring problems like maximum sum of k elements. It works best when the window condition changes predictably as it moves. It is a specialized form of the two-pointer technique."
DSA,List the strengths of greedy algorithm.,"Greedy algorithm is simple, fast, and often easy to implement. It is an approach that picks the locally best choice at every step. It is used when local choices lead to a global optimum, like interval scheduling. It differs from dynamic programming, which considers combinations of subproblems."
DSA,Where is Dijkstra's algorithm commonly applied?,"Dijkstra's algorithm is used in routing, maps, and network planning. It is efficient with a priority queue, running in about O((V+E) log V). It fails with negative edge weights. It is replaced by Bellman-Ford for negative edges and A* for guided search."
DSA,What problems can array cause?,"Array has costly middle insertions and deletions, and fixed size in many languages. It is used when fast random access and a known size are needed. It gives constant-time access by index and good cache locality. It differs from linked lists, which trade access speed for flexible insertion."
DSA,In which situations is amortized analysis a good choice?,"Amortized analysis is used to analyze structures like dynamic arrays. It is a method that averages the cost of operations over a sequence. It guarantees average cost over sequences but not for every single operation. It differs from average-case analysis, which relies on input probability."
DSA,Describe Fenwick tree briefly.,Fenwick tree is a compact structure for prefix sums supporting updates in logarithmic time. It is used for cumulative frequency and range sum queries. It tracks running totals of scores while values change. It is also known as a binary indexed tree.
DSA,How is queue used in practice?,"Queue lines up print jobs so the earliest one prints first. It is used for scheduling, buffering, and breadth-first search. It processes items fairly in arrival order with constant-time enqueue and dequeue. It has variants like deque, priority queue, and circular queue."
DSA,What problems can Bloom filter cause?,Bloom filter has false positives and does not support deletion in the basic version. It is a probabilistic structure that tests whether an element is possibly in a set. It is used to avoid costly lookups in caches and databases. It never returns false negatives.
DSA,What is topological sort?,"Topological sort is an ordering of a directed acyclic graph's vertices so edges point forward. It is used for task scheduling, build systems, and course prerequisites. It gives a valid execution order in linear time. It is computed with Kahn's algorithm or DFS."
DSA,How would you explain heap to a beginner?,Heap is a complete binary tree where each parent is ordered relative to its children. It is used to implement priority queues and heap sort. It does not support fast arbitrary search or ordered traversal. It repeatedly extracts the smallest task to schedule next.
DSA,What is a practical example of binary search?,Binary search finds a word in a dictionary by repeatedly opening the middle page. It is an algorithm that finds a target in a sorted collection by halving the range. It requires sorted data and random access to be efficient.
DSA,Why do developers use Dijkstra's algorithm?,"Dijkstra's algorithm is used in routing, maps, and network planning. It is an algorithm that finds shortest paths from one source in graphs with non-negative weights. It fails with negative edge weights. It is replaced by Bellman-Ford for negative edges and A* for guided search."
DSA,Explain binary search.,Binary search is an algorithm that finds a target in a sorted collection by halving the range. It requires sorted data and random access to be efficient. It finds a word in a dictionary by repeatedly opening the middle page.
DSA,Describe LRU cache briefly.,"LRU cache is a cache that evicts the least recently used item when full. It is used in memory caches, browsers, and databases. It can be hurt by scans that flush useful entries. It combines a hash map with a doubly linked list."
DSA,When should you use two-pointer technique?,"Two-pointer technique is used for sorted arrays, pair sums, and palindrome checks. It often reduces quadratic solutions to linear time with constant extra space. It generally needs sorted or structured input to work correctly. It finds two numbers summing to a target by moving pointers inward from both ends."
DSA,When should you use LRU cache?,"LRU cache is used in memory caches, browsers, and databases. It keeps frequently used items available and gives constant-time operations with the right design. It can be hurt by scans that flush useful entries. It is an alternative to FIFO and LFU policies."
DSA,Can you give a short overview of minimum spanning tree?,"Minimum spanning tree is a subset of edges connecting all vertices with the smallest total weight. It is used in network design such as cables, roads, and clustering. It gives the cheapest way to connect everything without cycles. It is computed using Kruskal's or Prim's algorithm."
DSA,What are the advantages of trie?,"Trie finds prefixes in time proportional to word length, independent of dictionary size. It is a tree storing strings character by character along paths from the root. It can use much memory when many strings share few prefixes. It suggests words starting with pre while a user types."
DSA,What is the main purpose of heap sort?,Heap sort is used when guaranteed O(n log n) time and constant extra space are required. It is a sorting algorithm that builds a heap and repeatedly extracts the maximum. It is not stable and usually slower than quick sort in practice due to cache behavior.
DSA,Can you illustrate binary search tree with an example?,"Binary search tree finds the value 42 by comparing and moving left or right. It is used for ordered data needing fast search, insertion, and deletion. It degrades to linear time if the tree becomes skewed. It is made reliable by balanced variants such as AVL and Red-Black trees."
DSA,When should you avoid recursion?,Recursion can overflow the call stack and repeat work without memoization. It is a technique where a function solves a problem by calling itself on smaller inputs. It makes complex problems concise and natural to express. It needs a base case and can often be converted to iteration.
DSA,What problem does Bloom filter solve?,Bloom filter is used to avoid costly lookups in caches and databases. It is a probabilistic structure that tests whether an element is possibly in a set. It is very space efficient and has fast constant-time operations. It never returns false negatives.
DSA,Walk me through a simple example of bubble sort.,Bubble sort moves the largest value to the end after the first pass. It is a simple sorting algorithm that repeatedly swaps adjacent elements that are out of order. It runs in O(n^2) time and is impractical for large inputs.
DSA,What is the basic idea behind trie?,"Trie is a tree storing strings character by character along paths from the root. It is used for autocomplete, spell checking, and prefix searches. It finds prefixes in time proportional to word length, independent of dictionary size. It is also called a prefix tree."
DSA,Can you illustrate sliding window with an example?,Sliding window finds the longest substring without repeating characters. It is a technique that maintains a moving range over an array or string. It is used for subarray and substring problems like maximum sum of k elements. It is a specialized form of the two-pointer technique.
DSA,What are the downsides of binary tree?,"Binary tree can become skewed, making operations as slow as a linked list. It is a hierarchical structure where each node has at most two children. It is used to represent hierarchies, expressions, and as a base for search trees. It supports natural recursive algorithms and traversals."
DSA,What are the disadvantages of graph?,"Graph can be memory heavy, and many problems on graphs are computationally hard. It is used to model networks, maps, dependencies, and relationships. It represents complex connections that trees and lists cannot capture. It is stored as an adjacency list or adjacency matrix."
DSA,How does binary tree compare with similar approaches?,"Binary tree is traversed in preorder, inorder, postorder, or level order. It is a hierarchical structure where each node has at most two children. It can become skewed, making operations as slow as a linked list. It represents the expression three plus four times two as a tree."
DSA,How does topological sort help developers?,"Topological sort gives a valid execution order in linear time. It is an ordering of a directed acyclic graph's vertices so edges point forward. It is used for task scheduling, build systems, and course prerequisites. It exists only for graphs without cycles."
DSA,List the strengths of KMP algorithm.,KMP algorithm runs in linear time O(n + m). It is a string matching algorithm that avoids rechecking characters using a prefix table. It is trickier to understand and implement than naive search. It is an alternative to Rabin-Karp and Boyer-Moore.
DSA,Why is Fenwick tree considered important?,Fenwick tree is short to code and uses little memory. It is a compact structure for prefix sums supporting updates in logarithmic time. It is used for cumulative frequency and range sum queries. It is also known as a binary indexed tree.
DSA,Why is Big O notation useful?,"Big O notation focuses on scalability, ignoring constants and lower-order terms. It hides constant factors that matter on small inputs. It classifies binary search as O(log n) and bubble sort as O(n^2). It describes upper bounds, while Omega and Theta describe lower and tight bounds."
DSA,What are the benefits of using binary search tree?,"Binary search tree gives logarithmic operations on balanced trees and sorted output through inorder traversal. It is used for ordered data needing fast search, insertion, and deletion. It degrades to linear time if the tree becomes skewed. It finds the value 42 by comparing and moving left or right."
DSA,What is binary tree?,"Binary tree is a hierarchical structure where each node has at most two children. It supports natural recursive algorithms and traversals. It can become skewed, making operations as slow as a linked list. It represents the expression three plus four times two as a tree."
DSA,How is BFS used in practice?,"BFS finds the minimum moves needed to solve a maze grid. It is a graph traversal that visits vertices level by level using a queue. It guarantees the fewest edges to reach any vertex from the source. It contrasts with depth-first search, which explores deeply before backtracking."
DSA,What are the benefits of using heap sort?,Heap sort sorts in place with no worst-case slowdown. It is a sorting algorithm that builds a heap and repeatedly extracts the maximum. It is used when guaranteed O(n log n) time and constant extra space are required. It relies on the heap data structure.
DSA,How is segment tree typically used in real projects?,Segment tree is used for range queries and updates such as sum or minimum. It answers range queries and point updates in logarithmic time. It uses extra memory and is more complex to implement than prefix sums. It is an alternative to Fenwick trees and sparse tables.
DSA,Is there a substitute for deque?,"Deque generalizes both stacks and queues. It is a double-ended queue allowing insertion and removal at both ends. It is used for sliding window maximum, BFS variants, and palindromes. It has slower random access than arrays in linked implementations. It uses Python's collections.deque to pop from the left efficiently."
DSA,What does two-pointer technique mean?,"Two-pointer technique is a technique that moves two indices through data to solve problems efficiently. It is used for sorted arrays, pair sums, and palindrome checks. It finds two numbers summing to a target by moving pointers inward from both ends."
DSA,Why do developers use segment tree?,Segment tree is used for range queries and updates such as sum or minimum. It is a tree structure that stores aggregate information for array ranges. It uses extra memory and is more complex to implement than prefix sums. It is an alternative to Fenwick trees and sparse tables.
DSA,List the strengths of heap sort.,Heap sort sorts in place with no worst-case slowdown. It is used when guaranteed O(n log n) time and constant extra space are required. It is not stable and usually slower than quick sort in practice due to cache behavior. It relies on the heap data structure.
DSA,What is related to bubble sort?,Bubble sort is similar to insertion and selection sort in performance. It is easy to understand and implement and can stop early if sorted. It runs in O(n^2) time and is impractical for large inputs. It moves the largest value to the end after the first pass.
DSA,In which situations is DFS a good choice?,"DFS is used for cycle detection, topological sorting, and exploring all paths. It is a graph traversal that goes as deep as possible before backtracking. It is simple to write recursively and uses memory proportional to depth. It explores a maze by following a corridor to the end before returning."
DSA,What are the downsides of two-pointer technique?,Two-pointer technique generally needs sorted or structured input to work correctly. It often reduces quadratic solutions to linear time with constant extra space. It finds two numbers summing to a target by moving pointers inward from both ends. It is closely related to sliding window.
DSA,Why do developers use Bloom filter?,Bloom filter is used to avoid costly lookups in caches and databases. It is a probabilistic structure that tests whether an element is possibly in a set. It has false positives and does not support deletion in the basic version.
DSA,What are the alternatives or companions of hash table?,"Hash table handles collisions with chaining or open addressing. It is used for fast lookups, caches, counting, and deduplication. It offers average constant-time insert, search, and delete. It has unordered keys, collisions, and worst-case linear time with poor hashing. It counts word frequencies by using each word as a key."
DSA,When should you avoid binary search?,"Binary search requires sorted data and random access to be efficient. It is used for fast lookups and for searching answers over monotonic conditions. It runs in logarithmic time, so a million items need about twenty steps. It finds a word in a dictionary by repeatedly opening the middle page."
DSA,How is LRU cache typically used in real projects?,"LRU cache is used in memory caches, browsers, and databases. It keeps frequently used items available and gives constant-time operations with the right design. It can be hurt by scans that flush useful entries. It combines a hash map with a doubly linked list."
DSA,How does two-pointer technique compare with similar approaches?,"Two-pointer technique is closely related to sliding window. It is a technique that moves two indices through data to solve problems efficiently. It is used for sorted arrays, pair sums, and palindrome checks. It often reduces quadratic solutions to linear time with constant extra space."
DSA,What makes heap valuable?,Heap gives constant-time access to the min or max and logarithmic insertions. It is a complete binary tree where each parent is ordered relative to its children. It comes as min-heap or max-heap and is often stored in an array.
DSA,In which situations is Bloom filter a good choice?,Bloom filter is used to avoid costly lookups in caches and databases. It is a probabilistic structure that tests whether an element is possibly in a set. It is very space efficient and has fast constant-time operations. It lets a crawler quickly skip URLs it has probably seen.
DSA,What is segment tree used for?,Segment tree is used for range queries and updates such as sum or minimum. It is a tree structure that stores aggregate information for array ranges. It uses extra memory and is more complex to implement than prefix sums. It finds the minimum in any subarray of a changing array.
DSA,How would you explain memoization to a beginner?,"Memoization is an optimization that caches function results for repeated inputs. It avoids repeated computation, often reducing exponential time to polynomial. It uses extra memory and adds recursion overhead. It stores Fibonacci values so each is computed once. It is the top-down counterpart of tabulation in dynamic programming."
DSA,Where is circular queue commonly applied?,"Circular queue is used for buffers, streaming data, and round-robin scheduling. It is a fixed-size queue where the end connects back to the start. It reuses freed space and avoids shifting elements. It stores audio samples in a ring buffer."
DSA,When should you avoid LRU cache?,LRU cache can be hurt by scans that flush useful entries. It is a cache that evicts the least recently used item when full. It keeps frequently used items available and gives constant-time operations with the right design. It combines a hash map with a doubly linked list.
DSA,Where is bit manipulation commonly applied?,"Bit manipulation is used for flags, masks, compact storage, and fast arithmetic tricks. It is the use of bitwise operators to work directly with binary representations. It is very fast and memory efficient. It reduces readability and is easy to get wrong."
DSA,In which situations is Fenwick tree a good choice?,Fenwick tree is used for cumulative frequency and range sum queries. It is a compact structure for prefix sums supporting updates in logarithmic time. It tracks running totals of scores while values change. It is also known as a binary indexed tree.
DSA,When should you avoid memoization?,"Memoization uses extra memory and adds recursion overhead. It is an optimization that caches function results for repeated inputs. It is used in recursive solutions with overlapping subproblems. It avoids repeated computation, often reducing exponential time to polynomial. It stores Fibonacci values so each is computed once."
DSA,What do you gain by using dynamic programming?,Dynamic programming turns exponential brute force into polynomial time by reusing results. It is used for optimization and counting problems with optimal substructure. It can use much memory and designing the state is difficult. It finds the minimum coins needed to make change for an amount.
DSA,When should you use bit manipulation?,"Bit manipulation is used for flags, masks, compact storage, and fast arithmetic tricks. It reduces readability and is easy to get wrong. It checks whether a number is a power of two with n and n minus one. It uses AND, OR, XOR, NOT, and shifts."
DSA,In which situations is bit manipulation a good choice?,"Bit manipulation is used for flags, masks, compact storage, and fast arithmetic tricks. It is very fast and memory efficient. It reduces readability and is easy to get wrong. It checks whether a number is a power of two with n and n minus one."
DSA,How does Fenwick tree differ from related concepts?,Fenwick tree is also known as a binary indexed tree. It is a compact structure for prefix sums supporting updates in logarithmic time. It is short to code and uses little memory. It is less flexible than segment trees and suits mainly invertible operations.
DSA,What is deque?,"Deque is a double-ended queue allowing insertion and removal at both ends. It is used for sliding window maximum, BFS variants, and palindromes. It supports constant-time operations at both ends. It uses Python's collections.deque to pop from the left efficiently."
DSA,How does deque compare with similar approaches?,"Deque generalizes both stacks and queues. It is a double-ended queue allowing insertion and removal at both ends. It is used for sliding window maximum, BFS variants, and palindromes. It supports constant-time operations at both ends. It uses Python's collections.deque to pop from the left efficiently."
DSA,Give an example of divide and conquer.,"Divide and conquer sorts an array by splitting, sorting halves, and merging. It is a strategy that splits a problem into subproblems, solves them, and combines results. It is used in sorting, searching, and matrix multiplication. It is analyzed with recurrences and the master theorem."
DSA,What are the benefits of using dynamic programming?,Dynamic programming turns exponential brute force into polynomial time by reusing results. It is a method that solves problems by combining answers to overlapping subproblems. It finds the minimum coins needed to make change for an amount. It is implemented top-down with memoization or bottom-up with tabulation.
DSA,What should I learn alongside divide and conquer?,"Divide and conquer is analyzed with recurrences and the master theorem. It is a strategy that splits a problem into subproblems, solves them, and combines results. It is used in sorting, searching, and matrix multiplication. It adds recursion overhead and may repeat work if subproblems overlap."
DSA,Give an example of DFS.,"DFS explores a maze by following a corridor to the end before returning. It is a graph traversal that goes as deep as possible before backtracking. It is simple to write recursively and uses memory proportional to depth. It contrasts with BFS, which explores nearest vertices first."
DSA,Show a real-world example of two-pointer technique.,Two-pointer technique finds two numbers summing to a target by moving pointers inward from both ends. It is a technique that moves two indices through data to solve problems efficiently. It generally needs sorted or structured input to work correctly.
DSA,What do you gain by using stack?,"Stack offers constant-time push and pop with simple implementation. It is a linear structure following Last In, First Out order. It is used for undo features, recursion, expression evaluation, and backtracking. It is the counterpart of a queue, which is First In, First Out."
DSA,Why is segment tree useful?,Segment tree answers range queries and point updates in logarithmic time. It is used for range queries and updates such as sum or minimum. It uses extra memory and is more complex to implement than prefix sums. It finds the minimum in any subarray of a changing array.
DSA,Describe a scenario where greedy algorithm is applied.,"Greedy algorithm gives change using the largest coin first in standard currency systems. It is simple, fast, and often easy to implement. It fails on problems without the greedy-choice property, so correctness needs proof. It differs from dynamic programming, which considers combinations of subproblems."
DSA,Can you give a short overview of sliding window?,"Sliding window is a technique that maintains a moving range over an array or string. It is used for subarray and substring problems like maximum sum of k elements. It avoids recomputation, reducing time from quadratic to linear. It finds the longest substring without repeating characters."
DSA,Show a real-world example of bubble sort.,Bubble sort moves the largest value to the end after the first pass. It is used mainly for teaching and very small datasets. It runs in O(n^2) time and is impractical for large inputs. It is similar to insertion and selection sort in performance.
DSA,How does queue differ from related concepts?,"Queue has variants like deque, priority queue, and circular queue. It is a linear structure following First In, First Out order. It allows access only at the ends, and array versions may waste space. It lines up print jobs so the earliest one prints first."
DSA,What are the disadvantages of linked list?,"Linked list has slow access by position and extra memory for pointers. It is a sequence of nodes where each node points to the next. It chains songs in a playlist so one can be inserted between two others. It comes in singly, doubly, and circular forms."
DSA,What problems can adjacency list cause?,Adjacency list checks whether a specific edge exists more slowly than an adjacency matrix. It is a graph representation storing each vertex's neighbors in a list. It is used for sparse graphs in traversals and shortest-path algorithms. It is the usual alternative to an adjacency matrix for dense graphs.
DSA,What should I learn alongside AVL tree?,"AVL tree is more strictly balanced than Red-Black trees. It is a self-balancing binary search tree keeping subtree heights within one. It performs frequent rotations, so insertions cost more than in simpler trees. It rotates left after inserting values in increasing order to restore balance."
DSA,In which situations is circular queue a good choice?,"Circular queue is used for buffers, streaming data, and round-robin scheduling. It has a fixed capacity and needs care to tell full from empty. It stores audio samples in a ring buffer. It is also known as a ring buffer."
DSA,Where is stack commonly applied?,"Stack is used for undo features, recursion, expression evaluation, and backtracking. It offers constant-time push and pop with simple implementation. It allows access only to the top element and can overflow if size is bounded. It lets a browser go back to the most recently visited page."
DSA,What other concepts are connected to circular queue?,Circular queue is also known as a ring buffer. It is a fixed-size queue where the end connects back to the start. It has a fixed capacity and needs care to tell full from empty. It stores audio samples in a ring buffer.
DSA,How is hash table typically used in real projects?,"Hash table is used for fast lookups, caches, counting, and deduplication. It is a structure that maps keys to values using a hash function. It offers average constant-time insert, search, and delete. It counts word frequencies by using each word as a key."
DSA,How does circular queue compare with similar approaches?,"Circular queue is also known as a ring buffer. It is a fixed-size queue where the end connects back to the start. It is used for buffers, streaming data, and round-robin scheduling. It reuses freed space and avoids shifting elements."
DSA,What are the drawbacks of greedy algorithm?,"Greedy algorithm fails on problems without the greedy-choice property, so correctness needs proof. It is used when local choices lead to a global optimum, like interval scheduling. It gives change using the largest coin first in standard currency systems. It differs from dynamic programming, which considers combinations of subproblems."
DSA,List the strengths of memoization.,"Memoization avoids repeated computation, often reducing exponential time to polynomial. It is an optimization that caches function results for repeated inputs. It uses extra memory and adds recursion overhead. It stores Fibonacci values so each is computed once. It is the top-down counterpart of tabulation in dynamic programming."
DSA,Can you illustrate KMP algorithm with an example?,KMP algorithm finds the word abab in a long string without moving backward in the text. It is a string matching algorithm that avoids rechecking characters using a prefix table. It is used to find a pattern inside a long text. It runs in linear time O(n + m).
DSA,Is there a substitute for heap sort?,"Heap sort relies on the heap data structure. It is a sorting algorithm that builds a heap and repeatedly extracts the maximum. It is used when guaranteed O(n log n) time and constant extra space are required. It builds a max-heap, then swaps the root with the last element repeatedly."
DSA,Why is Fenwick tree useful?,Fenwick tree is short to code and uses little memory. It is used for cumulative frequency and range sum queries. It is less flexible than segment trees and suits mainly invertible operations. It tracks running totals of scores while values change.
DSA,Why do developers use bubble sort?,Bubble sort is used mainly for teaching and very small datasets. It is a simple sorting algorithm that repeatedly swaps adjacent elements that are out of order. It runs in O(n^2) time and is impractical for large inputs. It moves the largest value to the end after the first pass.
DSA,What are common pitfalls with greedy algorithm?,"Greedy algorithm fails on problems without the greedy-choice property, so correctness needs proof. It is an approach that picks the locally best choice at every step. It gives change using the largest coin first in standard currency systems. It differs from dynamic programming, which considers combinations of subproblems."
DSA,Is there a substitute for hash table?,"Hash table handles collisions with chaining or open addressing. It is a structure that maps keys to values using a hash function. It is used for fast lookups, caches, counting, and deduplication. It has unordered keys, collisions, and worst-case linear time with poor hashing."
DSA,What is a practical example of Big O notation?,"Big O notation classifies binary search as O(log n) and bubble sort as O(n^2). It is used to compare algorithms independent of hardware. It focuses on scalability, ignoring constants and lower-order terms. It describes upper bounds, while Omega and Theta describe lower and tight bounds."
DSA,When should you avoid circular queue?,"Circular queue has a fixed capacity and needs care to tell full from empty. It is used for buffers, streaming data, and round-robin scheduling. It reuses freed space and avoids shifting elements. It stores audio samples in a ring buffer."
DSA,What are the alternatives or companions of sliding window?,Sliding window is a specialized form of the two-pointer technique. It is a technique that maintains a moving range over an array or string. It is used for subarray and substring problems like maximum sum of k elements. It finds the longest substring without repeating characters.
DSA,Where have you seen binary tree in action?,"Binary tree represents the expression three plus four times two as a tree. It is a hierarchical structure where each node has at most two children. It supports natural recursive algorithms and traversals. It can become skewed, making operations as slow as a linked list."
DSA,How would you explain AVL tree to a beginner?,"AVL tree is a self-balancing binary search tree keeping subtree heights within one. It is used when lookups dominate and guaranteed logarithmic time is needed. It guarantees O(log n) search, insert, and delete. It rotates left after inserting values in increasing order to restore balance."
DSA,What is binary search tree used for?,"Binary search tree is used for ordered data needing fast search, insertion, and deletion. It is a binary tree where left descendants are smaller and right ones larger than each node. It degrades to linear time if the tree becomes skewed."
DSA,What is a practical example of Bloom filter?,Bloom filter lets a crawler quickly skip URLs it has probably seen. It is used to avoid costly lookups in caches and databases. It has false positives and does not support deletion in the basic version. It never returns false negatives.
DSA,Describe a scenario where divide and conquer is applied.,"Divide and conquer sorts an array by splitting, sorting halves, and merging. It is used in sorting, searching, and matrix multiplication. It simplifies hard problems and often parallelizes naturally. It adds recursion overhead and may repeat work if subproblems overlap. It is analyzed with recurrences and the master theorem."
DSA,What problems can AVL tree cause?,"AVL tree performs frequent rotations, so insertions cost more than in simpler trees. It is used when lookups dominate and guaranteed logarithmic time is needed. It guarantees O(log n) search, insert, and delete. It rotates left after inserting values in increasing order to restore balance."
DSA,When should you avoid two-pointer technique?,Two-pointer technique generally needs sorted or structured input to work correctly. It is a technique that moves two indices through data to solve problems efficiently. It finds two numbers summing to a target by moving pointers inward from both ends.
DSA,What are the disadvantages of array?,"Array has costly middle insertions and deletions, and fixed size in many languages. It is a collection of elements stored in contiguous memory and accessed by index. It gives constant-time access by index and good cache locality. It stores daily temperatures for a week at indexes zero to six."
DSA,What are the disadvantages of dynamic programming?,Dynamic programming can use much memory and designing the state is difficult. It is a method that solves problems by combining answers to overlapping subproblems. It finds the minimum coins needed to make change for an amount. It is implemented top-down with memoization or bottom-up with tabulation.
DSA,What is the basic idea behind memoization?,"Memoization is an optimization that caches function results for repeated inputs. It is used in recursive solutions with overlapping subproblems. It avoids repeated computation, often reducing exponential time to polynomial. It uses extra memory and adds recursion overhead. It stores Fibonacci values so each is computed once."
DSA,Why do developers use binary search tree?,"Binary search tree is used for ordered data needing fast search, insertion, and deletion. It gives logarithmic operations on balanced trees and sorted output through inorder traversal. It degrades to linear time if the tree becomes skewed. It finds the value 42 by comparing and moving left or right."
DSA,What are the drawbacks of memoization?,"Memoization uses extra memory and adds recursion overhead. It is an optimization that caches function results for repeated inputs. It avoids repeated computation, often reducing exponential time to polynomial. It stores Fibonacci values so each is computed once. It is the top-down counterpart of tabulation in dynamic programming."
DSA,Why is binary tree useful?,"Binary tree supports natural recursive algorithms and traversals. It is a hierarchical structure where each node has at most two children. It is used to represent hierarchies, expressions, and as a base for search trees. It represents the expression three plus four times two as a tree."
DSA,Where is dynamic programming commonly applied?,Dynamic programming is used for optimization and counting problems with optimal substructure. It is a method that solves problems by combining answers to overlapping subproblems. It turns exponential brute force into polynomial time by reusing results. It finds the minimum coins needed to make change for an amount.
DSA,Can you illustrate binary search with an example?,Binary search finds a word in a dictionary by repeatedly opening the middle page. It is an algorithm that finds a target in a sorted collection by halving the range. It is easy to get wrong because of off-by-one and overflow errors.
DSA,What is related to dynamic programming?,Dynamic programming is implemented top-down with memoization or bottom-up with tabulation. It is used for optimization and counting problems with optimal substructure. It turns exponential brute force into polynomial time by reusing results. It finds the minimum coins needed to make change for an amount.
DSA,Show a real-world example of backtracking.,Backtracking solves N-Queens by placing queens and undoing moves that cause conflicts. It is a technique that builds solutions step by step and abandons paths that fail. It prunes large search spaces compared with naive brute force. It can still take exponential time in the worst case.
DSA,What does heap sort mean?,"Heap sort is a sorting algorithm that builds a heap and repeatedly extracts the maximum. It is used when guaranteed O(n log n) time and constant extra space are required. It builds a max-heap, then swaps the root with the last element repeatedly."
DSA,What are the advantages of sliding window?,"Sliding window avoids recomputation, reducing time from quadratic to linear. It is a technique that maintains a moving range over an array or string. It finds the longest substring without repeating characters. It is a specialized form of the two-pointer technique."
DSA,How does Dijkstra's algorithm compare with similar approaches?,"Dijkstra's algorithm is replaced by Bellman-Ford for negative edges and A* for guided search. It is an algorithm that finds shortest paths from one source in graphs with non-negative weights. It is efficient with a priority queue, running in about O((V+E) log V). It fails with negative edge weights."
DSA,What is related to Bloom filter?,Bloom filter never returns false negatives. It is a probabilistic structure that tests whether an element is possibly in a set. It has false positives and does not support deletion in the basic version. It lets a crawler quickly skip URLs it has probably seen.
DSA,What is the basic idea behind deque?,Deque is a double-ended queue allowing insertion and removal at both ends. It supports constant-time operations at both ends. It has slower random access than arrays in linked implementations. It uses Python's collections.deque to pop from the left efficiently. It generalizes both stacks and queues.
DSA,What problems can segment tree cause?,Segment tree uses extra memory and is more complex to implement than prefix sums. It is used for range queries and updates such as sum or minimum. It answers range queries and point updates in logarithmic time. It is an alternative to Fenwick trees and sparse tables.
DSA,How is Bloom filter used in practice?,Bloom filter lets a crawler quickly skip URLs it has probably seen. It is a probabilistic structure that tests whether an element is possibly in a set. It is very space efficient and has fast constant-time operations. It never returns false negatives.
DSA,Explain greedy algorithm.,"Greedy algorithm is an approach that picks the locally best choice at every step. It is used when local choices lead to a global optimum, like interval scheduling. It fails on problems without the greedy-choice property, so correctness needs proof. It differs from dynamic programming, which considers combinations of subproblems."
DSA,What is related to graph?,"Graph is stored as an adjacency list or adjacency matrix. It represents complex connections that trees and lists cannot capture. It can be memory heavy, and many problems on graphs are computationally hard. It models cities as vertices and roads as weighted edges."
DSA,Show a real-world example of DFS.,"DFS explores a maze by following a corridor to the end before returning. It is a graph traversal that goes as deep as possible before backtracking. It does not find shortest paths and can overflow the recursion stack on deep graphs. It contrasts with BFS, which explores nearest vertices first."
DSA,What is an alternative to backtracking?,Backtracking is related to depth-first search and recursion. It is a technique that builds solutions step by step and abandons paths that fail. It can still take exponential time in the worst case. It solves N-Queens by placing queens and undoing moves that cause conflicts.
DSA,How does bit manipulation help developers?,"Bit manipulation is very fast and memory efficient. It is the use of bitwise operators to work directly with binary representations. It is used for flags, masks, compact storage, and fast arithmetic tricks. It uses AND, OR, XOR, NOT, and shifts."
DSA,What are common pitfalls with bubble sort?,Bubble sort runs in O(n^2) time and is impractical for large inputs. It is a simple sorting algorithm that repeatedly swaps adjacent elements that are out of order. It is used mainly for teaching and very small datasets. It is similar to insertion and selection sort in performance.
DSA,When should you use dynamic programming?,Dynamic programming is used for optimization and counting problems with optimal substructure. It turns exponential brute force into polynomial time by reusing results. It can use much memory and designing the state is difficult. It finds the minimum coins needed to make change for an amount.
DSA,In which situations is BFS a good choice?,BFS is used to find shortest paths in unweighted graphs and connected components. It is a graph traversal that visits vertices level by level using a queue. It can use a lot of memory because it stores a whole frontier of vertices.
DSA,What is related to heap?,Heap comes as min-heap or max-heap and is often stored in an array. It is a complete binary tree where each parent is ordered relative to its children. It gives constant-time access to the min or max and logarithmic insertions. It does not support fast arbitrary search or ordered traversal.
DSA,What are the limitations of graph?,"Graph can be memory heavy, and many problems on graphs are computationally hard. It is a structure of vertices connected by edges, directed or undirected. It represents complex connections that trees and lists cannot capture. It models cities as vertices and roads as weighted edges."
DSA,List the strengths of bubble sort.,Bubble sort is easy to understand and implement and can stop early if sorted. It is used mainly for teaching and very small datasets. It runs in O(n^2) time and is impractical for large inputs. It moves the largest value to the end after the first pass.
DSA,Walk me through a simple example of heap.,Heap repeatedly extracts the smallest task to schedule next. It is a complete binary tree where each parent is ordered relative to its children. It gives constant-time access to the min or max and logarithmic insertions. It does not support fast arbitrary search or ordered traversal.
DSA,Can you give a short overview of heap?,Heap is a complete binary tree where each parent is ordered relative to its children. It is used to implement priority queues and heap sort. It gives constant-time access to the min or max and logarithmic insertions. It comes as min-heap or max-heap and is often stored in an array.
DSA,What problem does Fenwick tree solve?,Fenwick tree is used for cumulative frequency and range sum queries. It is a compact structure for prefix sums supporting updates in logarithmic time. It is short to code and uses little memory. It is less flexible than segment trees and suits mainly invertible operations.
DSA,Can you illustrate binary tree with an example?,"Binary tree represents the expression three plus four times two as a tree. It is used to represent hierarchies, expressions, and as a base for search trees. It supports natural recursive algorithms and traversals. It can become skewed, making operations as slow as a linked list."
DSA,Describe a scenario where amortized analysis is applied.,"Amortized analysis explains why appending to a dynamic array is O(1) amortized despite occasional resizing. It is used to analyze structures like dynamic arrays. It guarantees average cost over sequences but not for every single operation. It differs from average-case analysis, which relies on input probability."
DSA,In which situations is memoization a good choice?,Memoization is used in recursive solutions with overlapping subproblems. It is an optimization that caches function results for repeated inputs. It uses extra memory and adds recursion overhead. It stores Fibonacci values so each is computed once. It is the top-down counterpart of tabulation in dynamic programming.
DSA,What is hash table used for?,"Hash table is used for fast lookups, caches, counting, and deduplication. It is a structure that maps keys to values using a hash function. It offers average constant-time insert, search, and delete. It handles collisions with chaining or open addressing."
DSA,What are the limitations of quick sort?,Quick sort degrades to O(n^2) with bad pivots and is not stable. It is used for general in-memory sorting where average speed matters. It is usually very fast in practice and sorts in place. It picks the last element as pivot and moves smaller values to its left.
DSA,Walk me through a simple example of Big O notation.,"Big O notation classifies binary search as O(log n) and bubble sort as O(n^2). It is a notation describing how an algorithm's running time or space grows with input size. It is used to compare algorithms independent of hardware. It focuses on scalability, ignoring constants and lower-order terms."
DSA,How does array help developers?,"Array gives constant-time access by index and good cache locality. It is a collection of elements stored in contiguous memory and accessed by index. It is used when fast random access and a known size are needed. It differs from linked lists, which trade access speed for flexible insertion."
DSA,Show a real-world example of array.,"Array stores daily temperatures for a week at indexes zero to six. It is a collection of elements stored in contiguous memory and accessed by index. It gives constant-time access by index and good cache locality. It has costly middle insertions and deletions, and fixed size in many languages."
DSA,What are the benefits of using binary tree?,"Binary tree supports natural recursive algorithms and traversals. It is a hierarchical structure where each node has at most two children. It can become skewed, making operations as slow as a linked list. It is traversed in preorder, inorder, postorder, or level order."
DSA,When should you use greedy algorithm?,"Greedy algorithm is used when local choices lead to a global optimum, like interval scheduling. It is an approach that picks the locally best choice at every step. It is simple, fast, and often easy to implement. It fails on problems without the greedy-choice property, so correctness needs proof."
DSA,Where is greedy algorithm commonly applied?,"Greedy algorithm is used when local choices lead to a global optimum, like interval scheduling. It fails on problems without the greedy-choice property, so correctness needs proof. It gives change using the largest coin first in standard currency systems. It differs from dynamic programming, which considers combinations of subproblems."
DSA,List the strengths of binary search tree.,"Binary search tree gives logarithmic operations on balanced trees and sorted output through inorder traversal. It is a binary tree where left descendants are smaller and right ones larger than each node. It is used for ordered data needing fast search, insertion, and deletion."
DSA,List the strengths of deque.,"Deque supports constant-time operations at both ends. It is a double-ended queue allowing insertion and removal at both ends. It is used for sliding window maximum, BFS variants, and palindromes. It has slower random access than arrays in linked implementations. It generalizes both stacks and queues."
DSA,What is related to quick sort?,Quick sort is often made safer with random or median-of-three pivots. It is a sorting algorithm that partitions around a pivot and sorts both sides. It is used for general in-memory sorting where average speed matters. It degrades to O(n^2) with bad pivots and is not stable.
DSA,What do you gain by using minimum spanning tree?,"Minimum spanning tree gives the cheapest way to connect everything without cycles. It is a subset of edges connecting all vertices with the smallest total weight. It is used in network design such as cables, roads, and clustering. It applies only to weighted undirected connected graphs."
DSA,What problem does divide and conquer solve?,"Divide and conquer is used in sorting, searching, and matrix multiplication. It is a strategy that splits a problem into subproblems, solves them, and combines results. It simplifies hard problems and often parallelizes naturally. It is analyzed with recurrences and the master theorem."
DSA,What other concepts are connected to divide and conquer?,"Divide and conquer is analyzed with recurrences and the master theorem. It is a strategy that splits a problem into subproblems, solves them, and combines results. It simplifies hard problems and often parallelizes naturally. It sorts an array by splitting, sorting halves, and merging."
DSA,Explain binary search tree.,Binary search tree is a binary tree where left descendants are smaller and right ones larger than each node. It gives logarithmic operations on balanced trees and sorted output through inorder traversal. It is made reliable by balanced variants such as AVL and Red-Black trees.
DSA,Walk me through a simple example of quick sort.,Quick sort picks the last element as pivot and moves smaller values to its left. It is a sorting algorithm that partitions around a pivot and sorts both sides. It is used for general in-memory sorting where average speed matters. It is often made safer with random or median-of-three pivots.
DSA,How does circular queue help developers?,"Circular queue reuses freed space and avoids shifting elements. It is used for buffers, streaming data, and round-robin scheduling. It has a fixed capacity and needs care to tell full from empty. It stores audio samples in a ring buffer."
DSA,What is divide and conquer?,"Divide and conquer is a strategy that splits a problem into subproblems, solves them, and combines results. It simplifies hard problems and often parallelizes naturally. It adds recursion overhead and may repeat work if subproblems overlap. It is analyzed with recurrences and the master theorem."
DSA,Where have you seen minimum spanning tree in action?,"Minimum spanning tree finds the cheapest cable layout connecting every office. It is a subset of edges connecting all vertices with the smallest total weight. It is used in network design such as cables, roads, and clustering. It is computed using Kruskal's or Prim's algorithm."
DSA,How does array differ from related concepts?,"Array differs from linked lists, which trade access speed for flexible insertion. It is a collection of elements stored in contiguous memory and accessed by index. It is used when fast random access and a known size are needed. It gives constant-time access by index and good cache locality."
DSA,Where is binary tree commonly applied?,"Binary tree is used to represent hierarchies, expressions, and as a base for search trees. It supports natural recursive algorithms and traversals. It represents the expression three plus four times two as a tree. It is traversed in preorder, inorder, postorder, or level order."
DSA,Define AVL tree in simple words.,"AVL tree is a self-balancing binary search tree keeping subtree heights within one. It guarantees O(log n) search, insert, and delete. It performs frequent rotations, so insertions cost more than in simpler trees. It is more strictly balanced than Red-Black trees."
DSA,When should you avoid binary search tree?,"Binary search tree degrades to linear time if the tree becomes skewed. It is used for ordered data needing fast search, insertion, and deletion. It finds the value 42 by comparing and moving left or right. It is made reliable by balanced variants such as AVL and Red-Black trees."
DSA,Can you illustrate Big O notation with an example?,"Big O notation classifies binary search as O(log n) and bubble sort as O(n^2). It is used to compare algorithms independent of hardware. It hides constant factors that matter on small inputs. It describes upper bounds, while Omega and Theta describe lower and tight bounds."
DSA,List the strengths of Fenwick tree.,Fenwick tree is short to code and uses little memory. It is a compact structure for prefix sums supporting updates in logarithmic time. It is used for cumulative frequency and range sum queries. It tracks running totals of scores while values change.
DSA,What are the limitations of amortized analysis?,Amortized analysis guarantees average cost over sequences but not for every single operation. It is a method that averages the cost of operations over a sequence. It is used to analyze structures like dynamic arrays. It explains why appending to a dynamic array is O(1) amortized despite occasional resizing.
DSA,How does LRU cache help developers?,LRU cache keeps frequently used items available and gives constant-time operations with the right design. It is a cache that evicts the least recently used item when full. It can be hurt by scans that flush useful entries. It combines a hash map with a doubly linked list.
DSA,What are common pitfalls with sliding window?,"Sliding window works best when the window condition changes predictably as it moves. It is used for subarray and substring problems like maximum sum of k elements. It avoids recomputation, reducing time from quadratic to linear. It is a specialized form of the two-pointer technique."
DSA,Give an example of union-find.,Union-find checks whether two computers are already connected in a network. It is a data structure that tracks disjoint sets with find and union operations. It achieves near-constant time per operation with path compression and union by rank. It supports merging but not efficient splitting of sets.
DSA,What problems can Big O notation cause?,"Big O notation hides constant factors that matter on small inputs. It is a notation describing how an algorithm's running time or space grows with input size. It focuses on scalability, ignoring constants and lower-order terms. It classifies binary search as O(log n) and bubble sort as O(n^2)."
DSA,What are the alternatives or companions of segment tree?,Segment tree is an alternative to Fenwick trees and sparse tables. It is a tree structure that stores aggregate information for array ranges. It is used for range queries and updates such as sum or minimum. It uses extra memory and is more complex to implement than prefix sums.
DSA,What do you gain by using queue?,"Queue processes items fairly in arrival order with constant-time enqueue and dequeue. It is a linear structure following First In, First Out order. It is used for scheduling, buffering, and breadth-first search. It allows access only at the ends, and array versions may waste space."
DSA,How does DFS differ from related concepts?,"DFS contrasts with BFS, which explores nearest vertices first. It is used for cycle detection, topological sorting, and exploring all paths. It is simple to write recursively and uses memory proportional to depth. It explores a maze by following a corridor to the end before returning."
DSA,What should I learn alongside merge sort?,"Merge sort is a stable alternative to quick sort and heap sort. It is a divide and conquer sorting algorithm that splits, sorts, and merges halves. It is used when stable, predictable sorting or external sorting is needed. It guarantees O(n log n) time and keeps equal elements in order."
DSA,When should you avoid deque?,Deque has slower random access than arrays in linked implementations. It is a double-ended queue allowing insertion and removal at both ends. It supports constant-time operations at both ends. It uses Python's collections.deque to pop from the left efficiently. It generalizes both stacks and queues.
DSA,What problems can bubble sort cause?,Bubble sort runs in O(n^2) time and is impractical for large inputs. It is a simple sorting algorithm that repeatedly swaps adjacent elements that are out of order. It is easy to understand and implement and can stop early if sorted.
DSA,How does AVL tree help developers?,"AVL tree guarantees O(log n) search, insert, and delete. It is a self-balancing binary search tree keeping subtree heights within one. It is used when lookups dominate and guaranteed logarithmic time is needed. It rotates left after inserting values in increasing order to restore balance."
DSA,When should you use recursion?,"Recursion is used for trees, divide and conquer, and backtracking. It is a technique where a function solves a problem by calling itself on smaller inputs. It makes complex problems concise and natural to express. It can overflow the call stack and repeat work without memoization."
DSA,What is the main purpose of heap?,Heap is used to implement priority queues and heap sort. It is a complete binary tree where each parent is ordered relative to its children. It repeatedly extracts the smallest task to schedule next. It comes as min-heap or max-heap and is often stored in an array.
DSA,Where have you seen amortized analysis in action?,Amortized analysis explains why appending to a dynamic array is O(1) amortized despite occasional resizing. It is a method that averages the cost of operations over a sequence. It is used to analyze structures like dynamic arrays. It shows that occasional expensive operations still give cheap average cost.
DSA,What is Big O notation used for?,"Big O notation is used to compare algorithms independent of hardware. It is a notation describing how an algorithm's running time or space grows with input size. It focuses on scalability, ignoring constants and lower-order terms. It describes upper bounds, while Omega and Theta describe lower and tight bounds."
DSA,When should you use segment tree?,Segment tree is used for range queries and updates such as sum or minimum. It is a tree structure that stores aggregate information for array ranges. It finds the minimum in any subarray of a changing array. It is an alternative to Fenwick trees and sparse tables.
DSA,Why is union-find useful?,"Union-find achieves near-constant time per operation with path compression and union by rank. It is used for connected components, Kruskal's algorithm, and cycle detection in undirected graphs. It checks whether two computers are already connected in a network. It is also called disjoint set union."
DSA,What other concepts are connected to hash table?,"Hash table handles collisions with chaining or open addressing. It is a structure that maps keys to values using a hash function. It offers average constant-time insert, search, and delete. It has unordered keys, collisions, and worst-case linear time with poor hashing."
DSA,What are the alternatives or companions of quick sort?,Quick sort is often made safer with random or median-of-three pivots. It is used for general in-memory sorting where average speed matters. It degrades to O(n^2) with bad pivots and is not stable. It picks the last element as pivot and moves smaller values to its left.
DSA,How does queue help developers?,"Queue processes items fairly in arrival order with constant-time enqueue and dequeue. It is a linear structure following First In, First Out order. It allows access only at the ends, and array versions may waste space. It has variants like deque, priority queue, and circular queue."
DSA,Why do developers use quick sort?,Quick sort is used for general in-memory sorting where average speed matters. It is a sorting algorithm that partitions around a pivot and sorts both sides. It is usually very fast in practice and sorts in place. It is often made safer with random or median-of-three pivots.
DSA,Is there a substitute for segment tree?,Segment tree is an alternative to Fenwick trees and sparse tables. It answers range queries and point updates in logarithmic time. It uses extra memory and is more complex to implement than prefix sums. It finds the minimum in any subarray of a changing array.
DSA,Why is Dijkstra's algorithm considered important?,"Dijkstra's algorithm is efficient with a priority queue, running in about O((V+E) log V). It is an algorithm that finds shortest paths from one source in graphs with non-negative weights. It is used in routing, maps, and network planning. It fails with negative edge weights."
DSA,Give an example of quick sort.,Quick sort picks the last element as pivot and moves smaller values to its left. It is used for general in-memory sorting where average speed matters. It degrades to O(n^2) with bad pivots and is not stable. It is often made safer with random or median-of-three pivots.
DSA,What problem does recursion solve?,"Recursion is used for trees, divide and conquer, and backtracking. It is a technique where a function solves a problem by calling itself on smaller inputs. It computes factorial of five as five times factorial of four. It needs a base case and can often be converted to iteration."
DSA,How does a hash table work?,"A hash table stores key-value pairs and uses a hash function to map keys to array indices, offering average O(1) insertion, lookup, and deletion. Collisions, where different keys share an index, are handled using chaining or open addressing. Poor hash functions or high load factors degrade performance toward O(n)."
DSA,What is an alternative to divide and conquer?,"Divide and conquer is analyzed with recurrences and the master theorem. It is a strategy that splits a problem into subproblems, solves them, and combines results. It is used in sorting, searching, and matrix multiplication. It sorts an array by splitting, sorting halves, and merging."
DSA,List the strengths of merge sort.,"Merge sort guarantees O(n log n) time and keeps equal elements in order. It is a divide and conquer sorting algorithm that splits, sorts, and merges halves. It is used when stable, predictable sorting or external sorting is needed. It sorts linked lists efficiently without random access."
DSA,What are the benefits of using recursion?,Recursion makes complex problems concise and natural to express. It is a technique where a function solves a problem by calling itself on smaller inputs. It can overflow the call stack and repeat work without memoization. It needs a base case and can often be converted to iteration.
DSA,What are the drawbacks of heap?,Heap does not support fast arbitrary search or ordered traversal. It is used to implement priority queues and heap sort. It gives constant-time access to the min or max and logarithmic insertions. It repeatedly extracts the smallest task to schedule next.
DSA,When should you use Dijkstra's algorithm?,"Dijkstra's algorithm is used in routing, maps, and network planning. It is an algorithm that finds shortest paths from one source in graphs with non-negative weights. It computes the quickest driving route between two cities. It is replaced by Bellman-Ford for negative edges and A* for guided search."
DSA,What is heap used for?,Heap is used to implement priority queues and heap sort. It is a complete binary tree where each parent is ordered relative to its children. It does not support fast arbitrary search or ordered traversal. It repeatedly extracts the smallest task to schedule next.
DSA,What is an alternative to sliding window?,Sliding window is a specialized form of the two-pointer technique. It is a technique that maintains a moving range over an array or string. It works best when the window condition changes predictably as it moves. It finds the longest substring without repeating characters.
DSA,What problem does KMP algorithm solve?,KMP algorithm is used to find a pattern inside a long text. It runs in linear time O(n + m). It finds the word abab in a long string without moving backward in the text. It is an alternative to Rabin-Karp and Boyer-Moore.
DSA,Why do developers use minimum spanning tree?,"Minimum spanning tree is used in network design such as cables, roads, and clustering. It gives the cheapest way to connect everything without cycles. It applies only to weighted undirected connected graphs. It finds the cheapest cable layout connecting every office. It is computed using Kruskal's or Prim's algorithm."
DSA,When should you use trie?,"Trie is used for autocomplete, spell checking, and prefix searches. It is a tree storing strings character by character along paths from the root. It suggests words starting with pre while a user types. It is also called a prefix tree."
DSA,Where is queue commonly applied?,"Queue is used for scheduling, buffering, and breadth-first search. It processes items fairly in arrival order with constant-time enqueue and dequeue. It allows access only at the ends, and array versions may waste space. It lines up print jobs so the earliest one prints first."
DSA,What are the advantages of topological sort?,"Topological sort gives a valid execution order in linear time. It is an ordering of a directed acyclic graph's vertices so edges point forward. It is used for task scheduling, build systems, and course prerequisites. It orders courses so each prerequisite comes before the course that needs it."
DSA,Show a real-world example of Dijkstra's algorithm.,"Dijkstra's algorithm computes the quickest driving route between two cities. It is an algorithm that finds shortest paths from one source in graphs with non-negative weights. It is used in routing, maps, and network planning. It fails with negative edge weights."
DSA,What are the downsides of Big O notation?,"Big O notation hides constant factors that matter on small inputs. It is used to compare algorithms independent of hardware. It focuses on scalability, ignoring constants and lower-order terms. It describes upper bounds, while Omega and Theta describe lower and tight bounds."
DSA,What is the main purpose of Fenwick tree?,Fenwick tree is used for cumulative frequency and range sum queries. It is less flexible than segment trees and suits mainly invertible operations. It tracks running totals of scores while values change. It is also known as a binary indexed tree.
DSA,What is related to two-pointer technique?,Two-pointer technique is closely related to sliding window. It is a technique that moves two indices through data to solve problems efficiently. It generally needs sorted or structured input to work correctly. It finds two numbers summing to a target by moving pointers inward from both ends.
DSA,What do you gain by using Dijkstra's algorithm?,"Dijkstra's algorithm is efficient with a priority queue, running in about O((V+E) log V). It is an algorithm that finds shortest paths from one source in graphs with non-negative weights. It fails with negative edge weights. It is replaced by Bellman-Ford for negative edges and A* for guided search."
DSA,What should you watch out for when using divide and conquer?,"Divide and conquer adds recursion overhead and may repeat work if subproblems overlap. It simplifies hard problems and often parallelizes naturally. It sorts an array by splitting, sorting halves, and merging. It is analyzed with recurrences and the master theorem."
DSA,Why is counting sort useful?,"Counting sort runs in linear time, O(n + k), for suitable inputs. It is used for integers within a small known range. It wastes memory when the value range is large. It is often used as a subroutine in radix sort."
DSA,Define heap in simple words.,Heap is a complete binary tree where each parent is ordered relative to its children. It is used to implement priority queues and heap sort. It does not support fast arbitrary search or ordered traversal. It comes as min-heap or max-heap and is often stored in an array.
DSA,What is an alternative to graph?,"Graph is stored as an adjacency list or adjacency matrix. It is a structure of vertices connected by edges, directed or undirected. It is used to model networks, maps, dependencies, and relationships. It represents complex connections that trees and lists cannot capture."
DSA,What should I learn alongside sliding window?,"Sliding window is a specialized form of the two-pointer technique. It is a technique that maintains a moving range over an array or string. It avoids recomputation, reducing time from quadratic to linear. It works best when the window condition changes predictably as it moves."
DSA,How is adjacency list used in practice?,"Adjacency list stores vertex A with neighbors B and C as A: [B, C]. It is a graph representation storing each vertex's neighbors in a list. It is used for sparse graphs in traversals and shortest-path algorithms. It checks whether a specific edge exists more slowly than an adjacency matrix."
DSA,What are the limitations of segment tree?,Segment tree uses extra memory and is more complex to implement than prefix sums. It is a tree structure that stores aggregate information for array ranges. It answers range queries and point updates in logarithmic time. It is an alternative to Fenwick trees and sparse tables.
DSA,What are the alternatives or companions of array?,"Array differs from linked lists, which trade access speed for flexible insertion. It is used when fast random access and a known size are needed. It gives constant-time access by index and good cache locality. It stores daily temperatures for a week at indexes zero to six."
DSA,Explain linked list.,"Linked list is a sequence of nodes where each node points to the next. It is used when frequent insertions and deletions are needed without shifting elements. It grows dynamically and inserts at a known node in constant time. It comes in singly, doubly, and circular forms."
DSA,How would you explain deque to a beginner?,"Deque is a double-ended queue allowing insertion and removal at both ends. It is used for sliding window maximum, BFS variants, and palindromes. It supports constant-time operations at both ends. It has slower random access than arrays in linked implementations. It generalizes both stacks and queues."
DSA,Give an example of KMP algorithm.,KMP algorithm finds the word abab in a long string without moving backward in the text. It is used to find a pattern inside a long text. It runs in linear time O(n + m). It is trickier to understand and implement than naive search.
DSA,Where have you seen recursion in action?,"Recursion computes factorial of five as five times factorial of four. It is a technique where a function solves a problem by calling itself on smaller inputs. It is used for trees, divide and conquer, and backtracking. It makes complex problems concise and natural to express."
DSA,What other concepts are connected to dynamic programming?,Dynamic programming is implemented top-down with memoization or bottom-up with tabulation. It is a method that solves problems by combining answers to overlapping subproblems. It turns exponential brute force into polynomial time by reusing results. It can use much memory and designing the state is difficult.
DSA,How is heap typically used in real projects?,Heap is used to implement priority queues and heap sort. It gives constant-time access to the min or max and logarithmic insertions. It does not support fast arbitrary search or ordered traversal. It repeatedly extracts the smallest task to schedule next.
DSA,Why is trie considered important?,"Trie finds prefixes in time proportional to word length, independent of dictionary size. It is a tree storing strings character by character along paths from the root. It is used for autocomplete, spell checking, and prefix searches. It suggests words starting with pre while a user types."
DSA,Can you give a short overview of Fenwick tree?,Fenwick tree is a compact structure for prefix sums supporting updates in logarithmic time. It is used for cumulative frequency and range sum queries. It is short to code and uses little memory. It tracks running totals of scores while values change.
DSA,List the strengths of Bloom filter.,Bloom filter is very space efficient and has fast constant-time operations. It is a probabilistic structure that tests whether an element is possibly in a set. It is used to avoid costly lookups in caches and databases. It lets a crawler quickly skip URLs it has probably seen.
DSA,Describe Bloom filter briefly.,Bloom filter is a probabilistic structure that tests whether an element is possibly in a set. It is used to avoid costly lookups in caches and databases. It is very space efficient and has fast constant-time operations. It has false positives and does not support deletion in the basic version.
DSA,What are the limitations of deque?,"Deque has slower random access than arrays in linked implementations. It is a double-ended queue allowing insertion and removal at both ends. It is used for sliding window maximum, BFS variants, and palindromes. It supports constant-time operations at both ends. It generalizes both stacks and queues."
DSA,What is graph?,"Graph is a structure of vertices connected by edges, directed or undirected. It is used to model networks, maps, dependencies, and relationships. It models cities as vertices and roads as weighted edges. It is stored as an adjacency list or adjacency matrix."
DSA,When should you use Fenwick tree?,Fenwick tree is used for cumulative frequency and range sum queries. It is short to code and uses little memory. It is less flexible than segment trees and suits mainly invertible operations. It is also known as a binary indexed tree.
DSA,Describe heap briefly.,Heap is a complete binary tree where each parent is ordered relative to its children. It does not support fast arbitrary search or ordered traversal. It repeatedly extracts the smallest task to schedule next. It comes as min-heap or max-heap and is often stored in an array.
DSA,What is bit manipulation used for?,"Bit manipulation is used for flags, masks, compact storage, and fast arithmetic tricks. It is the use of bitwise operators to work directly with binary representations. It checks whether a number is a power of two with n and n minus one."
DSA,List the strengths of segment tree.,Segment tree answers range queries and point updates in logarithmic time. It is a tree structure that stores aggregate information for array ranges. It is used for range queries and updates such as sum or minimum. It uses extra memory and is more complex to implement than prefix sums.
DSA,What makes Fenwick tree valuable?,Fenwick tree is short to code and uses little memory. It is less flexible than segment trees and suits mainly invertible operations. It tracks running totals of scores while values change. It is also known as a binary indexed tree.
DSA,How does divide and conquer differ from related concepts?,"Divide and conquer is analyzed with recurrences and the master theorem. It is a strategy that splits a problem into subproblems, solves them, and combines results. It adds recursion overhead and may repeat work if subproblems overlap. It sorts an array by splitting, sorting halves, and merging."
DSA,What should you watch out for when using KMP algorithm?,KMP algorithm is trickier to understand and implement than naive search. It is a string matching algorithm that avoids rechecking characters using a prefix table. It runs in linear time O(n + m). It is an alternative to Rabin-Karp and Boyer-Moore.
DSA,How does merge sort differ from related concepts?,"Merge sort is a stable alternative to quick sort and heap sort. It is used when stable, predictable sorting or external sorting is needed. It guarantees O(n log n) time and keeps equal elements in order. It needs O(n) extra space for arrays."
DSA,What is related to DFS?,"DFS contrasts with BFS, which explores nearest vertices first. It is a graph traversal that goes as deep as possible before backtracking. It does not find shortest paths and can overflow the recursion stack on deep graphs. It explores a maze by following a corridor to the end before returning."
DSA,Why do developers use dynamic programming?,Dynamic programming is used for optimization and counting problems with optimal substructure. It is a method that solves problems by combining answers to overlapping subproblems. It can use much memory and designing the state is difficult. It finds the minimum coins needed to make change for an amount.
DSA,Define segment tree in simple words.,Segment tree is a tree structure that stores aggregate information for array ranges. It uses extra memory and is more complex to implement than prefix sums. It finds the minimum in any subarray of a changing array. It is an alternative to Fenwick trees and sparse tables.
DSA,Is there a substitute for memoization?,"Memoization is the top-down counterpart of tabulation in dynamic programming. It is an optimization that caches function results for repeated inputs. It avoids repeated computation, often reducing exponential time to polynomial. It uses extra memory and adds recursion overhead. It stores Fibonacci values so each is computed once."
DSA,What are the limitations of memoization?,Memoization uses extra memory and adds recursion overhead. It is an optimization that caches function results for repeated inputs. It is used in recursive solutions with overlapping subproblems. It stores Fibonacci values so each is computed once. It is the top-down counterpart of tabulation in dynamic programming.
DSA,What is the main purpose of trie?,"Trie is used for autocomplete, spell checking, and prefix searches. It finds prefixes in time proportional to word length, independent of dictionary size. It can use much memory when many strings share few prefixes. It is also called a prefix tree."
DSA,Can you illustrate bit manipulation with an example?,"Bit manipulation checks whether a number is a power of two with n and n minus one. It is the use of bitwise operators to work directly with binary representations. It is used for flags, masks, compact storage, and fast arithmetic tricks. It uses AND, OR, XOR, NOT, and shifts."
DSA,How does Dijkstra's algorithm differ from related concepts?,"Dijkstra's algorithm is replaced by Bellman-Ford for negative edges and A* for guided search. It is an algorithm that finds shortest paths from one source in graphs with non-negative weights. It is used in routing, maps, and network planning. It fails with negative edge weights."
DSA,Is there a substitute for binary search tree?,"Binary search tree is made reliable by balanced variants such as AVL and Red-Black trees. It is used for ordered data needing fast search, insertion, and deletion. It degrades to linear time if the tree becomes skewed. It finds the value 42 by comparing and moving left or right."
DSA,List the strengths of topological sort.,Topological sort gives a valid execution order in linear time. It is an ordering of a directed acyclic graph's vertices so edges point forward. It exists only for graphs without cycles. It orders courses so each prerequisite comes before the course that needs it.
DSA,Is there a substitute for dynamic programming?,Dynamic programming is implemented top-down with memoization or bottom-up with tabulation. It is used for optimization and counting problems with optimal substructure. It can use much memory and designing the state is difficult. It finds the minimum coins needed to make change for an amount.
DSA,Is there a substitute for graph?,"Graph is stored as an adjacency list or adjacency matrix. It is used to model networks, maps, dependencies, and relationships. It represents complex connections that trees and lists cannot capture. It can be memory heavy, and many problems on graphs are computationally hard."
DSA,What are the drawbacks of counting sort?,"Counting sort wastes memory when the value range is large. It runs in linear time, O(n + k), for suitable inputs. It sorts exam scores from zero to one hundred by tallying counts. It is often used as a subroutine in radix sort."
DSA,Give an example of queue.,"Queue lines up print jobs so the earliest one prints first. It processes items fairly in arrival order with constant-time enqueue and dequeue. It allows access only at the ends, and array versions may waste space. It has variants like deque, priority queue, and circular queue."
DSA,What problem does quick sort solve?,Quick sort is used for general in-memory sorting where average speed matters. It is a sorting algorithm that partitions around a pivot and sorts both sides. It degrades to O(n^2) with bad pivots and is not stable. It is often made safer with random or median-of-three pivots.
DSA,What are the drawbacks of BFS?,"BFS can use a lot of memory because it stores a whole frontier of vertices. It is used to find shortest paths in unweighted graphs and connected components. It finds the minimum moves needed to solve a maze grid. It contrasts with depth-first search, which explores deeply before backtracking."
DSA,What is minimum spanning tree?,Minimum spanning tree is a subset of edges connecting all vertices with the smallest total weight. It applies only to weighted undirected connected graphs. It finds the cheapest cable layout connecting every office. It is computed using Kruskal's or Prim's algorithm.
DSA,What is the basic idea behind bit manipulation?,"Bit manipulation is the use of bitwise operators to work directly with binary representations. It is used for flags, masks, compact storage, and fast arithmetic tricks. It checks whether a number is a power of two with n and n minus one."
DSA,What should I learn alongside array?,"Array differs from linked lists, which trade access speed for flexible insertion. It gives constant-time access by index and good cache locality. It has costly middle insertions and deletions, and fixed size in many languages. It stores daily temperatures for a week at indexes zero to six."
DSA,What are the alternatives or companions of memoization?,Memoization is the top-down counterpart of tabulation in dynamic programming. It is an optimization that caches function results for repeated inputs. It is used in recursive solutions with overlapping subproblems. It uses extra memory and adds recursion overhead. It stores Fibonacci values so each is computed once.
DSA,Why do developers use counting sort?,Counting sort is used for integers within a small known range. It is a non-comparison sorting algorithm that counts occurrences of each value. It sorts exam scores from zero to one hundred by tallying counts. It is often used as a subroutine in radix sort.
DSA,Define binary search tree in simple words.,"Binary search tree is a binary tree where left descendants are smaller and right ones larger than each node. It is used for ordered data needing fast search, insertion, and deletion. It degrades to linear time if the tree becomes skewed."
DSA,How is circular queue typically used in real projects?,"Circular queue is used for buffers, streaming data, and round-robin scheduling. It is a fixed-size queue where the end connects back to the start. It reuses freed space and avoids shifting elements. It stores audio samples in a ring buffer. It is also known as a ring buffer."
DSA,What are the advantages of memoization?,"Memoization avoids repeated computation, often reducing exponential time to polynomial. It is an optimization that caches function results for repeated inputs. It is used in recursive solutions with overlapping subproblems. It stores Fibonacci values so each is computed once. It is the top-down counterpart of tabulation in dynamic programming."
DSA,What are common pitfalls with heap?,Heap does not support fast arbitrary search or ordered traversal. It is a complete binary tree where each parent is ordered relative to its children. It repeatedly extracts the smallest task to schedule next. It comes as min-heap or max-heap and is often stored in an array.
DSA,Describe a scenario where array is applied.,Array stores daily temperatures for a week at indexes zero to six. It is a collection of elements stored in contiguous memory and accessed by index. It is used when fast random access and a known size are needed. It gives constant-time access by index and good cache locality.
DSA,What is an alternative to dynamic programming?,Dynamic programming is implemented top-down with memoization or bottom-up with tabulation. It is a method that solves problems by combining answers to overlapping subproblems. It is used for optimization and counting problems with optimal substructure. It can use much memory and designing the state is difficult.
DSA,Give an example of binary search tree.,Binary search tree finds the value 42 by comparing and moving left or right. It gives logarithmic operations on balanced trees and sorted output through inorder traversal. It degrades to linear time if the tree becomes skewed. It is made reliable by balanced variants such as AVL and Red-Black trees.
DSA,What are the advantages of counting sort?,"Counting sort runs in linear time, O(n + k), for suitable inputs. It is used for integers within a small known range. It wastes memory when the value range is large. It sorts exam scores from zero to one hundred by tallying counts."
DSA,What is KMP algorithm used for?,KMP algorithm is used to find a pattern inside a long text. It is trickier to understand and implement than naive search. It finds the word abab in a long string without moving backward in the text. It is an alternative to Rabin-Karp and Boyer-Moore.
DSA,Where is recursion commonly applied?,"Recursion is used for trees, divide and conquer, and backtracking. It makes complex problems concise and natural to express. It can overflow the call stack and repeat work without memoization. It computes factorial of five as five times factorial of four."
DSA,Can you give a short overview of adjacency list?,Adjacency list is a graph representation storing each vertex's neighbors in a list. It is used for sparse graphs in traversals and shortest-path algorithms. It uses memory proportional to vertices plus edges and iterates neighbors quickly. It is the usual alternative to an adjacency matrix for dense graphs.
DSA,How does amortized analysis help developers?,"Amortized analysis shows that occasional expensive operations still give cheap average cost. It is used to analyze structures like dynamic arrays. It explains why appending to a dynamic array is O(1) amortized despite occasional resizing. It differs from average-case analysis, which relies on input probability."
DSA,How does Dijkstra's algorithm help developers?,"Dijkstra's algorithm is efficient with a priority queue, running in about O((V+E) log V). It fails with negative edge weights. It computes the quickest driving route between two cities. It is replaced by Bellman-Ford for negative edges and A* for guided search."
DSA,Walk me through a simple example of amortized analysis.,"Amortized analysis explains why appending to a dynamic array is O(1) amortized despite occasional resizing. It is a method that averages the cost of operations over a sequence. It shows that occasional expensive operations still give cheap average cost. It differs from average-case analysis, which relies on input probability."
DSA,How does minimum spanning tree compare with similar approaches?,Minimum spanning tree is computed using Kruskal's or Prim's algorithm. It is a subset of edges connecting all vertices with the smallest total weight. It applies only to weighted undirected connected graphs. It finds the cheapest cable layout connecting every office.
DSA,What is bubble sort?,Bubble sort is a simple sorting algorithm that repeatedly swaps adjacent elements that are out of order. It is used mainly for teaching and very small datasets. It runs in O(n^2) time and is impractical for large inputs. It is similar to insertion and selection sort in performance.
DSA,List the strengths of queue.,"Queue processes items fairly in arrival order with constant-time enqueue and dequeue. It is used for scheduling, buffering, and breadth-first search. It lines up print jobs so the earliest one prints first. It has variants like deque, priority queue, and circular queue."
DSA,Can you give a short overview of DFS?,"DFS is a graph traversal that goes as deep as possible before backtracking. It is used for cycle detection, topological sorting, and exploring all paths. It is simple to write recursively and uses memory proportional to depth. It contrasts with BFS, which explores nearest vertices first."
DSA,What makes recursion valuable?,Recursion makes complex problems concise and natural to express. It is a technique where a function solves a problem by calling itself on smaller inputs. It computes factorial of five as five times factorial of four. It needs a base case and can often be converted to iteration.
DSA,In which situations is recursion a good choice?,"Recursion is used for trees, divide and conquer, and backtracking. It is a technique where a function solves a problem by calling itself on smaller inputs. It can overflow the call stack and repeat work without memoization. It computes factorial of five as five times factorial of four."
DSA,Give an example of sliding window.,Sliding window finds the longest substring without repeating characters. It is used for subarray and substring problems like maximum sum of k elements. It works best when the window condition changes predictably as it moves. It is a specialized form of the two-pointer technique.
DSA,What problems can recursion cause?,Recursion can overflow the call stack and repeat work without memoization. It is a technique where a function solves a problem by calling itself on smaller inputs. It computes factorial of five as five times factorial of four. It needs a base case and can often be converted to iteration.
DSA,Explain minimum spanning tree.,"Minimum spanning tree is a subset of edges connecting all vertices with the smallest total weight. It is used in network design such as cables, roads, and clustering. It gives the cheapest way to connect everything without cycles. It finds the cheapest cable layout connecting every office."
DSA,How is hash table used in practice?,"Hash table counts word frequencies by using each word as a key. It is used for fast lookups, caches, counting, and deduplication. It offers average constant-time insert, search, and delete. It has unordered keys, collisions, and worst-case linear time with poor hashing."
DSA,Explain binary tree.,"Binary tree is a hierarchical structure where each node has at most two children. It is used to represent hierarchies, expressions, and as a base for search trees. It can become skewed, making operations as slow as a linked list. It is traversed in preorder, inorder, postorder, or level order."
DSA,Explain recursion.,Recursion is a technique where a function solves a problem by calling itself on smaller inputs. It can overflow the call stack and repeat work without memoization. It computes factorial of five as five times factorial of four. It needs a base case and can often be converted to iteration.
DSA,How is topological sort typically used in real projects?,"Topological sort is used for task scheduling, build systems, and course prerequisites. It is an ordering of a directed acyclic graph's vertices so edges point forward. It gives a valid execution order in linear time. It exists only for graphs without cycles."
DSA,What are the drawbacks of divide and conquer?,"Divide and conquer adds recursion overhead and may repeat work if subproblems overlap. It is a strategy that splits a problem into subproblems, solves them, and combines results. It simplifies hard problems and often parallelizes naturally. It sorts an array by splitting, sorting halves, and merging."
DSA,What problems can Dijkstra's algorithm cause?,"Dijkstra's algorithm fails with negative edge weights. It is an algorithm that finds shortest paths from one source in graphs with non-negative weights. It is used in routing, maps, and network planning. It computes the quickest driving route between two cities."
DSA,What are common pitfalls with graph?,"Graph can be memory heavy, and many problems on graphs are computationally hard. It is a structure of vertices connected by edges, directed or undirected. It is used to model networks, maps, dependencies, and relationships. It is stored as an adjacency list or adjacency matrix."
DSA,What are the advantages of Bloom filter?,Bloom filter is very space efficient and has fast constant-time operations. It is used to avoid costly lookups in caches and databases. It has false positives and does not support deletion in the basic version. It never returns false negatives.
DSA,How would you explain binary search tree to a beginner?,"Binary search tree is a binary tree where left descendants are smaller and right ones larger than each node. It is used for ordered data needing fast search, insertion, and deletion. It finds the value 42 by comparing and moving left or right."
DSA,What is an alternative to topological sort?,"Topological sort is computed with Kahn's algorithm or DFS. It is used for task scheduling, build systems, and course prerequisites. It exists only for graphs without cycles. It orders courses so each prerequisite comes before the course that needs it."
DSA,What is merge sort?,"Merge sort is a divide and conquer sorting algorithm that splits, sorts, and merges halves. It guarantees O(n log n) time and keeps equal elements in order. It sorts linked lists efficiently without random access. It is a stable alternative to quick sort and heap sort."
DSA,What are the downsides of heap?,Heap does not support fast arbitrary search or ordered traversal. It is a complete binary tree where each parent is ordered relative to its children. It is used to implement priority queues and heap sort. It gives constant-time access to the min or max and logarithmic insertions.
DSA,Walk me through a simple example of stack.,"Stack lets a browser go back to the most recently visited page. It is a linear structure following Last In, First Out order. It is used for undo features, recursion, expression evaluation, and backtracking. It offers constant-time push and pop with simple implementation."
DSA,How does array compare with similar approaches?,"Array differs from linked lists, which trade access speed for flexible insertion. It is a collection of elements stored in contiguous memory and accessed by index. It gives constant-time access by index and good cache locality. It has costly middle insertions and deletions, and fixed size in many languages."
DSA,What are the alternatives or companions of divide and conquer?,"Divide and conquer is analyzed with recurrences and the master theorem. It is used in sorting, searching, and matrix multiplication. It simplifies hard problems and often parallelizes naturally. It adds recursion overhead and may repeat work if subproblems overlap. It sorts an array by splitting, sorting halves, and merging."
DSA,What is the main purpose of topological sort?,"Topological sort is used for task scheduling, build systems, and course prerequisites. It gives a valid execution order in linear time. It exists only for graphs without cycles. It orders courses so each prerequisite comes before the course that needs it. It is computed with Kahn's algorithm or DFS."
DSA,Describe hash table briefly.,"Hash table is a structure that maps keys to values using a hash function. It offers average constant-time insert, search, and delete. It has unordered keys, collisions, and worst-case linear time with poor hashing. It handles collisions with chaining or open addressing."
DSA,Show a real-world example of memoization.,"Memoization stores Fibonacci values so each is computed once. It is used in recursive solutions with overlapping subproblems. It avoids repeated computation, often reducing exponential time to polynomial. It uses extra memory and adds recursion overhead. It is the top-down counterpart of tabulation in dynamic programming."
DSA,What are the alternatives or companions of Bloom filter?,Bloom filter never returns false negatives. It is a probabilistic structure that tests whether an element is possibly in a set. It is used to avoid costly lookups in caches and databases. It lets a crawler quickly skip URLs it has probably seen.
DSA,What are the alternatives or companions of greedy algorithm?,"Greedy algorithm differs from dynamic programming, which considers combinations of subproblems. It is simple, fast, and often easy to implement. It fails on problems without the greedy-choice property, so correctness needs proof. It gives change using the largest coin first in standard currency systems."
DSA,What is the time complexity of binary search?,"Binary search runs in O(log n) time on a sorted array. It compares the target with the middle element and discards half of the remaining range at each step. It needs only O(1) extra space in its iterative form, and it fails if the data is unsorted."
DSA,What is the basic idea behind hash table?,"Hash table is a structure that maps keys to values using a hash function. It offers average constant-time insert, search, and delete. It counts word frequencies by using each word as a key. It handles collisions with chaining or open addressing."
DSA,Explain stack.,"Stack is a linear structure following Last In, First Out order. It offers constant-time push and pop with simple implementation. It allows access only to the top element and can overflow if size is bounded. It is the counterpart of a queue, which is First In, First Out."
DSA,List the strengths of divide and conquer.,"Divide and conquer simplifies hard problems and often parallelizes naturally. It is a strategy that splits a problem into subproblems, solves them, and combines results. It adds recursion overhead and may repeat work if subproblems overlap. It is analyzed with recurrences and the master theorem."
DSA,What do you gain by using deque?,"Deque supports constant-time operations at both ends. It is a double-ended queue allowing insertion and removal at both ends. It is used for sliding window maximum, BFS variants, and palindromes. It uses Python's collections.deque to pop from the left efficiently. It generalizes both stacks and queues."
DSA,What do you gain by using hash table?,"Hash table offers average constant-time insert, search, and delete. It is a structure that maps keys to values using a hash function. It is used for fast lookups, caches, counting, and deduplication. It has unordered keys, collisions, and worst-case linear time with poor hashing."
DSA,How is binary search tree used in practice?,"Binary search tree finds the value 42 by comparing and moving left or right. It is used for ordered data needing fast search, insertion, and deletion. It gives logarithmic operations on balanced trees and sorted output through inorder traversal. It degrades to linear time if the tree becomes skewed."
DSA,What are the disadvantages of two-pointer technique?,Two-pointer technique generally needs sorted or structured input to work correctly. It is a technique that moves two indices through data to solve problems efficiently. It finds two numbers summing to a target by moving pointers inward from both ends. It is closely related to sliding window.
DSA,Show a real-world example of heap.,Heap repeatedly extracts the smallest task to schedule next. It gives constant-time access to the min or max and logarithmic insertions. It does not support fast arbitrary search or ordered traversal. It comes as min-heap or max-heap and is often stored in an array.
DSA,What are the downsides of stack?,"Stack allows access only to the top element and can overflow if size is bounded. It is used for undo features, recursion, expression evaluation, and backtracking. It offers constant-time push and pop with simple implementation. It is the counterpart of a queue, which is First In, First Out."
DSA,Is there a substitute for AVL tree?,"AVL tree is more strictly balanced than Red-Black trees. It is used when lookups dominate and guaranteed logarithmic time is needed. It guarantees O(log n) search, insert, and delete. It rotates left after inserting values in increasing order to restore balance."
DSA,List the strengths of stack.,"Stack offers constant-time push and pop with simple implementation. It is used for undo features, recursion, expression evaluation, and backtracking. It allows access only to the top element and can overflow if size is bounded. It lets a browser go back to the most recently visited page."
DSA,How does union-find compare with similar approaches?,"Union-find is also called disjoint set union. It is used for connected components, Kruskal's algorithm, and cycle detection in undirected graphs. It supports merging but not efficient splitting of sets. It checks whether two computers are already connected in a network."
DSA,How does merge sort compare with similar approaches?,"Merge sort is a stable alternative to quick sort and heap sort. It is used when stable, predictable sorting or external sorting is needed. It guarantees O(n log n) time and keeps equal elements in order. It sorts linked lists efficiently without random access."
DSA,What are the advantages of recursion?,Recursion makes complex problems concise and natural to express. It can overflow the call stack and repeat work without memoization. It computes factorial of five as five times factorial of four. It needs a base case and can often be converted to iteration.
DSA,Where is hash table commonly applied?,"Hash table is used for fast lookups, caches, counting, and deduplication. It is a structure that maps keys to values using a hash function. It has unordered keys, collisions, and worst-case linear time with poor hashing. It counts word frequencies by using each word as a key."
DSA,What problems can union-find cause?,"Union-find supports merging but not efficient splitting of sets. It is used for connected components, Kruskal's algorithm, and cycle detection in undirected graphs. It achieves near-constant time per operation with path compression and union by rank. It is also called disjoint set union."
DSA,Where have you seen union-find in action?,"Union-find checks whether two computers are already connected in a network. It is used for connected components, Kruskal's algorithm, and cycle detection in undirected graphs. It achieves near-constant time per operation with path compression and union by rank. It supports merging but not efficient splitting of sets."
DSA,Describe a scenario where union-find is applied.,"Union-find checks whether two computers are already connected in a network. It is used for connected components, Kruskal's algorithm, and cycle detection in undirected graphs. It achieves near-constant time per operation with path compression and union by rank. It is also called disjoint set union."
DSA,What are the limitations of union-find?,Union-find supports merging but not efficient splitting of sets. It is a data structure that tracks disjoint sets with find and union operations. It achieves near-constant time per operation with path compression and union by rank. It checks whether two computers are already connected in a network.
DSA,Give an example of greedy algorithm.,"Greedy algorithm gives change using the largest coin first in standard currency systems. It is used when local choices lead to a global optimum, like interval scheduling. It is simple, fast, and often easy to implement. It fails on problems without the greedy-choice property, so correctness needs proof."
DSA,What is related to segment tree?,Segment tree is an alternative to Fenwick trees and sparse tables. It is a tree structure that stores aggregate information for array ranges. It is used for range queries and updates such as sum or minimum. It answers range queries and point updates in logarithmic time.
DSA,What are the drawbacks of circular queue?,Circular queue has a fixed capacity and needs care to tell full from empty. It is a fixed-size queue where the end connects back to the start. It stores audio samples in a ring buffer. It is also known as a ring buffer.
DSA,How would you explain Bloom filter to a beginner?,Bloom filter is a probabilistic structure that tests whether an element is possibly in a set. It is used to avoid costly lookups in caches and databases. It has false positives and does not support deletion in the basic version. It never returns false negatives.
DSA,When should you use circular queue?,"Circular queue is used for buffers, streaming data, and round-robin scheduling. It is a fixed-size queue where the end connects back to the start. It has a fixed capacity and needs care to tell full from empty. It stores audio samples in a ring buffer."
DSA,How does minimum spanning tree differ from related concepts?,"Minimum spanning tree is computed using Kruskal's or Prim's algorithm. It is used in network design such as cables, roads, and clustering. It gives the cheapest way to connect everything without cycles. It finds the cheapest cable layout connecting every office."
DSA,In which situations is sliding window a good choice?,"Sliding window is used for subarray and substring problems like maximum sum of k elements. It avoids recomputation, reducing time from quadratic to linear. It works best when the window condition changes predictably as it moves. It finds the longest substring without repeating characters."
DSA,Can you give a short overview of stack?,"Stack is a linear structure following Last In, First Out order. It is used for undo features, recursion, expression evaluation, and backtracking. It allows access only to the top element and can overflow if size is bounded. It is the counterpart of a queue, which is First In, First Out."
DSA,What are the benefits of using amortized analysis?,"Amortized analysis shows that occasional expensive operations still give cheap average cost. It is used to analyze structures like dynamic arrays. It guarantees average cost over sequences but not for every single operation. It differs from average-case analysis, which relies on input probability."
DSA,What are the downsides of heap sort?,Heap sort is not stable and usually slower than quick sort in practice due to cache behavior. It is a sorting algorithm that builds a heap and repeatedly extracts the maximum. It sorts in place with no worst-case slowdown. It relies on the heap data structure.
DSA,What is a practical example of quick sort?,Quick sort picks the last element as pivot and moves smaller values to its left. It is usually very fast in practice and sorts in place. It degrades to O(n^2) with bad pivots and is not stable. It is often made safer with random or median-of-three pivots.
DSA,What is the basic idea behind merge sort?,"Merge sort is a divide and conquer sorting algorithm that splits, sorts, and merges halves. It is used when stable, predictable sorting or external sorting is needed. It guarantees O(n log n) time and keeps equal elements in order. It is a stable alternative to quick sort and heap sort."
DSA,Walk me through a simple example of dynamic programming.,Dynamic programming finds the minimum coins needed to make change for an amount. It is a method that solves problems by combining answers to overlapping subproblems. It can use much memory and designing the state is difficult. It is implemented top-down with memoization or bottom-up with tabulation.
DSA,Why is minimum spanning tree considered important?,"Minimum spanning tree gives the cheapest way to connect everything without cycles. It is a subset of edges connecting all vertices with the smallest total weight. It is used in network design such as cables, roads, and clustering. It finds the cheapest cable layout connecting every office."
DSA,In which situations is counting sort a good choice?,Counting sort is used for integers within a small known range. It wastes memory when the value range is large. It sorts exam scores from zero to one hundred by tallying counts. It is often used as a subroutine in radix sort.
DSA,What is the basic idea behind binary tree?,"Binary tree is a hierarchical structure where each node has at most two children. It is used to represent hierarchies, expressions, and as a base for search trees. It supports natural recursive algorithms and traversals. It represents the expression three plus four times two as a tree."
DSA,What are the benefits of using DFS?,DFS is simple to write recursively and uses memory proportional to depth. It is a graph traversal that goes as deep as possible before backtracking. It does not find shortest paths and can overflow the recursion stack on deep graphs.
DSA,How does greedy algorithm differ from related concepts?,"Greedy algorithm differs from dynamic programming, which considers combinations of subproblems. It is used when local choices lead to a global optimum, like interval scheduling. It is simple, fast, and often easy to implement. It gives change using the largest coin first in standard currency systems."
DSA,Where have you seen divide and conquer in action?,"Divide and conquer sorts an array by splitting, sorting halves, and merging. It is a strategy that splits a problem into subproblems, solves them, and combines results. It is used in sorting, searching, and matrix multiplication. It adds recursion overhead and may repeat work if subproblems overlap."
DSA,What are common pitfalls with topological sort?,"Topological sort exists only for graphs without cycles. It is an ordering of a directed acyclic graph's vertices so edges point forward. It is used for task scheduling, build systems, and course prerequisites. It gives a valid execution order in linear time. It is computed with Kahn's algorithm or DFS."
DSA,What problems can memoization cause?,"Memoization uses extra memory and adds recursion overhead. It is an optimization that caches function results for repeated inputs. It avoids repeated computation, often reducing exponential time to polynomial. It stores Fibonacci values so each is computed once. It is the top-down counterpart of tabulation in dynamic programming."
DSA,Explain bubble sort.,Bubble sort is a simple sorting algorithm that repeatedly swaps adjacent elements that are out of order. It is used mainly for teaching and very small datasets. It is easy to understand and implement and can stop early if sorted. It is similar to insertion and selection sort in performance.
DSA,What is binary search tree?,Binary search tree is a binary tree where left descendants are smaller and right ones larger than each node. It gives logarithmic operations on balanced trees and sorted output through inorder traversal. It degrades to linear time if the tree becomes skewed.
DSA,How do you detect a cycle in a linked list?,"Use Floyd's tortoise and hare algorithm. Maintain two pointers, one moving one step and the other moving two steps at a time. If the list contains a cycle, the fast pointer eventually meets the slow pointer. Otherwise, the fast pointer reaches null. It runs in O(n) time with O(1) space."
DSA,Where have you seen adjacency list in action?,"Adjacency list stores vertex A with neighbors B and C as A: [B, C]. It is a graph representation storing each vertex's neighbors in a list. It is used for sparse graphs in traversals and shortest-path algorithms. It is the usual alternative to an adjacency matrix for dense graphs."
DSA,What is adjacency list?,Adjacency list is a graph representation storing each vertex's neighbors in a list. It is used for sparse graphs in traversals and shortest-path algorithms. It checks whether a specific edge exists more slowly than an adjacency matrix. It is the usual alternative to an adjacency matrix for dense graphs.
DSA,When should you avoid AVL tree?,"AVL tree performs frequent rotations, so insertions cost more than in simpler trees. It is used when lookups dominate and guaranteed logarithmic time is needed. It rotates left after inserting values in increasing order to restore balance. It is more strictly balanced than Red-Black trees."
DSA,What should I learn alongside backtracking?,"Backtracking is related to depth-first search and recursion. It is used for puzzles, permutations, subsets, and constraint problems. It prunes large search spaces compared with naive brute force. It can still take exponential time in the worst case. It solves N-Queens by placing queens and undoing moves that cause conflicts."
DSA,In which situations is KMP algorithm a good choice?,KMP algorithm is used to find a pattern inside a long text. It is a string matching algorithm that avoids rechecking characters using a prefix table. It runs in linear time O(n + m). It is trickier to understand and implement than naive search.
DSA,What do you gain by using recursion?,Recursion makes complex problems concise and natural to express. It is a technique where a function solves a problem by calling itself on smaller inputs. It can overflow the call stack and repeat work without memoization. It computes factorial of five as five times factorial of four.
DSA,What is the main purpose of array?,"Array is used when fast random access and a known size are needed. It has costly middle insertions and deletions, and fixed size in many languages. It stores daily temperatures for a week at indexes zero to six. It differs from linked lists, which trade access speed for flexible insertion."
DSA,Can you illustrate trie with an example?,Trie suggests words starting with pre while a user types. It is a tree storing strings character by character along paths from the root. It can use much memory when many strings share few prefixes. It is also called a prefix tree.
DSA,What other concepts are connected to quick sort?,Quick sort is often made safer with random or median-of-three pivots. It is a sorting algorithm that partitions around a pivot and sorts both sides. It is used for general in-memory sorting where average speed matters. It is usually very fast in practice and sorts in place.
DSA,Show a real-world example of trie.,"Trie suggests words starting with pre while a user types. It is a tree storing strings character by character along paths from the root. It finds prefixes in time proportional to word length, independent of dictionary size. It is also called a prefix tree."
DSA,Define LRU cache in simple words.,"LRU cache is a cache that evicts the least recently used item when full. It is used in memory caches, browsers, and databases. It combines a hash map with a doubly linked list. It is an alternative to FIFO and LFU policies."
DSA,What is the main purpose of AVL tree?,AVL tree is used when lookups dominate and guaranteed logarithmic time is needed. It is a self-balancing binary search tree keeping subtree heights within one. It rotates left after inserting values in increasing order to restore balance. It is more strictly balanced than Red-Black trees.
DSA,How is queue typically used in real projects?,"Queue is used for scheduling, buffering, and breadth-first search. It is a linear structure following First In, First Out order. It processes items fairly in arrival order with constant-time enqueue and dequeue. It lines up print jobs so the earliest one prints first."
DSA,What problem does binary search tree solve?,"Binary search tree is used for ordered data needing fast search, insertion, and deletion. It is a binary tree where left descendants are smaller and right ones larger than each node. It is made reliable by balanced variants such as AVL and Red-Black trees."
DSA,What should you watch out for when using trie?,"Trie can use much memory when many strings share few prefixes. It is a tree storing strings character by character along paths from the root. It finds prefixes in time proportional to word length, independent of dictionary size. It suggests words starting with pre while a user types."
DSA,Explain union-find.,"Union-find is a data structure that tracks disjoint sets with find and union operations. It is used for connected components, Kruskal's algorithm, and cycle detection in undirected graphs. It achieves near-constant time per operation with path compression and union by rank. It is also called disjoint set union."
DSA,What are the limitations of Bloom filter?,Bloom filter has false positives and does not support deletion in the basic version. It is a probabilistic structure that tests whether an element is possibly in a set. It lets a crawler quickly skip URLs it has probably seen. It never returns false negatives.
DSA,What should I learn alongside heap sort?,Heap sort relies on the heap data structure. It is used when guaranteed O(n log n) time and constant extra space are required. It sorts in place with no worst-case slowdown. It is not stable and usually slower than quick sort in practice due to cache behavior.
DSA,Can you give a short overview of topological sort?,"Topological sort is an ordering of a directed acyclic graph's vertices so edges point forward. It is used for task scheduling, build systems, and course prerequisites. It orders courses so each prerequisite comes before the course that needs it. It is computed with Kahn's algorithm or DFS."
DSA,What are the drawbacks of binary search?,Binary search requires sorted data and random access to be efficient. It is an algorithm that finds a target in a sorted collection by halving the range. It finds a word in a dictionary by repeatedly opening the middle page.
DSA,What should I learn alongside counting sort?,Counting sort is often used as a subroutine in radix sort. It is a non-comparison sorting algorithm that counts occurrences of each value. It wastes memory when the value range is large. It sorts exam scores from zero to one hundred by tallying counts.
DSA,Give an example of adjacency list.,"Adjacency list stores vertex A with neighbors B and C as A: [B, C]. It is a graph representation storing each vertex's neighbors in a list. It is used for sparse graphs in traversals and shortest-path algorithms. It is the usual alternative to an adjacency matrix for dense graphs."
DSA,In which situations is greedy algorithm a good choice?,"Greedy algorithm is used when local choices lead to a global optimum, like interval scheduling. It is simple, fast, and often easy to implement. It fails on problems without the greedy-choice property, so correctness needs proof. It differs from dynamic programming, which considers combinations of subproblems."
DSA,Give an example of minimum spanning tree.,"Minimum spanning tree finds the cheapest cable layout connecting every office. It is a subset of edges connecting all vertices with the smallest total weight. It is used in network design such as cables, roads, and clustering. It applies only to weighted undirected connected graphs."
DSA,What is the basic idea behind two-pointer technique?,"Two-pointer technique is a technique that moves two indices through data to solve problems efficiently. It is used for sorted arrays, pair sums, and palindrome checks. It often reduces quadratic solutions to linear time with constant extra space. It generally needs sorted or structured input to work correctly."
DSA,What is a practical example of Fenwick tree?,Fenwick tree tracks running totals of scores while values change. It is a compact structure for prefix sums supporting updates in logarithmic time. It is less flexible than segment trees and suits mainly invertible operations. It is also known as a binary indexed tree.
DSA,What should you watch out for when using binary tree?,"Binary tree can become skewed, making operations as slow as a linked list. It is a hierarchical structure where each node has at most two children. It represents the expression three plus four times two as a tree. It is traversed in preorder, inorder, postorder, or level order."
DSA,What are the drawbacks of Bloom filter?,Bloom filter has false positives and does not support deletion in the basic version. It is a probabilistic structure that tests whether an element is possibly in a set. It lets a crawler quickly skip URLs it has probably seen.
DSA,What are the downsides of adjacency list?,"Adjacency list checks whether a specific edge exists more slowly than an adjacency matrix. It is used for sparse graphs in traversals and shortest-path algorithms. It stores vertex A with neighbors B and C as A: [B, C]. It is the usual alternative to an adjacency matrix for dense graphs."
DSA,Why do developers use greedy algorithm?,"Greedy algorithm is used when local choices lead to a global optimum, like interval scheduling. It is an approach that picks the locally best choice at every step. It gives change using the largest coin first in standard currency systems."
DSA,Is there a substitute for union-find?,Union-find is also called disjoint set union. It achieves near-constant time per operation with path compression and union by rank. It supports merging but not efficient splitting of sets. It checks whether two computers are already connected in a network.
DSA,What are the alternatives or companions of deque?,"Deque generalizes both stacks and queues. It is a double-ended queue allowing insertion and removal at both ends. It is used for sliding window maximum, BFS variants, and palindromes. It supports constant-time operations at both ends. It uses Python's collections.deque to pop from the left efficiently."
DSA,How does binary search tree compare with similar approaches?,Binary search tree is made reliable by balanced variants such as AVL and Red-Black trees. It is a binary tree where left descendants are smaller and right ones larger than each node. It degrades to linear time if the tree becomes skewed.
DSA,What problem does queue solve?,"Queue is used for scheduling, buffering, and breadth-first search. It is a linear structure following First In, First Out order. It lines up print jobs so the earliest one prints first. It has variants like deque, priority queue, and circular queue."
DSA,What are the limitations of circular queue?,"Circular queue has a fixed capacity and needs care to tell full from empty. It is used for buffers, streaming data, and round-robin scheduling. It reuses freed space and avoids shifting elements. It is also known as a ring buffer."
DSA,What are the alternatives or companions of minimum spanning tree?,Minimum spanning tree is computed using Kruskal's or Prim's algorithm. It is a subset of edges connecting all vertices with the smallest total weight. It gives the cheapest way to connect everything without cycles. It applies only to weighted undirected connected graphs.
DSA,Why is union-find considered important?,"Union-find achieves near-constant time per operation with path compression and union by rank. It is used for connected components, Kruskal's algorithm, and cycle detection in undirected graphs. It supports merging but not efficient splitting of sets. It is also called disjoint set union."
DSA,What is a practical example of union-find?,"Union-find checks whether two computers are already connected in a network. It is a data structure that tracks disjoint sets with find and union operations. It is used for connected components, Kruskal's algorithm, and cycle detection in undirected graphs. It is also called disjoint set union."
DSA,Why is graph useful?,"Graph represents complex connections that trees and lists cannot capture. It is used to model networks, maps, dependencies, and relationships. It can be memory heavy, and many problems on graphs are computationally hard. It is stored as an adjacency list or adjacency matrix."
DSA,How is amortized analysis typically used in real projects?,Amortized analysis is used to analyze structures like dynamic arrays. It shows that occasional expensive operations still give cheap average cost. It guarantees average cost over sequences but not for every single operation. It explains why appending to a dynamic array is O(1) amortized despite occasional resizing.
DSA,What is the main purpose of binary tree?,"Binary tree is used to represent hierarchies, expressions, and as a base for search trees. It supports natural recursive algorithms and traversals. It can become skewed, making operations as slow as a linked list. It is traversed in preorder, inorder, postorder, or level order."
DSA,Define BFS in simple words.,"BFS is a graph traversal that visits vertices level by level using a queue. It can use a lot of memory because it stores a whole frontier of vertices. It finds the minimum moves needed to solve a maze grid. It contrasts with depth-first search, which explores deeply before backtracking."
DSA,What are the disadvantages of bit manipulation?,"Bit manipulation reduces readability and is easy to get wrong. It is used for flags, masks, compact storage, and fast arithmetic tricks. It checks whether a number is a power of two with n and n minus one. It uses AND, OR, XOR, NOT, and shifts."
DSA,Can you give a short overview of trie?,"Trie is a tree storing strings character by character along paths from the root. It is used for autocomplete, spell checking, and prefix searches. It finds prefixes in time proportional to word length, independent of dictionary size. It can use much memory when many strings share few prefixes."
DSA,What is the main purpose of stack?,"Stack is used for undo features, recursion, expression evaluation, and backtracking. It is a linear structure following Last In, First Out order. It allows access only to the top element and can overflow if size is bounded. It is the counterpart of a queue, which is First In, First Out."
DSA,What is related to recursion?,Recursion needs a base case and can often be converted to iteration. It is a technique where a function solves a problem by calling itself on smaller inputs. It can overflow the call stack and repeat work without memoization. It computes factorial of five as five times factorial of four.
DSA,Describe a scenario where hash table is applied.,"Hash table counts word frequencies by using each word as a key. It is a structure that maps keys to values using a hash function. It is used for fast lookups, caches, counting, and deduplication. It offers average constant-time insert, search, and delete."
DSA,How does divide and conquer compare with similar approaches?,"Divide and conquer is analyzed with recurrences and the master theorem. It is used in sorting, searching, and matrix multiplication. It adds recursion overhead and may repeat work if subproblems overlap. It sorts an array by splitting, sorting halves, and merging."
DSA,How does binary search tree differ from related concepts?,Binary search tree is made reliable by balanced variants such as AVL and Red-Black trees. It gives logarithmic operations on balanced trees and sorted output through inorder traversal. It finds the value 42 by comparing and moving left or right.
DSA,What should I learn alongside Dijkstra's algorithm?,"Dijkstra's algorithm is replaced by Bellman-Ford for negative edges and A* for guided search. It is an algorithm that finds shortest paths from one source in graphs with non-negative weights. It is efficient with a priority queue, running in about O((V+E) log V)."
DSA,What do you gain by using sliding window?,"Sliding window avoids recomputation, reducing time from quadratic to linear. It is a technique that maintains a moving range over an array or string. It is used for subarray and substring problems like maximum sum of k elements. It finds the longest substring without repeating characters."
DSA,What is a practical example of array?,"Array stores daily temperatures for a week at indexes zero to six. It is a collection of elements stored in contiguous memory and accessed by index. It gives constant-time access by index and good cache locality. It differs from linked lists, which trade access speed for flexible insertion."
DSA,What are the disadvantages of Dijkstra's algorithm?,"Dijkstra's algorithm fails with negative edge weights. It is an algorithm that finds shortest paths from one source in graphs with non-negative weights. It is used in routing, maps, and network planning. It is replaced by Bellman-Ford for negative edges and A* for guided search."
DSA,What are the advantages of heap sort?,"Heap sort sorts in place with no worst-case slowdown. It is not stable and usually slower than quick sort in practice due to cache behavior. It builds a max-heap, then swaps the root with the last element repeatedly. It relies on the heap data structure."
DSA,What are the downsides of Bloom filter?,Bloom filter has false positives and does not support deletion in the basic version. It is a probabilistic structure that tests whether an element is possibly in a set. It is used to avoid costly lookups in caches and databases.
DSA,Why do developers use union-find?,"Union-find is used for connected components, Kruskal's algorithm, and cycle detection in undirected graphs. It achieves near-constant time per operation with path compression and union by rank. It supports merging but not efficient splitting of sets. It is also called disjoint set union."
DSA,What are the benefits of using Big O notation?,"Big O notation focuses on scalability, ignoring constants and lower-order terms. It is used to compare algorithms independent of hardware. It classifies binary search as O(log n) and bubble sort as O(n^2). It describes upper bounds, while Omega and Theta describe lower and tight bounds."
DSA,Is there a substitute for adjacency list?,"Adjacency list is the usual alternative to an adjacency matrix for dense graphs. It is used for sparse graphs in traversals and shortest-path algorithms. It uses memory proportional to vertices plus edges and iterates neighbors quickly. It stores vertex A with neighbors B and C as A: [B, C]."
DSA,Walk me through a simple example of two-pointer technique.,"Two-pointer technique finds two numbers summing to a target by moving pointers inward from both ends. It is a technique that moves two indices through data to solve problems efficiently. It is used for sorted arrays, pair sums, and palindrome checks. It is closely related to sliding window."
DSA,How does Fenwick tree compare with similar approaches?,Fenwick tree is also known as a binary indexed tree. It is short to code and uses little memory. It is less flexible than segment trees and suits mainly invertible operations. It tracks running totals of scores while values change.
DSA,How does heap sort compare with similar approaches?,"Heap sort relies on the heap data structure. It is a sorting algorithm that builds a heap and repeatedly extracts the maximum. It sorts in place with no worst-case slowdown. It builds a max-heap, then swaps the root with the last element repeatedly."
DSA,Why is backtracking considered important?,"Backtracking prunes large search spaces compared with naive brute force. It is used for puzzles, permutations, subsets, and constraint problems. It solves N-Queens by placing queens and undoing moves that cause conflicts. It is related to depth-first search and recursion."
DSA,What makes quick sort valuable?,Quick sort is usually very fast in practice and sorts in place. It is a sorting algorithm that partitions around a pivot and sorts both sides. It is used for general in-memory sorting where average speed matters. It is often made safer with random or median-of-three pivots.
DSA,What is DFS?,"DFS is a graph traversal that goes as deep as possible before backtracking. It is used for cycle detection, topological sorting, and exploring all paths. It is simple to write recursively and uses memory proportional to depth. It explores a maze by following a corridor to the end before returning."
DSA,Can you illustrate counting sort with an example?,Counting sort sorts exam scores from zero to one hundred by tallying counts. It is used for integers within a small known range. It wastes memory when the value range is large. It is often used as a subroutine in radix sort.
DSA,What is amortized analysis?,Amortized analysis is a method that averages the cost of operations over a sequence. It guarantees average cost over sequences but not for every single operation. It explains why appending to a dynamic array is O(1) amortized despite occasional resizing.
DSA,What are the benefits of using stack?,"Stack offers constant-time push and pop with simple implementation. It is a linear structure following Last In, First Out order. It allows access only to the top element and can overflow if size is bounded. It lets a browser go back to the most recently visited page."
DSA,When should you avoid stack?,"Stack allows access only to the top element and can overflow if size is bounded. It is a linear structure following Last In, First Out order. It is used for undo features, recursion, expression evaluation, and backtracking. It is the counterpart of a queue, which is First In, First Out."
DSA,What is the basic idea behind heap sort?,"Heap sort is a sorting algorithm that builds a heap and repeatedly extracts the maximum. It is not stable and usually slower than quick sort in practice due to cache behavior. It builds a max-heap, then swaps the root with the last element repeatedly."
DSA,What are common pitfalls with counting sort?,"Counting sort wastes memory when the value range is large. It is used for integers within a small known range. It runs in linear time, O(n + k), for suitable inputs. It sorts exam scores from zero to one hundred by tallying counts."
DSA,What is recursion?,Recursion is a technique where a function solves a problem by calling itself on smaller inputs. It makes complex problems concise and natural to express. It can overflow the call stack and repeat work without memoization. It needs a base case and can often be converted to iteration.
DSA,What is the main purpose of adjacency list?,"Adjacency list is used for sparse graphs in traversals and shortest-path algorithms. It is a graph representation storing each vertex's neighbors in a list. It checks whether a specific edge exists more slowly than an adjacency matrix. It stores vertex A with neighbors B and C as A: [B, C]."
DSA,Describe a scenario where queue is applied.,"Queue lines up print jobs so the earliest one prints first. It is a linear structure following First In, First Out order. It is used for scheduling, buffering, and breadth-first search. It allows access only at the ends, and array versions may waste space."
DSA,What are the downsides of KMP algorithm?,KMP algorithm is trickier to understand and implement than naive search. It is a string matching algorithm that avoids rechecking characters using a prefix table. It finds the word abab in a long string without moving backward in the text. It is an alternative to Rabin-Karp and Boyer-Moore.
DSA,How is stack used in practice?,"Stack lets a browser go back to the most recently visited page. It is a linear structure following Last In, First Out order. It is used for undo features, recursion, expression evaluation, and backtracking. It is the counterpart of a queue, which is First In, First Out."
DSA,Why do developers use sliding window?,Sliding window is used for subarray and substring problems like maximum sum of k elements. It works best when the window condition changes predictably as it moves. It finds the longest substring without repeating characters. It is a specialized form of the two-pointer technique.
DSA,Where have you seen segment tree in action?,Segment tree finds the minimum in any subarray of a changing array. It is a tree structure that stores aggregate information for array ranges. It is used for range queries and updates such as sum or minimum. It answers range queries and point updates in logarithmic time.
DSA,What are common pitfalls with backtracking?,"Backtracking can still take exponential time in the worst case. It is a technique that builds solutions step by step and abandons paths that fail. It is used for puzzles, permutations, subsets, and constraint problems. It is related to depth-first search and recursion."
DSA,What are the alternatives or companions of recursion?,Recursion needs a base case and can often be converted to iteration. It is a technique where a function solves a problem by calling itself on smaller inputs. It makes complex problems concise and natural to express. It computes factorial of five as five times factorial of four.
DSA,What is divide and conquer used for?,"Divide and conquer is used in sorting, searching, and matrix multiplication. It simplifies hard problems and often parallelizes naturally. It adds recursion overhead and may repeat work if subproblems overlap. It sorts an array by splitting, sorting halves, and merging. It is analyzed with recurrences and the master theorem."
DSA,Can you illustrate Dijkstra's algorithm with an example?,"Dijkstra's algorithm computes the quickest driving route between two cities. It is an algorithm that finds shortest paths from one source in graphs with non-negative weights. It is used in routing, maps, and network planning. It is replaced by Bellman-Ford for negative edges and A* for guided search."
DSA,Why is counting sort considered important?,"Counting sort runs in linear time, O(n + k), for suitable inputs. It is a non-comparison sorting algorithm that counts occurrences of each value. It is used for integers within a small known range. It is often used as a subroutine in radix sort."
DSA,What is the main purpose of Dijkstra's algorithm?,"Dijkstra's algorithm is used in routing, maps, and network planning. It is an algorithm that finds shortest paths from one source in graphs with non-negative weights. It is efficient with a priority queue, running in about O((V+E) log V). It computes the quickest driving route between two cities."
DSA,What is DFS used for?,"DFS is used for cycle detection, topological sorting, and exploring all paths. It is a graph traversal that goes as deep as possible before backtracking. It explores a maze by following a corridor to the end before returning. It contrasts with BFS, which explores nearest vertices first."
DSA,How is Fenwick tree used in practice?,Fenwick tree tracks running totals of scores while values change. It is a compact structure for prefix sums supporting updates in logarithmic time. It is used for cumulative frequency and range sum queries. It is short to code and uses little memory.
DSA,Define circular queue in simple words.,"Circular queue is a fixed-size queue where the end connects back to the start. It is used for buffers, streaming data, and round-robin scheduling. It reuses freed space and avoids shifting elements. It is also known as a ring buffer."
DSA,What do you gain by using segment tree?,Segment tree answers range queries and point updates in logarithmic time. It is used for range queries and updates such as sum or minimum. It finds the minimum in any subarray of a changing array. It is an alternative to Fenwick trees and sparse tables.
DSA,Why do developers use backtracking?,"Backtracking is used for puzzles, permutations, subsets, and constraint problems. It is a technique that builds solutions step by step and abandons paths that fail. It solves N-Queens by placing queens and undoing moves that cause conflicts. It is related to depth-first search and recursion."
DSA,What problems can greedy algorithm cause?,"Greedy algorithm fails on problems without the greedy-choice property, so correctness needs proof. It is an approach that picks the locally best choice at every step. It is used when local choices lead to a global optimum, like interval scheduling."
DSA,What makes bit manipulation valuable?,"Bit manipulation is very fast and memory efficient. It is used for flags, masks, compact storage, and fast arithmetic tricks. It reduces readability and is easy to get wrong. It checks whether a number is a power of two with n and n minus one."
DSA,Can you give a short overview of queue?,"Queue is a linear structure following First In, First Out order. It is used for scheduling, buffering, and breadth-first search. It allows access only at the ends, and array versions may waste space. It lines up print jobs so the earliest one prints first."
DSA,How is heap sort typically used in real projects?,"Heap sort is used when guaranteed O(n log n) time and constant extra space are required. It is not stable and usually slower than quick sort in practice due to cache behavior. It builds a max-heap, then swaps the root with the last element repeatedly."
DSA,Why is linked list considered important?,"Linked list grows dynamically and inserts at a known node in constant time. It is used when frequent insertions and deletions are needed without shifting elements. It chains songs in a playlist so one can be inserted between two others. It comes in singly, doubly, and circular forms."
DSA,Describe a scenario where binary search is applied.,Binary search finds a word in a dictionary by repeatedly opening the middle page. It is used for fast lookups and for searching answers over monotonic conditions. It requires sorted data and random access to be efficient. It is easy to get wrong because of off-by-one and overflow errors.
DSA,What are the downsides of recursion?,"Recursion can overflow the call stack and repeat work without memoization. It is used for trees, divide and conquer, and backtracking. It makes complex problems concise and natural to express. It computes factorial of five as five times factorial of four."
DSA,What should you watch out for when using deque?,"Deque has slower random access than arrays in linked implementations. It is a double-ended queue allowing insertion and removal at both ends. It is used for sliding window maximum, BFS variants, and palindromes. It supports constant-time operations at both ends. It uses Python's collections.deque to pop from the left efficiently."
DSA,In which situations is binary search tree a good choice?,"Binary search tree is used for ordered data needing fast search, insertion, and deletion. It degrades to linear time if the tree becomes skewed. It finds the value 42 by comparing and moving left or right. It is made reliable by balanced variants such as AVL and Red-Black trees."
DSA,What are the benefits of using Dijkstra's algorithm?,"Dijkstra's algorithm is efficient with a priority queue, running in about O((V+E) log V). It is used in routing, maps, and network planning. It fails with negative edge weights. It is replaced by Bellman-Ford for negative edges and A* for guided search."
DSA,Describe bit manipulation briefly.,"Bit manipulation is the use of bitwise operators to work directly with binary representations. It is used for flags, masks, compact storage, and fast arithmetic tricks. It is very fast and memory efficient. It reduces readability and is easy to get wrong. It uses AND, OR, XOR, NOT, and shifts."
DSA,Where have you seen binary search tree in action?,Binary search tree finds the value 42 by comparing and moving left or right. It is a binary tree where left descendants are smaller and right ones larger than each node. It degrades to linear time if the tree becomes skewed.
DSA,What are the disadvantages of bubble sort?,Bubble sort runs in O(n^2) time and is impractical for large inputs. It is used mainly for teaching and very small datasets. It is easy to understand and implement and can stop early if sorted. It is similar to insertion and selection sort in performance.
DSA,What are the downsides of dynamic programming?,Dynamic programming can use much memory and designing the state is difficult. It is a method that solves problems by combining answers to overlapping subproblems. It turns exponential brute force into polynomial time by reusing results. It finds the minimum coins needed to make change for an amount.
DSA,How does circular queue differ from related concepts?,Circular queue is also known as a ring buffer. It is a fixed-size queue where the end connects back to the start. It reuses freed space and avoids shifting elements. It has a fixed capacity and needs care to tell full from empty.
DSA,What other concepts are connected to stack?,"Stack is the counterpart of a queue, which is First In, First Out. It is a linear structure following Last In, First Out order. It offers constant-time push and pop with simple implementation. It allows access only to the top element and can overflow if size is bounded."
DSA,Walk me through a simple example of divide and conquer.,"Divide and conquer sorts an array by splitting, sorting halves, and merging. It is a strategy that splits a problem into subproblems, solves them, and combines results. It simplifies hard problems and often parallelizes naturally. It adds recursion overhead and may repeat work if subproblems overlap."
DSA,What does BFS mean?,"BFS is a graph traversal that visits vertices level by level using a queue. It is used to find shortest paths in unweighted graphs and connected components. It guarantees the fewest edges to reach any vertex from the source. It contrasts with depth-first search, which explores deeply before backtracking."
DSA,What should I learn alongside two-pointer technique?,Two-pointer technique is closely related to sliding window. It often reduces quadratic solutions to linear time with constant extra space. It generally needs sorted or structured input to work correctly. It finds two numbers summing to a target by moving pointers inward from both ends.
DSA,Is there a substitute for Big O notation?,"Big O notation describes upper bounds, while Omega and Theta describe lower and tight bounds. It is used to compare algorithms independent of hardware. It focuses on scalability, ignoring constants and lower-order terms. It hides constant factors that matter on small inputs."
DSA,List the strengths of Dijkstra's algorithm.,"Dijkstra's algorithm is efficient with a priority queue, running in about O((V+E) log V). It is an algorithm that finds shortest paths from one source in graphs with non-negative weights. It fails with negative edge weights. It computes the quickest driving route between two cities."
DSA,What is the basic idea behind Bloom filter?,Bloom filter is a probabilistic structure that tests whether an element is possibly in a set. It has false positives and does not support deletion in the basic version. It lets a crawler quickly skip URLs it has probably seen.
DSA,What other concepts are connected to recursion?,Recursion needs a base case and can often be converted to iteration. It is a technique where a function solves a problem by calling itself on smaller inputs. It makes complex problems concise and natural to express. It can overflow the call stack and repeat work without memoization.
DSA,Where is memoization commonly applied?,"Memoization is used in recursive solutions with overlapping subproblems. It is an optimization that caches function results for repeated inputs. It avoids repeated computation, often reducing exponential time to polynomial. It uses extra memory and adds recursion overhead. It is the top-down counterpart of tabulation in dynamic programming."
DSA,What are the disadvantages of BFS?,BFS can use a lot of memory because it stores a whole frontier of vertices. It is used to find shortest paths in unweighted graphs and connected components. It guarantees the fewest edges to reach any vertex from the source.
DSA,How is backtracking typically used in real projects?,"Backtracking is used for puzzles, permutations, subsets, and constraint problems. It prunes large search spaces compared with naive brute force. It solves N-Queens by placing queens and undoing moves that cause conflicts. It is related to depth-first search and recursion."
DSA,In which situations is queue a good choice?,"Queue is used for scheduling, buffering, and breadth-first search. It is a linear structure following First In, First Out order. It allows access only at the ends, and array versions may waste space. It has variants like deque, priority queue, and circular queue."
DSA,When should you use graph?,"Graph is used to model networks, maps, dependencies, and relationships. It is a structure of vertices connected by edges, directed or undirected. It models cities as vertices and roads as weighted edges. It is stored as an adjacency list or adjacency matrix."
DSA,Can you give a short overview of segment tree?,Segment tree is a tree structure that stores aggregate information for array ranges. It is used for range queries and updates such as sum or minimum. It uses extra memory and is more complex to implement than prefix sums. It finds the minimum in any subarray of a changing array.
DSA,What should you watch out for when using counting sort?,"Counting sort wastes memory when the value range is large. It is a non-comparison sorting algorithm that counts occurrences of each value. It runs in linear time, O(n + k), for suitable inputs. It sorts exam scores from zero to one hundred by tallying counts."
DSA,Why is AVL tree considered important?,"AVL tree guarantees O(log n) search, insert, and delete. It is a self-balancing binary search tree keeping subtree heights within one. It rotates left after inserting values in increasing order to restore balance. It is more strictly balanced than Red-Black trees."
DSA,Show a real-world example of segment tree.,Segment tree finds the minimum in any subarray of a changing array. It is used for range queries and updates such as sum or minimum. It answers range queries and point updates in logarithmic time. It uses extra memory and is more complex to implement than prefix sums.
DSA,What are the benefits of using graph?,"Graph represents complex connections that trees and lists cannot capture. It is used to model networks, maps, dependencies, and relationships. It can be memory heavy, and many problems on graphs are computationally hard. It models cities as vertices and roads as weighted edges."
DSA,When should you avoid BFS?,BFS can use a lot of memory because it stores a whole frontier of vertices. It is a graph traversal that visits vertices level by level using a queue. It guarantees the fewest edges to reach any vertex from the source.
DSA,Where is topological sort commonly applied?,"Topological sort is used for task scheduling, build systems, and course prerequisites. It gives a valid execution order in linear time. It orders courses so each prerequisite comes before the course that needs it. It is computed with Kahn's algorithm or DFS."
DSA,How would you explain sliding window to a beginner?,"Sliding window is a technique that maintains a moving range over an array or string. It avoids recomputation, reducing time from quadratic to linear. It finds the longest substring without repeating characters. It is a specialized form of the two-pointer technique."
DSA,Where is deque commonly applied?,"Deque is used for sliding window maximum, BFS variants, and palindromes. It is a double-ended queue allowing insertion and removal at both ends. It has slower random access than arrays in linked implementations. It uses Python's collections.deque to pop from the left efficiently. It generalizes both stacks and queues."
DSA,Where is bubble sort commonly applied?,Bubble sort is used mainly for teaching and very small datasets. It is easy to understand and implement and can stop early if sorted. It moves the largest value to the end after the first pass. It is similar to insertion and selection sort in performance.
DSA,What are the downsides of sliding window?,Sliding window works best when the window condition changes predictably as it moves. It is used for subarray and substring problems like maximum sum of k elements. It finds the longest substring without repeating characters. It is a specialized form of the two-pointer technique.
DSA,When should you use DFS?,"DFS is used for cycle detection, topological sorting, and exploring all paths. It is simple to write recursively and uses memory proportional to depth. It does not find shortest paths and can overflow the recursion stack on deep graphs. It contrasts with BFS, which explores nearest vertices first."
DSA,How does bit manipulation differ from related concepts?,"Bit manipulation uses AND, OR, XOR, NOT, and shifts. It is the use of bitwise operators to work directly with binary representations. It is very fast and memory efficient. It checks whether a number is a power of two with n and n minus one."
DSA,Explain two-pointer technique.,Two-pointer technique is a technique that moves two indices through data to solve problems efficiently. It often reduces quadratic solutions to linear time with constant extra space. It generally needs sorted or structured input to work correctly. It is closely related to sliding window.
DSA,What do you gain by using memoization?,"Memoization avoids repeated computation, often reducing exponential time to polynomial. It is an optimization that caches function results for repeated inputs. It is used in recursive solutions with overlapping subproblems. It stores Fibonacci values so each is computed once. It is the top-down counterpart of tabulation in dynamic programming."
DSA,What is an alternative to heap sort?,Heap sort relies on the heap data structure. It is a sorting algorithm that builds a heap and repeatedly extracts the maximum. It is used when guaranteed O(n log n) time and constant extra space are required. It sorts in place with no worst-case slowdown.
DSA,How does recursion differ from related concepts?,Recursion needs a base case and can often be converted to iteration. It makes complex problems concise and natural to express. It can overflow the call stack and repeat work without memoization. It computes factorial of five as five times factorial of four.
DSA,When should you avoid heap?,Heap does not support fast arbitrary search or ordered traversal. It is a complete binary tree where each parent is ordered relative to its children. It gives constant-time access to the min or max and logarithmic insertions. It repeatedly extracts the smallest task to schedule next.
DSA,Where is merge sort commonly applied?,"Merge sort is used when stable, predictable sorting or external sorting is needed. It is a divide and conquer sorting algorithm that splits, sorts, and merges halves. It needs O(n) extra space for arrays. It sorts linked lists efficiently without random access."
DSA,What are the advantages of stack?,"Stack offers constant-time push and pop with simple implementation. It is a linear structure following Last In, First Out order. It is used for undo features, recursion, expression evaluation, and backtracking. It lets a browser go back to the most recently visited page."
DSA,How does greedy algorithm compare with similar approaches?,"Greedy algorithm differs from dynamic programming, which considers combinations of subproblems. It is used when local choices lead to a global optimum, like interval scheduling. It is simple, fast, and often easy to implement. It fails on problems without the greedy-choice property, so correctness needs proof."
DSA,Why is stack considered important?,"Stack offers constant-time push and pop with simple implementation. It is used for undo features, recursion, expression evaluation, and backtracking. It lets a browser go back to the most recently visited page. It is the counterpart of a queue, which is First In, First Out."
DSA,When should you use Big O notation?,"Big O notation is used to compare algorithms independent of hardware. It is a notation describing how an algorithm's running time or space grows with input size. It describes upper bounds, while Omega and Theta describe lower and tight bounds."
DSA,What is greedy algorithm used for?,"Greedy algorithm is used when local choices lead to a global optimum, like interval scheduling. It is an approach that picks the locally best choice at every step. It is simple, fast, and often easy to implement. It gives change using the largest coin first in standard currency systems."
DSA,What should I learn alongside queue?,"Queue has variants like deque, priority queue, and circular queue. It is a linear structure following First In, First Out order. It is used for scheduling, buffering, and breadth-first search. It lines up print jobs so the earliest one prints first."
DSA,Give an example of topological sort.,"Topological sort orders courses so each prerequisite comes before the course that needs it. It is an ordering of a directed acyclic graph's vertices so edges point forward. It is used for task scheduling, build systems, and course prerequisites. It is computed with Kahn's algorithm or DFS."
DSA,Walk me through a simple example of AVL tree.,"AVL tree rotates left after inserting values in increasing order to restore balance. It guarantees O(log n) search, insert, and delete. It performs frequent rotations, so insertions cost more than in simpler trees. It is more strictly balanced than Red-Black trees."
DSA,What does quick sort mean?,Quick sort is a sorting algorithm that partitions around a pivot and sorts both sides. It is used for general in-memory sorting where average speed matters. It picks the last element as pivot and moves smaller values to its left. It is often made safer with random or median-of-three pivots.
DSA,What should I learn alongside circular queue?,"Circular queue is also known as a ring buffer. It is a fixed-size queue where the end connects back to the start. It is used for buffers, streaming data, and round-robin scheduling. It has a fixed capacity and needs care to tell full from empty."
DSA,What should you watch out for when using backtracking?,Backtracking can still take exponential time in the worst case. It is a technique that builds solutions step by step and abandons paths that fail. It prunes large search spaces compared with naive brute force. It is related to depth-first search and recursion.
DSA,When should you use hash table?,"Hash table is used for fast lookups, caches, counting, and deduplication. It is a structure that maps keys to values using a hash function. It has unordered keys, collisions, and worst-case linear time with poor hashing. It handles collisions with chaining or open addressing."
DSA,What are the drawbacks of AVL tree?,"AVL tree performs frequent rotations, so insertions cost more than in simpler trees. It is a self-balancing binary search tree keeping subtree heights within one. It guarantees O(log n) search, insert, and delete. It is more strictly balanced than Red-Black trees."
DSA,What other concepts are connected to heap sort?,Heap sort relies on the heap data structure. It is a sorting algorithm that builds a heap and repeatedly extracts the maximum. It sorts in place with no worst-case slowdown. It is not stable and usually slower than quick sort in practice due to cache behavior.
DSA,What should you watch out for when using Fenwick tree?,Fenwick tree is less flexible than segment trees and suits mainly invertible operations. It is a compact structure for prefix sums supporting updates in logarithmic time. It is used for cumulative frequency and range sum queries. It is also known as a binary indexed tree.
DSA,How is greedy algorithm used in practice?,"Greedy algorithm gives change using the largest coin first in standard currency systems. It is an approach that picks the locally best choice at every step. It is used when local choices lead to a global optimum, like interval scheduling. It differs from dynamic programming, which considers combinations of subproblems."
DSA,What should I learn alongside BFS?,"BFS contrasts with depth-first search, which explores deeply before backtracking. It guarantees the fewest edges to reach any vertex from the source. It can use a lot of memory because it stores a whole frontier of vertices. It finds the minimum moves needed to solve a maze grid."
DSA,What is backtracking used for?,"Backtracking is used for puzzles, permutations, subsets, and constraint problems. It is a technique that builds solutions step by step and abandons paths that fail. It prunes large search spaces compared with naive brute force. It is related to depth-first search and recursion."
DSA,Where have you seen hash table in action?,"Hash table counts word frequencies by using each word as a key. It is a structure that maps keys to values using a hash function. It is used for fast lookups, caches, counting, and deduplication. It has unordered keys, collisions, and worst-case linear time with poor hashing."
DSA,How does memoization compare with similar approaches?,"Memoization is the top-down counterpart of tabulation in dynamic programming. It is an optimization that caches function results for repeated inputs. It avoids repeated computation, often reducing exponential time to polynomial. It stores Fibonacci values so each is computed once."
DSA,What should I learn alongside binary tree?,"Binary tree is traversed in preorder, inorder, postorder, or level order. It is used to represent hierarchies, expressions, and as a base for search trees. It supports natural recursive algorithms and traversals. It can become skewed, making operations as slow as a linked list."
DSA,Give an example of binary search.,"Binary search finds a word in a dictionary by repeatedly opening the middle page. It is an algorithm that finds a target in a sorted collection by halving the range. It runs in logarithmic time, so a million items need about twenty steps."
DSA,What is the basic idea behind BFS?,"BFS is a graph traversal that visits vertices level by level using a queue. It guarantees the fewest edges to reach any vertex from the source. It finds the minimum moves needed to solve a maze grid. It contrasts with depth-first search, which explores deeply before backtracking."
DSA,Why is binary tree considered important?,"Binary tree supports natural recursive algorithms and traversals. It is a hierarchical structure where each node has at most two children. It is used to represent hierarchies, expressions, and as a base for search trees. It can become skewed, making operations as slow as a linked list."
DSA,List the strengths of minimum spanning tree.,"Minimum spanning tree gives the cheapest way to connect everything without cycles. It is used in network design such as cables, roads, and clustering. It applies only to weighted undirected connected graphs. It finds the cheapest cable layout connecting every office."
DSA,When should you avoid greedy algorithm?,"Greedy algorithm fails on problems without the greedy-choice property, so correctness needs proof. It is simple, fast, and often easy to implement. It gives change using the largest coin first in standard currency systems. It differs from dynamic programming, which considers combinations of subproblems."
DSA,Describe a scenario where linked list is applied.,"Linked list chains songs in a playlist so one can be inserted between two others. It grows dynamically and inserts at a known node in constant time. It has slow access by position and extra memory for pointers. It comes in singly, doubly, and circular forms."
DSA,Where is trie commonly applied?,"Trie is used for autocomplete, spell checking, and prefix searches. It is a tree storing strings character by character along paths from the root. It finds prefixes in time proportional to word length, independent of dictionary size. It is also called a prefix tree."
DSA,What other concepts are connected to linked list?,"Linked list comes in singly, doubly, and circular forms. It grows dynamically and inserts at a known node in constant time. It has slow access by position and extra memory for pointers. It chains songs in a playlist so one can be inserted between two others."
DSA,How is union-find used in practice?,Union-find checks whether two computers are already connected in a network. It achieves near-constant time per operation with path compression and union by rank. It supports merging but not efficient splitting of sets. It is also called disjoint set union.
DSA,Walk me through a simple example of backtracking.,"Backtracking solves N-Queens by placing queens and undoing moves that cause conflicts. It is used for puzzles, permutations, subsets, and constraint problems. It can still take exponential time in the worst case. It is related to depth-first search and recursion."
DSA,What makes backtracking valuable?,Backtracking prunes large search spaces compared with naive brute force. It is a technique that builds solutions step by step and abandons paths that fail. It can still take exponential time in the worst case. It is related to depth-first search and recursion.
DSA,What makes stack valuable?,"Stack offers constant-time push and pop with simple implementation. It is used for undo features, recursion, expression evaluation, and backtracking. It allows access only to the top element and can overflow if size is bounded. It is the counterpart of a queue, which is First In, First Out."
DSA,What are the benefits of using bubble sort?,Bubble sort is easy to understand and implement and can stop early if sorted. It is a simple sorting algorithm that repeatedly swaps adjacent elements that are out of order. It is used mainly for teaching and very small datasets.
DSA,What is a practical example of bubble sort?,Bubble sort moves the largest value to the end after the first pass. It is easy to understand and implement and can stop early if sorted. It runs in O(n^2) time and is impractical for large inputs. It is similar to insertion and selection sort in performance.
DSA,When should you avoid merge sort?,"Merge sort needs O(n) extra space for arrays. It is used when stable, predictable sorting or external sorting is needed. It guarantees O(n log n) time and keeps equal elements in order. It is a stable alternative to quick sort and heap sort."
DSA,How is merge sort used in practice?,"Merge sort sorts linked lists efficiently without random access. It is a divide and conquer sorting algorithm that splits, sorts, and merges halves. It is used when stable, predictable sorting or external sorting is needed. It guarantees O(n log n) time and keeps equal elements in order."
DSA,How is trie typically used in real projects?,"Trie is used for autocomplete, spell checking, and prefix searches. It is a tree storing strings character by character along paths from the root. It can use much memory when many strings share few prefixes. It suggests words starting with pre while a user types."
DSA,What problem does circular queue solve?,"Circular queue is used for buffers, streaming data, and round-robin scheduling. It reuses freed space and avoids shifting elements. It has a fixed capacity and needs care to tell full from empty. It stores audio samples in a ring buffer."
DSA,What does binary tree mean?,"Binary tree is a hierarchical structure where each node has at most two children. It is used to represent hierarchies, expressions, and as a base for search trees. It represents the expression three plus four times two as a tree."
DSA,What should I learn alongside greedy algorithm?,"Greedy algorithm differs from dynamic programming, which considers combinations of subproblems. It is an approach that picks the locally best choice at every step. It is simple, fast, and often easy to implement. It gives change using the largest coin first in standard currency systems."
DSA,Can you give a short overview of KMP algorithm?,KMP algorithm is a string matching algorithm that avoids rechecking characters using a prefix table. It is used to find a pattern inside a long text. It runs in linear time O(n + m). It finds the word abab in a long string without moving backward in the text.
DSA,How is stack typically used in real projects?,"Stack is used for undo features, recursion, expression evaluation, and backtracking. It offers constant-time push and pop with simple implementation. It allows access only to the top element and can overflow if size is bounded. It is the counterpart of a queue, which is First In, First Out."
DSA,What other concepts are connected to binary search?,"Binary search is easy to get wrong because of off-by-one and overflow errors. It runs in logarithmic time, so a million items need about twenty steps. It requires sorted data and random access to be efficient. It finds a word in a dictionary by repeatedly opening the middle page."
DSA,How is greedy algorithm typically used in real projects?,"Greedy algorithm is used when local choices lead to a global optimum, like interval scheduling. It is an approach that picks the locally best choice at every step. It is simple, fast, and often easy to implement. It differs from dynamic programming, which considers combinations of subproblems."
DSA,What are the downsides of queue?,"Queue allows access only at the ends, and array versions may waste space. It is a linear structure following First In, First Out order. It processes items fairly in arrival order with constant-time enqueue and dequeue. It lines up print jobs so the earliest one prints first."
DSA,Define graph in simple words.,"Graph is a structure of vertices connected by edges, directed or undirected. It is used to model networks, maps, dependencies, and relationships. It represents complex connections that trees and lists cannot capture. It models cities as vertices and roads as weighted edges."
DSA,Describe a scenario where stack is applied.,"Stack lets a browser go back to the most recently visited page. It allows access only to the top element and can overflow if size is bounded. It is the counterpart of a queue, which is First In, First Out."
DSA,What should you watch out for when using binary search?,"Binary search requires sorted data and random access to be efficient. It is used for fast lookups and for searching answers over monotonic conditions. It runs in logarithmic time, so a million items need about twenty steps. It is easy to get wrong because of off-by-one and overflow errors."
DSA,What is the main purpose of two-pointer technique?,"Two-pointer technique is used for sorted arrays, pair sums, and palindrome checks. It generally needs sorted or structured input to work correctly. It finds two numbers summing to a target by moving pointers inward from both ends. It is closely related to sliding window."
DSA,Why is queue considered important?,"Queue processes items fairly in arrival order with constant-time enqueue and dequeue. It is used for scheduling, buffering, and breadth-first search. It allows access only at the ends, and array versions may waste space. It has variants like deque, priority queue, and circular queue."
DSA,What are the benefits of using linked list?,Linked list grows dynamically and inserts at a known node in constant time. It is a sequence of nodes where each node points to the next. It is used when frequent insertions and deletions are needed without shifting elements. It has slow access by position and extra memory for pointers.
DSA,What should I learn alongside heap?,Heap comes as min-heap or max-heap and is often stored in an array. It is used to implement priority queues and heap sort. It gives constant-time access to the min or max and logarithmic insertions. It does not support fast arbitrary search or ordered traversal.
DSA,Why is dynamic programming considered important?,Dynamic programming turns exponential brute force into polynomial time by reusing results. It is used for optimization and counting problems with optimal substructure. It finds the minimum coins needed to make change for an amount. It is implemented top-down with memoization or bottom-up with tabulation.
DSA,What should you watch out for when using LRU cache?,"LRU cache can be hurt by scans that flush useful entries. It is used in memory caches, browsers, and databases. It keeps frequently used items available and gives constant-time operations with the right design. It is an alternative to FIFO and LFU policies."
DSA,Why do developers use stack?,"Stack is used for undo features, recursion, expression evaluation, and backtracking. It offers constant-time push and pop with simple implementation. It lets a browser go back to the most recently visited page. It is the counterpart of a queue, which is First In, First Out."
DSA,Give an example of backtracking.,"Backtracking solves N-Queens by placing queens and undoing moves that cause conflicts. It is a technique that builds solutions step by step and abandons paths that fail. It is used for puzzles, permutations, subsets, and constraint problems. It can still take exponential time in the worst case."
DSA,What are the benefits of using topological sort?,"Topological sort gives a valid execution order in linear time. It is used for task scheduling, build systems, and course prerequisites. It exists only for graphs without cycles. It orders courses so each prerequisite comes before the course that needs it."
DSA,Walk me through a simple example of queue.,"Queue lines up print jobs so the earliest one prints first. It is a linear structure following First In, First Out order. It allows access only at the ends, and array versions may waste space. It has variants like deque, priority queue, and circular queue."
DSA,Give an example of memoization.,Memoization stores Fibonacci values so each is computed once. It is an optimization that caches function results for repeated inputs. It is used in recursive solutions with overlapping subproblems. It uses extra memory and adds recursion overhead. It is the top-down counterpart of tabulation in dynamic programming.
DSA,What is an alternative to Fenwick tree?,Fenwick tree is also known as a binary indexed tree. It is a compact structure for prefix sums supporting updates in logarithmic time. It is less flexible than segment trees and suits mainly invertible operations. It tracks running totals of scores while values change.
DSA,How does stack compare with similar approaches?,"Stack is the counterpart of a queue, which is First In, First Out. It is a linear structure following Last In, First Out order. It is used for undo features, recursion, expression evaluation, and backtracking. It lets a browser go back to the most recently visited page."
DSA,What is an alternative to linked list?,"Linked list comes in singly, doubly, and circular forms. It is a sequence of nodes where each node points to the next. It is used when frequent insertions and deletions are needed without shifting elements. It has slow access by position and extra memory for pointers."
DSA,What are the disadvantages of quick sort?,Quick sort degrades to O(n^2) with bad pivots and is not stable. It is a sorting algorithm that partitions around a pivot and sorts both sides. It picks the last element as pivot and moves smaller values to its left. It is often made safer with random or median-of-three pivots.
DSA,What should you watch out for when using union-find?,"Union-find supports merging but not efficient splitting of sets. It is used for connected components, Kruskal's algorithm, and cycle detection in undirected graphs. It achieves near-constant time per operation with path compression and union by rank. It checks whether two computers are already connected in a network."
DSA,Where is binary search tree commonly applied?,"Binary search tree is used for ordered data needing fast search, insertion, and deletion. It is a binary tree where left descendants are smaller and right ones larger than each node. It gives logarithmic operations on balanced trees and sorted output through inorder traversal."
DSA,Why do developers use circular queue?,"Circular queue is used for buffers, streaming data, and round-robin scheduling. It is a fixed-size queue where the end connects back to the start. It reuses freed space and avoids shifting elements. It is also known as a ring buffer."
DSA,What problems can DFS cause?,DFS does not find shortest paths and can overflow the recursion stack on deep graphs. It is a graph traversal that goes as deep as possible before backtracking. It explores a maze by following a corridor to the end before returning.
