domain,question,answer
Programming Language,In which situations is decorator a good choice?,"Decorator is used for logging, caching, authentication, and timing. It is a function that wraps another function to extend its behavior. It adds features without modifying the original code. It can hide control flow and complicate debugging and signatures. It uses @timer above a function to measure its run time."
Programming Language,What are generators in Python?,"Generators are functions that use the yield keyword to produce values one at a time, pausing and resuming their state between calls. They are lazy, so they do not store the entire sequence in memory. This makes them ideal for processing large datasets, streaming data, and creating infinite sequences efficiently."
Programming Language,What is related to data type?,"Data type is checked at compile time in static languages and at runtime in dynamic ones. It is a classification that tells a language how a value is stored and used. It catches mistakes and enables optimization. It includes integers, floats, strings, booleans, and arrays."
Programming Language,Where is JIT compilation commonly applied?,JIT compilation is used in engines like the JVM and V8. It optimizes hot code paths using runtime information. It adds warmup time and memory use. It speeds up a frequently called Java method after the JVM notices it. It sits between pure interpretation and ahead-of-time compilation.
Programming Language,What are the drawbacks of multithreading?,"Multithreading risks race conditions, deadlocks, and hard-to-reproduce bugs. It is running multiple threads of execution within one process. It is used to keep apps responsive and overlap I/O work. It can improve throughput and responsiveness. It requires synchronization tools like locks and semaphores."
Programming Language,What do you gain by using JIT compilation?,JIT compilation optimizes hot code paths using runtime information. It is compiling code to machine code during program execution. It is used in engines like the JVM and V8. It adds warmup time and memory use. It speeds up a frequently called Java method after the JVM notices it.
Programming Language,What are the drawbacks of generator?,Generator can be consumed only once and cannot be indexed. It is a function that yields values one at a time and pauses between them. It is used for large or infinite sequences and streaming data. It saves memory by producing items lazily.
Programming Language,Where have you seen abstraction in action?,Abstraction lets you call car.start() without knowing how the engine works. It is hiding complexity by exposing only essential features. It is used to design simple interfaces over complex implementations. It lets people use components without knowing their internals. It is implemented with abstract classes and interfaces.
Programming Language,Give an example of JIT compilation.,JIT compilation speeds up a frequently called Java method after the JVM notices it. It is compiling code to machine code during program execution. It is used in engines like the JVM and V8. It optimizes hot code paths using runtime information. It adds warmup time and memory use.
Programming Language,What is garbage collection used for?,"Garbage collection is used in languages like Java, Python, and Go. It is automatic memory management that frees objects no longer reachable. It frees a Java object when no references to it remain. It differs from manual management in C and ownership in Rust."
Programming Language,List the strengths of static typing.,"Static typing catches type errors early and enables optimization and better tooling. It is used in languages like Java, C++, and Go. It can require verbose declarations and reduce flexibility. It rejects assigning a string to an int variable before the program runs."
Programming Language,What is related to inheritance?,Inheritance is often balanced by composition over inheritance. It is a mechanism where a class acquires properties and methods from a parent class. It reduces duplication and supports specialization. It creates tight coupling and fragile hierarchies. It makes a Dog class extend an Animal class.
Programming Language,What problems can pointer cause?,"Pointer causes crashes, leaks, and security bugs when misused. It is a variable that stores the memory address of another value. It is used for dynamic allocation, arrays, and efficient data passing. It stores the address of an int in C with int *p = &x."
Programming Language,What are common pitfalls with hoisting?,"Hoisting causes confusing undefined values with var. It is JavaScript behavior where declarations are moved to the top of their scope before execution. It is relevant when understanding var, function declarations, and temporal dead zones. It behaves differently for let and const, which stay in a temporal dead zone."
Programming Language,What are the alternatives or companions of lambda?,"Lambda is also called an arrow function in JavaScript. It is a small anonymous function defined inline. It is used for short callbacks, sorting keys, and functional operations. It keeps simple logic concise without naming a function. It sorts words by length using key=lambda w: len(w) in Python."
Programming Language,When should you avoid promise?,"Promise can swallow errors if rejections are not handled. It is an object representing the eventual result of an asynchronous operation. It is used in JavaScript to handle network requests and timers. It avoids deeply nested callbacks and supports chaining. It has pending, fulfilled, and rejected states."
Programming Language,Give an example of dynamic typing.,"Dynamic typing lets a variable hold a number and later a string in Python. It is a system where types are checked at runtime. It is used in languages like Python, JavaScript, and Ruby. It can be strengthened with type hints and checkers like mypy."
Programming Language,Show a real-world example of generic.,"Generic uses List<String> in Java to hold only strings. It is a feature that lets code work with types specified later. It can make signatures complex and sometimes hurts readability. It appears as generics in Java and C#, and templates in C++."
Programming Language,When should you avoid static typing?,"Static typing can require verbose declarations and reduce flexibility. It is a system where types are checked at compile time. It is used in languages like Java, C++, and Go. It catches type errors early and enables optimization and better tooling."
Programming Language,What other concepts are connected to reference?,Reference differs from a pointer because it usually cannot be reassigned or do arithmetic. It is an alias or handle that refers to an existing object or value. It saves memory and lets functions modify the original object. It can cause unintended shared changes between variables.
Programming Language,What is iterator used for?,Iterator is used to loop over collections uniformly. It is an object that provides items one at a time through a next operation. It is single-pass and can be exhausted. It lets a for loop in Python walk through a list. It is defined by __iter__ and __next__ in Python.
Programming Language,What problems can memory leak cause?,Memory leak gradually exhausts memory and can crash long-running programs. It is a bug where memory that is no longer needed is never released. It happens when event listeners are never removed in a long-lived page. It can occur even in garbage-collected languages through lingering references.
Programming Language,What problems can package manager cause?,"Package manager can introduce vulnerable or conflicting dependencies. It is a tool that installs, updates, and manages libraries and dependencies. It is used to share and reuse code across projects. It installs requests with pip install requests. It includes npm, pip, Maven, Cargo, and NuGet."
Programming Language,What is the basic idea behind garbage collection?,"Garbage collection is automatic memory management that frees objects no longer reachable. It is used in languages like Java, Python, and Go. It adds overhead and unpredictable pauses. It frees a Java object when no references to it remain. It differs from manual management in C and ownership in Rust."
Programming Language,Describe function briefly.,"Function is a reusable block of code that performs a task and may return a value. It is used to organize logic and avoid repetition. It improves readability, testing, and reuse. It is called a method when attached to an object."
Programming Language,Describe immutability briefly.,"Immutability is the property of an object that cannot change after creation. It is used for safe sharing, hashing, and functional programming. It makes Python strings and tuples unchangeable once created. It contrasts with mutability and is supported by const and final keywords."
Programming Language,Can you give a short overview of data type?,"Data type is a classification that tells a language how a value is stored and used. It is used to determine valid operations and memory layout. It includes integers, floats, strings, booleans, and arrays. It is checked at compile time in static languages and at runtime in dynamic ones."
Programming Language,How does interpreter compare with similar approaches?,"Interpreter is often mixed with compilation to bytecode and JIT. It is a program that executes source code directly, line by line or through bytecode. It is used for languages like Python and Ruby. It is generally slower than compiled code."
Programming Language,Why is closure useful?,"Closure enables data hiding and flexible behavior without classes. It is used for private state, callbacks, and function factories. It can keep objects alive longer than expected and cause memory leaks. It creates a counter function whose count persists between calls. It is common in JavaScript, Python, and functional languages."
Programming Language,When should you use null pointer?,"Null pointer is used to signal absence of a value in languages like C and Java. It is a pointer that refers to no valid memory location. It provides a simple way to mark uninitialized or missing references. It causes crashes or exceptions when dereferenced, famously called a billion-dollar mistake."
Programming Language,What is an alternative to reference?,Reference differs from a pointer because it usually cannot be reassigned or do arithmetic. It is used to pass large objects without copying them. It can cause unintended shared changes between variables. It makes two Python variables point to the same list.
Programming Language,What are the disadvantages of enum?,"Enum can be hard to extend when values change frequently. It is a type consisting of a fixed set of named constants. It is used for states, categories, and options. It prevents invalid values and improves readability over magic numbers."
Programming Language,What are the alternatives or companions of null pointer?,Null pointer is avoided by Optional types and null safety in Kotlin and Rust. It is a pointer that refers to no valid memory location. It provides a simple way to mark uninitialized or missing references. It triggers a NullPointerException in Java when calling a method on null.
Programming Language,What is the main purpose of async/await?,Async/await is used for I/O tasks such as network calls and file access. It is syntax for writing asynchronous code that looks sequential. It improves readability over callbacks and keeps programs responsive. It does not speed up CPU-bound work and forgotten awaits cause bugs.
Programming Language,What should I learn alongside iterator?,Iterator is defined by __iter__ and __next__ in Python. It is an object that provides items one at a time through a next operation. It is single-pass and can be exhausted. It lets a for loop in Python walk through a list.
Programming Language,What is the main purpose of immutability?,"Immutability is used for safe sharing, hashing, and functional programming. It prevents accidental changes and makes concurrency safer. It creates new objects for each change, which costs memory and time. It contrasts with mutability and is supported by const and final keywords."
Programming Language,Give an example of struct.,Struct stores a point with x and y coordinates in Go. It is a composite data type that groups related fields under one name. It organizes related data compactly with predictable layout. It lacks the inheritance and encapsulation features of full classes in some languages.
Programming Language,Show a real-world example of closure.,"Closure creates a counter function whose count persists between calls. It is used for private state, callbacks, and function factories. It enables data hiding and flexible behavior without classes. It can keep objects alive longer than expected and cause memory leaks. It is common in JavaScript, Python, and functional languages."
Programming Language,How does virtual environment help developers?,"Virtual environment prevents version conflicts between projects. It is an isolated environment with its own interpreter and packages. It is used to keep project dependencies separate. It creates one with python -m venv env. It has lighter isolation than Docker, and tools include venv and conda."
Programming Language,What makes variable valuable?,"Variable makes code readable and flexible by naming values. It is used to store, update, and reuse data during execution. It can cause bugs when names are unclear, shadowed, or modified unexpectedly. It stores a user's age as age = 25 in Python."
Programming Language,What are the disadvantages of mutability?,Mutability can cause surprising side effects when shared. It is the property of an object that allows it to be changed after creation. It allows in-place updates that are efficient for large data. It lets a Python list be appended to after creation.
Programming Language,In which situations is data type a good choice?,"Data type is used to determine valid operations and memory layout. It is a classification that tells a language how a value is stored and used. It can require conversions and cause errors when types are mixed. It includes integers, floats, strings, booleans, and arrays."
Programming Language,What does static typing mean?,"Static typing is a system where types are checked at compile time. It is used in languages like Java, C++, and Go. It catches type errors early and enables optimization and better tooling. It can require verbose declarations and reduce flexibility."
Programming Language,What are common pitfalls with variable?,"Variable can cause bugs when names are unclear, shadowed, or modified unexpectedly. It is a named storage location that holds a value in a program. It is used to store, update, and reuse data during execution. It makes code readable and flexible by naming values."
Programming Language,In which situations is closure a good choice?,"Closure is used for private state, callbacks, and function factories. It is a function that remembers variables from the scope where it was created. It creates a counter function whose count persists between calls. It is common in JavaScript, Python, and functional languages."
Programming Language,Can you give a short overview of Global Interpreter Lock?,"Global Interpreter Lock is a lock in CPython that lets only one thread execute Python bytecode at a time. It is relevant when choosing between threads and processes in Python. It is bypassed with multiprocessing, native extensions, or alternative interpreters."
Programming Language,Where have you seen function in action?,"Function defines add(a, b) that returns a plus b. It is a reusable block of code that performs a task and may return a value. It improves readability, testing, and reuse. It becomes hard to follow when too long or dependent on global state."
Programming Language,What are the downsides of interface?,"Interface adds indirection, and changing an interface affects all implementers. It is used to define capabilities and decouple code. It enables polymorphism and easier testing through mocks. It defines Comparable so any class can be sorted. It differs from an abstract class, which can hold state and implementation."
Programming Language,How is abstraction used in practice?,Abstraction lets you call car.start() without knowing how the engine works. It is hiding complexity by exposing only essential features. It is used to design simple interfaces over complex implementations. It can leak details when poorly designed or add needless layers.
Programming Language,Describe a scenario where operator overloading is applied.,Operator overloading lets a Vector class support a + b in Python by defining __add__. It is defining custom behavior for operators on user-defined types. It is used for mathematical types such as vectors and complex numbers. It can mislead readers when operators do unexpected things.
Programming Language,Walk me through a simple example of hoisting.,"Hoisting makes console.log(x) print undefined when var x is declared later. It is JavaScript behavior where declarations are moved to the top of their scope before execution. It is relevant when understanding var, function declarations, and temporal dead zones. It lets functions be called before they are defined."
Programming Language,When should you use inheritance?,Inheritance is used to share behavior among related classes. It is a mechanism where a class acquires properties and methods from a parent class. It reduces duplication and supports specialization. It creates tight coupling and fragile hierarchies. It is often balanced by composition over inheritance.
Programming Language,Explain immutability.,"Immutability is the property of an object that cannot change after creation. It prevents accidental changes and makes concurrency safer. It creates new objects for each change, which costs memory and time. It contrasts with mutability and is supported by const and final keywords."
Programming Language,Where is multithreading commonly applied?,"Multithreading is used to keep apps responsive and overlap I/O work. It is running multiple threads of execution within one process. It risks race conditions, deadlocks, and hard-to-reproduce bugs. It downloads files in background threads while the interface stays active. It requires synchronization tools like locks and semaphores."
Programming Language,What is related to pointer?,"Pointer is replaced by references and smart pointers in safer languages. It is a variable that stores the memory address of another value. It is used for dynamic allocation, arrays, and efficient data passing. It stores the address of an int in C with int *p = &x."
Programming Language,What are the disadvantages of iterator?,Iterator is single-pass and can be exhausted. It is an object that provides items one at a time through a next operation. It is used to loop over collections uniformly. It lets a for loop in Python walk through a list.
Programming Language,Describe iterator briefly.,Iterator is an object that provides items one at a time through a next operation. It is used to loop over collections uniformly. It hides how a collection is stored and allows lazy evaluation. It is defined by __iter__ and __next__ in Python.
Programming Language,What are the drawbacks of static typing?,Static typing can require verbose declarations and reduce flexibility. It is a system where types are checked at compile time. It catches type errors early and enables optimization and better tooling. It rejects assigning a string to an int variable before the program runs.
Programming Language,Walk me through a simple example of data type.,"Data type includes integers, floats, strings, booleans, and arrays. It is a classification that tells a language how a value is stored and used. It can require conversions and cause errors when types are mixed. It is checked at compile time in static languages and at runtime in dynamic ones."
Programming Language,What are the drawbacks of hoisting?,"Hoisting causes confusing undefined values with var. It is JavaScript behavior where declarations are moved to the top of their scope before execution. It makes console.log(x) print undefined when var x is declared later. It behaves differently for let and const, which stay in a temporal dead zone."
Programming Language,What are the benefits of using memory leak?,Memory leak can be found with profilers and fixed by releasing unused references. It is a bug where memory that is no longer needed is never released. It is investigated when programs slow down or crash over time. It happens when event listeners are never removed in a long-lived page.
Programming Language,How does closure differ from related concepts?,"Closure is common in JavaScript, Python, and functional languages. It is a function that remembers variables from the scope where it was created. It is used for private state, callbacks, and function factories. It creates a counter function whose count persists between calls."
Programming Language,List the strengths of mutability.,Mutability allows in-place updates that are efficient for large data. It is the property of an object that allows it to be changed after creation. It is considered when passing objects or sharing data between functions. It can cause surprising side effects when shared. It is the opposite of immutability.
Programming Language,What are the downsides of generic?,"Generic can make signatures complex and sometimes hurts readability. It is a feature that lets code work with types specified later. It is used for reusable collections and algorithms. It uses List<String> in Java to hold only strings. It appears as generics in Java and C#, and templates in C++."
Programming Language,How does polymorphism differ from related concepts?,Polymorphism appears as overriding at runtime and overloading at compile time. It is the ability for different types to be used through the same interface. It can make control flow harder to trace. It lets draw() behave differently for Circle and Square objects.
Programming Language,What is the basic idea behind iterator?,Iterator is an object that provides items one at a time through a next operation. It is single-pass and can be exhausted. It lets a for loop in Python walk through a list. It is defined by __iter__ and __next__ in Python.
Programming Language,What makes data type valuable?,"Data type catches mistakes and enables optimization. It is a classification that tells a language how a value is stored and used. It includes integers, floats, strings, booleans, and arrays. It is checked at compile time in static languages and at runtime in dynamic ones."
Programming Language,Define async/await in simple words.,Async/await is syntax for writing asynchronous code that looks sequential. It improves readability over callbacks and keeps programs responsive. It does not speed up CPU-bound work and forgotten awaits cause bugs. It is built on promises in JavaScript and event loops in Python.
Programming Language,Why is garbage collection useful?,"Garbage collection prevents most memory leaks and dangling pointer errors. It is used in languages like Java, Python, and Go. It frees a Java object when no references to it remain. It differs from manual management in C and ownership in Rust."
Programming Language,What are the drawbacks of loop?,"Loop can run forever if the exit condition is never met. It is used to process collections and repeat actions until a condition changes. It avoids duplicated code and automates repetition. It prints numbers one to ten with a for loop. It appears as for, while, and do-while forms."
Programming Language,What is the main purpose of reference?,Reference is used to pass large objects without copying them. It saves memory and lets functions modify the original object. It can cause unintended shared changes between variables. It differs from a pointer because it usually cannot be reassigned or do arithmetic.
Programming Language,What should I learn alongside async/await?,Async/await is built on promises in JavaScript and event loops in Python. It is syntax for writing asynchronous code that looks sequential. It does not speed up CPU-bound work and forgotten awaits cause bugs. It awaits a fetch call in JavaScript before reading its JSON.
Programming Language,What other concepts are connected to generator?,Generator is related to iterators and the yield keyword. It is a function that yields values one at a time and pauses between them. It can be consumed only once and cannot be indexed. It yields lines from a huge file one by one in Python.
Programming Language,What is an alternative to multithreading?,"Multithreading requires synchronization tools like locks and semaphores. It is running multiple threads of execution within one process. It can improve throughput and responsiveness. It risks race conditions, deadlocks, and hard-to-reproduce bugs. It downloads files in background threads while the interface stays active."
Programming Language,What are the benefits of using enum?,Enum prevents invalid values and improves readability over magic numbers. It is a type consisting of a fixed set of named constants. It can be hard to extend when values change frequently. It defines Weekday values like MONDAY and TUESDAY.
Programming Language,What is a practical example of interface?,"Interface defines Comparable so any class can be sorted. It is a contract that specifies methods a type must implement. It adds indirection, and changing an interface affects all implementers. It differs from an abstract class, which can hold state and implementation."
Programming Language,List the strengths of Global Interpreter Lock.,"Global Interpreter Lock simplifies memory management and makes single-threaded code fast. It is relevant when choosing between threads and processes in Python. It makes two CPU-heavy threads take about as long as running sequentially. It is bypassed with multiprocessing, native extensions, or alternative interpreters."
Programming Language,What do you gain by using interface?,"Interface enables polymorphism and easier testing through mocks. It is a contract that specifies methods a type must implement. It adds indirection, and changing an interface affects all implementers. It differs from an abstract class, which can hold state and implementation."
Programming Language,What is data type?,Data type is a classification that tells a language how a value is stored and used. It can require conversions and cause errors when types are mixed. It is checked at compile time in static languages and at runtime in dynamic ones.
Programming Language,How is namespace typically used in real projects?,"Namespace is used to organize large codebases and libraries. It can cause confusion when imports or scopes overlap. It places std::vector under the std namespace in C++. It appears as packages in Java, modules in Python, and namespaces in C#."
Programming Language,What is an alternative to lambda?,"Lambda is also called an arrow function in JavaScript. It is a small anonymous function defined inline. It is used for short callbacks, sorting keys, and functional operations. It keeps simple logic concise without naming a function. It sorts words by length using key=lambda w: len(w) in Python."
Programming Language,What does namespace mean?,"Namespace is a container that groups names to avoid conflicts. It can cause confusion when imports or scopes overlap. It places std::vector under the std namespace in C++. It appears as packages in Java, modules in Python, and namespaces in C#."
Programming Language,Describe a scenario where null pointer is applied.,"Null pointer triggers a NullPointerException in Java when calling a method on null. It is used to signal absence of a value in languages like C and Java. It causes crashes or exceptions when dereferenced, famously called a billion-dollar mistake."
Programming Language,What is loop?,"Loop is a control structure that repeats a block of code. It is used to process collections and repeat actions until a condition changes. It avoids duplicated code and automates repetition. It can run forever if the exit condition is never met. It appears as for, while, and do-while forms."
Programming Language,What are the downsides of operator overloading?,Operator overloading can mislead readers when operators do unexpected things. It is defining custom behavior for operators on user-defined types. It makes code expressive and natural to read. It lets a Vector class support a + b in Python by defining __add__.
Programming Language,Describe garbage collection briefly.,"Garbage collection is automatic memory management that frees objects no longer reachable. It is used in languages like Java, Python, and Go. It prevents most memory leaks and dangling pointer errors. It adds overhead and unpredictable pauses. It differs from manual management in C and ownership in Rust."
Programming Language,Why is lambda considered important?,Lambda keeps simple logic concise without naming a function. It is a small anonymous function defined inline. It becomes unreadable when complex and is harder to debug. It sorts words by length using key=lambda w: len(w) in Python. It is also called an arrow function in JavaScript.
Programming Language,Is there a substitute for async/await?,Async/await is built on promises in JavaScript and event loops in Python. It is syntax for writing asynchronous code that looks sequential. It is used for I/O tasks such as network calls and file access. It improves readability over callbacks and keeps programs responsive.
Programming Language,What is polymorphism used for?,Polymorphism is used to write flexible code that works with many object types. It reduces conditional logic and makes code extensible. It can make control flow harder to trace. It lets draw() behave differently for Circle and Square objects. It appears as overriding at runtime and overloading at compile time.
Programming Language,What is type inference?,"Type inference is the compiler's ability to deduce a variable's type automatically. It can make types less obvious and produce confusing errors. It lets let x = 5 be understood as an integer in Rust. It uses keywords like auto, var, or val."
Programming Language,What is operator overloading?,"Operator overloading is defining custom behavior for operators on user-defined types. It is used for mathematical types such as vectors and complex numbers. It can mislead readers when operators do unexpected things. It is supported in C++, Python, and C#, but not in Java."
Programming Language,How is enum typically used in real projects?,"Enum is used for states, categories, and options. It is a type consisting of a fixed set of named constants. It can be hard to extend when values change frequently. It defines Weekday values like MONDAY and TUESDAY. It exists in Java, C++, C#, Python, and TypeScript."
Programming Language,What do you gain by using object-oriented programming?,"Object-oriented programming improves modularity, reuse, and maintainability. It is a programming paradigm that organizes code into objects with data and behavior. It can lead to deep hierarchies and over-engineering. It models a Car class with attributes like color and methods like drive."
Programming Language,How is generator used in practice?,Generator yields lines from a huge file one by one in Python. It is a function that yields values one at a time and pauses between them. It can be consumed only once and cannot be indexed. It is related to iterators and the yield keyword.
Programming Language,Give an example of closure.,"Closure creates a counter function whose count persists between calls. It is used for private state, callbacks, and function factories. It can keep objects alive longer than expected and cause memory leaks. It is common in JavaScript, Python, and functional languages."
Programming Language,What makes namespace valuable?,"Namespace prevents collisions between identically named items. It is a container that groups names to avoid conflicts. It can cause confusion when imports or scopes overlap. It places std::vector under the std namespace in C++. It appears as packages in Java, modules in Python, and namespaces in C#."
Programming Language,What is a practical example of data type?,"Data type includes integers, floats, strings, booleans, and arrays. It catches mistakes and enables optimization. It can require conversions and cause errors when types are mixed. It is checked at compile time in static languages and at runtime in dynamic ones."
Programming Language,What are the disadvantages of memory leak?,Memory leak gradually exhausts memory and can crash long-running programs. It is a bug where memory that is no longer needed is never released. It can be found with profilers and fixed by releasing unused references. It can occur even in garbage-collected languages through lingering references.
Programming Language,Why is encapsulation considered important?,Encapsulation hides implementation details so internals can change safely. It is bundling data with methods and restricting direct access to internals. It is used to protect object state and expose a clean interface. It is supported by access modifiers like private and protected.
Programming Language,Describe a scenario where encapsulation is applied.,Encapsulation makes a BankAccount balance private and changed only through deposit and withdraw. It is bundling data with methods and restricting direct access to internals. It can add boilerplate getters and setters. It is supported by access modifiers like private and protected.
Programming Language,What are the advantages of struct?,"Struct organizes related data compactly with predictable layout. It is a composite data type that groups related fields under one name. It is used to represent simple records in C, C++, Go, and Rust. It lacks the inheritance and encapsulation features of full classes in some languages."
Programming Language,How does lambda differ from related concepts?,"Lambda is also called an arrow function in JavaScript. It is used for short callbacks, sorting keys, and functional operations. It keeps simple logic concise without naming a function. It sorts words by length using key=lambda w: len(w) in Python."
Programming Language,Why do developers use polymorphism?,Polymorphism is used to write flexible code that works with many object types. It is the ability for different types to be used through the same interface. It reduces conditional logic and makes code extensible. It can make control flow harder to trace.
Programming Language,Describe a scenario where decorator is applied.,"Decorator uses @timer above a function to measure its run time. It is a function that wraps another function to extend its behavior. It is used for logging, caching, authentication, and timing. It adds features without modifying the original code. It can hide control flow and complicate debugging and signatures."
Programming Language,In which situations is abstraction a good choice?,Abstraction is used to design simple interfaces over complex implementations. It can leak details when poorly designed or add needless layers. It lets you call car.start() without knowing how the engine works. It is implemented with abstract classes and interfaces.
Programming Language,How is mutability used in practice?,Mutability lets a Python list be appended to after creation. It is the property of an object that allows it to be changed after creation. It allows in-place updates that are efficient for large data. It can cause surprising side effects when shared.
Programming Language,What are the disadvantages of type inference?,"Type inference can make types less obvious and produce confusing errors. It is used in languages like TypeScript, Kotlin, Rust, and modern C++. It reduces boilerplate while keeping static type safety. It lets let x = 5 be understood as an integer in Rust."
Programming Language,When should you avoid encapsulation?,Encapsulation can add boilerplate getters and setters. It is used to protect object state and expose a clean interface. It hides implementation details so internals can change safely. It makes a BankAccount balance private and changed only through deposit and withdraw.
Programming Language,What is type inference used for?,"Type inference is used in languages like TypeScript, Kotlin, Rust, and modern C++. It is the compiler's ability to deduce a variable's type automatically. It lets let x = 5 be understood as an integer in Rust. It uses keywords like auto, var, or val."
Programming Language,Why do developers use exception handling?,Exception handling is used to handle failures like missing files or invalid input gracefully. It is a mechanism for responding to runtime errors using try and catch constructs. It separates error handling from normal logic and prevents crashes. It can hide bugs when exceptions are swallowed silently.
Programming Language,What do you gain by using operator overloading?,"Operator overloading makes code expressive and natural to read. It is used for mathematical types such as vectors and complex numbers. It lets a Vector class support a + b in Python by defining __add__. It is supported in C++, Python, and C#, but not in Java."
Programming Language,What are common pitfalls with immutability?,"Immutability creates new objects for each change, which costs memory and time. It is the property of an object that cannot change after creation. It is used for safe sharing, hashing, and functional programming. It makes Python strings and tuples unchangeable once created."
Programming Language,What are common pitfalls with interpreter?,"Interpreter is generally slower than compiled code. It is a program that executes source code directly, line by line or through bytecode. It is used for languages like Python and Ruby. It runs a Python script with the python command. It is often mixed with compilation to bytecode and JIT."
Programming Language,What are the advantages of function?,"Function improves readability, testing, and reuse. It is a reusable block of code that performs a task and may return a value. It is used to organize logic and avoid repetition. It is called a method when attached to an object."
Programming Language,When should you use generator?,Generator is used for large or infinite sequences and streaming data. It can be consumed only once and cannot be indexed. It yields lines from a huge file one by one in Python. It is related to iterators and the yield keyword.
Programming Language,What is related to exception handling?,"Exception handling includes try, except or catch, finally, and throw or raise. It is used to handle failures like missing files or invalid input gracefully. It can hide bugs when exceptions are swallowed silently. It catches a ZeroDivisionError in Python and prints a friendly message."
Programming Language,What is the main purpose of mutability?,Mutability is considered when passing objects or sharing data between functions. It is the property of an object that allows it to be changed after creation. It can cause surprising side effects when shared. It is the opposite of immutability.
Programming Language,Why is loop useful?,"Loop avoids duplicated code and automates repetition. It is a control structure that repeats a block of code. It is used to process collections and repeat actions until a condition changes. It can run forever if the exit condition is never met. It appears as for, while, and do-while forms."
Programming Language,What are the downsides of namespace?,"Namespace can cause confusion when imports or scopes overlap. It is a container that groups names to avoid conflicts. It is used to organize large codebases and libraries. It prevents collisions between identically named items. It appears as packages in Java, modules in Python, and namespaces in C#."
Programming Language,What makes exception handling valuable?,Exception handling separates error handling from normal logic and prevents crashes. It is a mechanism for responding to runtime errors using try and catch constructs. It is used to handle failures like missing files or invalid input gracefully. It can hide bugs when exceptions are swallowed silently.
Programming Language,What are the alternatives or companions of virtual environment?,"Virtual environment has lighter isolation than Docker, and tools include venv and conda. It is an isolated environment with its own interpreter and packages. It is used to keep project dependencies separate. It adds setup steps and must be activated correctly."
Programming Language,How would you explain iterator to a beginner?,Iterator is an object that provides items one at a time through a next operation. It is used to loop over collections uniformly. It hides how a collection is stored and allows lazy evaluation. It is single-pass and can be exhausted. It is defined by __iter__ and __next__ in Python.
Programming Language,What problems can interface cause?,"Interface adds indirection, and changing an interface affects all implementers. It is a contract that specifies methods a type must implement. It defines Comparable so any class can be sorted. It differs from an abstract class, which can hold state and implementation."
Programming Language,Why do developers use decorator?,"Decorator is used for logging, caching, authentication, and timing. It is a function that wraps another function to extend its behavior. It adds features without modifying the original code. It can hide control flow and complicate debugging and signatures. It builds on closures and higher-order functions in Python."
Programming Language,What is abstraction?,Abstraction is hiding complexity by exposing only essential features. It is used to design simple interfaces over complex implementations. It lets people use components without knowing their internals. It lets you call car.start() without knowing how the engine works. It is implemented with abstract classes and interfaces.
Programming Language,What is the basic idea behind encapsulation?,Encapsulation is bundling data with methods and restricting direct access to internals. It is used to protect object state and expose a clean interface. It hides implementation details so internals can change safely. It makes a BankAccount balance private and changed only through deposit and withdraw.
Programming Language,What are the limitations of async/await?,Async/await does not speed up CPU-bound work and forgotten awaits cause bugs. It is used for I/O tasks such as network calls and file access. It awaits a fetch call in JavaScript before reading its JSON. It is built on promises in JavaScript and event loops in Python.
Programming Language,What is an alternative to loop?,"Loop appears as for, while, and do-while forms. It is a control structure that repeats a block of code. It is used to process collections and repeat actions until a condition changes. It can run forever if the exit condition is never met."
Programming Language,Describe a scenario where object-oriented programming is applied.,Object-oriented programming models a Car class with attributes like color and methods like drive. It is a programming paradigm that organizes code into objects with data and behavior. It is used to model real-world entities in large applications. It can lead to deep hierarchies and over-engineering.
Programming Language,Walk me through a simple example of abstraction.,Abstraction lets you call car.start() without knowing how the engine works. It is used to design simple interfaces over complex implementations. It lets people use components without knowing their internals. It can leak details when poorly designed or add needless layers. It is implemented with abstract classes and interfaces.
Programming Language,How does lambda compare with similar approaches?,"Lambda is also called an arrow function in JavaScript. It is used for short callbacks, sorting keys, and functional operations. It becomes unreadable when complex and is harder to debug. It sorts words by length using key=lambda w: len(w) in Python."
Programming Language,What are the limitations of reference?,Reference can cause unintended shared changes between variables. It is an alias or handle that refers to an existing object or value. It saves memory and lets functions modify the original object. It makes two Python variables point to the same list.
Programming Language,What does list comprehension mean?,"List comprehension is a concise syntax for building a list from an iterable in Python. It is used to transform or filter data in one expression. It hurts readability when nested or complex. It extends to dictionary, set, and generator expressions."
Programming Language,Define closure in simple words.,"Closure is a function that remembers variables from the scope where it was created. It is used for private state, callbacks, and function factories. It enables data hiding and flexible behavior without classes. It can keep objects alive longer than expected and cause memory leaks."
Programming Language,What does abstraction mean?,Abstraction is hiding complexity by exposing only essential features. It is used to design simple interfaces over complex implementations. It can leak details when poorly designed or add needless layers. It lets you call car.start() without knowing how the engine works.
Programming Language,What other concepts are connected to operator overloading?,"Operator overloading is supported in C++, Python, and C#, but not in Java. It is defining custom behavior for operators on user-defined types. It makes code expressive and natural to read. It can mislead readers when operators do unexpected things."
Programming Language,Walk me through a simple example of variable.,"Variable stores a user's age as age = 25 in Python. It is a named storage location that holds a value in a program. It makes code readable and flexible by naming values. It differs from a constant, whose value should not change."
Programming Language,What is a practical example of loop?,Loop prints numbers one to ten with a for loop. It is a control structure that repeats a block of code. It is used to process collections and repeat actions until a condition changes. It can run forever if the exit condition is never met.
Programming Language,What is the main purpose of package manager?,"Package manager is used to share and reuse code across projects. It is a tool that installs, updates, and manages libraries and dependencies. It can introduce vulnerable or conflicting dependencies. It installs requests with pip install requests. It includes npm, pip, Maven, Cargo, and NuGet."
Programming Language,What are the benefits of using interpreter?,"Interpreter enables quick feedback and easy debugging. It is a program that executes source code directly, line by line or through bytecode. It is used for languages like Python and Ruby. It is often mixed with compilation to bytecode and JIT."
Programming Language,Walk me through a simple example of object-oriented programming.,"Object-oriented programming models a Car class with attributes like color and methods like drive. It is a programming paradigm that organizes code into objects with data and behavior. It improves modularity, reuse, and maintainability. It rests on encapsulation, inheritance, polymorphism, and abstraction."
Programming Language,Give an example of abstraction.,Abstraction lets you call car.start() without knowing how the engine works. It is used to design simple interfaces over complex implementations. It lets people use components without knowing their internals. It can leak details when poorly designed or add needless layers.
Programming Language,How does operator overloading differ from related concepts?,"Operator overloading is supported in C++, Python, and C#, but not in Java. It is used for mathematical types such as vectors and complex numbers. It makes code expressive and natural to read. It can mislead readers when operators do unexpected things."
Programming Language,Give an example of compiler.,"Compiler turns main.c into an executable using gcc. It is a program that translates source code into machine code or bytecode before running. It is used for languages like C, C++, Rust, and Go. It adds a build step and compilation time."
Programming Language,How would you explain interpreter to a beginner?,"Interpreter is a program that executes source code directly, line by line or through bytecode. It is used for languages like Python and Ruby. It is generally slower than compiled code. It is often mixed with compilation to bytecode and JIT."
Programming Language,What is a practical example of encapsulation?,Encapsulation makes a BankAccount balance private and changed only through deposit and withdraw. It is bundling data with methods and restricting direct access to internals. It hides implementation details so internals can change safely. It is supported by access modifiers like private and protected.
Programming Language,List the strengths of promise.,"Promise avoids deeply nested callbacks and supports chaining. It is an object representing the eventual result of an asynchronous operation. It is used in JavaScript to handle network requests and timers. It can swallow errors if rejections are not handled. It has pending, fulfilled, and rejected states."
Programming Language,In which situations is promise a good choice?,Promise is used in JavaScript to handle network requests and timers. It is an object representing the eventual result of an asynchronous operation. It avoids deeply nested callbacks and supports chaining. It chains fetch(url).then(res => res.json()) to process a response.
Programming Language,What makes enum valuable?,"Enum prevents invalid values and improves readability over magic numbers. It is a type consisting of a fixed set of named constants. It is used for states, categories, and options. It can be hard to extend when values change frequently. It defines Weekday values like MONDAY and TUESDAY."
Programming Language,What are the advantages of promise?,"Promise avoids deeply nested callbacks and supports chaining. It is used in JavaScript to handle network requests and timers. It can swallow errors if rejections are not handled. It chains fetch(url).then(res => res.json()) to process a response. It has pending, fulfilled, and rejected states."
Programming Language,Define data type in simple words.,"Data type is a classification that tells a language how a value is stored and used. It is used to determine valid operations and memory layout. It can require conversions and cause errors when types are mixed. It includes integers, floats, strings, booleans, and arrays."
Programming Language,How does object-oriented programming help developers?,"Object-oriented programming improves modularity, reuse, and maintainability. It is used to model real-world entities in large applications. It can lead to deep hierarchies and over-engineering. It models a Car class with attributes like color and methods like drive. It rests on encapsulation, inheritance, polymorphism, and abstraction."
Programming Language,How is dynamic typing typically used in real projects?,"Dynamic typing is used in languages like Python, JavaScript, and Ruby. It enables quick prototyping and flexible code. It lets type errors appear only when code runs. It lets a variable hold a number and later a string in Python."
Programming Language,What is generator used for?,Generator is used for large or infinite sequences and streaming data. It is a function that yields values one at a time and pauses between them. It can be consumed only once and cannot be indexed. It yields lines from a huge file one by one in Python.
Programming Language,Define encapsulation in simple words.,Encapsulation is bundling data with methods and restricting direct access to internals. It is used to protect object state and expose a clean interface. It hides implementation details so internals can change safely. It is supported by access modifiers like private and protected.
Programming Language,How would you explain abstraction to a beginner?,Abstraction is hiding complexity by exposing only essential features. It lets people use components without knowing their internals. It can leak details when poorly designed or add needless layers. It lets you call car.start() without knowing how the engine works. It is implemented with abstract classes and interfaces.
Programming Language,What is the basic idea behind data type?,Data type is a classification that tells a language how a value is stored and used. It catches mistakes and enables optimization. It can require conversions and cause errors when types are mixed. It is checked at compile time in static languages and at runtime in dynamic ones.
Programming Language,What is generic used for?,Generic is used for reusable collections and algorithms. It is a feature that lets code work with types specified later. It provides type safety without duplicating code. It can make signatures complex and sometimes hurts readability. It uses List<String> in Java to hold only strings.
Programming Language,When should you use garbage collection?,"Garbage collection is used in languages like Java, Python, and Go. It is automatic memory management that frees objects no longer reachable. It prevents most memory leaks and dangling pointer errors. It adds overhead and unpredictable pauses. It differs from manual management in C and ownership in Rust."
Programming Language,When should you use Global Interpreter Lock?,Global Interpreter Lock is relevant when choosing between threads and processes in Python. It is a lock in CPython that lets only one thread execute Python bytecode at a time. It prevents CPU-bound threads from running in parallel. It makes two CPU-heavy threads take about as long as running sequentially.
Programming Language,What is the main purpose of iterator?,Iterator is used to loop over collections uniformly. It is an object that provides items one at a time through a next operation. It hides how a collection is stored and allows lazy evaluation. It is single-pass and can be exhausted.
Programming Language,Can you illustrate loop with an example?,"Loop prints numbers one to ten with a for loop. It is used to process collections and repeat actions until a condition changes. It can run forever if the exit condition is never met. It appears as for, while, and do-while forms."
Programming Language,Describe compiler briefly.,Compiler is a program that translates source code into machine code or bytecode before running. It produces fast executables and catches many errors early. It adds a build step and compilation time. It turns main.c into an executable using gcc.
Programming Language,Where is lambda commonly applied?,"Lambda is used for short callbacks, sorting keys, and functional operations. It is a small anonymous function defined inline. It becomes unreadable when complex and is harder to debug. It sorts words by length using key=lambda w: len(w) in Python."
Programming Language,What is async/await used for?,Async/await is used for I/O tasks such as network calls and file access. It improves readability over callbacks and keeps programs responsive. It does not speed up CPU-bound work and forgotten awaits cause bugs. It is built on promises in JavaScript and event loops in Python.
Programming Language,What problems can struct cause?,"Struct lacks the inheritance and encapsulation features of full classes in some languages. It is a composite data type that groups related fields under one name. It is used to represent simple records in C, C++, Go, and Rust. It stores a point with x and y coordinates in Go."
Programming Language,What is related to multithreading?,"Multithreading requires synchronization tools like locks and semaphores. It is used to keep apps responsive and overlap I/O work. It can improve throughput and responsiveness. It risks race conditions, deadlocks, and hard-to-reproduce bugs. It downloads files in background threads while the interface stays active."
Programming Language,What is object-oriented programming used for?,"Object-oriented programming is used to model real-world entities in large applications. It is a programming paradigm that organizes code into objects with data and behavior. It models a Car class with attributes like color and methods like drive. It rests on encapsulation, inheritance, polymorphism, and abstraction."
Programming Language,Why is iterator considered important?,Iterator hides how a collection is stored and allows lazy evaluation. It is an object that provides items one at a time through a next operation. It is used to loop over collections uniformly. It lets a for loop in Python walk through a list.
Programming Language,What are the alternatives or companions of memory leak?,Memory leak can occur even in garbage-collected languages through lingering references. It is a bug where memory that is no longer needed is never released. It gradually exhausts memory and can crash long-running programs. It happens when event listeners are never removed in a long-lived page.
Programming Language,What do you gain by using decorator?,"Decorator adds features without modifying the original code. It is a function that wraps another function to extend its behavior. It is used for logging, caching, authentication, and timing. It uses @timer above a function to measure its run time."
Programming Language,Describe Global Interpreter Lock briefly.,Global Interpreter Lock is a lock in CPython that lets only one thread execute Python bytecode at a time. It is relevant when choosing between threads and processes in Python. It makes two CPU-heavy threads take about as long as running sequentially.
Programming Language,What is a practical example of abstraction?,Abstraction lets you call car.start() without knowing how the engine works. It is hiding complexity by exposing only essential features. It lets people use components without knowing their internals. It can leak details when poorly designed or add needless layers.
Programming Language,Why is operator overloading useful?,Operator overloading makes code expressive and natural to read. It is defining custom behavior for operators on user-defined types. It is used for mathematical types such as vectors and complex numbers. It lets a Vector class support a + b in Python by defining __add__.
Programming Language,What is the basic idea behind object-oriented programming?,"Object-oriented programming is a programming paradigm that organizes code into objects with data and behavior. It improves modularity, reuse, and maintainability. It can lead to deep hierarchies and over-engineering. It models a Car class with attributes like color and methods like drive. It rests on encapsulation, inheritance, polymorphism, and abstraction."
Programming Language,Can you give a short overview of closure?,"Closure is a function that remembers variables from the scope where it was created. It is used for private state, callbacks, and function factories. It can keep objects alive longer than expected and cause memory leaks. It is common in JavaScript, Python, and functional languages."
Programming Language,What is the basic idea behind function?,"Function is a reusable block of code that performs a task and may return a value. It is used to organize logic and avoid repetition. It improves readability, testing, and reuse. It defines add(a, b) that returns a plus b. It is called a method when attached to an object."
Programming Language,Where have you seen data type in action?,"Data type includes integers, floats, strings, booleans, and arrays. It is used to determine valid operations and memory layout. It can require conversions and cause errors when types are mixed. It is checked at compile time in static languages and at runtime in dynamic ones."
Programming Language,How does multithreading compare with similar approaches?,"Multithreading requires synchronization tools like locks and semaphores. It is running multiple threads of execution within one process. It is used to keep apps responsive and overlap I/O work. It can improve throughput and responsiveness. It risks race conditions, deadlocks, and hard-to-reproduce bugs."
Programming Language,What should you watch out for when using struct?,"Struct lacks the inheritance and encapsulation features of full classes in some languages. It is used to represent simple records in C, C++, Go, and Rust. It organizes related data compactly with predictable layout. It stores a point with x and y coordinates in Go."
Programming Language,What problems can decorator cause?,Decorator can hide control flow and complicate debugging and signatures. It is a function that wraps another function to extend its behavior. It adds features without modifying the original code. It uses @timer above a function to measure its run time.
Programming Language,What is a practical example of interpreter?,"Interpreter runs a Python script with the python command. It is a program that executes source code directly, line by line or through bytecode. It is used for languages like Python and Ruby. It is generally slower than compiled code."
Programming Language,What are the disadvantages of immutability?,"Immutability creates new objects for each change, which costs memory and time. It is the property of an object that cannot change after creation. It prevents accidental changes and makes concurrency safer. It makes Python strings and tuples unchangeable once created."
Programming Language,How does data type help developers?,"Data type catches mistakes and enables optimization. It is a classification that tells a language how a value is stored and used. It can require conversions and cause errors when types are mixed. It includes integers, floats, strings, booleans, and arrays."
Programming Language,Why is encapsulation useful?,Encapsulation hides implementation details so internals can change safely. It is used to protect object state and expose a clean interface. It can add boilerplate getters and setters. It makes a BankAccount balance private and changed only through deposit and withdraw.
Programming Language,Can you give a short overview of polymorphism?,Polymorphism is the ability for different types to be used through the same interface. It reduces conditional logic and makes code extensible. It lets draw() behave differently for Circle and Square objects. It appears as overriding at runtime and overloading at compile time.
Programming Language,What are the alternatives or companions of garbage collection?,Garbage collection differs from manual management in C and ownership in Rust. It is automatic memory management that frees objects no longer reachable. It adds overhead and unpredictable pauses. It frees a Java object when no references to it remain.
Programming Language,List the strengths of inheritance.,Inheritance reduces duplication and supports specialization. It is a mechanism where a class acquires properties and methods from a parent class. It is used to share behavior among related classes. It makes a Dog class extend an Animal class. It is often balanced by composition over inheritance.
Programming Language,Give an example of garbage collection.,Garbage collection frees a Java object when no references to it remain. It is automatic memory management that frees objects no longer reachable. It prevents most memory leaks and dangling pointer errors. It differs from manual management in C and ownership in Rust.
Programming Language,List the strengths of object-oriented programming.,"Object-oriented programming improves modularity, reuse, and maintainability. It is a programming paradigm that organizes code into objects with data and behavior. It is used to model real-world entities in large applications. It can lead to deep hierarchies and over-engineering. It rests on encapsulation, inheritance, polymorphism, and abstraction."
Programming Language,How is promise used in practice?,"Promise chains fetch(url).then(res => res.json()) to process a response. It is used in JavaScript to handle network requests and timers. It avoids deeply nested callbacks and supports chaining. It can swallow errors if rejections are not handled. It has pending, fulfilled, and rejected states."
Programming Language,Can you illustrate type inference with an example?,"Type inference lets let x = 5 be understood as an integer in Rust. It is the compiler's ability to deduce a variable's type automatically. It is used in languages like TypeScript, Kotlin, Rust, and modern C++. It uses keywords like auto, var, or val."
Programming Language,What makes type inference valuable?,"Type inference reduces boilerplate while keeping static type safety. It is the compiler's ability to deduce a variable's type automatically. It is used in languages like TypeScript, Kotlin, Rust, and modern C++. It uses keywords like auto, var, or val."
Programming Language,Where is hoisting commonly applied?,"Hoisting is relevant when understanding var, function declarations, and temporal dead zones. It is JavaScript behavior where declarations are moved to the top of their scope before execution. It lets functions be called before they are defined. It makes console.log(x) print undefined when var x is declared later."
Programming Language,What are the limitations of data type?,"Data type can require conversions and cause errors when types are mixed. It catches mistakes and enables optimization. It includes integers, floats, strings, booleans, and arrays. It is checked at compile time in static languages and at runtime in dynamic ones."
Programming Language,What are the limitations of interpreter?,"Interpreter is generally slower than compiled code. It is a program that executes source code directly, line by line or through bytecode. It runs a Python script with the python command. It is often mixed with compilation to bytecode and JIT."
Programming Language,What are common pitfalls with compiler?,"Compiler adds a build step and compilation time. It is used for languages like C, C++, Rust, and Go. It produces fast executables and catches many errors early. It turns main.c into an executable using gcc. It differs from an interpreter, which runs code directly."
Programming Language,What are the advantages of mutability?,Mutability allows in-place updates that are efficient for large data. It is the property of an object that allows it to be changed after creation. It can cause surprising side effects when shared. It lets a Python list be appended to after creation.
Programming Language,What are the drawbacks of function?,"Function becomes hard to follow when too long or dependent on global state. It is a reusable block of code that performs a task and may return a value. It is used to organize logic and avoid repetition. It defines add(a, b) that returns a plus b."
Programming Language,How would you explain immutability to a beginner?,"Immutability is the property of an object that cannot change after creation. It is used for safe sharing, hashing, and functional programming. It creates new objects for each change, which costs memory and time. It makes Python strings and tuples unchangeable once created."
Programming Language,Where is variable commonly applied?,"Variable is used to store, update, and reuse data during execution. It is a named storage location that holds a value in a program. It stores a user's age as age = 25 in Python. It differs from a constant, whose value should not change."
Programming Language,What is compiler used for?,"Compiler is used for languages like C, C++, Rust, and Go. It is a program that translates source code into machine code or bytecode before running. It adds a build step and compilation time. It turns main.c into an executable using gcc."
Programming Language,List the strengths of immutability.,"Immutability prevents accidental changes and makes concurrency safer. It is used for safe sharing, hashing, and functional programming. It creates new objects for each change, which costs memory and time. It contrasts with mutability and is supported by const and final keywords."
Programming Language,What are the limitations of abstraction?,Abstraction can leak details when poorly designed or add needless layers. It is used to design simple interfaces over complex implementations. It lets you call car.start() without knowing how the engine works. It is implemented with abstract classes and interfaces.
Programming Language,Why is polymorphism useful?,Polymorphism reduces conditional logic and makes code extensible. It is the ability for different types to be used through the same interface. It is used to write flexible code that works with many object types. It lets draw() behave differently for Circle and Square objects.
Programming Language,What is the main purpose of encapsulation?,Encapsulation is used to protect object state and expose a clean interface. It is bundling data with methods and restricting direct access to internals. It can add boilerplate getters and setters. It is supported by access modifiers like private and protected.
Programming Language,In which situations is list comprehension a good choice?,List comprehension is used to transform or filter data in one expression. It is a concise syntax for building a list from an iterable in Python. It is shorter and often faster than an equivalent loop. It hurts readability when nested or complex.
Programming Language,What is the main purpose of namespace?,"Namespace is used to organize large codebases and libraries. It is a container that groups names to avoid conflicts. It places std::vector under the std namespace in C++. It appears as packages in Java, modules in Python, and namespaces in C#."
Programming Language,When should you use hoisting?,"Hoisting is relevant when understanding var, function declarations, and temporal dead zones. It causes confusing undefined values with var. It makes console.log(x) print undefined when var x is declared later. It behaves differently for let and const, which stay in a temporal dead zone."
Programming Language,What should I learn alongside interface?,"Interface differs from an abstract class, which can hold state and implementation. It is used to define capabilities and decouple code. It enables polymorphism and easier testing through mocks. It adds indirection, and changing an interface affects all implementers. It defines Comparable so any class can be sorted."
Programming Language,In which situations is interface a good choice?,"Interface is used to define capabilities and decouple code. It is a contract that specifies methods a type must implement. It enables polymorphism and easier testing through mocks. It adds indirection, and changing an interface affects all implementers. It differs from an abstract class, which can hold state and implementation."
Programming Language,What should you watch out for when using variable?,"Variable can cause bugs when names are unclear, shadowed, or modified unexpectedly. It is used to store, update, and reuse data during execution. It stores a user's age as age = 25 in Python. It differs from a constant, whose value should not change."
Programming Language,What makes compiler valuable?,"Compiler produces fast executables and catches many errors early. It is a program that translates source code into machine code or bytecode before running. It adds a build step and compilation time. It differs from an interpreter, which runs code directly."
Programming Language,How would you explain struct to a beginner?,"Struct is a composite data type that groups related fields under one name. It is used to represent simple records in C, C++, Go, and Rust. It lacks the inheritance and encapsulation features of full classes in some languages. It is similar to a class, but often with value semantics."
Programming Language,What are the disadvantages of JIT compilation?,JIT compilation adds warmup time and memory use. It is compiling code to machine code during program execution. It is used in engines like the JVM and V8. It optimizes hot code paths using runtime information. It sits between pure interpretation and ahead-of-time compilation.
Programming Language,Where is encapsulation commonly applied?,Encapsulation is used to protect object state and expose a clean interface. It hides implementation details so internals can change safely. It can add boilerplate getters and setters. It makes a BankAccount balance private and changed only through deposit and withdraw.
Programming Language,What should I learn alongside object-oriented programming?,"Object-oriented programming rests on encapsulation, inheritance, polymorphism, and abstraction. It is a programming paradigm that organizes code into objects with data and behavior. It is used to model real-world entities in large applications. It can lead to deep hierarchies and over-engineering."
Programming Language,What are the benefits of using operator overloading?,Operator overloading makes code expressive and natural to read. It is defining custom behavior for operators on user-defined types. It can mislead readers when operators do unexpected things. It lets a Vector class support a + b in Python by defining __add__.
Programming Language,What is the basic idea behind interpreter?,"Interpreter is a program that executes source code directly, line by line or through bytecode. It is used for languages like Python and Ruby. It enables quick feedback and easy debugging. It runs a Python script with the python command."
Programming Language,Define virtual environment in simple words.,"Virtual environment is an isolated environment with its own interpreter and packages. It prevents version conflicts between projects. It adds setup steps and must be activated correctly. It creates one with python -m venv env. It has lighter isolation than Docker, and tools include venv and conda."
Programming Language,Why is inheritance considered important?,Inheritance reduces duplication and supports specialization. It is a mechanism where a class acquires properties and methods from a parent class. It is used to share behavior among related classes. It creates tight coupling and fragile hierarchies. It is often balanced by composition over inheritance.
Programming Language,What is a practical example of object-oriented programming?,"Object-oriented programming models a Car class with attributes like color and methods like drive. It is a programming paradigm that organizes code into objects with data and behavior. It is used to model real-world entities in large applications. It improves modularity, reuse, and maintainability."
Programming Language,What are the benefits of using JIT compilation?,JIT compilation optimizes hot code paths using runtime information. It is compiling code to machine code during program execution. It is used in engines like the JVM and V8. It speeds up a frequently called Java method after the JVM notices it. It sits between pure interpretation and ahead-of-time compilation.
Programming Language,What are the drawbacks of operator overloading?,"Operator overloading can mislead readers when operators do unexpected things. It makes code expressive and natural to read. It lets a Vector class support a + b in Python by defining __add__. It is supported in C++, Python, and C#, but not in Java."
Programming Language,In which situations is operator overloading a good choice?,"Operator overloading is used for mathematical types such as vectors and complex numbers. It is defining custom behavior for operators on user-defined types. It makes code expressive and natural to read. It is supported in C++, Python, and C#, but not in Java."
Programming Language,How does loop help developers?,"Loop avoids duplicated code and automates repetition. It is used to process collections and repeat actions until a condition changes. It can run forever if the exit condition is never met. It prints numbers one to ten with a for loop. It appears as for, while, and do-while forms."
Programming Language,What is the basic idea behind mutability?,Mutability is the property of an object that allows it to be changed after creation. It is considered when passing objects or sharing data between functions. It can cause surprising side effects when shared. It lets a Python list be appended to after creation.
Programming Language,What do you gain by using package manager?,"Package manager automates dependency resolution and versioning. It is a tool that installs, updates, and manages libraries and dependencies. It is used to share and reuse code across projects. It can introduce vulnerable or conflicting dependencies. It installs requests with pip install requests."
Programming Language,What are the downsides of struct?,"Struct lacks the inheritance and encapsulation features of full classes in some languages. It is used to represent simple records in C, C++, Go, and Rust. It organizes related data compactly with predictable layout. It is similar to a class, but often with value semantics."
Programming Language,What is an alternative to encapsulation?,Encapsulation is supported by access modifiers like private and protected. It is bundling data with methods and restricting direct access to internals. It is used to protect object state and expose a clean interface. It hides implementation details so internals can change safely.
Programming Language,Where have you seen operator overloading in action?,"Operator overloading lets a Vector class support a + b in Python by defining __add__. It makes code expressive and natural to read. It can mislead readers when operators do unexpected things. It is supported in C++, Python, and C#, but not in Java."
Programming Language,Can you illustrate closure with an example?,"Closure creates a counter function whose count persists between calls. It is used for private state, callbacks, and function factories. It enables data hiding and flexible behavior without classes. It can keep objects alive longer than expected and cause memory leaks."
Programming Language,What are common pitfalls with pointer?,"Pointer causes crashes, leaks, and security bugs when misused. It is used for dynamic allocation, arrays, and efficient data passing. It stores the address of an int in C with int *p = &x. It is replaced by references and smart pointers in safer languages."
Programming Language,Can you give a short overview of garbage collection?,"Garbage collection is automatic memory management that frees objects no longer reachable. It is used in languages like Java, Python, and Go. It prevents most memory leaks and dangling pointer errors. It differs from manual management in C and ownership in Rust."
Programming Language,Show a real-world example of namespace.,"Namespace places std::vector under the std namespace in C++. It is used to organize large codebases and libraries. It can cause confusion when imports or scopes overlap. It appears as packages in Java, modules in Python, and namespaces in C#."
Programming Language,Can you give a short overview of pointer?,"Pointer is a variable that stores the memory address of another value. It is used for dynamic allocation, arrays, and efficient data passing. It causes crashes, leaks, and security bugs when misused. It is replaced by references and smart pointers in safer languages."
Programming Language,What is an alternative to exception handling?,"Exception handling includes try, except or catch, finally, and throw or raise. It is a mechanism for responding to runtime errors using try and catch constructs. It is used to handle failures like missing files or invalid input gracefully. It separates error handling from normal logic and prevents crashes."
Programming Language,What are the downsides of hoisting?,"Hoisting causes confusing undefined values with var. It lets functions be called before they are defined. It makes console.log(x) print undefined when var x is declared later. It behaves differently for let and const, which stay in a temporal dead zone."
Programming Language,What is a practical example of JIT compilation?,JIT compilation speeds up a frequently called Java method after the JVM notices it. It is compiling code to machine code during program execution. It optimizes hot code paths using runtime information. It adds warmup time and memory use. It sits between pure interpretation and ahead-of-time compilation.
Programming Language,Explain type inference.,"Type inference is the compiler's ability to deduce a variable's type automatically. It is used in languages like TypeScript, Kotlin, Rust, and modern C++. It can make types less obvious and produce confusing errors. It uses keywords like auto, var, or val."
Programming Language,What other concepts are connected to pointer?,"Pointer is replaced by references and smart pointers in safer languages. It gives direct memory control and enables data structures like linked lists. It causes crashes, leaks, and security bugs when misused. It stores the address of an int in C with int *p = &x."
Programming Language,How would you explain pointer to a beginner?,"Pointer is a variable that stores the memory address of another value. It gives direct memory control and enables data structures like linked lists. It causes crashes, leaks, and security bugs when misused. It stores the address of an int in C with int *p = &x."
Programming Language,What are the benefits of using closure?,"Closure enables data hiding and flexible behavior without classes. It can keep objects alive longer than expected and cause memory leaks. It creates a counter function whose count persists between calls. It is common in JavaScript, Python, and functional languages."
Programming Language,Describe promise briefly.,"Promise is an object representing the eventual result of an asynchronous operation. It is used in JavaScript to handle network requests and timers. It avoids deeply nested callbacks and supports chaining. It chains fetch(url).then(res => res.json()) to process a response. It has pending, fulfilled, and rejected states."
Programming Language,Can you give a short overview of JIT compilation?,JIT compilation is compiling code to machine code during program execution. It optimizes hot code paths using runtime information. It speeds up a frequently called Java method after the JVM notices it. It sits between pure interpretation and ahead-of-time compilation.
Programming Language,What is an alternative to async/await?,Async/await is built on promises in JavaScript and event loops in Python. It is used for I/O tasks such as network calls and file access. It improves readability over callbacks and keeps programs responsive. It awaits a fetch call in JavaScript before reading its JSON.
Programming Language,Define namespace in simple words.,Namespace is a container that groups names to avoid conflicts. It is used to organize large codebases and libraries. It prevents collisions between identically named items. It can cause confusion when imports or scopes overlap. It places std::vector under the std namespace in C++.
Programming Language,Give an example of null pointer.,"Null pointer triggers a NullPointerException in Java when calling a method on null. It provides a simple way to mark uninitialized or missing references. It causes crashes or exceptions when dereferenced, famously called a billion-dollar mistake. It is avoided by Optional types and null safety in Kotlin and Rust."
Programming Language,What are common pitfalls with function?,"Function becomes hard to follow when too long or dependent on global state. It is a reusable block of code that performs a task and may return a value. It improves readability, testing, and reuse. It defines add(a, b) that returns a plus b."
Programming Language,Why is Global Interpreter Lock considered important?,"Global Interpreter Lock simplifies memory management and makes single-threaded code fast. It is a lock in CPython that lets only one thread execute Python bytecode at a time. It makes two CPU-heavy threads take about as long as running sequentially. It is bypassed with multiprocessing, native extensions, or alternative interpreters."
Programming Language,What is related to dynamic typing?,"Dynamic typing can be strengthened with type hints and checkers like mypy. It is a system where types are checked at runtime. It is used in languages like Python, JavaScript, and Ruby. It lets a variable hold a number and later a string in Python."
Programming Language,What is a practical example of type inference?,Type inference lets let x = 5 be understood as an integer in Rust. It is the compiler's ability to deduce a variable's type automatically. It reduces boilerplate while keeping static type safety. It can make types less obvious and produce confusing errors.
Programming Language,What are the benefits of using polymorphism?,Polymorphism reduces conditional logic and makes code extensible. It is the ability for different types to be used through the same interface. It lets draw() behave differently for Circle and Square objects. It appears as overriding at runtime and overloading at compile time.
Programming Language,What are common pitfalls with loop?,Loop can run forever if the exit condition is never met. It is used to process collections and repeat actions until a condition changes. It avoids duplicated code and automates repetition. It prints numbers one to ten with a for loop.
Programming Language,Where have you seen generator in action?,Generator yields lines from a huge file one by one in Python. It is used for large or infinite sequences and streaming data. It can be consumed only once and cannot be indexed. It is related to iterators and the yield keyword.
Programming Language,How does enum differ from related concepts?,"Enum exists in Java, C++, C#, Python, and TypeScript. It is a type consisting of a fixed set of named constants. It prevents invalid values and improves readability over magic numbers. It can be hard to extend when values change frequently. It defines Weekday values like MONDAY and TUESDAY."
Programming Language,Why is mutability useful?,Mutability allows in-place updates that are efficient for large data. It is the property of an object that allows it to be changed after creation. It is considered when passing objects or sharing data between functions. It is the opposite of immutability.
Programming Language,What is a practical example of immutability?,"Immutability makes Python strings and tuples unchangeable once created. It is used for safe sharing, hashing, and functional programming. It creates new objects for each change, which costs memory and time. It contrasts with mutability and is supported by const and final keywords."
Programming Language,What is decorator?,"Decorator is a function that wraps another function to extend its behavior. It is used for logging, caching, authentication, and timing. It adds features without modifying the original code. It can hide control flow and complicate debugging and signatures. It builds on closures and higher-order functions in Python."
Programming Language,Is there a substitute for memory leak?,Memory leak can occur even in garbage-collected languages through lingering references. It is investigated when programs slow down or crash over time. It can be found with profilers and fixed by releasing unused references. It happens when event listeners are never removed in a long-lived page.
Programming Language,What should you watch out for when using interface?,"Interface adds indirection, and changing an interface affects all implementers. It is a contract that specifies methods a type must implement. It is used to define capabilities and decouple code. It enables polymorphism and easier testing through mocks. It defines Comparable so any class can be sorted."
Programming Language,How would you explain lambda to a beginner?,"Lambda is a small anonymous function defined inline. It is used for short callbacks, sorting keys, and functional operations. It becomes unreadable when complex and is harder to debug. It sorts words by length using key=lambda w: len(w) in Python. It is also called an arrow function in JavaScript."
Programming Language,What are the advantages of hoisting?,"Hoisting lets functions be called before they are defined. It causes confusing undefined values with var. It makes console.log(x) print undefined when var x is declared later. It behaves differently for let and const, which stay in a temporal dead zone."
Programming Language,Explain promise.,"Promise is an object representing the eventual result of an asynchronous operation. It is used in JavaScript to handle network requests and timers. It can swallow errors if rejections are not handled. It chains fetch(url).then(res => res.json()) to process a response. It has pending, fulfilled, and rejected states."
Programming Language,Show a real-world example of interpreter.,"Interpreter runs a Python script with the python command. It is a program that executes source code directly, line by line or through bytecode. It is used for languages like Python and Ruby. It is generally slower than compiled code. It is often mixed with compilation to bytecode and JIT."
Programming Language,What is an alternative to namespace?,"Namespace appears as packages in Java, modules in Python, and namespaces in C#. It is a container that groups names to avoid conflicts. It is used to organize large codebases and libraries. It can cause confusion when imports or scopes overlap."
Programming Language,Where is type inference commonly applied?,"Type inference is used in languages like TypeScript, Kotlin, Rust, and modern C++. It is the compiler's ability to deduce a variable's type automatically. It reduces boilerplate while keeping static type safety. It uses keywords like auto, var, or val."
Programming Language,What do you gain by using immutability?,"Immutability prevents accidental changes and makes concurrency safer. It creates new objects for each change, which costs memory and time. It makes Python strings and tuples unchangeable once created. It contrasts with mutability and is supported by const and final keywords."
Programming Language,How is garbage collection typically used in real projects?,"Garbage collection is used in languages like Java, Python, and Go. It is automatic memory management that frees objects no longer reachable. It prevents most memory leaks and dangling pointer errors. It frees a Java object when no references to it remain."
Programming Language,What is the main purpose of closure?,"Closure is used for private state, callbacks, and function factories. It enables data hiding and flexible behavior without classes. It can keep objects alive longer than expected and cause memory leaks. It creates a counter function whose count persists between calls. It is common in JavaScript, Python, and functional languages."
Programming Language,What are the disadvantages of interface?,"Interface adds indirection, and changing an interface affects all implementers. It is a contract that specifies methods a type must implement. It enables polymorphism and easier testing through mocks. It defines Comparable so any class can be sorted. It differs from an abstract class, which can hold state and implementation."
Programming Language,What is related to package manager?,"Package manager includes npm, pip, Maven, Cargo, and NuGet. It is a tool that installs, updates, and manages libraries and dependencies. It is used to share and reuse code across projects. It automates dependency resolution and versioning. It can introduce vulnerable or conflicting dependencies."
Programming Language,Is there a substitute for loop?,"Loop appears as for, while, and do-while forms. It is used to process collections and repeat actions until a condition changes. It can run forever if the exit condition is never met. It prints numbers one to ten with a for loop."
Programming Language,What is a practical example of struct?,"Struct stores a point with x and y coordinates in Go. It is used to represent simple records in C, C++, Go, and Rust. It organizes related data compactly with predictable layout. It is similar to a class, but often with value semantics."
Programming Language,How is decorator used in practice?,"Decorator uses @timer above a function to measure its run time. It is a function that wraps another function to extend its behavior. It is used for logging, caching, authentication, and timing. It can hide control flow and complicate debugging and signatures."
Programming Language,What is the main purpose of operator overloading?,"Operator overloading is used for mathematical types such as vectors and complex numbers. It can mislead readers when operators do unexpected things. It lets a Vector class support a + b in Python by defining __add__. It is supported in C++, Python, and C#, but not in Java."
Programming Language,What are the alternatives or companions of package manager?,"Package manager includes npm, pip, Maven, Cargo, and NuGet. It is a tool that installs, updates, and manages libraries and dependencies. It is used to share and reuse code across projects. It can introduce vulnerable or conflicting dependencies. It installs requests with pip install requests."
Programming Language,What do you gain by using garbage collection?,"Garbage collection prevents most memory leaks and dangling pointer errors. It is automatic memory management that frees objects no longer reachable. It is used in languages like Java, Python, and Go. It differs from manual management in C and ownership in Rust."
Programming Language,What does mutability mean?,Mutability is the property of an object that allows it to be changed after creation. It is considered when passing objects or sharing data between functions. It allows in-place updates that are efficient for large data. It can cause surprising side effects when shared. It is the opposite of immutability.
Programming Language,How does polymorphism compare with similar approaches?,Polymorphism appears as overriding at runtime and overloading at compile time. It is used to write flexible code that works with many object types. It reduces conditional logic and makes code extensible. It lets draw() behave differently for Circle and Square objects.
Programming Language,Is there a substitute for immutability?,"Immutability contrasts with mutability and is supported by const and final keywords. It is used for safe sharing, hashing, and functional programming. It creates new objects for each change, which costs memory and time. It makes Python strings and tuples unchangeable once created."
Programming Language,What is immutability?,Immutability is the property of an object that cannot change after creation. It prevents accidental changes and makes concurrency safer. It makes Python strings and tuples unchangeable once created. It contrasts with mutability and is supported by const and final keywords.
Programming Language,Show a real-world example of polymorphism.,Polymorphism lets draw() behave differently for Circle and Square objects. It is the ability for different types to be used through the same interface. It is used to write flexible code that works with many object types. It can make control flow harder to trace.
Programming Language,How is iterator typically used in real projects?,Iterator is used to loop over collections uniformly. It is an object that provides items one at a time through a next operation. It is single-pass and can be exhausted. It lets a for loop in Python walk through a list.
Programming Language,What does multithreading mean?,"Multithreading is running multiple threads of execution within one process. It is used to keep apps responsive and overlap I/O work. It risks race conditions, deadlocks, and hard-to-reproduce bugs. It downloads files in background threads while the interface stays active. It requires synchronization tools like locks and semaphores."
Programming Language,List the strengths of polymorphism.,Polymorphism reduces conditional logic and makes code extensible. It is the ability for different types to be used through the same interface. It can make control flow harder to trace. It lets draw() behave differently for Circle and Square objects.
Programming Language,Describe reference briefly.,Reference is an alias or handle that refers to an existing object or value. It is used to pass large objects without copying them. It can cause unintended shared changes between variables. It differs from a pointer because it usually cannot be reassigned or do arithmetic.
Programming Language,How does function compare with similar approaches?,"Function is called a method when attached to an object. It is used to organize logic and avoid repetition. It becomes hard to follow when too long or dependent on global state. It defines add(a, b) that returns a plus b."
Programming Language,Can you give a short overview of mutability?,Mutability is the property of an object that allows it to be changed after creation. It is considered when passing objects or sharing data between functions. It allows in-place updates that are efficient for large data. It is the opposite of immutability.
Programming Language,How does interface compare with similar approaches?,"Interface differs from an abstract class, which can hold state and implementation. It is a contract that specifies methods a type must implement. It is used to define capabilities and decouple code. It enables polymorphism and easier testing through mocks. It defines Comparable so any class can be sorted."
Programming Language,What are the benefits of using async/await?,Async/await improves readability over callbacks and keeps programs responsive. It is syntax for writing asynchronous code that looks sequential. It does not speed up CPU-bound work and forgotten awaits cause bugs. It awaits a fetch call in JavaScript before reading its JSON.
Programming Language,When should you avoid interface?,"Interface adds indirection, and changing an interface affects all implementers. It is used to define capabilities and decouple code. It defines Comparable so any class can be sorted. It differs from an abstract class, which can hold state and implementation."
Programming Language,What do you gain by using variable?,"Variable makes code readable and flexible by naming values. It is a named storage location that holds a value in a program. It stores a user's age as age = 25 in Python. It differs from a constant, whose value should not change."
Programming Language,Explain interface.,"Interface is a contract that specifies methods a type must implement. It adds indirection, and changing an interface affects all implementers. It defines Comparable so any class can be sorted. It differs from an abstract class, which can hold state and implementation."
Programming Language,Can you illustrate generic with an example?,Generic uses List<String> in Java to hold only strings. It is a feature that lets code work with types specified later. It is used for reusable collections and algorithms. It provides type safety without duplicating code. It can make signatures complex and sometimes hurts readability.
Programming Language,What are the alternatives or companions of pointer?,"Pointer is replaced by references and smart pointers in safer languages. It is a variable that stores the memory address of another value. It causes crashes, leaks, and security bugs when misused. It stores the address of an int in C with int *p = &x."
Programming Language,How is hoisting used in practice?,"Hoisting makes console.log(x) print undefined when var x is declared later. It is JavaScript behavior where declarations are moved to the top of their scope before execution. It lets functions be called before they are defined. It behaves differently for let and const, which stay in a temporal dead zone."
Programming Language,What other concepts are connected to dynamic typing?,Dynamic typing can be strengthened with type hints and checkers like mypy. It enables quick prototyping and flexible code. It lets type errors appear only when code runs. It lets a variable hold a number and later a string in Python.
Programming Language,What other concepts are connected to abstraction?,Abstraction is implemented with abstract classes and interfaces. It is hiding complexity by exposing only essential features. It is used to design simple interfaces over complex implementations. It can leak details when poorly designed or add needless layers. It lets you call car.start() without knowing how the engine works.
Programming Language,Can you give a short overview of variable?,"Variable is a named storage location that holds a value in a program. It makes code readable and flexible by naming values. It can cause bugs when names are unclear, shadowed, or modified unexpectedly. It differs from a constant, whose value should not change."
Programming Language,What other concepts are connected to promise?,"Promise has pending, fulfilled, and rejected states. It is an object representing the eventual result of an asynchronous operation. It is used in JavaScript to handle network requests and timers. It avoids deeply nested callbacks and supports chaining. It can swallow errors if rejections are not handled."
Programming Language,What should you watch out for when using null pointer?,"Null pointer causes crashes or exceptions when dereferenced, famously called a billion-dollar mistake. It provides a simple way to mark uninitialized or missing references. It triggers a NullPointerException in Java when calling a method on null. It is avoided by Optional types and null safety in Kotlin and Rust."
Programming Language,What does generator mean?,Generator is a function that yields values one at a time and pauses between them. It is used for large or infinite sequences and streaming data. It saves memory by producing items lazily. It is related to iterators and the yield keyword.
Programming Language,What should I learn alongside dynamic typing?,Dynamic typing can be strengthened with type hints and checkers like mypy. It is a system where types are checked at runtime. It enables quick prototyping and flexible code. It lets a variable hold a number and later a string in Python.
Programming Language,Can you illustrate interpreter with an example?,"Interpreter runs a Python script with the python command. It is a program that executes source code directly, line by line or through bytecode. It is used for languages like Python and Ruby. It enables quick feedback and easy debugging."
Programming Language,What makes reference valuable?,Reference saves memory and lets functions modify the original object. It is an alias or handle that refers to an existing object or value. It is used to pass large objects without copying them. It makes two Python variables point to the same list.
Programming Language,How would you explain variable to a beginner?,"Variable is a named storage location that holds a value in a program. It makes code readable and flexible by naming values. It stores a user's age as age = 25 in Python. It differs from a constant, whose value should not change."
Programming Language,Walk me through a simple example of encapsulation.,Encapsulation makes a BankAccount balance private and changed only through deposit and withdraw. It is bundling data with methods and restricting direct access to internals. It is used to protect object state and expose a clean interface. It can add boilerplate getters and setters.
Programming Language,What problems can data type cause?,"Data type can require conversions and cause errors when types are mixed. It is used to determine valid operations and memory layout. It includes integers, floats, strings, booleans, and arrays. It is checked at compile time in static languages and at runtime in dynamic ones."
Programming Language,What are the downsides of compiler?,"Compiler adds a build step and compilation time. It is a program that translates source code into machine code or bytecode before running. It is used for languages like C, C++, Rust, and Go. It turns main.c into an executable using gcc."
Programming Language,How is polymorphism typically used in real projects?,Polymorphism is used to write flexible code that works with many object types. It is the ability for different types to be used through the same interface. It reduces conditional logic and makes code extensible. It appears as overriding at runtime and overloading at compile time.
Programming Language,Walk me through a simple example of inheritance.,Inheritance makes a Dog class extend an Animal class. It is a mechanism where a class acquires properties and methods from a parent class. It reduces duplication and supports specialization. It creates tight coupling and fragile hierarchies. It is often balanced by composition over inheritance.
Programming Language,What is the main purpose of null pointer?,Null pointer is used to signal absence of a value in languages like C and Java. It triggers a NullPointerException in Java when calling a method on null. It is avoided by Optional types and null safety in Kotlin and Rust.
Programming Language,Can you give a short overview of immutability?,"Immutability is the property of an object that cannot change after creation. It creates new objects for each change, which costs memory and time. It makes Python strings and tuples unchangeable once created. It contrasts with mutability and is supported by const and final keywords."
Programming Language,Describe a scenario where interface is applied.,"Interface defines Comparable so any class can be sorted. It is a contract that specifies methods a type must implement. It enables polymorphism and easier testing through mocks. It differs from an abstract class, which can hold state and implementation."
Programming Language,Why do developers use dynamic typing?,"Dynamic typing is used in languages like Python, JavaScript, and Ruby. It lets type errors appear only when code runs. It lets a variable hold a number and later a string in Python. It can be strengthened with type hints and checkers like mypy."
Programming Language,In which situations is loop a good choice?,Loop is used to process collections and repeat actions until a condition changes. It is a control structure that repeats a block of code. It avoids duplicated code and automates repetition. It prints numbers one to ten with a for loop.
Programming Language,What are the alternatives or companions of reference?,Reference differs from a pointer because it usually cannot be reassigned or do arithmetic. It saves memory and lets functions modify the original object. It can cause unintended shared changes between variables. It makes two Python variables point to the same list.
Programming Language,What does variable mean?,"Variable is a named storage location that holds a value in a program. It makes code readable and flexible by naming values. It can cause bugs when names are unclear, shadowed, or modified unexpectedly. It stores a user's age as age = 25 in Python."
Programming Language,Explain polymorphism.,Polymorphism is the ability for different types to be used through the same interface. It is used to write flexible code that works with many object types. It can make control flow harder to trace. It lets draw() behave differently for Circle and Square objects.
Programming Language,Why do developers use multithreading?,Multithreading is used to keep apps responsive and overlap I/O work. It is running multiple threads of execution within one process. It can improve throughput and responsiveness. It downloads files in background threads while the interface stays active. It requires synchronization tools like locks and semaphores.
Programming Language,Walk me through a simple example of interface.,"Interface defines Comparable so any class can be sorted. It is a contract that specifies methods a type must implement. It is used to define capabilities and decouple code. It enables polymorphism and easier testing through mocks. It differs from an abstract class, which can hold state and implementation."
Programming Language,What are the limitations of package manager?,"Package manager can introduce vulnerable or conflicting dependencies. It is a tool that installs, updates, and manages libraries and dependencies. It is used to share and reuse code across projects. It installs requests with pip install requests. It includes npm, pip, Maven, Cargo, and NuGet."
Programming Language,What is the basic idea behind namespace?,"Namespace is a container that groups names to avoid conflicts. It is used to organize large codebases and libraries. It places std::vector under the std namespace in C++. It appears as packages in Java, modules in Python, and namespaces in C#."
Programming Language,What is an alternative to polymorphism?,Polymorphism appears as overriding at runtime and overloading at compile time. It is used to write flexible code that works with many object types. It reduces conditional logic and makes code extensible. It can make control flow harder to trace. It lets draw() behave differently for Circle and Square objects.
Programming Language,When should you use interface?,"Interface is used to define capabilities and decouple code. It is a contract that specifies methods a type must implement. It adds indirection, and changing an interface affects all implementers. It differs from an abstract class, which can hold state and implementation."
Programming Language,What problem does interface solve?,"Interface is used to define capabilities and decouple code. It is a contract that specifies methods a type must implement. It enables polymorphism and easier testing through mocks. It adds indirection, and changing an interface affects all implementers. It defines Comparable so any class can be sorted."
Programming Language,When should you use reference?,Reference is used to pass large objects without copying them. It is an alias or handle that refers to an existing object or value. It saves memory and lets functions modify the original object. It differs from a pointer because it usually cannot be reassigned or do arithmetic.
Programming Language,What is the main purpose of function?,"Function is used to organize logic and avoid repetition. It is a reusable block of code that performs a task and may return a value. It improves readability, testing, and reuse. It is called a method when attached to an object."
Programming Language,How would you explain decorator to a beginner?,"Decorator is a function that wraps another function to extend its behavior. It is used for logging, caching, authentication, and timing. It uses @timer above a function to measure its run time. It builds on closures and higher-order functions in Python."
Programming Language,What are the limitations of operator overloading?,Operator overloading can mislead readers when operators do unexpected things. It is defining custom behavior for operators on user-defined types. It is used for mathematical types such as vectors and complex numbers. It makes code expressive and natural to read.
Programming Language,Define abstraction in simple words.,Abstraction is hiding complexity by exposing only essential features. It lets people use components without knowing their internals. It can leak details when poorly designed or add needless layers. It lets you call car.start() without knowing how the engine works.
Programming Language,What are the alternatives or companions of JIT compilation?,JIT compilation sits between pure interpretation and ahead-of-time compilation. It is compiling code to machine code during program execution. It is used in engines like the JVM and V8. It optimizes hot code paths using runtime information. It speeds up a frequently called Java method after the JVM notices it.
Programming Language,What problem does abstraction solve?,Abstraction is used to design simple interfaces over complex implementations. It is hiding complexity by exposing only essential features. It can leak details when poorly designed or add needless layers. It lets you call car.start() without knowing how the engine works. It is implemented with abstract classes and interfaces.
Programming Language,What is the main purpose of interpreter?,"Interpreter is used for languages like Python and Ruby. It is a program that executes source code directly, line by line or through bytecode. It enables quick feedback and easy debugging. It runs a Python script with the python command. It is often mixed with compilation to bytecode and JIT."
Programming Language,Why is decorator useful?,Decorator adds features without modifying the original code. It is a function that wraps another function to extend its behavior. It can hide control flow and complicate debugging and signatures. It uses @timer above a function to measure its run time. It builds on closures and higher-order functions in Python.
Programming Language,What is lambda?,"Lambda is a small anonymous function defined inline. It is used for short callbacks, sorting keys, and functional operations. It becomes unreadable when complex and is harder to debug. It sorts words by length using key=lambda w: len(w) in Python. It is also called an arrow function in JavaScript."
Programming Language,What do you gain by using encapsulation?,Encapsulation hides implementation details so internals can change safely. It is used to protect object state and expose a clean interface. It makes a BankAccount balance private and changed only through deposit and withdraw. It is supported by access modifiers like private and protected.
Programming Language,Is there a substitute for namespace?,"Namespace appears as packages in Java, modules in Python, and namespaces in C#. It is a container that groups names to avoid conflicts. It is used to organize large codebases and libraries. It prevents collisions between identically named items. It can cause confusion when imports or scopes overlap."
Programming Language,What are the disadvantages of interpreter?,"Interpreter is generally slower than compiled code. It is a program that executes source code directly, line by line or through bytecode. It is used for languages like Python and Ruby. It enables quick feedback and easy debugging. It runs a Python script with the python command."
Programming Language,What is related to abstraction?,Abstraction is implemented with abstract classes and interfaces. It is hiding complexity by exposing only essential features. It lets people use components without knowing their internals. It can leak details when poorly designed or add needless layers. It lets you call car.start() without knowing how the engine works.
Programming Language,What is related to polymorphism?,Polymorphism appears as overriding at runtime and overloading at compile time. It is the ability for different types to be used through the same interface. It is used to write flexible code that works with many object types. It can make control flow harder to trace.
Programming Language,What are the limitations of list comprehension?,List comprehension hurts readability when nested or complex. It is a concise syntax for building a list from an iterable in Python. It is used to transform or filter data in one expression. It creates squares with [x*x for x in range(5)].
Programming Language,What makes decorator valuable?,"Decorator adds features without modifying the original code. It is used for logging, caching, authentication, and timing. It can hide control flow and complicate debugging and signatures. It uses @timer above a function to measure its run time. It builds on closures and higher-order functions in Python."
Programming Language,Describe a scenario where JIT compilation is applied.,JIT compilation speeds up a frequently called Java method after the JVM notices it. It is used in engines like the JVM and V8. It optimizes hot code paths using runtime information. It adds warmup time and memory use. It sits between pure interpretation and ahead-of-time compilation.
Programming Language,Describe type inference briefly.,"Type inference is the compiler's ability to deduce a variable's type automatically. It is used in languages like TypeScript, Kotlin, Rust, and modern C++. It reduces boilerplate while keeping static type safety. It can make types less obvious and produce confusing errors."
Programming Language,Can you illustrate dynamic typing with an example?,Dynamic typing lets a variable hold a number and later a string in Python. It is a system where types are checked at runtime. It enables quick prototyping and flexible code. It lets type errors appear only when code runs.
Programming Language,What is a practical example of multithreading?,"Multithreading downloads files in background threads while the interface stays active. It is used to keep apps responsive and overlap I/O work. It can improve throughput and responsiveness. It risks race conditions, deadlocks, and hard-to-reproduce bugs. It requires synchronization tools like locks and semaphores."
Programming Language,How is generic typically used in real projects?,Generic is used for reusable collections and algorithms. It is a feature that lets code work with types specified later. It provides type safety without duplicating code. It can make signatures complex and sometimes hurts readability. It uses List<String> in Java to hold only strings.
Programming Language,What problems can async/await cause?,Async/await does not speed up CPU-bound work and forgotten awaits cause bugs. It is used for I/O tasks such as network calls and file access. It improves readability over callbacks and keeps programs responsive. It is built on promises in JavaScript and event loops in Python.
Programming Language,What problem does inheritance solve?,Inheritance is used to share behavior among related classes. It is a mechanism where a class acquires properties and methods from a parent class. It reduces duplication and supports specialization. It creates tight coupling and fragile hierarchies. It makes a Dog class extend an Animal class.
Programming Language,What should you watch out for when using immutability?,"Immutability creates new objects for each change, which costs memory and time. It is the property of an object that cannot change after creation. It is used for safe sharing, hashing, and functional programming. It prevents accidental changes and makes concurrency safer."
Programming Language,Give an example of enum.,"Enum defines Weekday values like MONDAY and TUESDAY. It is a type consisting of a fixed set of named constants. It is used for states, categories, and options. It prevents invalid values and improves readability over magic numbers. It can be hard to extend when values change frequently."
Programming Language,When should you use variable?,"Variable is used to store, update, and reuse data during execution. It is a named storage location that holds a value in a program. It makes code readable and flexible by naming values. It differs from a constant, whose value should not change."
Programming Language,Describe a scenario where garbage collection is applied.,Garbage collection frees a Java object when no references to it remain. It is automatic memory management that frees objects no longer reachable. It adds overhead and unpredictable pauses. It differs from manual management in C and ownership in Rust.
Programming Language,Can you illustrate null pointer with an example?,"Null pointer triggers a NullPointerException in Java when calling a method on null. It is a pointer that refers to no valid memory location. It provides a simple way to mark uninitialized or missing references. It causes crashes or exceptions when dereferenced, famously called a billion-dollar mistake."
Programming Language,What are the drawbacks of inheritance?,Inheritance creates tight coupling and fragile hierarchies. It is a mechanism where a class acquires properties and methods from a parent class. It reduces duplication and supports specialization. It makes a Dog class extend an Animal class. It is often balanced by composition over inheritance.
Programming Language,What are the alternatives or companions of async/await?,Async/await is built on promises in JavaScript and event loops in Python. It is syntax for writing asynchronous code that looks sequential. It is used for I/O tasks such as network calls and file access. It awaits a fetch call in JavaScript before reading its JSON.
Programming Language,When should you avoid generator?,Generator can be consumed only once and cannot be indexed. It is a function that yields values one at a time and pauses between them. It saves memory by producing items lazily. It is related to iterators and the yield keyword.
Programming Language,What makes generic valuable?,"Generic provides type safety without duplicating code. It is a feature that lets code work with types specified later. It is used for reusable collections and algorithms. It uses List<String> in Java to hold only strings. It appears as generics in Java and C#, and templates in C++."
Programming Language,Why is static typing considered important?,"Static typing catches type errors early and enables optimization and better tooling. It is used in languages like Java, C++, and Go. It rejects assigning a string to an int variable before the program runs. It contrasts with dynamic typing in Python and JavaScript."
Programming Language,What are the downsides of object-oriented programming?,"Object-oriented programming can lead to deep hierarchies and over-engineering. It is a programming paradigm that organizes code into objects with data and behavior. It is used to model real-world entities in large applications. It rests on encapsulation, inheritance, polymorphism, and abstraction."
Programming Language,Is there a substitute for package manager?,"Package manager includes npm, pip, Maven, Cargo, and NuGet. It is a tool that installs, updates, and manages libraries and dependencies. It is used to share and reuse code across projects. It automates dependency resolution and versioning. It installs requests with pip install requests."
Programming Language,When should you use package manager?,"Package manager is used to share and reuse code across projects. It is a tool that installs, updates, and manages libraries and dependencies. It automates dependency resolution and versioning. It can introduce vulnerable or conflicting dependencies. It installs requests with pip install requests."
Programming Language,What is struct?,"Struct is a composite data type that groups related fields under one name. It is used to represent simple records in C, C++, Go, and Rust. It organizes related data compactly with predictable layout. It lacks the inheritance and encapsulation features of full classes in some languages."
Programming Language,What are the advantages of object-oriented programming?,"Object-oriented programming improves modularity, reuse, and maintainability. It is a programming paradigm that organizes code into objects with data and behavior. It is used to model real-world entities in large applications. It models a Car class with attributes like color and methods like drive."
Programming Language,What should I learn alongside inheritance?,Inheritance is often balanced by composition over inheritance. It is a mechanism where a class acquires properties and methods from a parent class. It is used to share behavior among related classes. It reduces duplication and supports specialization. It creates tight coupling and fragile hierarchies.
Programming Language,What are the limitations of pointer?,"Pointer causes crashes, leaks, and security bugs when misused. It is a variable that stores the memory address of another value. It gives direct memory control and enables data structures like linked lists. It is replaced by references and smart pointers in safer languages."
Programming Language,What makes garbage collection valuable?,Garbage collection prevents most memory leaks and dangling pointer errors. It is automatic memory management that frees objects no longer reachable. It frees a Java object when no references to it remain. It differs from manual management in C and ownership in Rust.
Programming Language,How does closure compare with similar approaches?,"Closure is common in JavaScript, Python, and functional languages. It is used for private state, callbacks, and function factories. It enables data hiding and flexible behavior without classes. It can keep objects alive longer than expected and cause memory leaks. It creates a counter function whose count persists between calls."
Programming Language,What should I learn alongside static typing?,"Static typing contrasts with dynamic typing in Python and JavaScript. It is used in languages like Java, C++, and Go. It catches type errors early and enables optimization and better tooling. It rejects assigning a string to an int variable before the program runs."
Programming Language,What do you gain by using exception handling?,"Exception handling separates error handling from normal logic and prevents crashes. It is used to handle failures like missing files or invalid input gracefully. It can hide bugs when exceptions are swallowed silently. It includes try, except or catch, finally, and throw or raise."
Programming Language,List the strengths of encapsulation.,Encapsulation hides implementation details so internals can change safely. It is bundling data with methods and restricting direct access to internals. It makes a BankAccount balance private and changed only through deposit and withdraw. It is supported by access modifiers like private and protected.
Programming Language,What makes polymorphism valuable?,Polymorphism reduces conditional logic and makes code extensible. It is the ability for different types to be used through the same interface. It can make control flow harder to trace. It appears as overriding at runtime and overloading at compile time.
Programming Language,How is memory leak used in practice?,Memory leak happens when event listeners are never removed in a long-lived page. It is a bug where memory that is no longer needed is never released. It is investigated when programs slow down or crash over time. It gradually exhausts memory and can crash long-running programs.
Programming Language,What should I learn alongside exception handling?,"Exception handling includes try, except or catch, finally, and throw or raise. It separates error handling from normal logic and prevents crashes. It can hide bugs when exceptions are swallowed silently. It catches a ZeroDivisionError in Python and prints a friendly message."
Programming Language,What is Global Interpreter Lock?,"Global Interpreter Lock is a lock in CPython that lets only one thread execute Python bytecode at a time. It simplifies memory management and makes single-threaded code fast. It makes two CPU-heavy threads take about as long as running sequentially. It is bypassed with multiprocessing, native extensions, or alternative interpreters."
Programming Language,Can you illustrate decorator with an example?,Decorator uses @timer above a function to measure its run time. It is a function that wraps another function to extend its behavior. It adds features without modifying the original code. It can hide control flow and complicate debugging and signatures. It builds on closures and higher-order functions in Python.
Programming Language,How does type inference differ from related concepts?,"Type inference uses keywords like auto, var, or val. It is used in languages like TypeScript, Kotlin, Rust, and modern C++. It can make types less obvious and produce confusing errors. It lets let x = 5 be understood as an integer in Rust."
Programming Language,Is there a substitute for decorator?,"Decorator builds on closures and higher-order functions in Python. It is a function that wraps another function to extend its behavior. It is used for logging, caching, authentication, and timing. It uses @timer above a function to measure its run time."
Programming Language,What should you watch out for when using reference?,Reference can cause unintended shared changes between variables. It is used to pass large objects without copying them. It makes two Python variables point to the same list. It differs from a pointer because it usually cannot be reassigned or do arithmetic.
Programming Language,What are common pitfalls with static typing?,Static typing can require verbose declarations and reduce flexibility. It is a system where types are checked at compile time. It catches type errors early and enables optimization and better tooling. It contrasts with dynamic typing in Python and JavaScript.
Programming Language,When should you use pointer?,"Pointer is used for dynamic allocation, arrays, and efficient data passing. It is a variable that stores the memory address of another value. It gives direct memory control and enables data structures like linked lists. It is replaced by references and smart pointers in safer languages."
Programming Language,What are the downsides of reference?,Reference can cause unintended shared changes between variables. It is an alias or handle that refers to an existing object or value. It is used to pass large objects without copying them. It saves memory and lets functions modify the original object.
Programming Language,Is there a substitute for list comprehension?,"List comprehension extends to dictionary, set, and generator expressions. It is a concise syntax for building a list from an iterable in Python. It is used to transform or filter data in one expression. It creates squares with [x*x for x in range(5)]."
Programming Language,What are the advantages of polymorphism?,Polymorphism reduces conditional logic and makes code extensible. It is the ability for different types to be used through the same interface. It is used to write flexible code that works with many object types. It appears as overriding at runtime and overloading at compile time.
Programming Language,Where have you seen async/await in action?,Async/await awaits a fetch call in JavaScript before reading its JSON. It is used for I/O tasks such as network calls and file access. It improves readability over callbacks and keeps programs responsive. It does not speed up CPU-bound work and forgotten awaits cause bugs.
Programming Language,Describe exception handling briefly.,"Exception handling is a mechanism for responding to runtime errors using try and catch constructs. It separates error handling from normal logic and prevents crashes. It catches a ZeroDivisionError in Python and prints a friendly message. It includes try, except or catch, finally, and throw or raise."
Programming Language,What is the main purpose of data type?,Data type is used to determine valid operations and memory layout. It is a classification that tells a language how a value is stored and used. It is checked at compile time in static languages and at runtime in dynamic ones.
Programming Language,What is a practical example of enum?,"Enum defines Weekday values like MONDAY and TUESDAY. It is used for states, categories, and options. It prevents invalid values and improves readability over magic numbers. It can be hard to extend when values change frequently. It exists in Java, C++, C#, Python, and TypeScript."
Programming Language,Walk me through a simple example of reference.,Reference makes two Python variables point to the same list. It is an alias or handle that refers to an existing object or value. It is used to pass large objects without copying them. It can cause unintended shared changes between variables.
Programming Language,Can you illustrate enum with an example?,"Enum defines Weekday values like MONDAY and TUESDAY. It is a type consisting of a fixed set of named constants. It is used for states, categories, and options. It prevents invalid values and improves readability over magic numbers. It exists in Java, C++, C#, Python, and TypeScript."
Programming Language,How does exception handling help developers?,Exception handling separates error handling from normal logic and prevents crashes. It is a mechanism for responding to runtime errors using try and catch constructs. It can hide bugs when exceptions are swallowed silently. It catches a ZeroDivisionError in Python and prints a friendly message.
Programming Language,Why is multithreading considered important?,"Multithreading can improve throughput and responsiveness. It is running multiple threads of execution within one process. It risks race conditions, deadlocks, and hard-to-reproduce bugs. It downloads files in background threads while the interface stays active. It requires synchronization tools like locks and semaphores."
Programming Language,Walk me through a simple example of generator.,Generator yields lines from a huge file one by one in Python. It is a function that yields values one at a time and pauses between them. It is used for large or infinite sequences and streaming data. It can be consumed only once and cannot be indexed.
Programming Language,What are the benefits of using hoisting?,"Hoisting lets functions be called before they are defined. It is JavaScript behavior where declarations are moved to the top of their scope before execution. It is relevant when understanding var, function declarations, and temporal dead zones. It causes confusing undefined values with var."
Programming Language,What other concepts are connected to memory leak?,Memory leak can occur even in garbage-collected languages through lingering references. It is a bug where memory that is no longer needed is never released. It can be found with profilers and fixed by releasing unused references. It happens when event listeners are never removed in a long-lived page.
Programming Language,Why is null pointer considered important?,Null pointer provides a simple way to mark uninitialized or missing references. It is a pointer that refers to no valid memory location. It is used to signal absence of a value in languages like C and Java. It triggers a NullPointerException in Java when calling a method on null.
Programming Language,Why is package manager considered important?,"Package manager automates dependency resolution and versioning. It is a tool that installs, updates, and manages libraries and dependencies. It is used to share and reuse code across projects. It can introduce vulnerable or conflicting dependencies. It includes npm, pip, Maven, Cargo, and NuGet."
Programming Language,Describe a scenario where virtual environment is applied.,"Virtual environment creates one with python -m venv env. It is used to keep project dependencies separate. It prevents version conflicts between projects. It adds setup steps and must be activated correctly. It has lighter isolation than Docker, and tools include venv and conda."
Programming Language,Define variable in simple words.,"Variable is a named storage location that holds a value in a program. It is used to store, update, and reuse data during execution. It can cause bugs when names are unclear, shadowed, or modified unexpectedly. It stores a user's age as age = 25 in Python."
Programming Language,What should you watch out for when using mutability?,Mutability can cause surprising side effects when shared. It is the property of an object that allows it to be changed after creation. It is considered when passing objects or sharing data between functions. It lets a Python list be appended to after creation.
Programming Language,Why is decorator considered important?,Decorator adds features without modifying the original code. It is a function that wraps another function to extend its behavior. It can hide control flow and complicate debugging and signatures. It uses @timer above a function to measure its run time.
Programming Language,Why do developers use variable?,"Variable is used to store, update, and reuse data during execution. It is a named storage location that holds a value in a program. It can cause bugs when names are unclear, shadowed, or modified unexpectedly. It stores a user's age as age = 25 in Python."
Programming Language,What is interpreter?,"Interpreter is a program that executes source code directly, line by line or through bytecode. It enables quick feedback and easy debugging. It runs a Python script with the python command. It is often mixed with compilation to bytecode and JIT."
Programming Language,How is abstraction typically used in real projects?,Abstraction is used to design simple interfaces over complex implementations. It is hiding complexity by exposing only essential features. It lets people use components without knowing their internals. It can leak details when poorly designed or add needless layers. It is implemented with abstract classes and interfaces.
Programming Language,When should you avoid async/await?,Async/await does not speed up CPU-bound work and forgotten awaits cause bugs. It is syntax for writing asynchronous code that looks sequential. It improves readability over callbacks and keeps programs responsive. It is built on promises in JavaScript and event loops in Python.
Programming Language,What are the limitations of static typing?,"Static typing can require verbose declarations and reduce flexibility. It is used in languages like Java, C++, and Go. It catches type errors early and enables optimization and better tooling. It rejects assigning a string to an int variable before the program runs."
Programming Language,Describe a scenario where exception handling is applied.,"Exception handling catches a ZeroDivisionError in Python and prints a friendly message. It is a mechanism for responding to runtime errors using try and catch constructs. It separates error handling from normal logic and prevents crashes. It includes try, except or catch, finally, and throw or raise."
Programming Language,How does hoisting help developers?,"Hoisting lets functions be called before they are defined. It is relevant when understanding var, function declarations, and temporal dead zones. It makes console.log(x) print undefined when var x is declared later. It behaves differently for let and const, which stay in a temporal dead zone."
Programming Language,What problems can hoisting cause?,"Hoisting causes confusing undefined values with var. It is JavaScript behavior where declarations are moved to the top of their scope before execution. It lets functions be called before they are defined. It behaves differently for let and const, which stay in a temporal dead zone."
Programming Language,What do you gain by using dynamic typing?,"Dynamic typing enables quick prototyping and flexible code. It is a system where types are checked at runtime. It is used in languages like Python, JavaScript, and Ruby. It lets type errors appear only when code runs. It can be strengthened with type hints and checkers like mypy."
Programming Language,How does mutability differ from related concepts?,Mutability is the opposite of immutability. It is the property of an object that allows it to be changed after creation. It is considered when passing objects or sharing data between functions. It allows in-place updates that are efficient for large data. It can cause surprising side effects when shared.
Programming Language,What is related to lambda?,"Lambda is also called an arrow function in JavaScript. It is a small anonymous function defined inline. It is used for short callbacks, sorting keys, and functional operations. It becomes unreadable when complex and is harder to debug. It sorts words by length using key=lambda w: len(w) in Python."
Programming Language,Why do developers use static typing?,"Static typing is used in languages like Java, C++, and Go. It catches type errors early and enables optimization and better tooling. It can require verbose declarations and reduce flexibility. It rejects assigning a string to an int variable before the program runs."
Programming Language,What are the limitations of function?,"Function becomes hard to follow when too long or dependent on global state. It is a reusable block of code that performs a task and may return a value. It defines add(a, b) that returns a plus b. It is called a method when attached to an object."
Programming Language,Describe a scenario where pointer is applied.,"Pointer stores the address of an int in C with int *p = &x. It is a variable that stores the memory address of another value. It gives direct memory control and enables data structures like linked lists. It causes crashes, leaks, and security bugs when misused."
Programming Language,How does type inference help developers?,"Type inference reduces boilerplate while keeping static type safety. It is the compiler's ability to deduce a variable's type automatically. It is used in languages like TypeScript, Kotlin, Rust, and modern C++. It can make types less obvious and produce confusing errors. It uses keywords like auto, var, or val."
Programming Language,What are the benefits of using variable?,"Variable makes code readable and flexible by naming values. It is a named storage location that holds a value in a program. It is used to store, update, and reuse data during execution. It differs from a constant, whose value should not change."
Programming Language,What is a pointer in C++?,"A pointer is a variable that stores the memory address of another variable. It is declared with an asterisk, and the address-of operator ampersand retrieves addresses. Pointers enable dynamic memory allocation, efficient array handling, and data structures like linked lists, but misuse can cause leaks, dangling references, or segmentation faults."
Programming Language,Walk me through a simple example of iterator.,Iterator lets a for loop in Python walk through a list. It is an object that provides items one at a time through a next operation. It is used to loop over collections uniformly. It is single-pass and can be exhausted.
Programming Language,What are the drawbacks of encapsulation?,Encapsulation can add boilerplate getters and setters. It is bundling data with methods and restricting direct access to internals. It is used to protect object state and expose a clean interface. It is supported by access modifiers like private and protected.
Programming Language,Why is immutability useful?,"Immutability prevents accidental changes and makes concurrency safer. It is the property of an object that cannot change after creation. It is used for safe sharing, hashing, and functional programming. It contrasts with mutability and is supported by const and final keywords."
Programming Language,Give an example of loop.,Loop prints numbers one to ten with a for loop. It is a control structure that repeats a block of code. It is used to process collections and repeat actions until a condition changes. It avoids duplicated code and automates repetition.
Programming Language,List the strengths of hoisting.,"Hoisting lets functions be called before they are defined. It is JavaScript behavior where declarations are moved to the top of their scope before execution. It makes console.log(x) print undefined when var x is declared later. It behaves differently for let and const, which stay in a temporal dead zone."
Programming Language,List the strengths of operator overloading.,Operator overloading makes code expressive and natural to read. It is defining custom behavior for operators on user-defined types. It is used for mathematical types such as vectors and complex numbers. It can mislead readers when operators do unexpected things.
Programming Language,What are common pitfalls with type inference?,"Type inference can make types less obvious and produce confusing errors. It is the compiler's ability to deduce a variable's type automatically. It lets let x = 5 be understood as an integer in Rust. It uses keywords like auto, var, or val."
Programming Language,Walk me through a simple example of async/await.,Async/await awaits a fetch call in JavaScript before reading its JSON. It improves readability over callbacks and keeps programs responsive. It does not speed up CPU-bound work and forgotten awaits cause bugs. It is built on promises in JavaScript and event loops in Python.
Programming Language,Why is abstraction useful?,Abstraction lets people use components without knowing their internals. It is used to design simple interfaces over complex implementations. It can leak details when poorly designed or add needless layers. It lets you call car.start() without knowing how the engine works. It is implemented with abstract classes and interfaces.
Programming Language,What should I learn alongside operator overloading?,"Operator overloading is supported in C++, Python, and C#, but not in Java. It makes code expressive and natural to read. It can mislead readers when operators do unexpected things. It lets a Vector class support a + b in Python by defining __add__."
Programming Language,What other concepts are connected to multithreading?,Multithreading requires synchronization tools like locks and semaphores. It is running multiple threads of execution within one process. It is used to keep apps responsive and overlap I/O work. It downloads files in background threads while the interface stays active.
Programming Language,Give an example of exception handling.,Exception handling catches a ZeroDivisionError in Python and prints a friendly message. It is a mechanism for responding to runtime errors using try and catch constructs. It is used to handle failures like missing files or invalid input gracefully. It can hide bugs when exceptions are swallowed silently.
Programming Language,What are the advantages of garbage collection?,Garbage collection prevents most memory leaks and dangling pointer errors. It is automatic memory management that frees objects no longer reachable. It adds overhead and unpredictable pauses. It frees a Java object when no references to it remain. It differs from manual management in C and ownership in Rust.
Programming Language,Explain mutability.,Mutability is the property of an object that allows it to be changed after creation. It allows in-place updates that are efficient for large data. It lets a Python list be appended to after creation. It is the opposite of immutability.
Programming Language,What are the advantages of memory leak?,Memory leak can be found with profilers and fixed by releasing unused references. It is a bug where memory that is no longer needed is never released. It gradually exhausts memory and can crash long-running programs. It happens when event listeners are never removed in a long-lived page.
Programming Language,Can you illustrate multithreading with an example?,Multithreading downloads files in background threads while the interface stays active. It is running multiple threads of execution within one process. It is used to keep apps responsive and overlap I/O work. It requires synchronization tools like locks and semaphores.
Programming Language,Explain exception handling.,"Exception handling is a mechanism for responding to runtime errors using try and catch constructs. It is used to handle failures like missing files or invalid input gracefully. It catches a ZeroDivisionError in Python and prints a friendly message. It includes try, except or catch, finally, and throw or raise."
Programming Language,What makes inheritance valuable?,Inheritance reduces duplication and supports specialization. It is a mechanism where a class acquires properties and methods from a parent class. It is used to share behavior among related classes. It creates tight coupling and fragile hierarchies. It makes a Dog class extend an Animal class.
Programming Language,What are the limitations of polymorphism?,Polymorphism can make control flow harder to trace. It is used to write flexible code that works with many object types. It lets draw() behave differently for Circle and Square objects. It appears as overriding at runtime and overloading at compile time.
Programming Language,Describe a scenario where hoisting is applied.,"Hoisting makes console.log(x) print undefined when var x is declared later. It is relevant when understanding var, function declarations, and temporal dead zones. It causes confusing undefined values with var. It behaves differently for let and const, which stay in a temporal dead zone."
Programming Language,How does encapsulation compare with similar approaches?,Encapsulation is supported by access modifiers like private and protected. It is used to protect object state and expose a clean interface. It can add boilerplate getters and setters. It makes a BankAccount balance private and changed only through deposit and withdraw.
Programming Language,How is promise typically used in real projects?,"Promise is used in JavaScript to handle network requests and timers. It is an object representing the eventual result of an asynchronous operation. It avoids deeply nested callbacks and supports chaining. It chains fetch(url).then(res => res.json()) to process a response. It has pending, fulfilled, and rejected states."
Programming Language,What are the disadvantages of generator?,Generator can be consumed only once and cannot be indexed. It is a function that yields values one at a time and pauses between them. It yields lines from a huge file one by one in Python. It is related to iterators and the yield keyword.
Programming Language,Can you illustrate inheritance with an example?,Inheritance makes a Dog class extend an Animal class. It is a mechanism where a class acquires properties and methods from a parent class. It is used to share behavior among related classes. It is often balanced by composition over inheritance.
Programming Language,What is a practical example of operator overloading?,Operator overloading lets a Vector class support a + b in Python by defining __add__. It is used for mathematical types such as vectors and complex numbers. It makes code expressive and natural to read. It can mislead readers when operators do unexpected things.
Programming Language,What is the basic idea behind lambda?,Lambda is a small anonymous function defined inline. It keeps simple logic concise without naming a function. It becomes unreadable when complex and is harder to debug. It sorts words by length using key=lambda w: len(w) in Python. It is also called an arrow function in JavaScript.
Programming Language,Can you illustrate namespace with an example?,Namespace places std::vector under the std namespace in C++. It is a container that groups names to avoid conflicts. It is used to organize large codebases and libraries. It prevents collisions between identically named items. It can cause confusion when imports or scopes overlap.
Programming Language,Where have you seen struct in action?,"Struct stores a point with x and y coordinates in Go. It is a composite data type that groups related fields under one name. It is used to represent simple records in C, C++, Go, and Rust. It organizes related data compactly with predictable layout."
Programming Language,What is loop used for?,"Loop is used to process collections and repeat actions until a condition changes. It is a control structure that repeats a block of code. It avoids duplicated code and automates repetition. It prints numbers one to ten with a for loop. It appears as for, while, and do-while forms."
Programming Language,Can you illustrate compiler with an example?,"Compiler turns main.c into an executable using gcc. It is a program that translates source code into machine code or bytecode before running. It produces fast executables and catches many errors early. It adds a build step and compilation time. It differs from an interpreter, which runs code directly."
Programming Language,What are the limitations of lambda?,"Lambda becomes unreadable when complex and is harder to debug. It is used for short callbacks, sorting keys, and functional operations. It sorts words by length using key=lambda w: len(w) in Python. It is also called an arrow function in JavaScript."
Programming Language,What other concepts are connected to compiler?,"Compiler differs from an interpreter, which runs code directly. It is a program that translates source code into machine code or bytecode before running. It is used for languages like C, C++, Rust, and Go. It turns main.c into an executable using gcc."
Programming Language,Where have you seen polymorphism in action?,Polymorphism lets draw() behave differently for Circle and Square objects. It is used to write flexible code that works with many object types. It reduces conditional logic and makes code extensible. It appears as overriding at runtime and overloading at compile time.
Programming Language,Explain function.,Function is a reusable block of code that performs a task and may return a value. It is used to organize logic and avoid repetition. It becomes hard to follow when too long or dependent on global state. It is called a method when attached to an object.
Programming Language,Where have you seen type inference in action?,"Type inference lets let x = 5 be understood as an integer in Rust. It is used in languages like TypeScript, Kotlin, Rust, and modern C++. It can make types less obvious and produce confusing errors. It uses keywords like auto, var, or val."
Programming Language,What problems can dynamic typing cause?,"Dynamic typing lets type errors appear only when code runs. It is a system where types are checked at runtime. It is used in languages like Python, JavaScript, and Ruby. It lets a variable hold a number and later a string in Python."
Programming Language,What is the difference between a list and a tuple in Python?,"Lists in Python are mutable, so elements can be added, removed, or changed after creation, and they use square brackets. Tuples are immutable, use parentheses, and are slightly faster and more memory-efficient. Because tuples are hashable when their contents are, they can serve as dictionary keys, unlike lists."
Programming Language,Why is variable useful?,"Variable makes code readable and flexible by naming values. It is used to store, update, and reuse data during execution. It can cause bugs when names are unclear, shadowed, or modified unexpectedly. It differs from a constant, whose value should not change."
Programming Language,When should you avoid abstraction?,Abstraction can leak details when poorly designed or add needless layers. It is hiding complexity by exposing only essential features. It lets people use components without knowing their internals. It lets you call car.start() without knowing how the engine works. It is implemented with abstract classes and interfaces.
Programming Language,Describe a scenario where mutability is applied.,Mutability lets a Python list be appended to after creation. It is considered when passing objects or sharing data between functions. It allows in-place updates that are efficient for large data. It can cause surprising side effects when shared. It is the opposite of immutability.
Programming Language,Show a real-world example of interface.,"Interface defines Comparable so any class can be sorted. It is a contract that specifies methods a type must implement. It is used to define capabilities and decouple code. It enables polymorphism and easier testing through mocks. It adds indirection, and changing an interface affects all implementers."
Programming Language,When should you avoid Global Interpreter Lock?,Global Interpreter Lock prevents CPU-bound threads from running in parallel. It is relevant when choosing between threads and processes in Python. It simplifies memory management and makes single-threaded code fast. It makes two CPU-heavy threads take about as long as running sequentially.
Programming Language,What are common pitfalls with encapsulation?,Encapsulation can add boilerplate getters and setters. It is bundling data with methods and restricting direct access to internals. It is used to protect object state and expose a clean interface. It makes a BankAccount balance private and changed only through deposit and withdraw.
Programming Language,When should you use virtual environment?,"Virtual environment is used to keep project dependencies separate. It is an isolated environment with its own interpreter and packages. It creates one with python -m venv env. It has lighter isolation than Docker, and tools include venv and conda."
Programming Language,What are the alternatives or companions of promise?,"Promise has pending, fulfilled, and rejected states. It is an object representing the eventual result of an asynchronous operation. It is used in JavaScript to handle network requests and timers. It can swallow errors if rejections are not handled. It chains fetch(url).then(res => res.json()) to process a response."
Programming Language,Explain JIT compilation.,JIT compilation is compiling code to machine code during program execution. It is used in engines like the JVM and V8. It optimizes hot code paths using runtime information. It speeds up a frequently called Java method after the JVM notices it.
Programming Language,Where have you seen exception handling in action?,"Exception handling catches a ZeroDivisionError in Python and prints a friendly message. It separates error handling from normal logic and prevents crashes. It can hide bugs when exceptions are swallowed silently. It includes try, except or catch, finally, and throw or raise."
Programming Language,Can you illustrate object-oriented programming with an example?,"Object-oriented programming models a Car class with attributes like color and methods like drive. It is used to model real-world entities in large applications. It improves modularity, reuse, and maintainability. It can lead to deep hierarchies and over-engineering. It rests on encapsulation, inheritance, polymorphism, and abstraction."
Programming Language,How is list comprehension used in practice?,List comprehension creates squares with [x*x for x in range(5)]. It is a concise syntax for building a list from an iterable in Python. It is used to transform or filter data in one expression. It is shorter and often faster than an equivalent loop.
Programming Language,What problem does encapsulation solve?,Encapsulation is used to protect object state and expose a clean interface. It is bundling data with methods and restricting direct access to internals. It can add boilerplate getters and setters. It makes a BankAccount balance private and changed only through deposit and withdraw.
Programming Language,How does closure help developers?,"Closure enables data hiding and flexible behavior without classes. It is used for private state, callbacks, and function factories. It can keep objects alive longer than expected and cause memory leaks. It is common in JavaScript, Python, and functional languages."
Programming Language,Why is reference considered important?,Reference saves memory and lets functions modify the original object. It is an alias or handle that refers to an existing object or value. It is used to pass large objects without copying them. It can cause unintended shared changes between variables.
Programming Language,What are the benefits of using namespace?,"Namespace prevents collisions between identically named items. It is a container that groups names to avoid conflicts. It is used to organize large codebases and libraries. It can cause confusion when imports or scopes overlap. It appears as packages in Java, modules in Python, and namespaces in C#."
Programming Language,What other concepts are connected to type inference?,"Type inference uses keywords like auto, var, or val. It is the compiler's ability to deduce a variable's type automatically. It can make types less obvious and produce confusing errors. It lets let x = 5 be understood as an integer in Rust."
Programming Language,Define mutability in simple words.,Mutability is the property of an object that allows it to be changed after creation. It is considered when passing objects or sharing data between functions. It can cause surprising side effects when shared. It is the opposite of immutability.
Programming Language,Where is list comprehension commonly applied?,List comprehension is used to transform or filter data in one expression. It is a concise syntax for building a list from an iterable in Python. It hurts readability when nested or complex. It creates squares with [x*x for x in range(5)].
Programming Language,What is the basic idea behind variable?,"Variable is a named storage location that holds a value in a program. It is used to store, update, and reuse data during execution. It makes code readable and flexible by naming values. It stores a user's age as age = 25 in Python."
Programming Language,What other concepts are connected to immutability?,"Immutability contrasts with mutability and is supported by const and final keywords. It is used for safe sharing, hashing, and functional programming. It prevents accidental changes and makes concurrency safer. It creates new objects for each change, which costs memory and time."
Programming Language,What problem does virtual environment solve?,"Virtual environment is used to keep project dependencies separate. It prevents version conflicts between projects. It adds setup steps and must be activated correctly. It creates one with python -m venv env. It has lighter isolation than Docker, and tools include venv and conda."
Programming Language,What should I learn alongside type inference?,"Type inference uses keywords like auto, var, or val. It is used in languages like TypeScript, Kotlin, Rust, and modern C++. It reduces boilerplate while keeping static type safety. It lets let x = 5 be understood as an integer in Rust."
Programming Language,Define interpreter in simple words.,"Interpreter is a program that executes source code directly, line by line or through bytecode. It is generally slower than compiled code. It runs a Python script with the python command. It is often mixed with compilation to bytecode and JIT."
Programming Language,How does list comprehension differ from related concepts?,"List comprehension extends to dictionary, set, and generator expressions. It is a concise syntax for building a list from an iterable in Python. It is shorter and often faster than an equivalent loop. It hurts readability when nested or complex."
Programming Language,What are the advantages of list comprehension?,"List comprehension is shorter and often faster than an equivalent loop. It is used to transform or filter data in one expression. It hurts readability when nested or complex. It creates squares with [x*x for x in range(5)]. It extends to dictionary, set, and generator expressions."
Programming Language,Why is interface considered important?,"Interface enables polymorphism and easier testing through mocks. It is a contract that specifies methods a type must implement. It defines Comparable so any class can be sorted. It differs from an abstract class, which can hold state and implementation."
Programming Language,Where have you seen mutability in action?,Mutability lets a Python list be appended to after creation. It is the property of an object that allows it to be changed after creation. It is considered when passing objects or sharing data between functions. It can cause surprising side effects when shared. It is the opposite of immutability.
Programming Language,What should I learn alongside JIT compilation?,JIT compilation sits between pure interpretation and ahead-of-time compilation. It is used in engines like the JVM and V8. It optimizes hot code paths using runtime information. It speeds up a frequently called Java method after the JVM notices it.
Programming Language,What does lambda mean?,"Lambda is a small anonymous function defined inline. It is used for short callbacks, sorting keys, and functional operations. It keeps simple logic concise without naming a function. It sorts words by length using key=lambda w: len(w) in Python. It is also called an arrow function in JavaScript."
Programming Language,What is the basic idea behind abstraction?,Abstraction is hiding complexity by exposing only essential features. It is used to design simple interfaces over complex implementations. It lets people use components without knowing their internals. It lets you call car.start() without knowing how the engine works. It is implemented with abstract classes and interfaces.
Programming Language,What other concepts are connected to null pointer?,"Null pointer is avoided by Optional types and null safety in Kotlin and Rust. It is a pointer that refers to no valid memory location. It causes crashes or exceptions when dereferenced, famously called a billion-dollar mistake. It triggers a NullPointerException in Java when calling a method on null."
Programming Language,What are the drawbacks of type inference?,"Type inference can make types less obvious and produce confusing errors. It is the compiler's ability to deduce a variable's type automatically. It is used in languages like TypeScript, Kotlin, Rust, and modern C++. It uses keywords like auto, var, or val."
Programming Language,What problems can immutability cause?,"Immutability creates new objects for each change, which costs memory and time. It prevents accidental changes and makes concurrency safer. It makes Python strings and tuples unchangeable once created. It contrasts with mutability and is supported by const and final keywords."
Programming Language,What should I learn alongside loop?,"Loop appears as for, while, and do-while forms. It is used to process collections and repeat actions until a condition changes. It avoids duplicated code and automates repetition. It can run forever if the exit condition is never met. It prints numbers one to ten with a for loop."
Programming Language,What is related to enum?,"Enum exists in Java, C++, C#, Python, and TypeScript. It is a type consisting of a fixed set of named constants. It prevents invalid values and improves readability over magic numbers. It can be hard to extend when values change frequently."
Programming Language,What are the advantages of package manager?,"Package manager automates dependency resolution and versioning. It is a tool that installs, updates, and manages libraries and dependencies. It is used to share and reuse code across projects. It installs requests with pip install requests. It includes npm, pip, Maven, Cargo, and NuGet."
Programming Language,Is there a substitute for JIT compilation?,JIT compilation sits between pure interpretation and ahead-of-time compilation. It is used in engines like the JVM and V8. It optimizes hot code paths using runtime information. It adds warmup time and memory use. It speeds up a frequently called Java method after the JVM notices it.
Programming Language,What are the advantages of multithreading?,"Multithreading can improve throughput and responsiveness. It is running multiple threads of execution within one process. It is used to keep apps responsive and overlap I/O work. It risks race conditions, deadlocks, and hard-to-reproduce bugs. It requires synchronization tools like locks and semaphores."
Programming Language,Give an example of data type.,"Data type includes integers, floats, strings, booleans, and arrays. It is a classification that tells a language how a value is stored and used. It is used to determine valid operations and memory layout. It is checked at compile time in static languages and at runtime in dynamic ones."
Programming Language,When should you avoid object-oriented programming?,"Object-oriented programming can lead to deep hierarchies and over-engineering. It is a programming paradigm that organizes code into objects with data and behavior. It is used to model real-world entities in large applications. It improves modularity, reuse, and maintainability. It rests on encapsulation, inheritance, polymorphism, and abstraction."
Programming Language,What is the basic idea behind inheritance?,Inheritance is a mechanism where a class acquires properties and methods from a parent class. It is used to share behavior among related classes. It makes a Dog class extend an Animal class. It is often balanced by composition over inheritance.
Programming Language,Where is polymorphism commonly applied?,Polymorphism is used to write flexible code that works with many object types. It is the ability for different types to be used through the same interface. It reduces conditional logic and makes code extensible. It lets draw() behave differently for Circle and Square objects.
Programming Language,What is the main purpose of compiler?,"Compiler is used for languages like C, C++, Rust, and Go. It is a program that translates source code into machine code or bytecode before running. It turns main.c into an executable using gcc. It differs from an interpreter, which runs code directly."
Programming Language,Describe abstraction briefly.,Abstraction is hiding complexity by exposing only essential features. It is used to design simple interfaces over complex implementations. It lets people use components without knowing their internals. It can leak details when poorly designed or add needless layers. It lets you call car.start() without knowing how the engine works.
Programming Language,What does Global Interpreter Lock mean?,"Global Interpreter Lock is a lock in CPython that lets only one thread execute Python bytecode at a time. It is relevant when choosing between threads and processes in Python. It prevents CPU-bound threads from running in parallel. It is bypassed with multiprocessing, native extensions, or alternative interpreters."
Programming Language,What are the advantages of data type?,Data type catches mistakes and enables optimization. It is a classification that tells a language how a value is stored and used. It is used to determine valid operations and memory layout. It can require conversions and cause errors when types are mixed.
Programming Language,In which situations is virtual environment a good choice?,"Virtual environment is used to keep project dependencies separate. It is an isolated environment with its own interpreter and packages. It prevents version conflicts between projects. It adds setup steps and must be activated correctly. It has lighter isolation than Docker, and tools include venv and conda."
Programming Language,When should you use dynamic typing?,"Dynamic typing is used in languages like Python, JavaScript, and Ruby. It is a system where types are checked at runtime. It lets type errors appear only when code runs. It can be strengthened with type hints and checkers like mypy."
Programming Language,What do you gain by using null pointer?,"Null pointer provides a simple way to mark uninitialized or missing references. It is a pointer that refers to no valid memory location. It causes crashes or exceptions when dereferenced, famously called a billion-dollar mistake. It is avoided by Optional types and null safety in Kotlin and Rust."
Programming Language,What are the advantages of lambda?,"Lambda keeps simple logic concise without naming a function. It is a small anonymous function defined inline. It is used for short callbacks, sorting keys, and functional operations. It becomes unreadable when complex and is harder to debug. It sorts words by length using key=lambda w: len(w) in Python."
Programming Language,Where have you seen promise in action?,"Promise chains fetch(url).then(res => res.json()) to process a response. It is an object representing the eventual result of an asynchronous operation. It avoids deeply nested callbacks and supports chaining. It can swallow errors if rejections are not handled. It has pending, fulfilled, and rejected states."
Programming Language,How does Global Interpreter Lock help developers?,Global Interpreter Lock simplifies memory management and makes single-threaded code fast. It is relevant when choosing between threads and processes in Python. It prevents CPU-bound threads from running in parallel. It makes two CPU-heavy threads take about as long as running sequentially.
Programming Language,Describe a scenario where abstraction is applied.,Abstraction lets you call car.start() without knowing how the engine works. It is hiding complexity by exposing only essential features. It lets people use components without knowing their internals. It can leak details when poorly designed or add needless layers. It is implemented with abstract classes and interfaces.
Programming Language,When should you use memory leak?,Memory leak is investigated when programs slow down or crash over time. It can be found with profilers and fixed by releasing unused references. It happens when event listeners are never removed in a long-lived page. It can occur even in garbage-collected languages through lingering references.
Programming Language,What is virtual environment used for?,"Virtual environment is used to keep project dependencies separate. It is an isolated environment with its own interpreter and packages. It prevents version conflicts between projects. It creates one with python -m venv env. It has lighter isolation than Docker, and tools include venv and conda."
Programming Language,How is immutability typically used in real projects?,"Immutability is used for safe sharing, hashing, and functional programming. It is the property of an object that cannot change after creation. It creates new objects for each change, which costs memory and time. It makes Python strings and tuples unchangeable once created."
Programming Language,List the strengths of exception handling.,"Exception handling separates error handling from normal logic and prevents crashes. It can hide bugs when exceptions are swallowed silently. It catches a ZeroDivisionError in Python and prints a friendly message. It includes try, except or catch, finally, and throw or raise."
Programming Language,How does null pointer differ from related concepts?,"Null pointer is avoided by Optional types and null safety in Kotlin and Rust. It is used to signal absence of a value in languages like C and Java. It causes crashes or exceptions when dereferenced, famously called a billion-dollar mistake."
Programming Language,Where have you seen variable in action?,"Variable stores a user's age as age = 25 in Python. It is used to store, update, and reuse data during execution. It makes code readable and flexible by naming values. It differs from a constant, whose value should not change."
Programming Language,What are the alternatives or companions of type inference?,"Type inference uses keywords like auto, var, or val. It is the compiler's ability to deduce a variable's type automatically. It is used in languages like TypeScript, Kotlin, Rust, and modern C++. It can make types less obvious and produce confusing errors."
Programming Language,What makes pointer valuable?,"Pointer gives direct memory control and enables data structures like linked lists. It is a variable that stores the memory address of another value. It is used for dynamic allocation, arrays, and efficient data passing. It stores the address of an int in C with int *p = &x."
Programming Language,How does static typing help developers?,"Static typing catches type errors early and enables optimization and better tooling. It is a system where types are checked at compile time. It is used in languages like Java, C++, and Go. It can require verbose declarations and reduce flexibility."
Programming Language,Where have you seen garbage collection in action?,"Garbage collection frees a Java object when no references to it remain. It is automatic memory management that frees objects no longer reachable. It is used in languages like Java, Python, and Go. It prevents most memory leaks and dangling pointer errors."
Programming Language,When should you use lambda?,"Lambda is used for short callbacks, sorting keys, and functional operations. It is a small anonymous function defined inline. It becomes unreadable when complex and is harder to debug. It sorts words by length using key=lambda w: len(w) in Python. It is also called an arrow function in JavaScript."
Programming Language,How is pointer used in practice?,"Pointer stores the address of an int in C with int *p = &x. It is used for dynamic allocation, arrays, and efficient data passing. It gives direct memory control and enables data structures like linked lists. It is replaced by references and smart pointers in safer languages."
Programming Language,Why do developers use operator overloading?,Operator overloading is used for mathematical types such as vectors and complex numbers. It is defining custom behavior for operators on user-defined types. It makes code expressive and natural to read. It can mislead readers when operators do unexpected things.
Programming Language,Describe a scenario where async/await is applied.,Async/await awaits a fetch call in JavaScript before reading its JSON. It is syntax for writing asynchronous code that looks sequential. It improves readability over callbacks and keeps programs responsive. It is built on promises in JavaScript and event loops in Python.
Programming Language,How does async/await compare with similar approaches?,Async/await is built on promises in JavaScript and event loops in Python. It is syntax for writing asynchronous code that looks sequential. It improves readability over callbacks and keeps programs responsive. It does not speed up CPU-bound work and forgotten awaits cause bugs.
Programming Language,List the strengths of struct.,"Struct organizes related data compactly with predictable layout. It is a composite data type that groups related fields under one name. It lacks the inheritance and encapsulation features of full classes in some languages. It is similar to a class, but often with value semantics."
Programming Language,How is package manager used in practice?,"Package manager installs requests with pip install requests. It is a tool that installs, updates, and manages libraries and dependencies. It is used to share and reuse code across projects. It automates dependency resolution and versioning. It includes npm, pip, Maven, Cargo, and NuGet."
Programming Language,What is the basic idea behind operator overloading?,"Operator overloading is defining custom behavior for operators on user-defined types. It makes code expressive and natural to read. It can mislead readers when operators do unexpected things. It is supported in C++, Python, and C#, but not in Java."
Programming Language,What are the disadvantages of reference?,Reference can cause unintended shared changes between variables. It is an alias or handle that refers to an existing object or value. It makes two Python variables point to the same list. It differs from a pointer because it usually cannot be reassigned or do arithmetic.
Programming Language,What is related to closure?,"Closure is common in JavaScript, Python, and functional languages. It is a function that remembers variables from the scope where it was created. It can keep objects alive longer than expected and cause memory leaks. It creates a counter function whose count persists between calls."
Programming Language,How is multithreading typically used in real projects?,"Multithreading is used to keep apps responsive and overlap I/O work. It is running multiple threads of execution within one process. It can improve throughput and responsiveness. It risks race conditions, deadlocks, and hard-to-reproduce bugs. It requires synchronization tools like locks and semaphores."
Programming Language,How does pointer help developers?,"Pointer gives direct memory control and enables data structures like linked lists. It is used for dynamic allocation, arrays, and efficient data passing. It causes crashes, leaks, and security bugs when misused. It stores the address of an int in C with int *p = &x."
Programming Language,What are the alternatives or companions of generic?,"Generic appears as generics in Java and C#, and templates in C++. It is a feature that lets code work with types specified later. It is used for reusable collections and algorithms. It provides type safety without duplicating code. It can make signatures complex and sometimes hurts readability."
Programming Language,Explain object-oriented programming.,"Object-oriented programming is a programming paradigm that organizes code into objects with data and behavior. It is used to model real-world entities in large applications. It improves modularity, reuse, and maintainability. It can lead to deep hierarchies and over-engineering. It rests on encapsulation, inheritance, polymorphism, and abstraction."
Programming Language,What are the drawbacks of object-oriented programming?,"Object-oriented programming can lead to deep hierarchies and over-engineering. It is used to model real-world entities in large applications. It models a Car class with attributes like color and methods like drive. It rests on encapsulation, inheritance, polymorphism, and abstraction."
Programming Language,How does interface differ from related concepts?,"Interface differs from an abstract class, which can hold state and implementation. It is a contract that specifies methods a type must implement. It is used to define capabilities and decouple code. It enables polymorphism and easier testing through mocks. It adds indirection, and changing an interface affects all implementers."
Programming Language,What is related to loop?,"Loop appears as for, while, and do-while forms. It is a control structure that repeats a block of code. It can run forever if the exit condition is never met. It prints numbers one to ten with a for loop."
Programming Language,What are the limitations of exception handling?,Exception handling can hide bugs when exceptions are swallowed silently. It is a mechanism for responding to runtime errors using try and catch constructs. It is used to handle failures like missing files or invalid input gracefully. It separates error handling from normal logic and prevents crashes.
Programming Language,Where is dynamic typing commonly applied?,"Dynamic typing is used in languages like Python, JavaScript, and Ruby. It enables quick prototyping and flexible code. It lets a variable hold a number and later a string in Python. It can be strengthened with type hints and checkers like mypy."
Programming Language,Can you give a short overview of hoisting?,"Hoisting is JavaScript behavior where declarations are moved to the top of their scope before execution. It is relevant when understanding var, function declarations, and temporal dead zones. It lets functions be called before they are defined. It makes console.log(x) print undefined when var x is declared later."
Programming Language,What is function used for?,"Function is used to organize logic and avoid repetition. It is a reusable block of code that performs a task and may return a value. It improves readability, testing, and reuse. It becomes hard to follow when too long or dependent on global state."
Programming Language,What is pointer used for?,"Pointer is used for dynamic allocation, arrays, and efficient data passing. It gives direct memory control and enables data structures like linked lists. It causes crashes, leaks, and security bugs when misused. It is replaced by references and smart pointers in safer languages."
Programming Language,What other concepts are connected to mutability?,Mutability is the opposite of immutability. It is the property of an object that allows it to be changed after creation. It is considered when passing objects or sharing data between functions. It lets a Python list be appended to after creation.
Programming Language,Why do developers use enum?,"Enum is used for states, categories, and options. It prevents invalid values and improves readability over magic numbers. It can be hard to extend when values change frequently. It defines Weekday values like MONDAY and TUESDAY. It exists in Java, C++, C#, Python, and TypeScript."
Programming Language,What should you watch out for when using enum?,"Enum can be hard to extend when values change frequently. It is a type consisting of a fixed set of named constants. It prevents invalid values and improves readability over magic numbers. It exists in Java, C++, C#, Python, and TypeScript."
Programming Language,What is related to immutability?,"Immutability contrasts with mutability and is supported by const and final keywords. It is the property of an object that cannot change after creation. It is used for safe sharing, hashing, and functional programming. It creates new objects for each change, which costs memory and time."
Programming Language,What does enum mean?,"Enum is a type consisting of a fixed set of named constants. It is used for states, categories, and options. It prevents invalid values and improves readability over magic numbers. It defines Weekday values like MONDAY and TUESDAY. It exists in Java, C++, C#, Python, and TypeScript."
Programming Language,What is an alternative to hoisting?,"Hoisting behaves differently for let and const, which stay in a temporal dead zone. It is JavaScript behavior where declarations are moved to the top of their scope before execution. It makes console.log(x) print undefined when var x is declared later."
Programming Language,What are the disadvantages of loop?,Loop can run forever if the exit condition is never met. It is a control structure that repeats a block of code. It is used to process collections and repeat actions until a condition changes. It prints numbers one to ten with a for loop.
Programming Language,What is related to interpreter?,"Interpreter is often mixed with compilation to bytecode and JIT. It is a program that executes source code directly, line by line or through bytecode. It is used for languages like Python and Ruby. It enables quick feedback and easy debugging. It runs a Python script with the python command."
Programming Language,How would you explain loop to a beginner?,Loop is a control structure that repeats a block of code. It is used to process collections and repeat actions until a condition changes. It can run forever if the exit condition is never met. It prints numbers one to ten with a for loop.
Programming Language,When should you use data type?,"Data type is used to determine valid operations and memory layout. It catches mistakes and enables optimization. It includes integers, floats, strings, booleans, and arrays. It is checked at compile time in static languages and at runtime in dynamic ones."
Programming Language,What are the advantages of variable?,"Variable makes code readable and flexible by naming values. It is a named storage location that holds a value in a program. It can cause bugs when names are unclear, shadowed, or modified unexpectedly. It stores a user's age as age = 25 in Python."
Programming Language,Show a real-world example of loop.,"Loop prints numbers one to ten with a for loop. It is a control structure that repeats a block of code. It avoids duplicated code and automates repetition. It can run forever if the exit condition is never met. It appears as for, while, and do-while forms."
Programming Language,What is an alternative to garbage collection?,"Garbage collection differs from manual management in C and ownership in Rust. It is automatic memory management that frees objects no longer reachable. It is used in languages like Java, Python, and Go. It frees a Java object when no references to it remain."
Programming Language,What are the disadvantages of inheritance?,Inheritance creates tight coupling and fragile hierarchies. It is a mechanism where a class acquires properties and methods from a parent class. It is used to share behavior among related classes. It reduces duplication and supports specialization. It makes a Dog class extend an Animal class.
Programming Language,Is there a substitute for generator?,Generator is related to iterators and the yield keyword. It is a function that yields values one at a time and pauses between them. It is used for large or infinite sequences and streaming data. It saves memory by producing items lazily.
Programming Language,What is related to namespace?,"Namespace appears as packages in Java, modules in Python, and namespaces in C#. It is used to organize large codebases and libraries. It prevents collisions between identically named items. It can cause confusion when imports or scopes overlap. It places std::vector under the std namespace in C++."
Programming Language,How does promise help developers?,Promise avoids deeply nested callbacks and supports chaining. It is an object representing the eventual result of an asynchronous operation. It is used in JavaScript to handle network requests and timers. It chains fetch(url).then(res => res.json()) to process a response.
Programming Language,What are the drawbacks of Global Interpreter Lock?,Global Interpreter Lock prevents CPU-bound threads from running in parallel. It is a lock in CPython that lets only one thread execute Python bytecode at a time. It is relevant when choosing between threads and processes in Python. It simplifies memory management and makes single-threaded code fast.
Programming Language,What are common pitfalls with data type?,Data type can require conversions and cause errors when types are mixed. It is used to determine valid operations and memory layout. It catches mistakes and enables optimization. It is checked at compile time in static languages and at runtime in dynamic ones.
Programming Language,What are the alternatives or companions of struct?,"Struct is similar to a class, but often with value semantics. It is a composite data type that groups related fields under one name. It lacks the inheritance and encapsulation features of full classes in some languages. It stores a point with x and y coordinates in Go."
Programming Language,What are the advantages of encapsulation?,Encapsulation hides implementation details so internals can change safely. It is bundling data with methods and restricting direct access to internals. It is used to protect object state and expose a clean interface. It can add boilerplate getters and setters. It is supported by access modifiers like private and protected.
Programming Language,What is a practical example of virtual environment?,"Virtual environment creates one with python -m venv env. It is an isolated environment with its own interpreter and packages. It is used to keep project dependencies separate. It adds setup steps and must be activated correctly. It has lighter isolation than Docker, and tools include venv and conda."
Programming Language,Give an example of object-oriented programming.,"Object-oriented programming models a Car class with attributes like color and methods like drive. It is a programming paradigm that organizes code into objects with data and behavior. It improves modularity, reuse, and maintainability. It can lead to deep hierarchies and over-engineering. It rests on encapsulation, inheritance, polymorphism, and abstraction."
Programming Language,What makes struct valuable?,Struct organizes related data compactly with predictable layout. It is a composite data type that groups related fields under one name. It lacks the inheritance and encapsulation features of full classes in some languages. It stores a point with x and y coordinates in Go.
Programming Language,What is the basic idea behind null pointer?,"Null pointer is a pointer that refers to no valid memory location. It provides a simple way to mark uninitialized or missing references. It causes crashes or exceptions when dereferenced, famously called a billion-dollar mistake. It triggers a NullPointerException in Java when calling a method on null."
Programming Language,Give an example of immutability.,"Immutability makes Python strings and tuples unchangeable once created. It prevents accidental changes and makes concurrency safer. It creates new objects for each change, which costs memory and time. It contrasts with mutability and is supported by const and final keywords."
Programming Language,How is immutability used in practice?,"Immutability makes Python strings and tuples unchangeable once created. It is the property of an object that cannot change after creation. It creates new objects for each change, which costs memory and time. It contrasts with mutability and is supported by const and final keywords."
Programming Language,When should you avoid type inference?,"Type inference can make types less obvious and produce confusing errors. It is the compiler's ability to deduce a variable's type automatically. It is used in languages like TypeScript, Kotlin, Rust, and modern C++. It reduces boilerplate while keeping static type safety."
Programming Language,Why is polymorphism considered important?,Polymorphism reduces conditional logic and makes code extensible. It is used to write flexible code that works with many object types. It can make control flow harder to trace. It lets draw() behave differently for Circle and Square objects. It appears as overriding at runtime and overloading at compile time.
Programming Language,What do you gain by using static typing?,Static typing catches type errors early and enables optimization and better tooling. It is a system where types are checked at compile time. It rejects assigning a string to an int variable before the program runs. It contrasts with dynamic typing in Python and JavaScript.
Programming Language,Why is promise considered important?,Promise avoids deeply nested callbacks and supports chaining. It is an object representing the eventual result of an asynchronous operation. It is used in JavaScript to handle network requests and timers. It can swallow errors if rejections are not handled.
Programming Language,What are the downsides of dynamic typing?,Dynamic typing lets type errors appear only when code runs. It is a system where types are checked at runtime. It enables quick prototyping and flexible code. It lets a variable hold a number and later a string in Python.
Programming Language,What are common pitfalls with polymorphism?,Polymorphism can make control flow harder to trace. It is used to write flexible code that works with many object types. It reduces conditional logic and makes code extensible. It appears as overriding at runtime and overloading at compile time.
Programming Language,What are the advantages of operator overloading?,Operator overloading makes code expressive and natural to read. It is used for mathematical types such as vectors and complex numbers. It can mislead readers when operators do unexpected things. It lets a Vector class support a + b in Python by defining __add__.
Programming Language,What are the alternatives or companions of inheritance?,Inheritance is often balanced by composition over inheritance. It is a mechanism where a class acquires properties and methods from a parent class. It is used to share behavior among related classes. It reduces duplication and supports specialization. It makes a Dog class extend an Animal class.
Programming Language,When should you avoid exception handling?,"Exception handling can hide bugs when exceptions are swallowed silently. It is a mechanism for responding to runtime errors using try and catch constructs. It separates error handling from normal logic and prevents crashes. It includes try, except or catch, finally, and throw or raise."
Programming Language,Can you illustrate virtual environment with an example?,"Virtual environment creates one with python -m venv env. It is an isolated environment with its own interpreter and packages. It is used to keep project dependencies separate. It has lighter isolation than Docker, and tools include venv and conda."
Programming Language,Where is generic commonly applied?,"Generic is used for reusable collections and algorithms. It is a feature that lets code work with types specified later. It provides type safety without duplicating code. It uses List<String> in Java to hold only strings. It appears as generics in Java and C#, and templates in C++."
Programming Language,What is operator overloading used for?,"Operator overloading is used for mathematical types such as vectors and complex numbers. It makes code expressive and natural to read. It lets a Vector class support a + b in Python by defining __add__. It is supported in C++, Python, and C#, but not in Java."
Programming Language,What problem does object-oriented programming solve?,"Object-oriented programming is used to model real-world entities in large applications. It is a programming paradigm that organizes code into objects with data and behavior. It improves modularity, reuse, and maintainability. It models a Car class with attributes like color and methods like drive."
Programming Language,How is enum used in practice?,"Enum defines Weekday values like MONDAY and TUESDAY. It is a type consisting of a fixed set of named constants. It is used for states, categories, and options. It can be hard to extend when values change frequently. It exists in Java, C++, C#, Python, and TypeScript."
Programming Language,What should you watch out for when using type inference?,"Type inference can make types less obvious and produce confusing errors. It is the compiler's ability to deduce a variable's type automatically. It is used in languages like TypeScript, Kotlin, Rust, and modern C++. It lets let x = 5 be understood as an integer in Rust."
Programming Language,What makes immutability valuable?,"Immutability prevents accidental changes and makes concurrency safer. It is the property of an object that cannot change after creation. It creates new objects for each change, which costs memory and time. It makes Python strings and tuples unchangeable once created."
Programming Language,How would you explain exception handling to a beginner?,Exception handling is a mechanism for responding to runtime errors using try and catch constructs. It is used to handle failures like missing files or invalid input gracefully. It separates error handling from normal logic and prevents crashes. It can hide bugs when exceptions are swallowed silently.
Programming Language,Show a real-world example of list comprehension.,List comprehension creates squares with [x*x for x in range(5)]. It is a concise syntax for building a list from an iterable in Python. It is used to transform or filter data in one expression. It hurts readability when nested or complex.
Programming Language,What are the benefits of using generic?,"Generic provides type safety without duplicating code. It is a feature that lets code work with types specified later. It is used for reusable collections and algorithms. It can make signatures complex and sometimes hurts readability. It appears as generics in Java and C#, and templates in C++."
Programming Language,What should you watch out for when using garbage collection?,Garbage collection adds overhead and unpredictable pauses. It is automatic memory management that frees objects no longer reachable. It frees a Java object when no references to it remain. It differs from manual management in C and ownership in Rust.
Programming Language,How does interpreter help developers?,"Interpreter enables quick feedback and easy debugging. It is a program that executes source code directly, line by line or through bytecode. It is generally slower than compiled code. It runs a Python script with the python command. It is often mixed with compilation to bytecode and JIT."
Programming Language,List the strengths of dynamic typing.,"Dynamic typing enables quick prototyping and flexible code. It is a system where types are checked at runtime. It is used in languages like Python, JavaScript, and Ruby. It lets type errors appear only when code runs. It lets a variable hold a number and later a string in Python."
Programming Language,Describe pointer briefly.,"Pointer is a variable that stores the memory address of another value. It gives direct memory control and enables data structures like linked lists. It causes crashes, leaks, and security bugs when misused. It is replaced by references and smart pointers in safer languages."
Programming Language,Why is reference useful?,Reference saves memory and lets functions modify the original object. It is an alias or handle that refers to an existing object or value. It is used to pass large objects without copying them. It differs from a pointer because it usually cannot be reassigned or do arithmetic.
Programming Language,Give an example of promise.,"Promise chains fetch(url).then(res => res.json()) to process a response. It is an object representing the eventual result of an asynchronous operation. It avoids deeply nested callbacks and supports chaining. It can swallow errors if rejections are not handled. It has pending, fulfilled, and rejected states."
Programming Language,How is reference typically used in real projects?,Reference is used to pass large objects without copying them. It is an alias or handle that refers to an existing object or value. It can cause unintended shared changes between variables. It makes two Python variables point to the same list.
Programming Language,What problem does generic solve?,"Generic is used for reusable collections and algorithms. It provides type safety without duplicating code. It can make signatures complex and sometimes hurts readability. It uses List<String> in Java to hold only strings. It appears as generics in Java and C#, and templates in C++."
Programming Language,What are the drawbacks of exception handling?,"Exception handling can hide bugs when exceptions are swallowed silently. It is used to handle failures like missing files or invalid input gracefully. It separates error handling from normal logic and prevents crashes. It includes try, except or catch, finally, and throw or raise."
Programming Language,What are the benefits of using package manager?,"Package manager automates dependency resolution and versioning. It is a tool that installs, updates, and manages libraries and dependencies. It is used to share and reuse code across projects. It can introduce vulnerable or conflicting dependencies. It includes npm, pip, Maven, Cargo, and NuGet."
Programming Language,Show a real-world example of operator overloading.,"Operator overloading lets a Vector class support a + b in Python by defining __add__. It is defining custom behavior for operators on user-defined types. It makes code expressive and natural to read. It is supported in C++, Python, and C#, but not in Java."
Programming Language,What are common pitfalls with decorator?,"Decorator can hide control flow and complicate debugging and signatures. It is used for logging, caching, authentication, and timing. It adds features without modifying the original code. It uses @timer above a function to measure its run time. It builds on closures and higher-order functions in Python."
Programming Language,What are the downsides of abstraction?,Abstraction can leak details when poorly designed or add needless layers. It is used to design simple interfaces over complex implementations. It lets people use components without knowing their internals. It lets you call car.start() without knowing how the engine works.
Programming Language,Describe a scenario where inheritance is applied.,Inheritance makes a Dog class extend an Animal class. It is a mechanism where a class acquires properties and methods from a parent class. It is used to share behavior among related classes. It reduces duplication and supports specialization. It creates tight coupling and fragile hierarchies.
Programming Language,Show a real-world example of hoisting.,"Hoisting makes console.log(x) print undefined when var x is declared later. It is relevant when understanding var, function declarations, and temporal dead zones. It lets functions be called before they are defined. It behaves differently for let and const, which stay in a temporal dead zone."
Programming Language,Describe a scenario where compiler is applied.,Compiler turns main.c into an executable using gcc. It is a program that translates source code into machine code or bytecode before running. It produces fast executables and catches many errors early. It adds a build step and compilation time.
Programming Language,Define pointer in simple words.,"Pointer is a variable that stores the memory address of another value. It is used for dynamic allocation, arrays, and efficient data passing. It stores the address of an int in C with int *p = &x. It is replaced by references and smart pointers in safer languages."
Programming Language,What are the downsides of interpreter?,"Interpreter is generally slower than compiled code. It is a program that executes source code directly, line by line or through bytecode. It is used for languages like Python and Ruby. It is often mixed with compilation to bytecode and JIT."
Programming Language,Define promise in simple words.,"Promise is an object representing the eventual result of an asynchronous operation. It is used in JavaScript to handle network requests and timers. It avoids deeply nested callbacks and supports chaining. It can swallow errors if rejections are not handled. It has pending, fulfilled, and rejected states."
Programming Language,List the strengths of garbage collection.,"Garbage collection prevents most memory leaks and dangling pointer errors. It is automatic memory management that frees objects no longer reachable. It is used in languages like Java, Python, and Go. It adds overhead and unpredictable pauses. It differs from manual management in C and ownership in Rust."
Programming Language,Where have you seen interpreter in action?,"Interpreter runs a Python script with the python command. It is a program that executes source code directly, line by line or through bytecode. It is used for languages like Python and Ruby. It enables quick feedback and easy debugging. It is generally slower than compiled code."
Programming Language,How is interpreter used in practice?,"Interpreter runs a Python script with the python command. It is a program that executes source code directly, line by line or through bytecode. It is used for languages like Python and Ruby. It enables quick feedback and easy debugging. It is often mixed with compilation to bytecode and JIT."
Programming Language,What is package manager?,"Package manager is a tool that installs, updates, and manages libraries and dependencies. It is used to share and reuse code across projects. It automates dependency resolution and versioning. It can introduce vulnerable or conflicting dependencies. It installs requests with pip install requests."
Programming Language,Where is package manager commonly applied?,"Package manager is used to share and reuse code across projects. It is a tool that installs, updates, and manages libraries and dependencies. It can introduce vulnerable or conflicting dependencies. It installs requests with pip install requests. It includes npm, pip, Maven, Cargo, and NuGet."
Programming Language,Give an example of variable.,"Variable stores a user's age as age = 25 in Python. It is a named storage location that holds a value in a program. It is used to store, update, and reuse data during execution. It differs from a constant, whose value should not change."
Programming Language,Why is compiler considered important?,Compiler produces fast executables and catches many errors early. It is a program that translates source code into machine code or bytecode before running. It adds a build step and compilation time. It turns main.c into an executable using gcc.
Programming Language,What is an alternative to inheritance?,Inheritance is often balanced by composition over inheritance. It is a mechanism where a class acquires properties and methods from a parent class. It is used to share behavior among related classes. It reduces duplication and supports specialization. It creates tight coupling and fragile hierarchies.
Programming Language,What is the main purpose of lambda?,"Lambda is used for short callbacks, sorting keys, and functional operations. It keeps simple logic concise without naming a function. It becomes unreadable when complex and is harder to debug. It sorts words by length using key=lambda w: len(w) in Python. It is also called an arrow function in JavaScript."
Programming Language,What is generator?,Generator is a function that yields values one at a time and pauses between them. It is used for large or infinite sequences and streaming data. It saves memory by producing items lazily. It can be consumed only once and cannot be indexed.
Programming Language,What are the disadvantages of dynamic typing?,"Dynamic typing lets type errors appear only when code runs. It is a system where types are checked at runtime. It is used in languages like Python, JavaScript, and Ruby. It can be strengthened with type hints and checkers like mypy."
Programming Language,Where have you seen enum in action?,"Enum defines Weekday values like MONDAY and TUESDAY. It is a type consisting of a fixed set of named constants. It prevents invalid values and improves readability over magic numbers. It can be hard to extend when values change frequently. It exists in Java, C++, C#, Python, and TypeScript."
Programming Language,What are the limitations of closure?,"Closure can keep objects alive longer than expected and cause memory leaks. It is used for private state, callbacks, and function factories. It enables data hiding and flexible behavior without classes. It creates a counter function whose count persists between calls. It is common in JavaScript, Python, and functional languages."
Programming Language,Show a real-world example of async/await.,Async/await awaits a fetch call in JavaScript before reading its JSON. It is used for I/O tasks such as network calls and file access. It does not speed up CPU-bound work and forgotten awaits cause bugs. It is built on promises in JavaScript and event loops in Python.
Programming Language,Describe a scenario where package manager is applied.,"Package manager installs requests with pip install requests. It is a tool that installs, updates, and manages libraries and dependencies. It is used to share and reuse code across projects. It can introduce vulnerable or conflicting dependencies. It includes npm, pip, Maven, Cargo, and NuGet."
Programming Language,In which situations is interpreter a good choice?,"Interpreter is used for languages like Python and Ruby. It is a program that executes source code directly, line by line or through bytecode. It is generally slower than compiled code. It runs a Python script with the python command. It is often mixed with compilation to bytecode and JIT."
Programming Language,What is related to struct?,"Struct is similar to a class, but often with value semantics. It is used to represent simple records in C, C++, Go, and Rust. It lacks the inheritance and encapsulation features of full classes in some languages. It stores a point with x and y coordinates in Go."
Programming Language,Is there a substitute for variable?,"Variable differs from a constant, whose value should not change. It is a named storage location that holds a value in a program. It makes code readable and flexible by naming values. It stores a user's age as age = 25 in Python."
Programming Language,What is hoisting?,"Hoisting is JavaScript behavior where declarations are moved to the top of their scope before execution. It is relevant when understanding var, function declarations, and temporal dead zones. It behaves differently for let and const, which stay in a temporal dead zone."
Programming Language,Can you give a short overview of object-oriented programming?,"Object-oriented programming is a programming paradigm that organizes code into objects with data and behavior. It improves modularity, reuse, and maintainability. It models a Car class with attributes like color and methods like drive. It rests on encapsulation, inheritance, polymorphism, and abstraction."
Programming Language,What is dynamic typing?,"Dynamic typing is a system where types are checked at runtime. It is used in languages like Python, JavaScript, and Ruby. It enables quick prototyping and flexible code. It lets type errors appear only when code runs. It can be strengthened with type hints and checkers like mypy."
Programming Language,How does package manager compare with similar approaches?,"Package manager includes npm, pip, Maven, Cargo, and NuGet. It is a tool that installs, updates, and manages libraries and dependencies. It automates dependency resolution and versioning. It can introduce vulnerable or conflicting dependencies. It installs requests with pip install requests."
Programming Language,What should I learn alongside null pointer?,"Null pointer is avoided by Optional types and null safety in Kotlin and Rust. It provides a simple way to mark uninitialized or missing references. It causes crashes or exceptions when dereferenced, famously called a billion-dollar mistake. It triggers a NullPointerException in Java when calling a method on null."
Programming Language,Why do developers use lambda?,"Lambda is used for short callbacks, sorting keys, and functional operations. It is a small anonymous function defined inline. It keeps simple logic concise without naming a function. It becomes unreadable when complex and is harder to debug. It sorts words by length using key=lambda w: len(w) in Python."
Programming Language,Why do developers use object-oriented programming?,"Object-oriented programming is used to model real-world entities in large applications. It improves modularity, reuse, and maintainability. It can lead to deep hierarchies and over-engineering. It models a Car class with attributes like color and methods like drive. It rests on encapsulation, inheritance, polymorphism, and abstraction."
Programming Language,Where have you seen compiler in action?,"Compiler turns main.c into an executable using gcc. It is a program that translates source code into machine code or bytecode before running. It is used for languages like C, C++, Rust, and Go. It differs from an interpreter, which runs code directly."
Programming Language,What are the downsides of type inference?,"Type inference can make types less obvious and produce confusing errors. It is used in languages like TypeScript, Kotlin, Rust, and modern C++. It lets let x = 5 be understood as an integer in Rust. It uses keywords like auto, var, or val."
Programming Language,Where is data type commonly applied?,Data type is used to determine valid operations and memory layout. It catches mistakes and enables optimization. It can require conversions and cause errors when types are mixed. It is checked at compile time in static languages and at runtime in dynamic ones.
Programming Language,What are the drawbacks of enum?,"Enum can be hard to extend when values change frequently. It is a type consisting of a fixed set of named constants. It is used for states, categories, and options. It prevents invalid values and improves readability over magic numbers. It exists in Java, C++, C#, Python, and TypeScript."
Programming Language,What are the downsides of static typing?,"Static typing can require verbose declarations and reduce flexibility. It is used in languages like Java, C++, and Go. It rejects assigning a string to an int variable before the program runs. It contrasts with dynamic typing in Python and JavaScript."
Programming Language,Can you illustrate promise with an example?,Promise chains fetch(url).then(res => res.json()) to process a response. It is an object representing the eventual result of an asynchronous operation. It is used in JavaScript to handle network requests and timers. It can swallow errors if rejections are not handled.
Programming Language,How would you explain virtual environment to a beginner?,"Virtual environment is an isolated environment with its own interpreter and packages. It is used to keep project dependencies separate. It adds setup steps and must be activated correctly. It creates one with python -m venv env. It has lighter isolation than Docker, and tools include venv and conda."
Programming Language,Where is garbage collection commonly applied?,"Garbage collection is used in languages like Java, Python, and Go. It prevents most memory leaks and dangling pointer errors. It adds overhead and unpredictable pauses. It frees a Java object when no references to it remain. It differs from manual management in C and ownership in Rust."
Programming Language,What are the advantages of JIT compilation?,JIT compilation optimizes hot code paths using runtime information. It is compiling code to machine code during program execution. It is used in engines like the JVM and V8. It speeds up a frequently called Java method after the JVM notices it.
Programming Language,Why is Global Interpreter Lock useful?,Global Interpreter Lock simplifies memory management and makes single-threaded code fast. It is a lock in CPython that lets only one thread execute Python bytecode at a time. It makes two CPU-heavy threads take about as long as running sequentially.
Programming Language,What should you watch out for when using iterator?,Iterator is single-pass and can be exhausted. It is an object that provides items one at a time through a next operation. It hides how a collection is stored and allows lazy evaluation. It lets a for loop in Python walk through a list.
Programming Language,How does enum help developers?,"Enum prevents invalid values and improves readability over magic numbers. It is used for states, categories, and options. It can be hard to extend when values change frequently. It defines Weekday values like MONDAY and TUESDAY. It exists in Java, C++, C#, Python, and TypeScript."
Programming Language,What does encapsulation mean?,Encapsulation is bundling data with methods and restricting direct access to internals. It can add boilerplate getters and setters. It makes a BankAccount balance private and changed only through deposit and withdraw. It is supported by access modifiers like private and protected.
Programming Language,What should you watch out for when using promise?,Promise can swallow errors if rejections are not handled. It is an object representing the eventual result of an asynchronous operation. It is used in JavaScript to handle network requests and timers. It avoids deeply nested callbacks and supports chaining.
Programming Language,Show a real-world example of data type.,"Data type includes integers, floats, strings, booleans, and arrays. It is used to determine valid operations and memory layout. It catches mistakes and enables optimization. It is checked at compile time in static languages and at runtime in dynamic ones."
Programming Language,What does compiler mean?,"Compiler is a program that translates source code into machine code or bytecode before running. It is used for languages like C, C++, Rust, and Go. It adds a build step and compilation time. It differs from an interpreter, which runs code directly."
Programming Language,How is JIT compilation used in practice?,JIT compilation speeds up a frequently called Java method after the JVM notices it. It is compiling code to machine code during program execution. It is used in engines like the JVM and V8. It optimizes hot code paths using runtime information. It sits between pure interpretation and ahead-of-time compilation.
Programming Language,What are common pitfalls with inheritance?,Inheritance creates tight coupling and fragile hierarchies. It is a mechanism where a class acquires properties and methods from a parent class. It is used to share behavior among related classes. It makes a Dog class extend an Animal class. It is often balanced by composition over inheritance.
Programming Language,What other concepts are connected to encapsulation?,Encapsulation is supported by access modifiers like private and protected. It is bundling data with methods and restricting direct access to internals. It is used to protect object state and expose a clean interface. It hides implementation details so internals can change safely. It can add boilerplate getters and setters.
Programming Language,Describe variable briefly.,"Variable is a named storage location that holds a value in a program. It is used to store, update, and reuse data during execution. It makes code readable and flexible by naming values. It differs from a constant, whose value should not change."
Programming Language,In which situations is multithreading a good choice?,"Multithreading is used to keep apps responsive and overlap I/O work. It is running multiple threads of execution within one process. It risks race conditions, deadlocks, and hard-to-reproduce bugs. It downloads files in background threads while the interface stays active."
Programming Language,Describe list comprehension briefly.,"List comprehension is a concise syntax for building a list from an iterable in Python. It is used to transform or filter data in one expression. It is shorter and often faster than an equivalent loop. It extends to dictionary, set, and generator expressions."
Programming Language,What are the benefits of using lambda?,"Lambda keeps simple logic concise without naming a function. It is used for short callbacks, sorting keys, and functional operations. It becomes unreadable when complex and is harder to debug. It sorts words by length using key=lambda w: len(w) in Python. It is also called an arrow function in JavaScript."
Programming Language,Where have you seen namespace in action?,"Namespace places std::vector under the std namespace in C++. It is a container that groups names to avoid conflicts. It prevents collisions between identically named items. It can cause confusion when imports or scopes overlap. It appears as packages in Java, modules in Python, and namespaces in C#."
Programming Language,Describe polymorphism briefly.,Polymorphism is the ability for different types to be used through the same interface. It is used to write flexible code that works with many object types. It reduces conditional logic and makes code extensible. It appears as overriding at runtime and overloading at compile time.
Programming Language,List the strengths of memory leak.,Memory leak can be found with profilers and fixed by releasing unused references. It is a bug where memory that is no longer needed is never released. It is investigated when programs slow down or crash over time. It can occur even in garbage-collected languages through lingering references.
Programming Language,What does hoisting mean?,"Hoisting is JavaScript behavior where declarations are moved to the top of their scope before execution. It is relevant when understanding var, function declarations, and temporal dead zones. It lets functions be called before they are defined. It causes confusing undefined values with var."
Programming Language,What are the advantages of compiler?,"Compiler produces fast executables and catches many errors early. It is a program that translates source code into machine code or bytecode before running. It is used for languages like C, C++, Rust, and Go. It turns main.c into an executable using gcc."
Programming Language,Where have you seen memory leak in action?,Memory leak happens when event listeners are never removed in a long-lived page. It is a bug where memory that is no longer needed is never released. It is investigated when programs slow down or crash over time. It can be found with profilers and fixed by releasing unused references.
Programming Language,How would you explain function to a beginner?,"Function is a reusable block of code that performs a task and may return a value. It improves readability, testing, and reuse. It becomes hard to follow when too long or dependent on global state. It is called a method when attached to an object."
Programming Language,Define exception handling in simple words.,"Exception handling is a mechanism for responding to runtime errors using try and catch constructs. It is used to handle failures like missing files or invalid input gracefully. It separates error handling from normal logic and prevents crashes. It includes try, except or catch, finally, and throw or raise."
Programming Language,Walk me through a simple example of operator overloading.,"Operator overloading lets a Vector class support a + b in Python by defining __add__. It is defining custom behavior for operators on user-defined types. It is used for mathematical types such as vectors and complex numbers. It is supported in C++, Python, and C#, but not in Java."
Programming Language,What are the disadvantages of package manager?,"Package manager can introduce vulnerable or conflicting dependencies. It is a tool that installs, updates, and manages libraries and dependencies. It automates dependency resolution and versioning. It installs requests with pip install requests. It includes npm, pip, Maven, Cargo, and NuGet."
Programming Language,How is decorator typically used in real projects?,"Decorator is used for logging, caching, authentication, and timing. It is a function that wraps another function to extend its behavior. It adds features without modifying the original code. It uses @timer above a function to measure its run time."
Programming Language,What are the benefits of using multithreading?,Multithreading can improve throughput and responsiveness. It is running multiple threads of execution within one process. It is used to keep apps responsive and overlap I/O work. It downloads files in background threads while the interface stays active. It requires synchronization tools like locks and semaphores.
Programming Language,What are the alternatives or companions of function?,"Function is called a method when attached to an object. It is a reusable block of code that performs a task and may return a value. It improves readability, testing, and reuse. It defines add(a, b) that returns a plus b."
Programming Language,What are the limitations of encapsulation?,Encapsulation can add boilerplate getters and setters. It is bundling data with methods and restricting direct access to internals. It hides implementation details so internals can change safely. It makes a BankAccount balance private and changed only through deposit and withdraw.
Programming Language,What are the limitations of decorator?,Decorator can hide control flow and complicate debugging and signatures. It is a function that wraps another function to extend its behavior. It adds features without modifying the original code. It uses @timer above a function to measure its run time. It builds on closures and higher-order functions in Python.
Programming Language,What is variable used for?,"Variable is used to store, update, and reuse data during execution. It is a named storage location that holds a value in a program. It makes code readable and flexible by naming values. It stores a user's age as age = 25 in Python."
Programming Language,What is Global Interpreter Lock used for?,"Global Interpreter Lock is relevant when choosing between threads and processes in Python. It simplifies memory management and makes single-threaded code fast. It makes two CPU-heavy threads take about as long as running sequentially. It is bypassed with multiprocessing, native extensions, or alternative interpreters."
Programming Language,What should you watch out for when using memory leak?,Memory leak gradually exhausts memory and can crash long-running programs. It is investigated when programs slow down or crash over time. It can be found with profilers and fixed by releasing unused references. It can occur even in garbage-collected languages through lingering references.
Programming Language,Show a real-world example of dynamic typing.,"Dynamic typing lets a variable hold a number and later a string in Python. It is used in languages like Python, JavaScript, and Ruby. It enables quick prototyping and flexible code. It lets type errors appear only when code runs."
Programming Language,Can you give a short overview of operator overloading?,Operator overloading is defining custom behavior for operators on user-defined types. It makes code expressive and natural to read. It can mislead readers when operators do unexpected things. It lets a Vector class support a + b in Python by defining __add__.
Programming Language,What makes abstraction valuable?,Abstraction lets people use components without knowing their internals. It is hiding complexity by exposing only essential features. It is used to design simple interfaces over complex implementations. It can leak details when poorly designed or add needless layers. It lets you call car.start() without knowing how the engine works.
Programming Language,How is virtual environment used in practice?,"Virtual environment creates one with python -m venv env. It is an isolated environment with its own interpreter and packages. It is used to keep project dependencies separate. It prevents version conflicts between projects. It has lighter isolation than Docker, and tools include venv and conda."
Programming Language,Why do developers use iterator?,Iterator is used to loop over collections uniformly. It hides how a collection is stored and allows lazy evaluation. It is single-pass and can be exhausted. It lets a for loop in Python walk through a list. It is defined by __iter__ and __next__ in Python.
Programming Language,What are the advantages of reference?,Reference saves memory and lets functions modify the original object. It is an alias or handle that refers to an existing object or value. It can cause unintended shared changes between variables. It differs from a pointer because it usually cannot be reassigned or do arithmetic.
Programming Language,Define Global Interpreter Lock in simple words.,"Global Interpreter Lock is a lock in CPython that lets only one thread execute Python bytecode at a time. It prevents CPU-bound threads from running in parallel. It makes two CPU-heavy threads take about as long as running sequentially. It is bypassed with multiprocessing, native extensions, or alternative interpreters."
Programming Language,What are the limitations of memory leak?,Memory leak gradually exhausts memory and can crash long-running programs. It is a bug where memory that is no longer needed is never released. It can be found with profilers and fixed by releasing unused references. It happens when event listeners are never removed in a long-lived page.
Programming Language,When should you avoid pointer?,"Pointer causes crashes, leaks, and security bugs when misused. It is a variable that stores the memory address of another value. It is used for dynamic allocation, arrays, and efficient data passing. It gives direct memory control and enables data structures like linked lists."
Programming Language,In which situations is memory leak a good choice?,Memory leak is investigated when programs slow down or crash over time. It is a bug where memory that is no longer needed is never released. It can be found with profilers and fixed by releasing unused references. It gradually exhausts memory and can crash long-running programs.
Programming Language,What is the basic idea behind struct?,"Struct is a composite data type that groups related fields under one name. It organizes related data compactly with predictable layout. It stores a point with x and y coordinates in Go. It is similar to a class, but often with value semantics."
Programming Language,What makes list comprehension valuable?,"List comprehension is shorter and often faster than an equivalent loop. It is a concise syntax for building a list from an iterable in Python. It is used to transform or filter data in one expression. It extends to dictionary, set, and generator expressions."
Programming Language,Can you illustrate data type with an example?,"Data type includes integers, floats, strings, booleans, and arrays. It is a classification that tells a language how a value is stored and used. It is used to determine valid operations and memory layout. It catches mistakes and enables optimization."
Programming Language,What is inheritance used for?,Inheritance is used to share behavior among related classes. It is a mechanism where a class acquires properties and methods from a parent class. It creates tight coupling and fragile hierarchies. It makes a Dog class extend an Animal class.
Programming Language,What makes encapsulation valuable?,Encapsulation hides implementation details so internals can change safely. It is bundling data with methods and restricting direct access to internals. It is used to protect object state and expose a clean interface. It makes a BankAccount balance private and changed only through deposit and withdraw.
Programming Language,What other concepts are connected to Global Interpreter Lock?,"Global Interpreter Lock is bypassed with multiprocessing, native extensions, or alternative interpreters. It is relevant when choosing between threads and processes in Python. It prevents CPU-bound threads from running in parallel. It makes two CPU-heavy threads take about as long as running sequentially."
Programming Language,Describe a scenario where struct is applied.,"Struct stores a point with x and y coordinates in Go. It is used to represent simple records in C, C++, Go, and Rust. It organizes related data compactly with predictable layout. It lacks the inheritance and encapsulation features of full classes in some languages."
Programming Language,What is an alternative to Global Interpreter Lock?,"Global Interpreter Lock is bypassed with multiprocessing, native extensions, or alternative interpreters. It simplifies memory management and makes single-threaded code fast. It prevents CPU-bound threads from running in parallel. It makes two CPU-heavy threads take about as long as running sequentially."
Programming Language,Where is memory leak commonly applied?,Memory leak is investigated when programs slow down or crash over time. It gradually exhausts memory and can crash long-running programs. It happens when event listeners are never removed in a long-lived page. It can occur even in garbage-collected languages through lingering references.
Programming Language,What are the drawbacks of mutability?,Mutability can cause surprising side effects when shared. It is considered when passing objects or sharing data between functions. It allows in-place updates that are efficient for large data. It lets a Python list be appended to after creation. It is the opposite of immutability.
Programming Language,How is iterator used in practice?,Iterator lets a for loop in Python walk through a list. It is an object that provides items one at a time through a next operation. It hides how a collection is stored and allows lazy evaluation. It is single-pass and can be exhausted.
Programming Language,Can you give a short overview of decorator?,"Decorator is a function that wraps another function to extend its behavior. It is used for logging, caching, authentication, and timing. It adds features without modifying the original code. It uses @timer above a function to measure its run time."
Programming Language,Describe object-oriented programming briefly.,"Object-oriented programming is a programming paradigm that organizes code into objects with data and behavior. It is used to model real-world entities in large applications. It can lead to deep hierarchies and over-engineering. It rests on encapsulation, inheritance, polymorphism, and abstraction."
Programming Language,What do you gain by using inheritance?,Inheritance reduces duplication and supports specialization. It is a mechanism where a class acquires properties and methods from a parent class. It creates tight coupling and fragile hierarchies. It makes a Dog class extend an Animal class. It is often balanced by composition over inheritance.
Programming Language,What is the basic idea behind virtual environment?,"Virtual environment is an isolated environment with its own interpreter and packages. It is used to keep project dependencies separate. It prevents version conflicts between projects. It adds setup steps and must be activated correctly. It has lighter isolation than Docker, and tools include venv and conda."
Programming Language,In which situations is Global Interpreter Lock a good choice?,Global Interpreter Lock is relevant when choosing between threads and processes in Python. It is a lock in CPython that lets only one thread execute Python bytecode at a time. It makes two CPU-heavy threads take about as long as running sequentially.
Programming Language,What does type inference mean?,"Type inference is the compiler's ability to deduce a variable's type automatically. It is used in languages like TypeScript, Kotlin, Rust, and modern C++. It can make types less obvious and produce confusing errors. It lets let x = 5 be understood as an integer in Rust."
Programming Language,List the strengths of data type.,Data type catches mistakes and enables optimization. It is used to determine valid operations and memory layout. It can require conversions and cause errors when types are mixed. It is checked at compile time in static languages and at runtime in dynamic ones.
Programming Language,When should you avoid package manager?,"Package manager can introduce vulnerable or conflicting dependencies. It is a tool that installs, updates, and manages libraries and dependencies. It is used to share and reuse code across projects. It automates dependency resolution and versioning. It installs requests with pip install requests."
Programming Language,Is there a substitute for operator overloading?,"Operator overloading is supported in C++, Python, and C#, but not in Java. It is defining custom behavior for operators on user-defined types. It is used for mathematical types such as vectors and complex numbers. It lets a Vector class support a + b in Python by defining __add__."
Programming Language,Why is struct useful?,"Struct organizes related data compactly with predictable layout. It is used to represent simple records in C, C++, Go, and Rust. It lacks the inheritance and encapsulation features of full classes in some languages. It is similar to a class, but often with value semantics."
Programming Language,How is garbage collection used in practice?,"Garbage collection frees a Java object when no references to it remain. It is used in languages like Java, Python, and Go. It prevents most memory leaks and dangling pointer errors. It adds overhead and unpredictable pauses. It differs from manual management in C and ownership in Rust."
Programming Language,How is JIT compilation typically used in real projects?,JIT compilation is used in engines like the JVM and V8. It is compiling code to machine code during program execution. It optimizes hot code paths using runtime information. It adds warmup time and memory use. It speeds up a frequently called Java method after the JVM notices it.
Programming Language,What are the downsides of JIT compilation?,JIT compilation adds warmup time and memory use. It is compiling code to machine code during program execution. It is used in engines like the JVM and V8. It optimizes hot code paths using runtime information. It speeds up a frequently called Java method after the JVM notices it.
Programming Language,What are the alternatives or companions of compiler?,"Compiler differs from an interpreter, which runs code directly. It is a program that translates source code into machine code or bytecode before running. It produces fast executables and catches many errors early. It adds a build step and compilation time. It turns main.c into an executable using gcc."
Programming Language,Explain variable.,"Variable is a named storage location that holds a value in a program. It is used to store, update, and reuse data during execution. It can cause bugs when names are unclear, shadowed, or modified unexpectedly. It differs from a constant, whose value should not change."
Programming Language,What is an alternative to JIT compilation?,JIT compilation sits between pure interpretation and ahead-of-time compilation. It is compiling code to machine code during program execution. It is used in engines like the JVM and V8. It speeds up a frequently called Java method after the JVM notices it.
Programming Language,What does immutability mean?,"Immutability is the property of an object that cannot change after creation. It is used for safe sharing, hashing, and functional programming. It prevents accidental changes and makes concurrency safer. It creates new objects for each change, which costs memory and time."
Programming Language,In which situations is immutability a good choice?,"Immutability is used for safe sharing, hashing, and functional programming. It is the property of an object that cannot change after creation. It makes Python strings and tuples unchangeable once created. It contrasts with mutability and is supported by const and final keywords."
Programming Language,What is a practical example of static typing?,"Static typing rejects assigning a string to an int variable before the program runs. It is a system where types are checked at compile time. It is used in languages like Java, C++, and Go. It can require verbose declarations and reduce flexibility."
Programming Language,What problem does pointer solve?,"Pointer is used for dynamic allocation, arrays, and efficient data passing. It is a variable that stores the memory address of another value. It stores the address of an int in C with int *p = &x. It is replaced by references and smart pointers in safer languages."
Programming Language,Can you give a short overview of multithreading?,"Multithreading is running multiple threads of execution within one process. It can improve throughput and responsiveness. It risks race conditions, deadlocks, and hard-to-reproduce bugs. It downloads files in background threads while the interface stays active. It requires synchronization tools like locks and semaphores."
Programming Language,Can you illustrate variable with an example?,"Variable stores a user's age as age = 25 in Python. It makes code readable and flexible by naming values. It can cause bugs when names are unclear, shadowed, or modified unexpectedly. It differs from a constant, whose value should not change."
Programming Language,What problems can list comprehension cause?,"List comprehension hurts readability when nested or complex. It is a concise syntax for building a list from an iterable in Python. It is shorter and often faster than an equivalent loop. It extends to dictionary, set, and generator expressions."
Programming Language,What should I learn alongside interpreter?,"Interpreter is often mixed with compilation to bytecode and JIT. It is a program that executes source code directly, line by line or through bytecode. It enables quick feedback and easy debugging. It is generally slower than compiled code. It runs a Python script with the python command."
Programming Language,What are the downsides of garbage collection?,Garbage collection adds overhead and unpredictable pauses. It is automatic memory management that frees objects no longer reachable. It prevents most memory leaks and dangling pointer errors. It frees a Java object when no references to it remain. It differs from manual management in C and ownership in Rust.
Programming Language,What do you gain by using mutability?,Mutability allows in-place updates that are efficient for large data. It is the property of an object that allows it to be changed after creation. It is considered when passing objects or sharing data between functions. It can cause surprising side effects when shared.
Programming Language,What makes closure valuable?,Closure enables data hiding and flexible behavior without classes. It is a function that remembers variables from the scope where it was created. It can keep objects alive longer than expected and cause memory leaks. It creates a counter function whose count persists between calls.
Programming Language,Why do developers use garbage collection?,"Garbage collection is used in languages like Java, Python, and Go. It prevents most memory leaks and dangling pointer errors. It frees a Java object when no references to it remain. It differs from manual management in C and ownership in Rust."
Programming Language,Can you give a short overview of enum?,"Enum is a type consisting of a fixed set of named constants. It prevents invalid values and improves readability over magic numbers. It can be hard to extend when values change frequently. It defines Weekday values like MONDAY and TUESDAY. It exists in Java, C++, C#, Python, and TypeScript."
Programming Language,What are the advantages of enum?,"Enum prevents invalid values and improves readability over magic numbers. It is a type consisting of a fixed set of named constants. It is used for states, categories, and options. It can be hard to extend when values change frequently."
Programming Language,What is an alternative to static typing?,"Static typing contrasts with dynamic typing in Python and JavaScript. It is a system where types are checked at compile time. It is used in languages like Java, C++, and Go. It catches type errors early and enables optimization and better tooling."
Programming Language,Define loop in simple words.,Loop is a control structure that repeats a block of code. It is used to process collections and repeat actions until a condition changes. It avoids duplicated code and automates repetition. It can run forever if the exit condition is never met.
Programming Language,Can you illustrate iterator with an example?,Iterator lets a for loop in Python walk through a list. It is used to loop over collections uniformly. It hides how a collection is stored and allows lazy evaluation. It is single-pass and can be exhausted. It is defined by __iter__ and __next__ in Python.
Programming Language,What are the advantages of decorator?,Decorator adds features without modifying the original code. It is a function that wraps another function to extend its behavior. It uses @timer above a function to measure its run time. It builds on closures and higher-order functions in Python.
Programming Language,Is there a substitute for interface?,"Interface differs from an abstract class, which can hold state and implementation. It is used to define capabilities and decouple code. It adds indirection, and changing an interface affects all implementers. It defines Comparable so any class can be sorted."
Programming Language,What is an alternative to dynamic typing?,Dynamic typing can be strengthened with type hints and checkers like mypy. It is a system where types are checked at runtime. It lets type errors appear only when code runs. It lets a variable hold a number and later a string in Python.
Programming Language,What is an alternative to null pointer?,Null pointer is avoided by Optional types and null safety in Kotlin and Rust. It is used to signal absence of a value in languages like C and Java. It provides a simple way to mark uninitialized or missing references.
Programming Language,What are the disadvantages of function?,"Function becomes hard to follow when too long or dependent on global state. It is used to organize logic and avoid repetition. It improves readability, testing, and reuse. It defines add(a, b) that returns a plus b. It is called a method when attached to an object."
Programming Language,How would you explain package manager to a beginner?,"Package manager is a tool that installs, updates, and manages libraries and dependencies. It is used to share and reuse code across projects. It automates dependency resolution and versioning. It installs requests with pip install requests. It includes npm, pip, Maven, Cargo, and NuGet."
Programming Language,What are common pitfalls with iterator?,Iterator is single-pass and can be exhausted. It is an object that provides items one at a time through a next operation. It is used to loop over collections uniformly. It hides how a collection is stored and allows lazy evaluation.
Programming Language,How would you explain static typing to a beginner?,"Static typing is a system where types are checked at compile time. It is used in languages like Java, C++, and Go. It catches type errors early and enables optimization and better tooling. It can require verbose declarations and reduce flexibility. It contrasts with dynamic typing in Python and JavaScript."
Programming Language,List the strengths of iterator.,Iterator hides how a collection is stored and allows lazy evaluation. It is an object that provides items one at a time through a next operation. It is single-pass and can be exhausted. It lets a for loop in Python walk through a list.
Programming Language,What problem does polymorphism solve?,Polymorphism is used to write flexible code that works with many object types. It is the ability for different types to be used through the same interface. It can make control flow harder to trace. It lets draw() behave differently for Circle and Square objects.
Programming Language,Describe struct briefly.,"Struct is a composite data type that groups related fields under one name. It lacks the inheritance and encapsulation features of full classes in some languages. It stores a point with x and y coordinates in Go. It is similar to a class, but often with value semantics."
Programming Language,What is an alternative to function?,"Function is called a method when attached to an object. It is a reusable block of code that performs a task and may return a value. It is used to organize logic and avoid repetition. It improves readability, testing, and reuse. It defines add(a, b) that returns a plus b."
Programming Language,What is related to variable?,"Variable differs from a constant, whose value should not change. It is a named storage location that holds a value in a program. It is used to store, update, and reuse data during execution. It makes code readable and flexible by naming values."
Programming Language,What are the disadvantages of struct?,"Struct lacks the inheritance and encapsulation features of full classes in some languages. It is a composite data type that groups related fields under one name. It organizes related data compactly with predictable layout. It is similar to a class, but often with value semantics."
Programming Language,What is a practical example of closure?,"Closure creates a counter function whose count persists between calls. It is a function that remembers variables from the scope where it was created. It is used for private state, callbacks, and function factories. It can keep objects alive longer than expected and cause memory leaks."
Programming Language,What are the limitations of JIT compilation?,JIT compilation adds warmup time and memory use. It is compiling code to machine code during program execution. It is used in engines like the JVM and V8. It optimizes hot code paths using runtime information. It speeds up a frequently called Java method after the JVM notices it.
Programming Language,What makes package manager valuable?,"Package manager automates dependency resolution and versioning. It is a tool that installs, updates, and manages libraries and dependencies. It is used to share and reuse code across projects. It installs requests with pip install requests. It includes npm, pip, Maven, Cargo, and NuGet."
Programming Language,What problem does generator solve?,Generator is used for large or infinite sequences and streaming data. It is a function that yields values one at a time and pauses between them. It saves memory by producing items lazily. It can be consumed only once and cannot be indexed.
Programming Language,Why is exception handling useful?,Exception handling separates error handling from normal logic and prevents crashes. It is used to handle failures like missing files or invalid input gracefully. It can hide bugs when exceptions are swallowed silently. It catches a ZeroDivisionError in Python and prints a friendly message.
Programming Language,What problem does lambda solve?,"Lambda is used for short callbacks, sorting keys, and functional operations. It becomes unreadable when complex and is harder to debug. It sorts words by length using key=lambda w: len(w) in Python. It is also called an arrow function in JavaScript."
Programming Language,Walk me through a simple example of struct.,"Struct stores a point with x and y coordinates in Go. It is used to represent simple records in C, C++, Go, and Rust. It lacks the inheritance and encapsulation features of full classes in some languages. It is similar to a class, but often with value semantics."
Programming Language,What is the difference between an abstract class and an interface in Java?,"An abstract class can contain both implemented and abstract methods, fields, and constructors, and a class can extend only one. An interface defines a contract of behaviors, which a class can implement multiple times. Use abstract classes for shared base behavior and interfaces for capabilities across unrelated classes."
Programming Language,How does data type differ from related concepts?,Data type is checked at compile time in static languages and at runtime in dynamic ones. It is a classification that tells a language how a value is stored and used. It is used to determine valid operations and memory layout. It catches mistakes and enables optimization.
Programming Language,How does hoisting differ from related concepts?,"Hoisting behaves differently for let and const, which stay in a temporal dead zone. It is JavaScript behavior where declarations are moved to the top of their scope before execution. It lets functions be called before they are defined. It causes confusing undefined values with var."
Programming Language,Can you illustrate hoisting with an example?,"Hoisting makes console.log(x) print undefined when var x is declared later. It is JavaScript behavior where declarations are moved to the top of their scope before execution. It causes confusing undefined values with var. It behaves differently for let and const, which stay in a temporal dead zone."
Programming Language,Define static typing in simple words.,Static typing is a system where types are checked at compile time. It catches type errors early and enables optimization and better tooling. It rejects assigning a string to an int variable before the program runs. It contrasts with dynamic typing in Python and JavaScript.
Programming Language,Is there a substitute for data type?,"Data type is checked at compile time in static languages and at runtime in dynamic ones. It is used to determine valid operations and memory layout. It can require conversions and cause errors when types are mixed. It includes integers, floats, strings, booleans, and arrays."
Programming Language,What are common pitfalls with operator overloading?,"Operator overloading can mislead readers when operators do unexpected things. It is used for mathematical types such as vectors and complex numbers. It makes code expressive and natural to read. It is supported in C++, Python, and C#, but not in Java."
Programming Language,What are the advantages of virtual environment?,"Virtual environment prevents version conflicts between projects. It is an isolated environment with its own interpreter and packages. It adds setup steps and must be activated correctly. It creates one with python -m venv env. It has lighter isolation than Docker, and tools include venv and conda."
Programming Language,Walk me through a simple example of namespace.,"Namespace places std::vector under the std namespace in C++. It is a container that groups names to avoid conflicts. It is used to organize large codebases and libraries. It prevents collisions between identically named items. It appears as packages in Java, modules in Python, and namespaces in C#."
Programming Language,What problems can object-oriented programming cause?,Object-oriented programming can lead to deep hierarchies and over-engineering. It is a programming paradigm that organizes code into objects with data and behavior. It is used to model real-world entities in large applications. It models a Car class with attributes like color and methods like drive.
Programming Language,Where have you seen interface in action?,"Interface defines Comparable so any class can be sorted. It is a contract that specifies methods a type must implement. It enables polymorphism and easier testing through mocks. It adds indirection, and changing an interface affects all implementers. It differs from an abstract class, which can hold state and implementation."
Programming Language,What makes lambda valuable?,"Lambda keeps simple logic concise without naming a function. It is a small anonymous function defined inline. It is used for short callbacks, sorting keys, and functional operations. It becomes unreadable when complex and is harder to debug. It is also called an arrow function in JavaScript."
Programming Language,Describe a scenario where iterator is applied.,Iterator lets a for loop in Python walk through a list. It is an object that provides items one at a time through a next operation. It is used to loop over collections uniformly. It is single-pass and can be exhausted. It is defined by __iter__ and __next__ in Python.
Programming Language,What makes multithreading valuable?,"Multithreading can improve throughput and responsiveness. It is running multiple threads of execution within one process. It is used to keep apps responsive and overlap I/O work. It risks race conditions, deadlocks, and hard-to-reproduce bugs. It downloads files in background threads while the interface stays active."
Programming Language,What does dynamic typing mean?,"Dynamic typing is a system where types are checked at runtime. It is used in languages like Python, JavaScript, and Ruby. It lets type errors appear only when code runs. It can be strengthened with type hints and checkers like mypy."
Programming Language,What is the basic idea behind dynamic typing?,Dynamic typing is a system where types are checked at runtime. It enables quick prototyping and flexible code. It lets a variable hold a number and later a string in Python. It can be strengthened with type hints and checkers like mypy.
Programming Language,How would you explain polymorphism to a beginner?,Polymorphism is the ability for different types to be used through the same interface. It can make control flow harder to trace. It lets draw() behave differently for Circle and Square objects. It appears as overriding at runtime and overloading at compile time.
Programming Language,What should you watch out for when using multithreading?,"Multithreading risks race conditions, deadlocks, and hard-to-reproduce bugs. It is running multiple threads of execution within one process. It is used to keep apps responsive and overlap I/O work. It can improve throughput and responsiveness. It requires synchronization tools like locks and semaphores."
Programming Language,What is mutability?,Mutability is the property of an object that allows it to be changed after creation. It is considered when passing objects or sharing data between functions. It can cause surprising side effects when shared. It lets a Python list be appended to after creation. It is the opposite of immutability.
Programming Language,What are the benefits of using decorator?,"Decorator adds features without modifying the original code. It is a function that wraps another function to extend its behavior. It is used for logging, caching, authentication, and timing. It can hide control flow and complicate debugging and signatures. It builds on closures and higher-order functions in Python."
Programming Language,Why is virtual environment considered important?,Virtual environment prevents version conflicts between projects. It is an isolated environment with its own interpreter and packages. It is used to keep project dependencies separate. It adds setup steps and must be activated correctly. It creates one with python -m venv env.
Programming Language,What is a practical example of function?,"Function defines add(a, b) that returns a plus b. It is used to organize logic and avoid repetition. It becomes hard to follow when too long or dependent on global state. It is called a method when attached to an object."
Programming Language,Where is namespace commonly applied?,"Namespace is used to organize large codebases and libraries. It is a container that groups names to avoid conflicts. It prevents collisions between identically named items. It places std::vector under the std namespace in C++. It appears as packages in Java, modules in Python, and namespaces in C#."
Programming Language,What is dynamic typing used for?,"Dynamic typing is used in languages like Python, JavaScript, and Ruby. It is a system where types are checked at runtime. It enables quick prototyping and flexible code. It lets type errors appear only when code runs. It can be strengthened with type hints and checkers like mypy."
Programming Language,What is compiler?,"Compiler is a program that translates source code into machine code or bytecode before running. It adds a build step and compilation time. It turns main.c into an executable using gcc. It differs from an interpreter, which runs code directly."
Programming Language,What are the advantages of pointer?,"Pointer gives direct memory control and enables data structures like linked lists. It is used for dynamic allocation, arrays, and efficient data passing. It stores the address of an int in C with int *p = &x. It is replaced by references and smart pointers in safer languages."
Programming Language,What are the drawbacks of decorator?,"Decorator can hide control flow and complicate debugging and signatures. It is a function that wraps another function to extend its behavior. It is used for logging, caching, authentication, and timing. It adds features without modifying the original code. It uses @timer above a function to measure its run time."
Programming Language,Where is async/await commonly applied?,Async/await is used for I/O tasks such as network calls and file access. It does not speed up CPU-bound work and forgotten awaits cause bugs. It awaits a fetch call in JavaScript before reading its JSON. It is built on promises in JavaScript and event loops in Python.
Programming Language,What should you watch out for when using generator?,Generator can be consumed only once and cannot be indexed. It is used for large or infinite sequences and streaming data. It saves memory by producing items lazily. It yields lines from a huge file one by one in Python.
Programming Language,What are the drawbacks of pointer?,"Pointer causes crashes, leaks, and security bugs when misused. It gives direct memory control and enables data structures like linked lists. It stores the address of an int in C with int *p = &x. It is replaced by references and smart pointers in safer languages."
Programming Language,How does inheritance compare with similar approaches?,Inheritance is often balanced by composition over inheritance. It is a mechanism where a class acquires properties and methods from a parent class. It is used to share behavior among related classes. It reduces duplication and supports specialization. It makes a Dog class extend an Animal class.
Programming Language,Is there a substitute for dynamic typing?,"Dynamic typing can be strengthened with type hints and checkers like mypy. It is a system where types are checked at runtime. It is used in languages like Python, JavaScript, and Ruby. It lets type errors appear only when code runs."
Programming Language,Can you give a short overview of generic?,"Generic is a feature that lets code work with types specified later. It is used for reusable collections and algorithms. It can make signatures complex and sometimes hurts readability. It uses List<String> in Java to hold only strings. It appears as generics in Java and C#, and templates in C++."
Programming Language,How does package manager differ from related concepts?,"Package manager includes npm, pip, Maven, Cargo, and NuGet. It is a tool that installs, updates, and manages libraries and dependencies. It automates dependency resolution and versioning. It can introduce vulnerable or conflicting dependencies. It installs requests with pip install requests."
Programming Language,Show a real-world example of Global Interpreter Lock.,Global Interpreter Lock makes two CPU-heavy threads take about as long as running sequentially. It is relevant when choosing between threads and processes in Python. It simplifies memory management and makes single-threaded code fast. It prevents CPU-bound threads from running in parallel.
Programming Language,What are the limitations of virtual environment?,"Virtual environment adds setup steps and must be activated correctly. It is an isolated environment with its own interpreter and packages. It is used to keep project dependencies separate. It prevents version conflicts between projects. It has lighter isolation than Docker, and tools include venv and conda."
Programming Language,How is generator typically used in real projects?,Generator is used for large or infinite sequences and streaming data. It saves memory by producing items lazily. It can be consumed only once and cannot be indexed. It yields lines from a huge file one by one in Python. It is related to iterators and the yield keyword.
Programming Language,In which situations is inheritance a good choice?,Inheritance is used to share behavior among related classes. It is a mechanism where a class acquires properties and methods from a parent class. It reduces duplication and supports specialization. It makes a Dog class extend an Animal class. It is often balanced by composition over inheritance.
Programming Language,How does mutability compare with similar approaches?,Mutability is the opposite of immutability. It is the property of an object that allows it to be changed after creation. It is considered when passing objects or sharing data between functions. It can cause surprising side effects when shared. It lets a Python list be appended to after creation.
Programming Language,Walk me through a simple example of closure.,"Closure creates a counter function whose count persists between calls. It is a function that remembers variables from the scope where it was created. It enables data hiding and flexible behavior without classes. It is common in JavaScript, Python, and functional languages."
Programming Language,What is abstraction used for?,Abstraction is used to design simple interfaces over complex implementations. It is hiding complexity by exposing only essential features. It lets people use components without knowing their internals. It lets you call car.start() without knowing how the engine works. It is implemented with abstract classes and interfaces.
Programming Language,Explain encapsulation.,Encapsulation is bundling data with methods and restricting direct access to internals. It hides implementation details so internals can change safely. It makes a BankAccount balance private and changed only through deposit and withdraw. It is supported by access modifiers like private and protected.
Programming Language,How would you explain type inference to a beginner?,Type inference is the compiler's ability to deduce a variable's type automatically. It reduces boilerplate while keeping static type safety. It can make types less obvious and produce confusing errors. It lets let x = 5 be understood as an integer in Rust.
Programming Language,Give an example of memory leak.,Memory leak happens when event listeners are never removed in a long-lived page. It is a bug where memory that is no longer needed is never released. It gradually exhausts memory and can crash long-running programs. It can occur even in garbage-collected languages through lingering references.
Programming Language,Describe enum briefly.,"Enum is a type consisting of a fixed set of named constants. It is used for states, categories, and options. It prevents invalid values and improves readability over magic numbers. It can be hard to extend when values change frequently. It exists in Java, C++, C#, Python, and TypeScript."
Programming Language,What are the disadvantages of lambda?,"Lambda becomes unreadable when complex and is harder to debug. It is a small anonymous function defined inline. It is used for short callbacks, sorting keys, and functional operations. It keeps simple logic concise without naming a function. It is also called an arrow function in JavaScript."
Programming Language,What is the basic idea behind JIT compilation?,JIT compilation is compiling code to machine code during program execution. It is used in engines like the JVM and V8. It optimizes hot code paths using runtime information. It adds warmup time and memory use. It speeds up a frequently called Java method after the JVM notices it.
Programming Language,Give an example of static typing.,"Static typing rejects assigning a string to an int variable before the program runs. It is used in languages like Java, C++, and Go. It catches type errors early and enables optimization and better tooling. It can require verbose declarations and reduce flexibility."
Programming Language,Describe a scenario where generator is applied.,Generator yields lines from a huge file one by one in Python. It is a function that yields values one at a time and pauses between them. It saves memory by producing items lazily. It can be consumed only once and cannot be indexed.
Programming Language,What should I learn alongside enum?,"Enum exists in Java, C++, C#, Python, and TypeScript. It is used for states, categories, and options. It prevents invalid values and improves readability over magic numbers. It can be hard to extend when values change frequently. It defines Weekday values like MONDAY and TUESDAY."
Programming Language,How would you explain Global Interpreter Lock to a beginner?,"Global Interpreter Lock is a lock in CPython that lets only one thread execute Python bytecode at a time. It is relevant when choosing between threads and processes in Python. It simplifies memory management and makes single-threaded code fast. It is bypassed with multiprocessing, native extensions, or alternative interpreters."
Programming Language,Describe static typing briefly.,"Static typing is a system where types are checked at compile time. It is used in languages like Java, C++, and Go. It rejects assigning a string to an int variable before the program runs. It contrasts with dynamic typing in Python and JavaScript."
Programming Language,What problem does closure solve?,"Closure is used for private state, callbacks, and function factories. It is a function that remembers variables from the scope where it was created. It can keep objects alive longer than expected and cause memory leaks. It is common in JavaScript, Python, and functional languages."
Programming Language,Why do developers use compiler?,"Compiler is used for languages like C, C++, Rust, and Go. It is a program that translates source code into machine code or bytecode before running. It adds a build step and compilation time. It differs from an interpreter, which runs code directly."
Programming Language,What do you gain by using interpreter?,Interpreter enables quick feedback and easy debugging. It is used for languages like Python and Ruby. It is generally slower than compiled code. It runs a Python script with the python command. It is often mixed with compilation to bytecode and JIT.
Programming Language,How is Global Interpreter Lock used in practice?,Global Interpreter Lock makes two CPU-heavy threads take about as long as running sequentially. It is a lock in CPython that lets only one thread execute Python bytecode at a time. It is relevant when choosing between threads and processes in Python.
Programming Language,How is data type typically used in real projects?,"Data type is used to determine valid operations and memory layout. It is a classification that tells a language how a value is stored and used. It includes integers, floats, strings, booleans, and arrays. It is checked at compile time in static languages and at runtime in dynamic ones."
Programming Language,What other concepts are connected to virtual environment?,"Virtual environment has lighter isolation than Docker, and tools include venv and conda. It is an isolated environment with its own interpreter and packages. It is used to keep project dependencies separate. It creates one with python -m venv env."
Programming Language,How does memory leak compare with similar approaches?,Memory leak can occur even in garbage-collected languages through lingering references. It is a bug where memory that is no longer needed is never released. It is investigated when programs slow down or crash over time. It gradually exhausts memory and can crash long-running programs.
Programming Language,Walk me through a simple example of JIT compilation.,JIT compilation speeds up a frequently called Java method after the JVM notices it. It is compiling code to machine code during program execution. It is used in engines like the JVM and V8. It sits between pure interpretation and ahead-of-time compilation.
Programming Language,Can you give a short overview of dynamic typing?,"Dynamic typing is a system where types are checked at runtime. It is used in languages like Python, JavaScript, and Ruby. It enables quick prototyping and flexible code. It lets type errors appear only when code runs. It lets a variable hold a number and later a string in Python."
Programming Language,How does inheritance help developers?,Inheritance reduces duplication and supports specialization. It is a mechanism where a class acquires properties and methods from a parent class. It creates tight coupling and fragile hierarchies. It makes a Dog class extend an Animal class. It is often balanced by composition over inheritance.
Programming Language,When should you avoid inheritance?,Inheritance creates tight coupling and fragile hierarchies. It is a mechanism where a class acquires properties and methods from a parent class. It is used to share behavior among related classes. It makes a Dog class extend an Animal class.
Programming Language,What does object-oriented programming mean?,"Object-oriented programming is a programming paradigm that organizes code into objects with data and behavior. It is used to model real-world entities in large applications. It improves modularity, reuse, and maintainability. It models a Car class with attributes like color and methods like drive."
Programming Language,Is there a substitute for iterator?,Iterator is defined by __iter__ and __next__ in Python. It is an object that provides items one at a time through a next operation. It hides how a collection is stored and allows lazy evaluation. It lets a for loop in Python walk through a list.
Programming Language,What are the downsides of encapsulation?,Encapsulation can add boilerplate getters and setters. It is bundling data with methods and restricting direct access to internals. It is used to protect object state and expose a clean interface. It hides implementation details so internals can change safely.
Programming Language,What are the downsides of lambda?,"Lambda becomes unreadable when complex and is harder to debug. It is a small anonymous function defined inline. It is used for short callbacks, sorting keys, and functional operations. It keeps simple logic concise without naming a function. It sorts words by length using key=lambda w: len(w) in Python."
Programming Language,What do you gain by using memory leak?,Memory leak can be found with profilers and fixed by releasing unused references. It gradually exhausts memory and can crash long-running programs. It happens when event listeners are never removed in a long-lived page. It can occur even in garbage-collected languages through lingering references.
Programming Language,What is an alternative to virtual environment?,"Virtual environment has lighter isolation than Docker, and tools include venv and conda. It is an isolated environment with its own interpreter and packages. It prevents version conflicts between projects. It adds setup steps and must be activated correctly. It creates one with python -m venv env."
Programming Language,When should you use function?,"Function is used to organize logic and avoid repetition. It is a reusable block of code that performs a task and may return a value. It improves readability, testing, and reuse. It defines add(a, b) that returns a plus b. It is called a method when attached to an object."
Programming Language,When should you avoid multithreading?,"Multithreading risks race conditions, deadlocks, and hard-to-reproduce bugs. It is running multiple threads of execution within one process. It is used to keep apps responsive and overlap I/O work. It can improve throughput and responsiveness. It downloads files in background threads while the interface stays active."
Programming Language,What is the basic idea behind memory leak?,Memory leak is a bug where memory that is no longer needed is never released. It can be found with profilers and fixed by releasing unused references. It gradually exhausts memory and can crash long-running programs. It can occur even in garbage-collected languages through lingering references.
Programming Language,Can you illustrate mutability with an example?,Mutability lets a Python list be appended to after creation. It is the property of an object that allows it to be changed after creation. It allows in-place updates that are efficient for large data. It is the opposite of immutability.
Programming Language,How is object-oriented programming used in practice?,"Object-oriented programming models a Car class with attributes like color and methods like drive. It is a programming paradigm that organizes code into objects with data and behavior. It can lead to deep hierarchies and over-engineering. It rests on encapsulation, inheritance, polymorphism, and abstraction."
Programming Language,Give an example of hoisting.,"Hoisting makes console.log(x) print undefined when var x is declared later. It lets functions be called before they are defined. It causes confusing undefined values with var. It behaves differently for let and const, which stay in a temporal dead zone."
Programming Language,What is related to generator?,Generator is related to iterators and the yield keyword. It is a function that yields values one at a time and pauses between them. It is used for large or infinite sequences and streaming data. It yields lines from a huge file one by one in Python.
Programming Language,What does async/await mean?,Async/await is syntax for writing asynchronous code that looks sequential. It improves readability over callbacks and keeps programs responsive. It does not speed up CPU-bound work and forgotten awaits cause bugs. It awaits a fetch call in JavaScript before reading its JSON.
Programming Language,What are the drawbacks of generic?,"Generic can make signatures complex and sometimes hurts readability. It is a feature that lets code work with types specified later. It is used for reusable collections and algorithms. It provides type safety without duplicating code. It appears as generics in Java and C#, and templates in C++."
Programming Language,How does dynamic typing differ from related concepts?,"Dynamic typing can be strengthened with type hints and checkers like mypy. It is a system where types are checked at runtime. It is used in languages like Python, JavaScript, and Ruby. It enables quick prototyping and flexible code. It lets type errors appear only when code runs."
Programming Language,What problems can exception handling cause?,Exception handling can hide bugs when exceptions are swallowed silently. It is a mechanism for responding to runtime errors using try and catch constructs. It is used to handle failures like missing files or invalid input gracefully. It catches a ZeroDivisionError in Python and prints a friendly message.
Programming Language,What problems can reference cause?,Reference can cause unintended shared changes between variables. It is an alias or handle that refers to an existing object or value. It is used to pass large objects without copying them. It differs from a pointer because it usually cannot be reassigned or do arithmetic.
Programming Language,Describe a scenario where reference is applied.,Reference makes two Python variables point to the same list. It is used to pass large objects without copying them. It saves memory and lets functions modify the original object. It differs from a pointer because it usually cannot be reassigned or do arithmetic.
Programming Language,What other concepts are connected to enum?,"Enum exists in Java, C++, C#, Python, and TypeScript. It is a type consisting of a fixed set of named constants. It is used for states, categories, and options. It prevents invalid values and improves readability over magic numbers. It defines Weekday values like MONDAY and TUESDAY."
Programming Language,Can you illustrate polymorphism with an example?,Polymorphism lets draw() behave differently for Circle and Square objects. It is the ability for different types to be used through the same interface. It is used to write flexible code that works with many object types. It reduces conditional logic and makes code extensible.
Programming Language,What is function?,"Function is a reusable block of code that performs a task and may return a value. It improves readability, testing, and reuse. It defines add(a, b) that returns a plus b. It is called a method when attached to an object."
Programming Language,In which situations is generic a good choice?,"Generic is used for reusable collections and algorithms. It is a feature that lets code work with types specified later. It provides type safety without duplicating code. It can make signatures complex and sometimes hurts readability. It appears as generics in Java and C#, and templates in C++."
Programming Language,What are common pitfalls with abstraction?,Abstraction can leak details when poorly designed or add needless layers. It is hiding complexity by exposing only essential features. It is used to design simple interfaces over complex implementations. It lets people use components without knowing their internals. It lets you call car.start() without knowing how the engine works.
Programming Language,What is related to compiler?,"Compiler differs from an interpreter, which runs code directly. It is a program that translates source code into machine code or bytecode before running. It produces fast executables and catches many errors early. It turns main.c into an executable using gcc."
Programming Language,What are the disadvantages of Global Interpreter Lock?,"Global Interpreter Lock prevents CPU-bound threads from running in parallel. It is a lock in CPython that lets only one thread execute Python bytecode at a time. It simplifies memory management and makes single-threaded code fast. It is bypassed with multiprocessing, native extensions, or alternative interpreters."
Programming Language,What other concepts are connected to generic?,"Generic appears as generics in Java and C#, and templates in C++. It is a feature that lets code work with types specified later. It is used for reusable collections and algorithms. It provides type safety without duplicating code. It uses List<String> in Java to hold only strings."
Programming Language,What are the downsides of package manager?,"Package manager can introduce vulnerable or conflicting dependencies. It is a tool that installs, updates, and manages libraries and dependencies. It is used to share and reuse code across projects. It automates dependency resolution and versioning. It installs requests with pip install requests."
Programming Language,Show a real-world example of function.,"Function defines add(a, b) that returns a plus b. It is a reusable block of code that performs a task and may return a value. It improves readability, testing, and reuse. It is called a method when attached to an object."
Programming Language,What is async/await?,Async/await is syntax for writing asynchronous code that looks sequential. It is used for I/O tasks such as network calls and file access. It improves readability over callbacks and keeps programs responsive. It does not speed up CPU-bound work and forgotten awaits cause bugs.
Programming Language,What problem does mutability solve?,Mutability is considered when passing objects or sharing data between functions. It is the property of an object that allows it to be changed after creation. It can cause surprising side effects when shared. It lets a Python list be appended to after creation.
Programming Language,Walk me through a simple example of mutability.,Mutability lets a Python list be appended to after creation. It is the property of an object that allows it to be changed after creation. It allows in-place updates that are efficient for large data. It can cause surprising side effects when shared. It is the opposite of immutability.
Programming Language,What is lambda used for?,"Lambda is used for short callbacks, sorting keys, and functional operations. It is a small anonymous function defined inline. It keeps simple logic concise without naming a function. It sorts words by length using key=lambda w: len(w) in Python. It is also called an arrow function in JavaScript."
Programming Language,What are the disadvantages of hoisting?,Hoisting causes confusing undefined values with var. It is JavaScript behavior where declarations are moved to the top of their scope before execution. It lets functions be called before they are defined. It makes console.log(x) print undefined when var x is declared later.
Programming Language,Walk me through a simple example of list comprehension.,"List comprehension creates squares with [x*x for x in range(5)]. It is a concise syntax for building a list from an iterable in Python. It is shorter and often faster than an equivalent loop. It hurts readability when nested or complex. It extends to dictionary, set, and generator expressions."
Programming Language,Is there a substitute for null pointer?,"Null pointer is avoided by Optional types and null safety in Kotlin and Rust. It is a pointer that refers to no valid memory location. It provides a simple way to mark uninitialized or missing references. It causes crashes or exceptions when dereferenced, famously called a billion-dollar mistake."
Programming Language,Explain memory leak.,Memory leak is a bug where memory that is no longer needed is never released. It is investigated when programs slow down or crash over time. It gradually exhausts memory and can crash long-running programs. It can occur even in garbage-collected languages through lingering references.
Programming Language,What are common pitfalls with list comprehension?,List comprehension hurts readability when nested or complex. It is a concise syntax for building a list from an iterable in Python. It is used to transform or filter data in one expression. It is shorter and often faster than an equivalent loop.
Programming Language,How would you explain operator overloading to a beginner?,"Operator overloading is defining custom behavior for operators on user-defined types. It can mislead readers when operators do unexpected things. It lets a Vector class support a + b in Python by defining __add__. It is supported in C++, Python, and C#, but not in Java."
Programming Language,Define interface in simple words.,"Interface is a contract that specifies methods a type must implement. It is used to define capabilities and decouple code. It enables polymorphism and easier testing through mocks. It adds indirection, and changing an interface affects all implementers. It differs from an abstract class, which can hold state and implementation."
Programming Language,Is there a substitute for exception handling?,"Exception handling includes try, except or catch, finally, and throw or raise. It is used to handle failures like missing files or invalid input gracefully. It separates error handling from normal logic and prevents crashes. It can hide bugs when exceptions are swallowed silently."
Programming Language,What does loop mean?,"Loop is a control structure that repeats a block of code. It is used to process collections and repeat actions until a condition changes. It can run forever if the exit condition is never met. It appears as for, while, and do-while forms."
Programming Language,Can you illustrate operator overloading with an example?,Operator overloading lets a Vector class support a + b in Python by defining __add__. It is defining custom behavior for operators on user-defined types. It is used for mathematical types such as vectors and complex numbers. It makes code expressive and natural to read.
Programming Language,Can you illustrate async/await with an example?,Async/await awaits a fetch call in JavaScript before reading its JSON. It is syntax for writing asynchronous code that looks sequential. It is used for I/O tasks such as network calls and file access. It does not speed up CPU-bound work and forgotten awaits cause bugs.
Programming Language,How does generator compare with similar approaches?,Generator is related to iterators and the yield keyword. It is a function that yields values one at a time and pauses between them. It saves memory by producing items lazily. It yields lines from a huge file one by one in Python.
Programming Language,Can you give a short overview of struct?,"Struct is a composite data type that groups related fields under one name. It is used to represent simple records in C, C++, Go, and Rust. It organizes related data compactly with predictable layout. It stores a point with x and y coordinates in Go."
Programming Language,How is encapsulation typically used in real projects?,Encapsulation is used to protect object state and expose a clean interface. It hides implementation details so internals can change safely. It makes a BankAccount balance private and changed only through deposit and withdraw. It is supported by access modifiers like private and protected.
Programming Language,How does generic differ from related concepts?,"Generic appears as generics in Java and C#, and templates in C++. It is a feature that lets code work with types specified later. It provides type safety without duplicating code. It uses List<String> in Java to hold only strings."
Programming Language,Where is mutability commonly applied?,Mutability is considered when passing objects or sharing data between functions. It is the property of an object that allows it to be changed after creation. It allows in-place updates that are efficient for large data. It is the opposite of immutability.
Programming Language,What other concepts are connected to interface?,"Interface differs from an abstract class, which can hold state and implementation. It is a contract that specifies methods a type must implement. It is used to define capabilities and decouple code. It defines Comparable so any class can be sorted."
Programming Language,When should you use multithreading?,"Multithreading is used to keep apps responsive and overlap I/O work. It can improve throughput and responsiveness. It risks race conditions, deadlocks, and hard-to-reproduce bugs. It downloads files in background threads while the interface stays active. It requires synchronization tools like locks and semaphores."
Programming Language,What do you gain by using multithreading?,Multithreading can improve throughput and responsiveness. It is running multiple threads of execution within one process. It is used to keep apps responsive and overlap I/O work. It downloads files in background threads while the interface stays active. It requires synchronization tools like locks and semaphores.
Programming Language,Explain multithreading.,"Multithreading is running multiple threads of execution within one process. It is used to keep apps responsive and overlap I/O work. It risks race conditions, deadlocks, and hard-to-reproduce bugs. It downloads files in background threads while the interface stays active."
Programming Language,Give an example of pointer.,"Pointer stores the address of an int in C with int *p = &x. It is a variable that stores the memory address of another value. It is used for dynamic allocation, arrays, and efficient data passing. It gives direct memory control and enables data structures like linked lists."
Programming Language,What are common pitfalls with reference?,Reference can cause unintended shared changes between variables. It is an alias or handle that refers to an existing object or value. It saves memory and lets functions modify the original object. It differs from a pointer because it usually cannot be reassigned or do arithmetic.
Programming Language,What are the drawbacks of abstraction?,Abstraction can leak details when poorly designed or add needless layers. It is used to design simple interfaces over complex implementations. It lets people use components without knowing their internals. It lets you call car.start() without knowing how the engine works. It is implemented with abstract classes and interfaces.
Programming Language,What does interface mean?,"Interface is a contract that specifies methods a type must implement. It is used to define capabilities and decouple code. It enables polymorphism and easier testing through mocks. It adds indirection, and changing an interface affects all implementers. It defines Comparable so any class can be sorted."
Programming Language,How does generator help developers?,Generator saves memory by producing items lazily. It is a function that yields values one at a time and pauses between them. It yields lines from a huge file one by one in Python. It is related to iterators and the yield keyword.
Programming Language,Describe interpreter briefly.,"Interpreter is a program that executes source code directly, line by line or through bytecode. It is used for languages like Python and Ruby. It enables quick feedback and easy debugging. It is generally slower than compiled code. It is often mixed with compilation to bytecode and JIT."
Programming Language,Is there a substitute for compiler?,"Compiler differs from an interpreter, which runs code directly. It is a program that translates source code into machine code or bytecode before running. It produces fast executables and catches many errors early. It adds a build step and compilation time."
Programming Language,Is there a substitute for struct?,"Struct is similar to a class, but often with value semantics. It is a composite data type that groups related fields under one name. It is used to represent simple records in C, C++, Go, and Rust. It lacks the inheritance and encapsulation features of full classes in some languages."
Programming Language,What should I learn alongside reference?,Reference differs from a pointer because it usually cannot be reassigned or do arithmetic. It is an alias or handle that refers to an existing object or value. It is used to pass large objects without copying them. It saves memory and lets functions modify the original object.
Programming Language,What are the disadvantages of pointer?,"Pointer causes crashes, leaks, and security bugs when misused. It is a variable that stores the memory address of another value. It stores the address of an int in C with int *p = &x. It is replaced by references and smart pointers in safer languages."
Programming Language,What is package manager used for?,"Package manager is used to share and reuse code across projects. It is a tool that installs, updates, and manages libraries and dependencies. It automates dependency resolution and versioning. It installs requests with pip install requests. It includes npm, pip, Maven, Cargo, and NuGet."
Programming Language,Explain garbage collection.,"Garbage collection is automatic memory management that frees objects no longer reachable. It is used in languages like Java, Python, and Go. It prevents most memory leaks and dangling pointer errors. It frees a Java object when no references to it remain."
Programming Language,How does dynamic typing help developers?,Dynamic typing enables quick prototyping and flexible code. It is a system where types are checked at runtime. It lets a variable hold a number and later a string in Python. It can be strengthened with type hints and checkers like mypy.
Programming Language,Why is type inference considered important?,"Type inference reduces boilerplate while keeping static type safety. It is the compiler's ability to deduce a variable's type automatically. It lets let x = 5 be understood as an integer in Rust. It uses keywords like auto, var, or val."
Programming Language,Can you illustrate interface with an example?,"Interface defines Comparable so any class can be sorted. It is used to define capabilities and decouple code. It adds indirection, and changing an interface affects all implementers. It differs from an abstract class, which can hold state and implementation."
Programming Language,Show a real-world example of struct.,"Struct stores a point with x and y coordinates in Go. It is a composite data type that groups related fields under one name. It lacks the inheritance and encapsulation features of full classes in some languages. It is similar to a class, but often with value semantics."
Programming Language,Can you give a short overview of list comprehension?,List comprehension is a concise syntax for building a list from an iterable in Python. It is used to transform or filter data in one expression. It is shorter and often faster than an equivalent loop. It hurts readability when nested or complex.
Programming Language,Give an example of mutability.,Mutability lets a Python list be appended to after creation. It is the property of an object that allows it to be changed after creation. It is considered when passing objects or sharing data between functions. It allows in-place updates that are efficient for large data.
Programming Language,Define JIT compilation in simple words.,JIT compilation is compiling code to machine code during program execution. It is used in engines like the JVM and V8. It adds warmup time and memory use. It speeds up a frequently called Java method after the JVM notices it. It sits between pure interpretation and ahead-of-time compilation.
Programming Language,How would you explain data type to a beginner?,Data type is a classification that tells a language how a value is stored and used. It is used to determine valid operations and memory layout. It is checked at compile time in static languages and at runtime in dynamic ones.
Programming Language,How does namespace differ from related concepts?,"Namespace appears as packages in Java, modules in Python, and namespaces in C#. It is used to organize large codebases and libraries. It can cause confusion when imports or scopes overlap. It places std::vector under the std namespace in C++."
Programming Language,How is Global Interpreter Lock typically used in real projects?,"Global Interpreter Lock is relevant when choosing between threads and processes in Python. It simplifies memory management and makes single-threaded code fast. It prevents CPU-bound threads from running in parallel. It is bypassed with multiprocessing, native extensions, or alternative interpreters."
Programming Language,Can you illustrate struct with an example?,"Struct stores a point with x and y coordinates in Go. It is a composite data type that groups related fields under one name. It is used to represent simple records in C, C++, Go, and Rust. It is similar to a class, but often with value semantics."
Programming Language,What is a practical example of async/await?,Async/await awaits a fetch call in JavaScript before reading its JSON. It is syntax for writing asynchronous code that looks sequential. It improves readability over callbacks and keeps programs responsive. It does not speed up CPU-bound work and forgotten awaits cause bugs.
Programming Language,How is dynamic typing used in practice?,Dynamic typing lets a variable hold a number and later a string in Python. It is a system where types are checked at runtime. It lets type errors appear only when code runs. It can be strengthened with type hints and checkers like mypy.
Programming Language,What is the basic idea behind generic?,"Generic is a feature that lets code work with types specified later. It provides type safety without duplicating code. It can make signatures complex and sometimes hurts readability. It appears as generics in Java and C#, and templates in C++."
Programming Language,How would you explain encapsulation to a beginner?,Encapsulation is bundling data with methods and restricting direct access to internals. It is used to protect object state and expose a clean interface. It can add boilerplate getters and setters. It is supported by access modifiers like private and protected.
Programming Language,Why is promise useful?,"Promise avoids deeply nested callbacks and supports chaining. It is an object representing the eventual result of an asynchronous operation. It is used in JavaScript to handle network requests and timers. It chains fetch(url).then(res => res.json()) to process a response. It has pending, fulfilled, and rejected states."
Programming Language,How does null pointer help developers?,"Null pointer provides a simple way to mark uninitialized or missing references. It causes crashes or exceptions when dereferenced, famously called a billion-dollar mistake. It triggers a NullPointerException in Java when calling a method on null. It is avoided by Optional types and null safety in Kotlin and Rust."
Programming Language,Describe mutability briefly.,Mutability is the property of an object that allows it to be changed after creation. It allows in-place updates that are efficient for large data. It can cause surprising side effects when shared. It lets a Python list be appended to after creation.
Programming Language,What makes null pointer valuable?,"Null pointer provides a simple way to mark uninitialized or missing references. It is a pointer that refers to no valid memory location. It is used to signal absence of a value in languages like C and Java. It causes crashes or exceptions when dereferenced, famously called a billion-dollar mistake."
Programming Language,What are the alternatives or companions of hoisting?,"Hoisting behaves differently for let and const, which stay in a temporal dead zone. It is JavaScript behavior where declarations are moved to the top of their scope before execution. It is relevant when understanding var, function declarations, and temporal dead zones. It causes confusing undefined values with var."
Programming Language,What other concepts are connected to exception handling?,"Exception handling includes try, except or catch, finally, and throw or raise. It is a mechanism for responding to runtime errors using try and catch constructs. It is used to handle failures like missing files or invalid input gracefully. It can hide bugs when exceptions are swallowed silently."
Programming Language,What are the limitations of interface?,"Interface adds indirection, and changing an interface affects all implementers. It is a contract that specifies methods a type must implement. It enables polymorphism and easier testing through mocks. It differs from an abstract class, which can hold state and implementation."
Programming Language,What are common pitfalls with garbage collection?,"Garbage collection adds overhead and unpredictable pauses. It is used in languages like Java, Python, and Go. It prevents most memory leaks and dangling pointer errors. It frees a Java object when no references to it remain. It differs from manual management in C and ownership in Rust."
Programming Language,Describe a scenario where promise is applied.,"Promise chains fetch(url).then(res => res.json()) to process a response. It is an object representing the eventual result of an asynchronous operation. It is used in JavaScript to handle network requests and timers. It avoids deeply nested callbacks and supports chaining. It has pending, fulfilled, and rejected states."
Programming Language,What other concepts are connected to function?,"Function is called a method when attached to an object. It is a reusable block of code that performs a task and may return a value. It is used to organize logic and avoid repetition. It defines add(a, b) that returns a plus b."
Programming Language,What are the drawbacks of list comprehension?,"List comprehension hurts readability when nested or complex. It is used to transform or filter data in one expression. It is shorter and often faster than an equivalent loop. It creates squares with [x*x for x in range(5)]. It extends to dictionary, set, and generator expressions."
Programming Language,Can you give a short overview of type inference?,"Type inference is the compiler's ability to deduce a variable's type automatically. It is used in languages like TypeScript, Kotlin, Rust, and modern C++. It reduces boilerplate while keeping static type safety. It can make types less obvious and produce confusing errors. It uses keywords like auto, var, or val."
Programming Language,Can you illustrate garbage collection with an example?,Garbage collection frees a Java object when no references to it remain. It is automatic memory management that frees objects no longer reachable. It prevents most memory leaks and dangling pointer errors. It adds overhead and unpredictable pauses. It differs from manual management in C and ownership in Rust.
Programming Language,What problem does compiler solve?,"Compiler is used for languages like C, C++, Rust, and Go. It is a program that translates source code into machine code or bytecode before running. It produces fast executables and catches many errors early. It turns main.c into an executable using gcc."
Programming Language,How does exception handling compare with similar approaches?,"Exception handling includes try, except or catch, finally, and throw or raise. It is a mechanism for responding to runtime errors using try and catch constructs. It separates error handling from normal logic and prevents crashes. It can hide bugs when exceptions are swallowed silently."
Programming Language,What is an alternative to abstraction?,Abstraction is implemented with abstract classes and interfaces. It is used to design simple interfaces over complex implementations. It can leak details when poorly designed or add needless layers. It lets you call car.start() without knowing how the engine works.
Programming Language,What is immutability used for?,"Immutability is used for safe sharing, hashing, and functional programming. It is the property of an object that cannot change after creation. It creates new objects for each change, which costs memory and time. It makes Python strings and tuples unchangeable once created."
Programming Language,What are the drawbacks of package manager?,"Package manager can introduce vulnerable or conflicting dependencies. It is a tool that installs, updates, and manages libraries and dependencies. It automates dependency resolution and versioning. It installs requests with pip install requests. It includes npm, pip, Maven, Cargo, and NuGet."
Programming Language,List the strengths of compiler.,"Compiler produces fast executables and catches many errors early. It is a program that translates source code into machine code or bytecode before running. It is used for languages like C, C++, Rust, and Go. It differs from an interpreter, which runs code directly."
Programming Language,What should I learn alongside generic?,"Generic appears as generics in Java and C#, and templates in C++. It is a feature that lets code work with types specified later. It can make signatures complex and sometimes hurts readability. It uses List<String> in Java to hold only strings."
Programming Language,What is an alternative to decorator?,Decorator builds on closures and higher-order functions in Python. It is a function that wraps another function to extend its behavior. It adds features without modifying the original code. It can hide control flow and complicate debugging and signatures. It uses @timer above a function to measure its run time.
Programming Language,What should I learn alongside list comprehension?,"List comprehension extends to dictionary, set, and generator expressions. It is a concise syntax for building a list from an iterable in Python. It is shorter and often faster than an equivalent loop. It hurts readability when nested or complex. It creates squares with [x*x for x in range(5)]."
Programming Language,Why is compiler useful?,"Compiler produces fast executables and catches many errors early. It is used for languages like C, C++, Rust, and Go. It adds a build step and compilation time. It turns main.c into an executable using gcc. It differs from an interpreter, which runs code directly."
Programming Language,What are the advantages of async/await?,Async/await improves readability over callbacks and keeps programs responsive. It does not speed up CPU-bound work and forgotten awaits cause bugs. It awaits a fetch call in JavaScript before reading its JSON. It is built on promises in JavaScript and event loops in Python.
Programming Language,Why do developers use JIT compilation?,JIT compilation is used in engines like the JVM and V8. It is compiling code to machine code during program execution. It optimizes hot code paths using runtime information. It speeds up a frequently called Java method after the JVM notices it. It sits between pure interpretation and ahead-of-time compilation.
Programming Language,What other concepts are connected to garbage collection?,Garbage collection differs from manual management in C and ownership in Rust. It is automatic memory management that frees objects no longer reachable. It prevents most memory leaks and dangling pointer errors. It frees a Java object when no references to it remain.
Programming Language,What is namespace used for?,"Namespace is used to organize large codebases and libraries. It prevents collisions between identically named items. It can cause confusion when imports or scopes overlap. It places std::vector under the std namespace in C++. It appears as packages in Java, modules in Python, and namespaces in C#."
Programming Language,What are the alternatives or companions of interface?,"Interface differs from an abstract class, which can hold state and implementation. It is a contract that specifies methods a type must implement. It enables polymorphism and easier testing through mocks. It adds indirection, and changing an interface affects all implementers. It defines Comparable so any class can be sorted."
Programming Language,Describe multithreading briefly.,Multithreading is running multiple threads of execution within one process. It is used to keep apps responsive and overlap I/O work. It can improve throughput and responsiveness. It downloads files in background threads while the interface stays active. It requires synchronization tools like locks and semaphores.
Programming Language,What are the limitations of compiler?,"Compiler adds a build step and compilation time. It is a program that translates source code into machine code or bytecode before running. It produces fast executables and catches many errors early. It turns main.c into an executable using gcc. It differs from an interpreter, which runs code directly."
Programming Language,Give an example of decorator.,"Decorator uses @timer above a function to measure its run time. It is used for logging, caching, authentication, and timing. It adds features without modifying the original code. It can hide control flow and complicate debugging and signatures. It builds on closures and higher-order functions in Python."
Programming Language,What is an alternative to iterator?,Iterator is defined by __iter__ and __next__ in Python. It is an object that provides items one at a time through a next operation. It hides how a collection is stored and allows lazy evaluation. It is single-pass and can be exhausted.
Programming Language,In which situations is garbage collection a good choice?,"Garbage collection is used in languages like Java, Python, and Go. It is automatic memory management that frees objects no longer reachable. It prevents most memory leaks and dangling pointer errors. It adds overhead and unpredictable pauses. It frees a Java object when no references to it remain."
Programming Language,What are the drawbacks of data type?,"Data type can require conversions and cause errors when types are mixed. It is a classification that tells a language how a value is stored and used. It catches mistakes and enables optimization. It includes integers, floats, strings, booleans, and arrays."
Programming Language,What do you gain by using hoisting?,"Hoisting lets functions be called before they are defined. It is JavaScript behavior where declarations are moved to the top of their scope before execution. It is relevant when understanding var, function declarations, and temporal dead zones. It makes console.log(x) print undefined when var x is declared later."
Programming Language,How does compiler differ from related concepts?,"Compiler differs from an interpreter, which runs code directly. It is a program that translates source code into machine code or bytecode before running. It adds a build step and compilation time. It turns main.c into an executable using gcc."
Programming Language,What should I learn alongside multithreading?,"Multithreading requires synchronization tools like locks and semaphores. It is running multiple threads of execution within one process. It is used to keep apps responsive and overlap I/O work. It risks race conditions, deadlocks, and hard-to-reproduce bugs. It downloads files in background threads while the interface stays active."
Programming Language,Why is virtual environment useful?,Virtual environment prevents version conflicts between projects. It is an isolated environment with its own interpreter and packages. It is used to keep project dependencies separate. It adds setup steps and must be activated correctly. It creates one with python -m venv env.
Programming Language,When should you use immutability?,"Immutability is used for safe sharing, hashing, and functional programming. It is the property of an object that cannot change after creation. It prevents accidental changes and makes concurrency safer. It contrasts with mutability and is supported by const and final keywords."
Programming Language,What problem does exception handling solve?,"Exception handling is used to handle failures like missing files or invalid input gracefully. It is a mechanism for responding to runtime errors using try and catch constructs. It catches a ZeroDivisionError in Python and prints a friendly message. It includes try, except or catch, finally, and throw or raise."
Programming Language,What is related to reference?,Reference differs from a pointer because it usually cannot be reassigned or do arithmetic. It is an alias or handle that refers to an existing object or value. It is used to pass large objects without copying them. It makes two Python variables point to the same list.
Programming Language,What is a practical example of garbage collection?,"Garbage collection frees a Java object when no references to it remain. It is automatic memory management that frees objects no longer reachable. It is used in languages like Java, Python, and Go. It adds overhead and unpredictable pauses. It differs from manual management in C and ownership in Rust."
Programming Language,Show a real-world example of lambda.,"Lambda sorts words by length using key=lambda w: len(w) in Python. It is a small anonymous function defined inline. It is used for short callbacks, sorting keys, and functional operations. It keeps simple logic concise without naming a function. It is also called an arrow function in JavaScript."
Programming Language,What is related to garbage collection?,Garbage collection differs from manual management in C and ownership in Rust. It is automatic memory management that frees objects no longer reachable. It prevents most memory leaks and dangling pointer errors. It adds overhead and unpredictable pauses. It frees a Java object when no references to it remain.
Programming Language,Why do developers use interface?,"Interface is used to define capabilities and decouple code. It is a contract that specifies methods a type must implement. It enables polymorphism and easier testing through mocks. It defines Comparable so any class can be sorted. It differs from an abstract class, which can hold state and implementation."
Programming Language,Why is package manager useful?,"Package manager automates dependency resolution and versioning. It is a tool that installs, updates, and manages libraries and dependencies. It can introduce vulnerable or conflicting dependencies. It installs requests with pip install requests. It includes npm, pip, Maven, Cargo, and NuGet."
Programming Language,What are the limitations of mutability?,Mutability can cause surprising side effects when shared. It is the property of an object that allows it to be changed after creation. It is considered when passing objects or sharing data between functions. It lets a Python list be appended to after creation. It is the opposite of immutability.
Programming Language,What is a practical example of mutability?,Mutability lets a Python list be appended to after creation. It is the property of an object that allows it to be changed after creation. It is considered when passing objects or sharing data between functions. It can cause surprising side effects when shared.
Programming Language,What is a practical example of exception handling?,Exception handling catches a ZeroDivisionError in Python and prints a friendly message. It is used to handle failures like missing files or invalid input gracefully. It separates error handling from normal logic and prevents crashes. It can hide bugs when exceptions are swallowed silently.
Programming Language,How does promise compare with similar approaches?,"Promise has pending, fulfilled, and rejected states. It is an object representing the eventual result of an asynchronous operation. It is used in JavaScript to handle network requests and timers. It can swallow errors if rejections are not handled. It chains fetch(url).then(res => res.json()) to process a response."
Programming Language,What are the alternatives or companions of object-oriented programming?,"Object-oriented programming rests on encapsulation, inheritance, polymorphism, and abstraction. It is a programming paradigm that organizes code into objects with data and behavior. It can lead to deep hierarchies and over-engineering. It models a Car class with attributes like color and methods like drive."
Programming Language,How is encapsulation used in practice?,Encapsulation makes a BankAccount balance private and changed only through deposit and withdraw. It is used to protect object state and expose a clean interface. It hides implementation details so internals can change safely. It is supported by access modifiers like private and protected.
Programming Language,How does async/await help developers?,Async/await improves readability over callbacks and keeps programs responsive. It is syntax for writing asynchronous code that looks sequential. It is used for I/O tasks such as network calls and file access. It does not speed up CPU-bound work and forgotten awaits cause bugs.
Programming Language,What is related to function?,"Function is called a method when attached to an object. It is used to organize logic and avoid repetition. It improves readability, testing, and reuse. It becomes hard to follow when too long or dependent on global state. It defines add(a, b) that returns a plus b."
Programming Language,What is an alternative to enum?,"Enum exists in Java, C++, C#, Python, and TypeScript. It is a type consisting of a fixed set of named constants. It prevents invalid values and improves readability over magic numbers. It can be hard to extend when values change frequently. It defines Weekday values like MONDAY and TUESDAY."
Programming Language,Explain operator overloading.,Operator overloading is defining custom behavior for operators on user-defined types. It is used for mathematical types such as vectors and complex numbers. It makes code expressive and natural to read. It lets a Vector class support a + b in Python by defining __add__.
Programming Language,What are the advantages of dynamic typing?,Dynamic typing enables quick prototyping and flexible code. It is a system where types are checked at runtime. It lets type errors appear only when code runs. It lets a variable hold a number and later a string in Python.
Programming Language,When should you use loop?,"Loop is used to process collections and repeat actions until a condition changes. It is a control structure that repeats a block of code. It avoids duplicated code and automates repetition. It can run forever if the exit condition is never met. It appears as for, while, and do-while forms."
Programming Language,What makes interface valuable?,"Interface enables polymorphism and easier testing through mocks. It is a contract that specifies methods a type must implement. It is used to define capabilities and decouple code. It adds indirection, and changing an interface affects all implementers. It differs from an abstract class, which can hold state and implementation."
Programming Language,What do you gain by using reference?,Reference saves memory and lets functions modify the original object. It can cause unintended shared changes between variables. It makes two Python variables point to the same list. It differs from a pointer because it usually cannot be reassigned or do arithmetic.
Programming Language,What should you watch out for when using decorator?,Decorator can hide control flow and complicate debugging and signatures. It is a function that wraps another function to extend its behavior. It uses @timer above a function to measure its run time. It builds on closures and higher-order functions in Python.
Programming Language,What are the alternatives or companions of abstraction?,Abstraction is implemented with abstract classes and interfaces. It is hiding complexity by exposing only essential features. It lets people use components without knowing their internals. It can leak details when poorly designed or add needless layers. It lets you call car.start() without knowing how the engine works.
Programming Language,Explain async/await.,Async/await is syntax for writing asynchronous code that looks sequential. It is used for I/O tasks such as network calls and file access. It does not speed up CPU-bound work and forgotten awaits cause bugs. It is built on promises in JavaScript and event loops in Python.
Programming Language,What are the benefits of using exception handling?,"Exception handling separates error handling from normal logic and prevents crashes. It is a mechanism for responding to runtime errors using try and catch constructs. It catches a ZeroDivisionError in Python and prints a friendly message. It includes try, except or catch, finally, and throw or raise."
Programming Language,What are the drawbacks of promise?,"Promise can swallow errors if rejections are not handled. It is used in JavaScript to handle network requests and timers. It avoids deeply nested callbacks and supports chaining. It chains fetch(url).then(res => res.json()) to process a response. It has pending, fulfilled, and rejected states."
Programming Language,In which situations is mutability a good choice?,Mutability is considered when passing objects or sharing data between functions. It is the property of an object that allows it to be changed after creation. It can cause surprising side effects when shared. It lets a Python list be appended to after creation. It is the opposite of immutability.
Programming Language,What does data type mean?,Data type is a classification that tells a language how a value is stored and used. It is used to determine valid operations and memory layout. It catches mistakes and enables optimization. It is checked at compile time in static languages and at runtime in dynamic ones.
Programming Language,Is there a substitute for abstraction?,Abstraction is implemented with abstract classes and interfaces. It is hiding complexity by exposing only essential features. It is used to design simple interfaces over complex implementations. It lets people use components without knowing their internals. It lets you call car.start() without knowing how the engine works.
Programming Language,What other concepts are connected to variable?,"Variable differs from a constant, whose value should not change. It is used to store, update, and reuse data during execution. It makes code readable and flexible by naming values. It can cause bugs when names are unclear, shadowed, or modified unexpectedly."
Programming Language,What should you watch out for when using interpreter?,"Interpreter is generally slower than compiled code. It is a program that executes source code directly, line by line or through bytecode. It is used for languages like Python and Ruby. It runs a Python script with the python command."
Programming Language,Where have you seen loop in action?,Loop prints numbers one to ten with a for loop. It is used to process collections and repeat actions until a condition changes. It avoids duplicated code and automates repetition. It can run forever if the exit condition is never met.
Programming Language,What is an alternative to package manager?,"Package manager includes npm, pip, Maven, Cargo, and NuGet. It is a tool that installs, updates, and manages libraries and dependencies. It is used to share and reuse code across projects. It automates dependency resolution and versioning. It installs requests with pip install requests."
Programming Language,Why is multithreading useful?,"Multithreading can improve throughput and responsiveness. It is running multiple threads of execution within one process. It risks race conditions, deadlocks, and hard-to-reproduce bugs. It downloads files in background threads while the interface stays active. It requires synchronization tools like locks and semaphores."
Programming Language,What are the advantages of closure?,"Closure enables data hiding and flexible behavior without classes. It is a function that remembers variables from the scope where it was created. It is used for private state, callbacks, and function factories. It can keep objects alive longer than expected and cause memory leaks."
Programming Language,What other concepts are connected to package manager?,"Package manager includes npm, pip, Maven, Cargo, and NuGet. It is a tool that installs, updates, and manages libraries and dependencies. It is used to share and reuse code across projects. It can introduce vulnerable or conflicting dependencies. It installs requests with pip install requests."
Programming Language,How is package manager typically used in real projects?,"Package manager is used to share and reuse code across projects. It is a tool that installs, updates, and manages libraries and dependencies. It automates dependency resolution and versioning. It can introduce vulnerable or conflicting dependencies. It includes npm, pip, Maven, Cargo, and NuGet."
Programming Language,Why is generator considered important?,Generator saves memory by producing items lazily. It is a function that yields values one at a time and pauses between them. It is used for large or infinite sequences and streaming data. It yields lines from a huge file one by one in Python.
Programming Language,Can you give a short overview of async/await?,Async/await is syntax for writing asynchronous code that looks sequential. It does not speed up CPU-bound work and forgotten awaits cause bugs. It awaits a fetch call in JavaScript before reading its JSON. It is built on promises in JavaScript and event loops in Python.
Programming Language,Walk me through a simple example of promise.,Promise chains fetch(url).then(res => res.json()) to process a response. It is an object representing the eventual result of an asynchronous operation. It is used in JavaScript to handle network requests and timers. It avoids deeply nested callbacks and supports chaining. It can swallow errors if rejections are not handled.
Programming Language,How does package manager help developers?,"Package manager automates dependency resolution and versioning. It is a tool that installs, updates, and manages libraries and dependencies. It is used to share and reuse code across projects. It can introduce vulnerable or conflicting dependencies. It installs requests with pip install requests."
Programming Language,What does promise mean?,Promise is an object representing the eventual result of an asynchronous operation. It is used in JavaScript to handle network requests and timers. It avoids deeply nested callbacks and supports chaining. It can swallow errors if rejections are not handled.
Programming Language,Where is generator commonly applied?,Generator is used for large or infinite sequences and streaming data. It saves memory by producing items lazily. It can be consumed only once and cannot be indexed. It yields lines from a huge file one by one in Python.
Programming Language,Explain namespace.,"Namespace is a container that groups names to avoid conflicts. It is used to organize large codebases and libraries. It prevents collisions between identically named items. It can cause confusion when imports or scopes overlap. It appears as packages in Java, modules in Python, and namespaces in C#."
Programming Language,What is an alternative to type inference?,"Type inference uses keywords like auto, var, or val. It is the compiler's ability to deduce a variable's type automatically. It is used in languages like TypeScript, Kotlin, Rust, and modern C++. It reduces boilerplate while keeping static type safety. It can make types less obvious and produce confusing errors."
Programming Language,What are common pitfalls with closure?,"Closure can keep objects alive longer than expected and cause memory leaks. It is a function that remembers variables from the scope where it was created. It enables data hiding and flexible behavior without classes. It is common in JavaScript, Python, and functional languages."
Programming Language,What other concepts are connected to decorator?,"Decorator builds on closures and higher-order functions in Python. It is a function that wraps another function to extend its behavior. It is used for logging, caching, authentication, and timing. It can hide control flow and complicate debugging and signatures."
Programming Language,In which situations is enum a good choice?,"Enum is used for states, categories, and options. It is a type consisting of a fixed set of named constants. It prevents invalid values and improves readability over magic numbers. It can be hard to extend when values change frequently."
Programming Language,When should you avoid namespace?,"Namespace can cause confusion when imports or scopes overlap. It is a container that groups names to avoid conflicts. It places std::vector under the std namespace in C++. It appears as packages in Java, modules in Python, and namespaces in C#."
Programming Language,Describe dynamic typing briefly.,"Dynamic typing is a system where types are checked at runtime. It is used in languages like Python, JavaScript, and Ruby. It lets type errors appear only when code runs. It lets a variable hold a number and later a string in Python."
Programming Language,Describe a scenario where interpreter is applied.,"Interpreter runs a Python script with the python command. It is a program that executes source code directly, line by line or through bytecode. It enables quick feedback and easy debugging. It is often mixed with compilation to bytecode and JIT."
Programming Language,Can you give a short overview of iterator?,Iterator is an object that provides items one at a time through a next operation. It is used to loop over collections uniformly. It is single-pass and can be exhausted. It lets a for loop in Python walk through a list.
Programming Language,What are the limitations of dynamic typing?,"Dynamic typing lets type errors appear only when code runs. It is used in languages like Python, JavaScript, and Ruby. It lets a variable hold a number and later a string in Python. It can be strengthened with type hints and checkers like mypy."
Programming Language,Can you give a short overview of reference?,Reference is an alias or handle that refers to an existing object or value. It is used to pass large objects without copying them. It can cause unintended shared changes between variables. It makes two Python variables point to the same list.
Programming Language,What is a practical example of decorator?,"Decorator uses @timer above a function to measure its run time. It is a function that wraps another function to extend its behavior. It is used for logging, caching, authentication, and timing. It adds features without modifying the original code."
Programming Language,What is generic?,"Generic is a feature that lets code work with types specified later. It is used for reusable collections and algorithms. It can make signatures complex and sometimes hurts readability. It appears as generics in Java and C#, and templates in C++."
Programming Language,How does multithreading differ from related concepts?,"Multithreading requires synchronization tools like locks and semaphores. It is running multiple threads of execution within one process. It can improve throughput and responsiveness. It risks race conditions, deadlocks, and hard-to-reproduce bugs. It downloads files in background threads while the interface stays active."
Programming Language,What are the drawbacks of closure?,"Closure can keep objects alive longer than expected and cause memory leaks. It is used for private state, callbacks, and function factories. It enables data hiding and flexible behavior without classes. It creates a counter function whose count persists between calls."
Programming Language,How does static typing differ from related concepts?,Static typing contrasts with dynamic typing in Python and JavaScript. It is a system where types are checked at compile time. It catches type errors early and enables optimization and better tooling. It rejects assigning a string to an int variable before the program runs.
Programming Language,What are common pitfalls with namespace?,"Namespace can cause confusion when imports or scopes overlap. It is used to organize large codebases and libraries. It prevents collisions between identically named items. It places std::vector under the std namespace in C++. It appears as packages in Java, modules in Python, and namespaces in C#."
Programming Language,Is there a substitute for function?,"Function is called a method when attached to an object. It is a reusable block of code that performs a task and may return a value. It improves readability, testing, and reuse. It becomes hard to follow when too long or dependent on global state."
Programming Language,In which situations is lambda a good choice?,"Lambda is used for short callbacks, sorting keys, and functional operations. It is a small anonymous function defined inline. It keeps simple logic concise without naming a function. It becomes unreadable when complex and is harder to debug. It is also called an arrow function in JavaScript."
Programming Language,How is async/await used in practice?,Async/await awaits a fetch call in JavaScript before reading its JSON. It is syntax for writing asynchronous code that looks sequential. It does not speed up CPU-bound work and forgotten awaits cause bugs. It is built on promises in JavaScript and event loops in Python.
Programming Language,Why do developers use struct?,"Struct is used to represent simple records in C, C++, Go, and Rust. It is a composite data type that groups related fields under one name. It organizes related data compactly with predictable layout. It lacks the inheritance and encapsulation features of full classes in some languages."
Programming Language,What does closure mean?,"Closure is a function that remembers variables from the scope where it was created. It is used for private state, callbacks, and function factories. It enables data hiding and flexible behavior without classes. It creates a counter function whose count persists between calls."
Programming Language,How does namespace compare with similar approaches?,"Namespace appears as packages in Java, modules in Python, and namespaces in C#. It is a container that groups names to avoid conflicts. It is used to organize large codebases and libraries. It prevents collisions between identically named items. It places std::vector under the std namespace in C++."
Programming Language,Where have you seen dynamic typing in action?,"Dynamic typing lets a variable hold a number and later a string in Python. It is a system where types are checked at runtime. It is used in languages like Python, JavaScript, and Ruby. It enables quick prototyping and flexible code. It lets type errors appear only when code runs."
Programming Language,List the strengths of null pointer.,"Null pointer provides a simple way to mark uninitialized or missing references. It is a pointer that refers to no valid memory location. It causes crashes or exceptions when dereferenced, famously called a billion-dollar mistake. It triggers a NullPointerException in Java when calling a method on null."
Programming Language,What problem does data type solve?,Data type is used to determine valid operations and memory layout. It is a classification that tells a language how a value is stored and used. It catches mistakes and enables optimization. It is checked at compile time in static languages and at runtime in dynamic ones.
Programming Language,What are the alternatives or companions of mutability?,Mutability is the opposite of immutability. It is the property of an object that allows it to be changed after creation. It allows in-place updates that are efficient for large data. It can cause surprising side effects when shared. It lets a Python list be appended to after creation.
Programming Language,Where have you seen lambda in action?,"Lambda sorts words by length using key=lambda w: len(w) in Python. It is used for short callbacks, sorting keys, and functional operations. It keeps simple logic concise without naming a function. It becomes unreadable when complex and is harder to debug."
Programming Language,Give an example of namespace.,"Namespace places std::vector under the std namespace in C++. It is a container that groups names to avoid conflicts. It is used to organize large codebases and libraries. It can cause confusion when imports or scopes overlap. It appears as packages in Java, modules in Python, and namespaces in C#."
Programming Language,Why is enum useful?,"Enum prevents invalid values and improves readability over magic numbers. It is a type consisting of a fixed set of named constants. It can be hard to extend when values change frequently. It defines Weekday values like MONDAY and TUESDAY. It exists in Java, C++, C#, Python, and TypeScript."
Programming Language,Walk me through a simple example of generic.,"Generic uses List<String> in Java to hold only strings. It is a feature that lets code work with types specified later. It provides type safety without duplicating code. It can make signatures complex and sometimes hurts readability. It appears as generics in Java and C#, and templates in C++."
Programming Language,What are the benefits of using mutability?,Mutability allows in-place updates that are efficient for large data. It is the property of an object that allows it to be changed after creation. It is considered when passing objects or sharing data between functions. It lets a Python list be appended to after creation.
Programming Language,What is closure?,"Closure is a function that remembers variables from the scope where it was created. It can keep objects alive longer than expected and cause memory leaks. It creates a counter function whose count persists between calls. It is common in JavaScript, Python, and functional languages."
Programming Language,What problem does memory leak solve?,Memory leak is investigated when programs slow down or crash over time. It is a bug where memory that is no longer needed is never released. It can be found with profilers and fixed by releasing unused references. It happens when event listeners are never removed in a long-lived page.
Programming Language,What are the advantages of abstraction?,Abstraction lets people use components without knowing their internals. It is hiding complexity by exposing only essential features. It can leak details when poorly designed or add needless layers. It lets you call car.start() without knowing how the engine works. It is implemented with abstract classes and interfaces.
Programming Language,How is static typing typically used in real projects?,"Static typing is used in languages like Java, C++, and Go. It is a system where types are checked at compile time. It rejects assigning a string to an int variable before the program runs. It contrasts with dynamic typing in Python and JavaScript."
Programming Language,Where have you seen null pointer in action?,"Null pointer triggers a NullPointerException in Java when calling a method on null. It provides a simple way to mark uninitialized or missing references. It causes crashes or exceptions when dereferenced, famously called a billion-dollar mistake. It is avoided by Optional types and null safety in Kotlin and Rust."
Programming Language,Describe interface briefly.,"Interface is a contract that specifies methods a type must implement. It is used to define capabilities and decouple code. It enables polymorphism and easier testing through mocks. It defines Comparable so any class can be sorted. It differs from an abstract class, which can hold state and implementation."
Programming Language,What is garbage collection?,Garbage collection is automatic memory management that frees objects no longer reachable. It prevents most memory leaks and dangling pointer errors. It frees a Java object when no references to it remain. It differs from manual management in C and ownership in Rust.
Programming Language,What should you watch out for when using abstraction?,Abstraction can leak details when poorly designed or add needless layers. It is hiding complexity by exposing only essential features. It lets people use components without knowing their internals. It lets you call car.start() without knowing how the engine works.
Programming Language,What is related to type inference?,"Type inference uses keywords like auto, var, or val. It is the compiler's ability to deduce a variable's type automatically. It is used in languages like TypeScript, Kotlin, Rust, and modern C++. It lets let x = 5 be understood as an integer in Rust."
Programming Language,What is the main purpose of object-oriented programming?,"Object-oriented programming is used to model real-world entities in large applications. It is a programming paradigm that organizes code into objects with data and behavior. It improves modularity, reuse, and maintainability. It can lead to deep hierarchies and over-engineering. It rests on encapsulation, inheritance, polymorphism, and abstraction."
Programming Language,What should you watch out for when using closure?,Closure can keep objects alive longer than expected and cause memory leaks. It is a function that remembers variables from the scope where it was created. It enables data hiding and flexible behavior without classes. It creates a counter function whose count persists between calls.
Programming Language,Explain hoisting.,"Hoisting is JavaScript behavior where declarations are moved to the top of their scope before execution. It lets functions be called before they are defined. It makes console.log(x) print undefined when var x is declared later. It behaves differently for let and const, which stay in a temporal dead zone."
Programming Language,What are the limitations of generator?,Generator can be consumed only once and cannot be indexed. It is a function that yields values one at a time and pauses between them. It is used for large or infinite sequences and streaming data. It is related to iterators and the yield keyword.
Programming Language,What is an alternative to memory leak?,Memory leak can occur even in garbage-collected languages through lingering references. It is investigated when programs slow down or crash over time. It gradually exhausts memory and can crash long-running programs. It happens when event listeners are never removed in a long-lived page.
Programming Language,Explain abstraction.,Abstraction is hiding complexity by exposing only essential features. It is used to design simple interfaces over complex implementations. It can leak details when poorly designed or add needless layers. It lets you call car.start() without knowing how the engine works. It is implemented with abstract classes and interfaces.
Programming Language,What are the downsides of closure?,"Closure can keep objects alive longer than expected and cause memory leaks. It enables data hiding and flexible behavior without classes. It creates a counter function whose count persists between calls. It is common in JavaScript, Python, and functional languages."
Programming Language,In which situations is pointer a good choice?,"Pointer is used for dynamic allocation, arrays, and efficient data passing. It is a variable that stores the memory address of another value. It causes crashes, leaks, and security bugs when misused. It is replaced by references and smart pointers in safer languages."
Programming Language,Why do developers use function?,"Function is used to organize logic and avoid repetition. It is a reusable block of code that performs a task and may return a value. It improves readability, testing, and reuse. It defines add(a, b) that returns a plus b."
Programming Language,How is lambda used in practice?,"Lambda sorts words by length using key=lambda w: len(w) in Python. It is a small anonymous function defined inline. It is used for short callbacks, sorting keys, and functional operations. It keeps simple logic concise without naming a function. It becomes unreadable when complex and is harder to debug."
Programming Language,How does dynamic typing compare with similar approaches?,"Dynamic typing can be strengthened with type hints and checkers like mypy. It is used in languages like Python, JavaScript, and Ruby. It lets type errors appear only when code runs. It lets a variable hold a number and later a string in Python."
Programming Language,What does memory leak mean?,Memory leak is a bug where memory that is no longer needed is never released. It is investigated when programs slow down or crash over time. It happens when event listeners are never removed in a long-lived page. It can occur even in garbage-collected languages through lingering references.
Programming Language,Why do developers use mutability?,Mutability is considered when passing objects or sharing data between functions. It is the property of an object that allows it to be changed after creation. It allows in-place updates that are efficient for large data. It can cause surprising side effects when shared.
Programming Language,Why do developers use hoisting?,"Hoisting is relevant when understanding var, function declarations, and temporal dead zones. It is JavaScript behavior where declarations are moved to the top of their scope before execution. It lets functions be called before they are defined. It causes confusing undefined values with var."
Programming Language,What other concepts are connected to polymorphism?,Polymorphism appears as overriding at runtime and overloading at compile time. It is used to write flexible code that works with many object types. It reduces conditional logic and makes code extensible. It can make control flow harder to trace.
Programming Language,Why is lambda useful?,"Lambda keeps simple logic concise without naming a function. It is used for short callbacks, sorting keys, and functional operations. It becomes unreadable when complex and is harder to debug. It sorts words by length using key=lambda w: len(w) in Python."
Programming Language,What is an alternative to promise?,"Promise has pending, fulfilled, and rejected states. It is used in JavaScript to handle network requests and timers. It avoids deeply nested callbacks and supports chaining. It can swallow errors if rejections are not handled. It chains fetch(url).then(res => res.json()) to process a response."
Programming Language,How is object-oriented programming typically used in real projects?,"Object-oriented programming is used to model real-world entities in large applications. It is a programming paradigm that organizes code into objects with data and behavior. It models a Car class with attributes like color and methods like drive. It rests on encapsulation, inheritance, polymorphism, and abstraction."
Programming Language,Describe operator overloading briefly.,"Operator overloading is defining custom behavior for operators on user-defined types. It is used for mathematical types such as vectors and complex numbers. It lets a Vector class support a + b in Python by defining __add__. It is supported in C++, Python, and C#, but not in Java."
Programming Language,What does iterator mean?,Iterator is an object that provides items one at a time through a next operation. It hides how a collection is stored and allows lazy evaluation. It lets a for loop in Python walk through a list. It is defined by __iter__ and __next__ in Python.
Programming Language,Describe hoisting briefly.,"Hoisting is JavaScript behavior where declarations are moved to the top of their scope before execution. It is relevant when understanding var, function declarations, and temporal dead zones. It causes confusing undefined values with var. It behaves differently for let and const, which stay in a temporal dead zone."
Programming Language,What are common pitfalls with multithreading?,"Multithreading risks race conditions, deadlocks, and hard-to-reproduce bugs. It is used to keep apps responsive and overlap I/O work. It can improve throughput and responsiveness. It downloads files in background threads while the interface stays active. It requires synchronization tools like locks and semaphores."
Programming Language,Where is operator overloading commonly applied?,"Operator overloading is used for mathematical types such as vectors and complex numbers. It is defining custom behavior for operators on user-defined types. It lets a Vector class support a + b in Python by defining __add__. It is supported in C++, Python, and C#, but not in Java."
Programming Language,List the strengths of generator.,Generator saves memory by producing items lazily. It is used for large or infinite sequences and streaming data. It can be consumed only once and cannot be indexed. It yields lines from a huge file one by one in Python. It is related to iterators and the yield keyword.
Programming Language,What are the downsides of polymorphism?,Polymorphism can make control flow harder to trace. It is the ability for different types to be used through the same interface. It lets draw() behave differently for Circle and Square objects. It appears as overriding at runtime and overloading at compile time.
Programming Language,What problem does variable solve?,"Variable is used to store, update, and reuse data during execution. It is a named storage location that holds a value in a program. It can cause bugs when names are unclear, shadowed, or modified unexpectedly. It differs from a constant, whose value should not change."
Programming Language,What are common pitfalls with Global Interpreter Lock?,"Global Interpreter Lock prevents CPU-bound threads from running in parallel. It is a lock in CPython that lets only one thread execute Python bytecode at a time. It makes two CPU-heavy threads take about as long as running sequentially. It is bypassed with multiprocessing, native extensions, or alternative interpreters."
Programming Language,Why is null pointer useful?,Null pointer provides a simple way to mark uninitialized or missing references. It is a pointer that refers to no valid memory location. It triggers a NullPointerException in Java when calling a method on null. It is avoided by Optional types and null safety in Kotlin and Rust.
Programming Language,What is a practical example of package manager?,"Package manager installs requests with pip install requests. It is a tool that installs, updates, and manages libraries and dependencies. It is used to share and reuse code across projects. It automates dependency resolution and versioning. It can introduce vulnerable or conflicting dependencies."
Programming Language,What are the advantages of generic?,"Generic provides type safety without duplicating code. It is used for reusable collections and algorithms. It can make signatures complex and sometimes hurts readability. It uses List<String> in Java to hold only strings. It appears as generics in Java and C#, and templates in C++."
Programming Language,How does garbage collection differ from related concepts?,"Garbage collection differs from manual management in C and ownership in Rust. It is automatic memory management that frees objects no longer reachable. It is used in languages like Java, Python, and Go. It adds overhead and unpredictable pauses. It frees a Java object when no references to it remain."
Programming Language,What problems can polymorphism cause?,Polymorphism can make control flow harder to trace. It is the ability for different types to be used through the same interface. It is used to write flexible code that works with many object types. It appears as overriding at runtime and overloading at compile time.
Programming Language,What makes dynamic typing valuable?,"Dynamic typing enables quick prototyping and flexible code. It is a system where types are checked at runtime. It is used in languages like Python, JavaScript, and Ruby. It lets a variable hold a number and later a string in Python."
Programming Language,What should you watch out for when using Global Interpreter Lock?,Global Interpreter Lock prevents CPU-bound threads from running in parallel. It is a lock in CPython that lets only one thread execute Python bytecode at a time. It is relevant when choosing between threads and processes in Python. It makes two CPU-heavy threads take about as long as running sequentially.
Programming Language,When should you avoid closure?,"Closure can keep objects alive longer than expected and cause memory leaks. It is a function that remembers variables from the scope where it was created. It is used for private state, callbacks, and function factories. It enables data hiding and flexible behavior without classes."
Programming Language,List the strengths of decorator.,"Decorator adds features without modifying the original code. It is a function that wraps another function to extend its behavior. It is used for logging, caching, authentication, and timing. It uses @timer above a function to measure its run time. It builds on closures and higher-order functions in Python."
Programming Language,What are the advantages of interpreter?,"Interpreter enables quick feedback and easy debugging. It is a program that executes source code directly, line by line or through bytecode. It is used for languages like Python and Ruby. It runs a Python script with the python command. It is often mixed with compilation to bytecode and JIT."
Programming Language,Why do developers use pointer?,"Pointer is used for dynamic allocation, arrays, and efficient data passing. It causes crashes, leaks, and security bugs when misused. It stores the address of an int in C with int *p = &x. It is replaced by references and smart pointers in safer languages."
Programming Language,What is a practical example of polymorphism?,Polymorphism lets draw() behave differently for Circle and Square objects. It is the ability for different types to be used through the same interface. It reduces conditional logic and makes code extensible. It can make control flow harder to trace.
Programming Language,What are the downsides of null pointer?,"Null pointer causes crashes or exceptions when dereferenced, famously called a billion-dollar mistake. It is a pointer that refers to no valid memory location. It triggers a NullPointerException in Java when calling a method on null. It is avoided by Optional types and null safety in Kotlin and Rust."
Programming Language,Where have you seen package manager in action?,"Package manager installs requests with pip install requests. It is a tool that installs, updates, and manages libraries and dependencies. It automates dependency resolution and versioning. It can introduce vulnerable or conflicting dependencies. It includes npm, pip, Maven, Cargo, and NuGet."
Programming Language,How does compiler compare with similar approaches?,"Compiler differs from an interpreter, which runs code directly. It is used for languages like C, C++, Rust, and Go. It produces fast executables and catches many errors early. It adds a build step and compilation time. It turns main.c into an executable using gcc."
Programming Language,Show a real-world example of immutability.,Immutability makes Python strings and tuples unchangeable once created. It is the property of an object that cannot change after creation. It prevents accidental changes and makes concurrency safer. It contrasts with mutability and is supported by const and final keywords.
Programming Language,Show a real-world example of enum.,"Enum defines Weekday values like MONDAY and TUESDAY. It is a type consisting of a fixed set of named constants. It prevents invalid values and improves readability over magic numbers. It can be hard to extend when values change frequently. It exists in Java, C++, C#, Python, and TypeScript."
Programming Language,What are the advantages of null pointer?,"Null pointer provides a simple way to mark uninitialized or missing references. It is a pointer that refers to no valid memory location. It causes crashes or exceptions when dereferenced, famously called a billion-dollar mistake. It is avoided by Optional types and null safety in Kotlin and Rust."
Programming Language,What is the main purpose of generator?,Generator is used for large or infinite sequences and streaming data. It is a function that yields values one at a time and pauses between them. It saves memory by producing items lazily. It is related to iterators and the yield keyword.
Programming Language,What are the alternatives or companions of list comprehension?,"List comprehension extends to dictionary, set, and generator expressions. It is a concise syntax for building a list from an iterable in Python. It is used to transform or filter data in one expression. It is shorter and often faster than an equivalent loop."
Programming Language,Describe a scenario where enum is applied.,Enum defines Weekday values like MONDAY and TUESDAY. It is a type consisting of a fixed set of named constants. It prevents invalid values and improves readability over magic numbers. It can be hard to extend when values change frequently.
Programming Language,Why is namespace useful?,"Namespace prevents collisions between identically named items. It is used to organize large codebases and libraries. It can cause confusion when imports or scopes overlap. It places std::vector under the std namespace in C++. It appears as packages in Java, modules in Python, and namespaces in C#."
Programming Language,Define dynamic typing in simple words.,Dynamic typing is a system where types are checked at runtime. It enables quick prototyping and flexible code. It lets type errors appear only when code runs. It lets a variable hold a number and later a string in Python.
Programming Language,List the strengths of closure.,"Closure enables data hiding and flexible behavior without classes. It is a function that remembers variables from the scope where it was created. It creates a counter function whose count persists between calls. It is common in JavaScript, Python, and functional languages."
Programming Language,What should I learn alongside package manager?,"Package manager includes npm, pip, Maven, Cargo, and NuGet. It is a tool that installs, updates, and manages libraries and dependencies. It is used to share and reuse code across projects. It automates dependency resolution and versioning. It can introduce vulnerable or conflicting dependencies."
Programming Language,What makes operator overloading valuable?,"Operator overloading makes code expressive and natural to read. It is used for mathematical types such as vectors and complex numbers. It can mislead readers when operators do unexpected things. It is supported in C++, Python, and C#, but not in Java."
Programming Language,What is a practical example of generator?,Generator yields lines from a huge file one by one in Python. It is a function that yields values one at a time and pauses between them. It is used for large or infinite sequences and streaming data. It saves memory by producing items lazily.
Programming Language,What do you gain by using generic?,"Generic provides type safety without duplicating code. It is used for reusable collections and algorithms. It can make signatures complex and sometimes hurts readability. It uses List<String> in Java to hold only strings. It appears as generics in Java and C#, and templates in C++."
Programming Language,Why is dynamic typing considered important?,"Dynamic typing enables quick prototyping and flexible code. It is used in languages like Python, JavaScript, and Ruby. It lets a variable hold a number and later a string in Python. It can be strengthened with type hints and checkers like mypy."
Programming Language,What is related to virtual environment?,"Virtual environment has lighter isolation than Docker, and tools include venv and conda. It is an isolated environment with its own interpreter and packages. It is used to keep project dependencies separate. It prevents version conflicts between projects. It adds setup steps and must be activated correctly."
Programming Language,Show a real-world example of iterator.,Iterator lets a for loop in Python walk through a list. It is an object that provides items one at a time through a next operation. It hides how a collection is stored and allows lazy evaluation. It is defined by __iter__ and __next__ in Python.
Programming Language,What should you watch out for when using compiler?,"Compiler adds a build step and compilation time. It is a program that translates source code into machine code or bytecode before running. It turns main.c into an executable using gcc. It differs from an interpreter, which runs code directly."
Programming Language,Is there a substitute for lambda?,Lambda is also called an arrow function in JavaScript. It is a small anonymous function defined inline. It keeps simple logic concise without naming a function. It becomes unreadable when complex and is harder to debug. It sorts words by length using key=lambda w: len(w) in Python.
Programming Language,What is data type used for?,Data type is used to determine valid operations and memory layout. It is a classification that tells a language how a value is stored and used. It catches mistakes and enables optimization. It can require conversions and cause errors when types are mixed.
Programming Language,Describe null pointer briefly.,"Null pointer is a pointer that refers to no valid memory location. It provides a simple way to mark uninitialized or missing references. It causes crashes or exceptions when dereferenced, famously called a billion-dollar mistake. It is avoided by Optional types and null safety in Kotlin and Rust."
Programming Language,How is variable used in practice?,"Variable stores a user's age as age = 25 in Python. It is used to store, update, and reuse data during execution. It makes code readable and flexible by naming values. It can cause bugs when names are unclear, shadowed, or modified unexpectedly."
Programming Language,Describe encapsulation briefly.,Encapsulation is bundling data with methods and restricting direct access to internals. It is used to protect object state and expose a clean interface. It can add boilerplate getters and setters. It makes a BankAccount balance private and changed only through deposit and withdraw.
Programming Language,Where is decorator commonly applied?,"Decorator is used for logging, caching, authentication, and timing. It is a function that wraps another function to extend its behavior. It can hide control flow and complicate debugging and signatures. It builds on closures and higher-order functions in Python."
Programming Language,What are the disadvantages of operator overloading?,"Operator overloading can mislead readers when operators do unexpected things. It is used for mathematical types such as vectors and complex numbers. It lets a Vector class support a + b in Python by defining __add__. It is supported in C++, Python, and C#, but not in Java."
Programming Language,What are the benefits of using immutability?,"Immutability prevents accidental changes and makes concurrency safer. It is the property of an object that cannot change after creation. It is used for safe sharing, hashing, and functional programming. It creates new objects for each change, which costs memory and time."
Programming Language,What problems can static typing cause?,"Static typing can require verbose declarations and reduce flexibility. It is a system where types are checked at compile time. It is used in languages like Java, C++, and Go. It catches type errors early and enables optimization and better tooling. It contrasts with dynamic typing in Python and JavaScript."
Programming Language,What is a practical example of hoisting?,"Hoisting makes console.log(x) print undefined when var x is declared later. It is JavaScript behavior where declarations are moved to the top of their scope before execution. It behaves differently for let and const, which stay in a temporal dead zone."
Programming Language,Why is inheritance useful?,Inheritance reduces duplication and supports specialization. It is a mechanism where a class acquires properties and methods from a parent class. It is used to share behavior among related classes. It makes a Dog class extend an Animal class. It is often balanced by composition over inheritance.
Programming Language,Can you illustrate function with an example?,"Function defines add(a, b) that returns a plus b. It is a reusable block of code that performs a task and may return a value. It becomes hard to follow when too long or dependent on global state. It is called a method when attached to an object."
Programming Language,What is exception handling?,"Exception handling is a mechanism for responding to runtime errors using try and catch constructs. It is used to handle failures like missing files or invalid input gracefully. It can hide bugs when exceptions are swallowed silently. It includes try, except or catch, finally, and throw or raise."
Programming Language,What is the basic idea behind immutability?,"Immutability is the property of an object that cannot change after creation. It is used for safe sharing, hashing, and functional programming. It prevents accidental changes and makes concurrency safer. It contrasts with mutability and is supported by const and final keywords."
Programming Language,Where is enum commonly applied?,"Enum is used for states, categories, and options. It is a type consisting of a fixed set of named constants. It prevents invalid values and improves readability over magic numbers. It can be hard to extend when values change frequently. It defines Weekday values like MONDAY and TUESDAY."
Programming Language,What are the disadvantages of namespace?,Namespace can cause confusion when imports or scopes overlap. It is a container that groups names to avoid conflicts. It is used to organize large codebases and libraries. It prevents collisions between identically named items. It places std::vector under the std namespace in C++.
Programming Language,What is the basic idea behind interface?,"Interface is a contract that specifies methods a type must implement. It is used to define capabilities and decouple code. It defines Comparable so any class can be sorted. It differs from an abstract class, which can hold state and implementation."
Programming Language,What should you watch out for when using inheritance?,Inheritance creates tight coupling and fragile hierarchies. It is a mechanism where a class acquires properties and methods from a parent class. It is used to share behavior among related classes. It reduces duplication and supports specialization. It is often balanced by composition over inheritance.
Programming Language,Define list comprehension in simple words.,"List comprehension is a concise syntax for building a list from an iterable in Python. It is shorter and often faster than an equivalent loop. It hurts readability when nested or complex. It creates squares with [x*x for x in range(5)]. It extends to dictionary, set, and generator expressions."
Programming Language,Can you give a short overview of namespace?,"Namespace is a container that groups names to avoid conflicts. It is used to organize large codebases and libraries. It can cause confusion when imports or scopes overlap. It places std::vector under the std namespace in C++. It appears as packages in Java, modules in Python, and namespaces in C#."
Programming Language,Define enum in simple words.,Enum is a type consisting of a fixed set of named constants. It prevents invalid values and improves readability over magic numbers. It can be hard to extend when values change frequently. It defines Weekday values like MONDAY and TUESDAY.
Programming Language,What is the main purpose of static typing?,"Static typing is used in languages like Java, C++, and Go. It is a system where types are checked at compile time. It catches type errors early and enables optimization and better tooling. It contrasts with dynamic typing in Python and JavaScript."
Programming Language,When should you avoid mutability?,Mutability can cause surprising side effects when shared. It is the property of an object that allows it to be changed after creation. It is considered when passing objects or sharing data between functions. It allows in-place updates that are efficient for large data.
Programming Language,What is a practical example of memory leak?,Memory leak happens when event listeners are never removed in a long-lived page. It is investigated when programs slow down or crash over time. It can be found with profilers and fixed by releasing unused references. It gradually exhausts memory and can crash long-running programs.
Programming Language,Explain Global Interpreter Lock.,Global Interpreter Lock is a lock in CPython that lets only one thread execute Python bytecode at a time. It is relevant when choosing between threads and processes in Python. It simplifies memory management and makes single-threaded code fast. It prevents CPU-bound threads from running in parallel.
Programming Language,List the strengths of lambda.,"Lambda keeps simple logic concise without naming a function. It is a small anonymous function defined inline. It is used for short callbacks, sorting keys, and functional operations. It sorts words by length using key=lambda w: len(w) in Python. It is also called an arrow function in JavaScript."
Programming Language,How would you explain generic to a beginner?,"Generic is a feature that lets code work with types specified later. It is used for reusable collections and algorithms. It provides type safety without duplicating code. It can make signatures complex and sometimes hurts readability. It appears as generics in Java and C#, and templates in C++."
Programming Language,How does lambda help developers?,"Lambda keeps simple logic concise without naming a function. It is used for short callbacks, sorting keys, and functional operations. It sorts words by length using key=lambda w: len(w) in Python. It is also called an arrow function in JavaScript."
Programming Language,What are the downsides of variable?,"Variable can cause bugs when names are unclear, shadowed, or modified unexpectedly. It is used to store, update, and reuse data during execution. It makes code readable and flexible by naming values. It stores a user's age as age = 25 in Python."
Programming Language,Describe virtual environment briefly.,"Virtual environment is an isolated environment with its own interpreter and packages. It is used to keep project dependencies separate. It creates one with python -m venv env. It has lighter isolation than Docker, and tools include venv and conda."
Programming Language,Where is static typing commonly applied?,"Static typing is used in languages like Java, C++, and Go. It is a system where types are checked at compile time. It catches type errors early and enables optimization and better tooling. It rejects assigning a string to an int variable before the program runs."
Programming Language,What are the drawbacks of interface?,"Interface adds indirection, and changing an interface affects all implementers. It is a contract that specifies methods a type must implement. It is used to define capabilities and decouple code. It differs from an abstract class, which can hold state and implementation."
Programming Language,What are the alternatives or companions of exception handling?,"Exception handling includes try, except or catch, finally, and throw or raise. It is a mechanism for responding to runtime errors using try and catch constructs. It can hide bugs when exceptions are swallowed silently. It catches a ZeroDivisionError in Python and prints a friendly message."
Programming Language,How does encapsulation help developers?,Encapsulation hides implementation details so internals can change safely. It is bundling data with methods and restricting direct access to internals. It can add boilerplate getters and setters. It makes a BankAccount balance private and changed only through deposit and withdraw.
Programming Language,Why is immutability considered important?,Immutability prevents accidental changes and makes concurrency safer. It is the property of an object that cannot change after creation. It makes Python strings and tuples unchangeable once created. It contrasts with mutability and is supported by const and final keywords.
Programming Language,Walk me through a simple example of enum.,"Enum defines Weekday values like MONDAY and TUESDAY. It is a type consisting of a fixed set of named constants. It is used for states, categories, and options. It prevents invalid values and improves readability over magic numbers. It can be hard to extend when values change frequently."
Programming Language,What problem does garbage collection solve?,"Garbage collection is used in languages like Java, Python, and Go. It is automatic memory management that frees objects no longer reachable. It prevents most memory leaks and dangling pointer errors. It differs from manual management in C and ownership in Rust."
Programming Language,What are the limitations of null pointer?,"Null pointer causes crashes or exceptions when dereferenced, famously called a billion-dollar mistake. It is a pointer that refers to no valid memory location. It provides a simple way to mark uninitialized or missing references. It is avoided by Optional types and null safety in Kotlin and Rust."
Programming Language,What is struct used for?,"Struct is used to represent simple records in C, C++, Go, and Rust. It organizes related data compactly with predictable layout. It lacks the inheritance and encapsulation features of full classes in some languages. It stores a point with x and y coordinates in Go."
Programming Language,What is memory leak?,Memory leak is a bug where memory that is no longer needed is never released. It is investigated when programs slow down or crash over time. It can be found with profilers and fixed by releasing unused references. It happens when event listeners are never removed in a long-lived page.
Programming Language,What is an alternative to mutability?,Mutability is the opposite of immutability. It is the property of an object that allows it to be changed after creation. It allows in-place updates that are efficient for large data. It lets a Python list be appended to after creation.
Programming Language,Why is struct considered important?,"Struct organizes related data compactly with predictable layout. It is a composite data type that groups related fields under one name. It is used to represent simple records in C, C++, Go, and Rust. It is similar to a class, but often with value semantics."
Programming Language,What are the alternatives or companions of decorator?,"Decorator builds on closures and higher-order functions in Python. It is a function that wraps another function to extend its behavior. It is used for logging, caching, authentication, and timing. It adds features without modifying the original code. It uses @timer above a function to measure its run time."
Programming Language,What are the alternatives or companions of encapsulation?,Encapsulation is supported by access modifiers like private and protected. It is bundling data with methods and restricting direct access to internals. It is used to protect object state and expose a clean interface. It can add boilerplate getters and setters.
Programming Language,Describe generator briefly.,Generator is a function that yields values one at a time and pauses between them. It saves memory by producing items lazily. It can be consumed only once and cannot be indexed. It yields lines from a huge file one by one in Python.
Programming Language,What is exception handling used for?,"Exception handling is used to handle failures like missing files or invalid input gracefully. It separates error handling from normal logic and prevents crashes. It can hide bugs when exceptions are swallowed silently. It includes try, except or catch, finally, and throw or raise."
Programming Language,What is list comprehension?,"List comprehension is a concise syntax for building a list from an iterable in Python. It is shorter and often faster than an equivalent loop. It creates squares with [x*x for x in range(5)]. It extends to dictionary, set, and generator expressions."
Programming Language,What is the basic idea behind list comprehension?,List comprehension is a concise syntax for building a list from an iterable in Python. It is shorter and often faster than an equivalent loop. It hurts readability when nested or complex. It creates squares with [x*x for x in range(5)].
Programming Language,Give an example of virtual environment.,Virtual environment creates one with python -m venv env. It is an isolated environment with its own interpreter and packages. It is used to keep project dependencies separate. It prevents version conflicts between projects. It adds setup steps and must be activated correctly.
Programming Language,What are the alternatives or companions of loop?,"Loop appears as for, while, and do-while forms. It is a control structure that repeats a block of code. It is used to process collections and repeat actions until a condition changes. It prints numbers one to ten with a for loop."
Programming Language,Show a real-world example of reference.,Reference makes two Python variables point to the same list. It saves memory and lets functions modify the original object. It can cause unintended shared changes between variables. It differs from a pointer because it usually cannot be reassigned or do arithmetic.
Programming Language,Show a real-world example of package manager.,"Package manager installs requests with pip install requests. It is a tool that installs, updates, and manages libraries and dependencies. It is used to share and reuse code across projects. It can introduce vulnerable or conflicting dependencies. It includes npm, pip, Maven, Cargo, and NuGet."
Programming Language,What problem does null pointer solve?,"Null pointer is used to signal absence of a value in languages like C and Java. It causes crashes or exceptions when dereferenced, famously called a billion-dollar mistake. It triggers a NullPointerException in Java when calling a method on null."
Programming Language,Walk me through a simple example of multithreading.,"Multithreading downloads files in background threads while the interface stays active. It is running multiple threads of execution within one process. It is used to keep apps responsive and overlap I/O work. It can improve throughput and responsiveness. It risks race conditions, deadlocks, and hard-to-reproduce bugs."
Programming Language,How does iterator help developers?,Iterator hides how a collection is stored and allows lazy evaluation. It is used to loop over collections uniformly. It is single-pass and can be exhausted. It lets a for loop in Python walk through a list. It is defined by __iter__ and __next__ in Python.
Programming Language,What should you watch out for when using polymorphism?,Polymorphism can make control flow harder to trace. It is used to write flexible code that works with many object types. It reduces conditional logic and makes code extensible. It lets draw() behave differently for Circle and Square objects. It appears as overriding at runtime and overloading at compile time.
Programming Language,Why is enum considered important?,"Enum prevents invalid values and improves readability over magic numbers. It is a type consisting of a fixed set of named constants. It is used for states, categories, and options. It defines Weekday values like MONDAY and TUESDAY. It exists in Java, C++, C#, Python, and TypeScript."
Programming Language,When should you use static typing?,"Static typing is used in languages like Java, C++, and Go. It catches type errors early and enables optimization and better tooling. It rejects assigning a string to an int variable before the program runs. It contrasts with dynamic typing in Python and JavaScript."
Programming Language,How does object-oriented programming compare with similar approaches?,"Object-oriented programming rests on encapsulation, inheritance, polymorphism, and abstraction. It is a programming paradigm that organizes code into objects with data and behavior. It improves modularity, reuse, and maintainability. It can lead to deep hierarchies and over-engineering. It models a Car class with attributes like color and methods like drive."
Programming Language,How does operator overloading compare with similar approaches?,"Operator overloading is supported in C++, Python, and C#, but not in Java. It is used for mathematical types such as vectors and complex numbers. It can mislead readers when operators do unexpected things. It lets a Vector class support a + b in Python by defining __add__."
Programming Language,What do you gain by using polymorphism?,Polymorphism reduces conditional logic and makes code extensible. It is used to write flexible code that works with many object types. It lets draw() behave differently for Circle and Square objects. It appears as overriding at runtime and overloading at compile time.
Programming Language,What is the basic idea behind hoisting?,Hoisting is JavaScript behavior where declarations are moved to the top of their scope before execution. It lets functions be called before they are defined. It causes confusing undefined values with var. It makes console.log(x) print undefined when var x is declared later.
Programming Language,Explain struct.,Struct is a composite data type that groups related fields under one name. It organizes related data compactly with predictable layout. It lacks the inheritance and encapsulation features of full classes in some languages. It stores a point with x and y coordinates in Go.
Programming Language,What do you gain by using lambda?,"Lambda keeps simple logic concise without naming a function. It is a small anonymous function defined inline. It is used for short callbacks, sorting keys, and functional operations. It becomes unreadable when complex and is harder to debug. It sorts words by length using key=lambda w: len(w) in Python."
Programming Language,Explain package manager.,"Package manager is a tool that installs, updates, and manages libraries and dependencies. It is used to share and reuse code across projects. It automates dependency resolution and versioning. It installs requests with pip install requests. It includes npm, pip, Maven, Cargo, and NuGet."
Programming Language,What does garbage collection mean?,Garbage collection is automatic memory management that frees objects no longer reachable. It prevents most memory leaks and dangling pointer errors. It adds overhead and unpredictable pauses. It frees a Java object when no references to it remain. It differs from manual management in C and ownership in Rust.
Programming Language,Is there a substitute for interpreter?,"Interpreter is often mixed with compilation to bytecode and JIT. It is a program that executes source code directly, line by line or through bytecode. It is used for languages like Python and Ruby. It is generally slower than compiled code. It runs a Python script with the python command."
Programming Language,What problem does operator overloading solve?,Operator overloading is used for mathematical types such as vectors and complex numbers. It is defining custom behavior for operators on user-defined types. It makes code expressive and natural to read. It lets a Vector class support a + b in Python by defining __add__.
Programming Language,How does data type compare with similar approaches?,"Data type is checked at compile time in static languages and at runtime in dynamic ones. It is a classification that tells a language how a value is stored and used. It can require conversions and cause errors when types are mixed. It includes integers, floats, strings, booleans, and arrays."
Programming Language,Give an example of Global Interpreter Lock.,"Global Interpreter Lock makes two CPU-heavy threads take about as long as running sequentially. It is relevant when choosing between threads and processes in Python. It simplifies memory management and makes single-threaded code fast. It is bypassed with multiprocessing, native extensions, or alternative interpreters."
Programming Language,What is polymorphism?,Polymorphism is the ability for different types to be used through the same interface. It reduces conditional logic and makes code extensible. It can make control flow harder to trace. It appears as overriding at runtime and overloading at compile time.
Programming Language,Show a real-world example of pointer.,"Pointer stores the address of an int in C with int *p = &x. It is used for dynamic allocation, arrays, and efficient data passing. It gives direct memory control and enables data structures like linked lists. It causes crashes, leaks, and security bugs when misused."
Programming Language,Show a real-world example of multithreading.,"Multithreading downloads files in background threads while the interface stays active. It is running multiple threads of execution within one process. It is used to keep apps responsive and overlap I/O work. It risks race conditions, deadlocks, and hard-to-reproduce bugs."
Programming Language,How is lambda typically used in real projects?,"Lambda is used for short callbacks, sorting keys, and functional operations. It keeps simple logic concise without naming a function. It sorts words by length using key=lambda w: len(w) in Python. It is also called an arrow function in JavaScript."
Programming Language,What is null pointer used for?,Null pointer is used to signal absence of a value in languages like C and Java. It provides a simple way to mark uninitialized or missing references. It is avoided by Optional types and null safety in Kotlin and Rust.
Programming Language,Why is operator overloading considered important?,"Operator overloading makes code expressive and natural to read. It is defining custom behavior for operators on user-defined types. It can mislead readers when operators do unexpected things. It is supported in C++, Python, and C#, but not in Java."
Programming Language,Why is memory leak considered important?,Memory leak can be found with profilers and fixed by releasing unused references. It is a bug where memory that is no longer needed is never released. It gradually exhausts memory and can crash long-running programs. It can occur even in garbage-collected languages through lingering references.
Programming Language,Is there a substitute for virtual environment?,"Virtual environment has lighter isolation than Docker, and tools include venv and conda. It is used to keep project dependencies separate. It prevents version conflicts between projects. It adds setup steps and must be activated correctly. It creates one with python -m venv env."
Programming Language,What are the alternatives or companions of interpreter?,"Interpreter is often mixed with compilation to bytecode and JIT. It is a program that executes source code directly, line by line or through bytecode. It is used for languages like Python and Ruby. It enables quick feedback and easy debugging. It is generally slower than compiled code."
Programming Language,What is related to generic?,"Generic appears as generics in Java and C#, and templates in C++. It is a feature that lets code work with types specified later. It is used for reusable collections and algorithms. It uses List<String> in Java to hold only strings."
Programming Language,Describe package manager briefly.,"Package manager is a tool that installs, updates, and manages libraries and dependencies. It is used to share and reuse code across projects. It automates dependency resolution and versioning. It can introduce vulnerable or conflicting dependencies. It installs requests with pip install requests."
Programming Language,What is multithreading used for?,"Multithreading is used to keep apps responsive and overlap I/O work. It is running multiple threads of execution within one process. It can improve throughput and responsiveness. It risks race conditions, deadlocks, and hard-to-reproduce bugs. It requires synchronization tools like locks and semaphores."
Programming Language,How is interface used in practice?,"Interface defines Comparable so any class can be sorted. It is a contract that specifies methods a type must implement. It is used to define capabilities and decouple code. It differs from an abstract class, which can hold state and implementation."
Programming Language,What do you gain by using compiler?,"Compiler produces fast executables and catches many errors early. It is a program that translates source code into machine code or bytecode before running. It is used for languages like C, C++, Rust, and Go. It adds a build step and compilation time."
Programming Language,Why do developers use encapsulation?,Encapsulation is used to protect object state and expose a clean interface. It is bundling data with methods and restricting direct access to internals. It hides implementation details so internals can change safely. It can add boilerplate getters and setters.
Programming Language,What are the disadvantages of list comprehension?,"List comprehension hurts readability when nested or complex. It is a concise syntax for building a list from an iterable in Python. It is used to transform or filter data in one expression. It extends to dictionary, set, and generator expressions."
Programming Language,How does decorator help developers?,"Decorator adds features without modifying the original code. It is a function that wraps another function to extend its behavior. It is used for logging, caching, authentication, and timing. It can hide control flow and complicate debugging and signatures. It uses @timer above a function to measure its run time."
Programming Language,How would you explain inheritance to a beginner?,Inheritance is a mechanism where a class acquires properties and methods from a parent class. It is used to share behavior among related classes. It reduces duplication and supports specialization. It creates tight coupling and fragile hierarchies. It makes a Dog class extend an Animal class.
Programming Language,What makes object-oriented programming valuable?,"Object-oriented programming improves modularity, reuse, and maintainability. It is a programming paradigm that organizes code into objects with data and behavior. It can lead to deep hierarchies and over-engineering. It models a Car class with attributes like color and methods like drive. It rests on encapsulation, inheritance, polymorphism, and abstraction."
Programming Language,What problems can virtual environment cause?,"Virtual environment adds setup steps and must be activated correctly. It is used to keep project dependencies separate. It prevents version conflicts between projects. It creates one with python -m venv env. It has lighter isolation than Docker, and tools include venv and conda."
Programming Language,What are the limitations of Global Interpreter Lock?,"Global Interpreter Lock prevents CPU-bound threads from running in parallel. It is relevant when choosing between threads and processes in Python. It simplifies memory management and makes single-threaded code fast. It is bypassed with multiprocessing, native extensions, or alternative interpreters."
Programming Language,What are the alternatives or companions of data type?,"Data type is checked at compile time in static languages and at runtime in dynamic ones. It is a classification that tells a language how a value is stored and used. It is used to determine valid operations and memory layout. It includes integers, floats, strings, booleans, and arrays."
Programming Language,How would you explain closure to a beginner?,"Closure is a function that remembers variables from the scope where it was created. It enables data hiding and flexible behavior without classes. It creates a counter function whose count persists between calls. It is common in JavaScript, Python, and functional languages."
Programming Language,What is a practical example of inheritance?,Inheritance makes a Dog class extend an Animal class. It is a mechanism where a class acquires properties and methods from a parent class. It is used to share behavior among related classes. It creates tight coupling and fragile hierarchies. It is often balanced by composition over inheritance.
Programming Language,How does null pointer compare with similar approaches?,Null pointer is avoided by Optional types and null safety in Kotlin and Rust. It is a pointer that refers to no valid memory location. It is used to signal absence of a value in languages like C and Java.
Programming Language,What are the limitations of inheritance?,Inheritance creates tight coupling and fragile hierarchies. It is a mechanism where a class acquires properties and methods from a parent class. It is used to share behavior among related classes. It reduces duplication and supports specialization. It is often balanced by composition over inheritance.
Programming Language,Define decorator in simple words.,Decorator is a function that wraps another function to extend its behavior. It can hide control flow and complicate debugging and signatures. It uses @timer above a function to measure its run time. It builds on closures and higher-order functions in Python.
Programming Language,In which situations is type inference a good choice?,"Type inference is used in languages like TypeScript, Kotlin, Rust, and modern C++. It is the compiler's ability to deduce a variable's type automatically. It can make types less obvious and produce confusing errors. It uses keywords like auto, var, or val."
Programming Language,Why do developers use Global Interpreter Lock?,Global Interpreter Lock is relevant when choosing between threads and processes in Python. It simplifies memory management and makes single-threaded code fast. It prevents CPU-bound threads from running in parallel. It makes two CPU-heavy threads take about as long as running sequentially.
Programming Language,List the strengths of generic.,"Generic provides type safety without duplicating code. It is a feature that lets code work with types specified later. It can make signatures complex and sometimes hurts readability. It uses List<String> in Java to hold only strings. It appears as generics in Java and C#, and templates in C++."
Programming Language,What are common pitfalls with generic?,"Generic can make signatures complex and sometimes hurts readability. It is a feature that lets code work with types specified later. It provides type safety without duplicating code. It appears as generics in Java and C#, and templates in C++."
Programming Language,What is enum used for?,"Enum is used for states, categories, and options. It is a type consisting of a fixed set of named constants. It prevents invalid values and improves readability over magic numbers. It can be hard to extend when values change frequently. It exists in Java, C++, C#, Python, and TypeScript."
Programming Language,How is struct used in practice?,"Struct stores a point with x and y coordinates in Go. It is a composite data type that groups related fields under one name. It is used to represent simple records in C, C++, Go, and Rust. It lacks the inheritance and encapsulation features of full classes in some languages."
Programming Language,What problem does dynamic typing solve?,"Dynamic typing is used in languages like Python, JavaScript, and Ruby. It is a system where types are checked at runtime. It lets type errors appear only when code runs. It lets a variable hold a number and later a string in Python."
Programming Language,What is the main purpose of Global Interpreter Lock?,"Global Interpreter Lock is relevant when choosing between threads and processes in Python. It prevents CPU-bound threads from running in parallel. It makes two CPU-heavy threads take about as long as running sequentially. It is bypassed with multiprocessing, native extensions, or alternative interpreters."
Programming Language,What other concepts are connected to namespace?,"Namespace appears as packages in Java, modules in Python, and namespaces in C#. It is a container that groups names to avoid conflicts. It is used to organize large codebases and libraries. It places std::vector under the std namespace in C++."
Programming Language,How does static typing compare with similar approaches?,Static typing contrasts with dynamic typing in Python and JavaScript. It is a system where types are checked at compile time. It catches type errors early and enables optimization and better tooling. It can require verbose declarations and reduce flexibility.
Programming Language,List the strengths of package manager.,"Package manager automates dependency resolution and versioning. It is a tool that installs, updates, and manages libraries and dependencies. It can introduce vulnerable or conflicting dependencies. It installs requests with pip install requests. It includes npm, pip, Maven, Cargo, and NuGet."
Programming Language,How would you explain dynamic typing to a beginner?,"Dynamic typing is a system where types are checked at runtime. It is used in languages like Python, JavaScript, and Ruby. It lets a variable hold a number and later a string in Python. It can be strengthened with type hints and checkers like mypy."
Programming Language,What are the disadvantages of compiler?,Compiler adds a build step and compilation time. It is a program that translates source code into machine code or bytecode before running. It produces fast executables and catches many errors early. It turns main.c into an executable using gcc.
Programming Language,What should you watch out for when using encapsulation?,Encapsulation can add boilerplate getters and setters. It is used to protect object state and expose a clean interface. It makes a BankAccount balance private and changed only through deposit and withdraw. It is supported by access modifiers like private and protected.
Programming Language,When should you avoid JIT compilation?,JIT compilation adds warmup time and memory use. It is compiling code to machine code during program execution. It optimizes hot code paths using runtime information. It speeds up a frequently called Java method after the JVM notices it. It sits between pure interpretation and ahead-of-time compilation.
Programming Language,Walk me through a simple example of static typing.,Static typing rejects assigning a string to an int variable before the program runs. It is a system where types are checked at compile time. It can require verbose declarations and reduce flexibility. It contrasts with dynamic typing in Python and JavaScript.
Programming Language,What should I learn alongside closure?,"Closure is common in JavaScript, Python, and functional languages. It is a function that remembers variables from the scope where it was created. It enables data hiding and flexible behavior without classes. It can keep objects alive longer than expected and cause memory leaks."
Programming Language,When should you avoid dynamic typing?,"Dynamic typing lets type errors appear only when code runs. It is used in languages like Python, JavaScript, and Ruby. It enables quick prototyping and flexible code. It lets a variable hold a number and later a string in Python."
Programming Language,What should you watch out for when using virtual environment?,Virtual environment adds setup steps and must be activated correctly. It is an isolated environment with its own interpreter and packages. It is used to keep project dependencies separate. It prevents version conflicts between projects. It creates one with python -m venv env.
Programming Language,What are the drawbacks of JIT compilation?,JIT compilation adds warmup time and memory use. It is compiling code to machine code during program execution. It is used in engines like the JVM and V8. It speeds up a frequently called Java method after the JVM notices it.
Programming Language,What are common pitfalls with lambda?,"Lambda becomes unreadable when complex and is harder to debug. It is used for short callbacks, sorting keys, and functional operations. It keeps simple logic concise without naming a function. It sorts words by length using key=lambda w: len(w) in Python. It is also called an arrow function in JavaScript."
Programming Language,Walk me through a simple example of pointer.,"Pointer stores the address of an int in C with int *p = &x. It is used for dynamic allocation, arrays, and efficient data passing. It causes crashes, leaks, and security bugs when misused. It is replaced by references and smart pointers in safer languages."
Programming Language,Give an example of polymorphism.,Polymorphism lets draw() behave differently for Circle and Square objects. It is used to write flexible code that works with many object types. It can make control flow harder to trace. It appears as overriding at runtime and overloading at compile time.
Programming Language,Can you give a short overview of lambda?,"Lambda is a small anonymous function defined inline. It is used for short callbacks, sorting keys, and functional operations. It becomes unreadable when complex and is harder to debug. It sorts words by length using key=lambda w: len(w) in Python."
Programming Language,Explain generator.,Generator is a function that yields values one at a time and pauses between them. It can be consumed only once and cannot be indexed. It yields lines from a huge file one by one in Python. It is related to iterators and the yield keyword.
Programming Language,What is a practical example of iterator?,Iterator lets a for loop in Python walk through a list. It is an object that provides items one at a time through a next operation. It is used to loop over collections uniformly. It is defined by __iter__ and __next__ in Python.
Programming Language,What should I learn alongside immutability?,Immutability contrasts with mutability and is supported by const and final keywords. It is the property of an object that cannot change after creation. It prevents accidental changes and makes concurrency safer. It makes Python strings and tuples unchangeable once created.
Programming Language,How would you explain JIT compilation to a beginner?,JIT compilation is compiling code to machine code during program execution. It is used in engines like the JVM and V8. It speeds up a frequently called Java method after the JVM notices it. It sits between pure interpretation and ahead-of-time compilation.
Programming Language,What is an alternative to variable?,"Variable differs from a constant, whose value should not change. It is a named storage location that holds a value in a program. It can cause bugs when names are unclear, shadowed, or modified unexpectedly. It stores a user's age as age = 25 in Python."
Programming Language,When should you use namespace?,"Namespace is used to organize large codebases and libraries. It is a container that groups names to avoid conflicts. It can cause confusion when imports or scopes overlap. It appears as packages in Java, modules in Python, and namespaces in C#."
Programming Language,What are the limitations of iterator?,Iterator is single-pass and can be exhausted. It is an object that provides items one at a time through a next operation. It lets a for loop in Python walk through a list. It is defined by __iter__ and __next__ in Python.
Programming Language,Explain list comprehension.,"List comprehension is a concise syntax for building a list from an iterable in Python. It is used to transform or filter data in one expression. It hurts readability when nested or complex. It creates squares with [x*x for x in range(5)]. It extends to dictionary, set, and generator expressions."
Programming Language,What are the downsides of exception handling?,Exception handling can hide bugs when exceptions are swallowed silently. It is a mechanism for responding to runtime errors using try and catch constructs. It separates error handling from normal logic and prevents crashes. It catches a ZeroDivisionError in Python and prints a friendly message.
Programming Language,Why is interface useful?,"Interface enables polymorphism and easier testing through mocks. It is a contract that specifies methods a type must implement. It is used to define capabilities and decouple code. It defines Comparable so any class can be sorted. It differs from an abstract class, which can hold state and implementation."
Programming Language,What are the disadvantages of closure?,"Closure can keep objects alive longer than expected and cause memory leaks. It is used for private state, callbacks, and function factories. It enables data hiding and flexible behavior without classes. It is common in JavaScript, Python, and functional languages."
Programming Language,Define package manager in simple words.,"Package manager is a tool that installs, updates, and manages libraries and dependencies. It automates dependency resolution and versioning. It can introduce vulnerable or conflicting dependencies. It installs requests with pip install requests. It includes npm, pip, Maven, Cargo, and NuGet."
Programming Language,What do you gain by using list comprehension?,List comprehension is shorter and often faster than an equivalent loop. It is a concise syntax for building a list from an iterable in Python. It is used to transform or filter data in one expression. It creates squares with [x*x for x in range(5)].
Programming Language,List the strengths of pointer.,"Pointer gives direct memory control and enables data structures like linked lists. It is a variable that stores the memory address of another value. It is used for dynamic allocation, arrays, and efficient data passing. It causes crashes, leaks, and security bugs when misused."
Programming Language,How would you explain interface to a beginner?,"Interface is a contract that specifies methods a type must implement. It is used to define capabilities and decouple code. It enables polymorphism and easier testing through mocks. It differs from an abstract class, which can hold state and implementation."
Programming Language,What are the benefits of using type inference?,"Type inference reduces boilerplate while keeping static type safety. It is the compiler's ability to deduce a variable's type automatically. It is used in languages like TypeScript, Kotlin, Rust, and modern C++. It lets let x = 5 be understood as an integer in Rust."
Programming Language,What is the basic idea behind async/await?,Async/await is syntax for writing asynchronous code that looks sequential. It is used for I/O tasks such as network calls and file access. It improves readability over callbacks and keeps programs responsive. It is built on promises in JavaScript and event loops in Python.
Programming Language,What is an alternative to pointer?,"Pointer is replaced by references and smart pointers in safer languages. It is used for dynamic allocation, arrays, and efficient data passing. It causes crashes, leaks, and security bugs when misused. It stores the address of an int in C with int *p = &x."
Programming Language,What should you watch out for when using function?,"Function becomes hard to follow when too long or dependent on global state. It is a reusable block of code that performs a task and may return a value. It is used to organize logic and avoid repetition. It improves readability, testing, and reuse."
Programming Language,What are the disadvantages of multithreading?,"Multithreading risks race conditions, deadlocks, and hard-to-reproduce bugs. It is running multiple threads of execution within one process. It is used to keep apps responsive and overlap I/O work. It downloads files in background threads while the interface stays active. It requires synchronization tools like locks and semaphores."
Programming Language,What is mutability used for?,Mutability is considered when passing objects or sharing data between functions. It is the property of an object that allows it to be changed after creation. It lets a Python list be appended to after creation. It is the opposite of immutability.
Programming Language,Describe a scenario where memory leak is applied.,Memory leak happens when event listeners are never removed in a long-lived page. It is a bug where memory that is no longer needed is never released. It can be found with profilers and fixed by releasing unused references. It gradually exhausts memory and can crash long-running programs.
Programming Language,Can you illustrate memory leak with an example?,Memory leak happens when event listeners are never removed in a long-lived page. It is a bug where memory that is no longer needed is never released. It is investigated when programs slow down or crash over time. It can occur even in garbage-collected languages through lingering references.
Programming Language,What is the main purpose of generic?,"Generic is used for reusable collections and algorithms. It is a feature that lets code work with types specified later. It uses List<String> in Java to hold only strings. It appears as generics in Java and C#, and templates in C++."
Programming Language,Explain compiler.,"Compiler is a program that translates source code into machine code or bytecode before running. It is used for languages like C, C++, Rust, and Go. It produces fast executables and catches many errors early. It adds a build step and compilation time."
Programming Language,How does decorator differ from related concepts?,"Decorator builds on closures and higher-order functions in Python. It is used for logging, caching, authentication, and timing. It adds features without modifying the original code. It can hide control flow and complicate debugging and signatures. It uses @timer above a function to measure its run time."
Programming Language,What problem does static typing solve?,"Static typing is used in languages like Java, C++, and Go. It is a system where types are checked at compile time. It catches type errors early and enables optimization and better tooling. It can require verbose declarations and reduce flexibility."
Programming Language,Define function in simple words.,"Function is a reusable block of code that performs a task and may return a value. It improves readability, testing, and reuse. It becomes hard to follow when too long or dependent on global state. It defines add(a, b) that returns a plus b."
Programming Language,Show a real-world example of static typing.,"Static typing rejects assigning a string to an int variable before the program runs. It is used in languages like Java, C++, and Go. It catches type errors early and enables optimization and better tooling. It contrasts with dynamic typing in Python and JavaScript."
Programming Language,When should you use type inference?,"Type inference is used in languages like TypeScript, Kotlin, Rust, and modern C++. It reduces boilerplate while keeping static type safety. It can make types less obvious and produce confusing errors. It lets let x = 5 be understood as an integer in Rust."
Programming Language,What are the limitations of variable?,"Variable can cause bugs when names are unclear, shadowed, or modified unexpectedly. It makes code readable and flexible by naming values. It stores a user's age as age = 25 in Python. It differs from a constant, whose value should not change."
Programming Language,How does generator differ from related concepts?,Generator is related to iterators and the yield keyword. It is a function that yields values one at a time and pauses between them. It saves memory by producing items lazily. It can be consumed only once and cannot be indexed.
Programming Language,What is the main purpose of virtual environment?,Virtual environment is used to keep project dependencies separate. It is an isolated environment with its own interpreter and packages. It prevents version conflicts between projects. It adds setup steps and must be activated correctly. It creates one with python -m venv env.
Programming Language,What is the main purpose of type inference?,"Type inference is used in languages like TypeScript, Kotlin, Rust, and modern C++. It is the compiler's ability to deduce a variable's type automatically. It reduces boilerplate while keeping static type safety. It can make types less obvious and produce confusing errors. It uses keywords like auto, var, or val."
Programming Language,What are the alternatives or companions of dynamic typing?,"Dynamic typing can be strengthened with type hints and checkers like mypy. It is used in languages like Python, JavaScript, and Ruby. It enables quick prototyping and flexible code. It lets a variable hold a number and later a string in Python."
Programming Language,Where is promise commonly applied?,Promise is used in JavaScript to handle network requests and timers. It is an object representing the eventual result of an asynchronous operation. It avoids deeply nested callbacks and supports chaining. It can swallow errors if rejections are not handled. It chains fetch(url).then(res => res.json()) to process a response.
Programming Language,What is an alternative to closure?,"Closure is common in JavaScript, Python, and functional languages. It is used for private state, callbacks, and function factories. It enables data hiding and flexible behavior without classes. It can keep objects alive longer than expected and cause memory leaks."
Programming Language,Show a real-world example of generator.,Generator yields lines from a huge file one by one in Python. It is a function that yields values one at a time and pauses between them. It saves memory by producing items lazily. It is related to iterators and the yield keyword.
Programming Language,What are the benefits of using virtual environment?,"Virtual environment prevents version conflicts between projects. It is an isolated environment with its own interpreter and packages. It is used to keep project dependencies separate. It adds setup steps and must be activated correctly. It has lighter isolation than Docker, and tools include venv and conda."
Programming Language,What problems can generator cause?,Generator can be consumed only once and cannot be indexed. It is a function that yields values one at a time and pauses between them. It saves memory by producing items lazily. It yields lines from a huge file one by one in Python.
Programming Language,How does inheritance differ from related concepts?,Inheritance is often balanced by composition over inheritance. It is a mechanism where a class acquires properties and methods from a parent class. It reduces duplication and supports specialization. It creates tight coupling and fragile hierarchies. It makes a Dog class extend an Animal class.
Programming Language,What does virtual environment mean?,"Virtual environment is an isolated environment with its own interpreter and packages. It is used to keep project dependencies separate. It adds setup steps and must be activated correctly. It has lighter isolation than Docker, and tools include venv and conda."
Programming Language,When should you use polymorphism?,Polymorphism is used to write flexible code that works with many object types. It is the ability for different types to be used through the same interface. It can make control flow harder to trace. It appears as overriding at runtime and overloading at compile time.
Programming Language,How does struct compare with similar approaches?,"Struct is similar to a class, but often with value semantics. It is used to represent simple records in C, C++, Go, and Rust. It organizes related data compactly with predictable layout. It stores a point with x and y coordinates in Go."
Programming Language,What does exception handling mean?,Exception handling is a mechanism for responding to runtime errors using try and catch constructs. It is used to handle failures like missing files or invalid input gracefully. It can hide bugs when exceptions are swallowed silently. It catches a ZeroDivisionError in Python and prints a friendly message.
Programming Language,Explain closure.,"Closure is a function that remembers variables from the scope where it was created. It is used for private state, callbacks, and function factories. It creates a counter function whose count persists between calls. It is common in JavaScript, Python, and functional languages."
Programming Language,What are the alternatives or companions of immutability?,"Immutability contrasts with mutability and is supported by const and final keywords. It prevents accidental changes and makes concurrency safer. It creates new objects for each change, which costs memory and time. It makes Python strings and tuples unchangeable once created."
Programming Language,What are the drawbacks of iterator?,Iterator is single-pass and can be exhausted. It is an object that provides items one at a time through a next operation. It hides how a collection is stored and allows lazy evaluation. It is defined by __iter__ and __next__ in Python.
Programming Language,Can you give a short overview of interpreter?,"Interpreter is a program that executes source code directly, line by line or through bytecode. It is used for languages like Python and Ruby. It enables quick feedback and easy debugging. It runs a Python script with the python command. It is often mixed with compilation to bytecode and JIT."
Programming Language,Why is iterator useful?,Iterator hides how a collection is stored and allows lazy evaluation. It is an object that provides items one at a time through a next operation. It is single-pass and can be exhausted. It is defined by __iter__ and __next__ in Python.
Programming Language,How is variable typically used in real projects?,"Variable is used to store, update, and reuse data during execution. It makes code readable and flexible by naming values. It can cause bugs when names are unclear, shadowed, or modified unexpectedly. It stores a user's age as age = 25 in Python."
Programming Language,What do you gain by using pointer?,"Pointer gives direct memory control and enables data structures like linked lists. It is a variable that stores the memory address of another value. It causes crashes, leaks, and security bugs when misused. It stores the address of an int in C with int *p = &x."
Programming Language,What is multithreading?,"Multithreading is running multiple threads of execution within one process. It is used to keep apps responsive and overlap I/O work. It can improve throughput and responsiveness. It risks race conditions, deadlocks, and hard-to-reproduce bugs. It requires synchronization tools like locks and semaphores."
Programming Language,Why do developers use immutability?,"Immutability is used for safe sharing, hashing, and functional programming. It is the property of an object that cannot change after creation. It creates new objects for each change, which costs memory and time. It contrasts with mutability and is supported by const and final keywords."
Programming Language,What should you watch out for when using object-oriented programming?,"Object-oriented programming can lead to deep hierarchies and over-engineering. It is used to model real-world entities in large applications. It improves modularity, reuse, and maintainability. It models a Car class with attributes like color and methods like drive. It rests on encapsulation, inheritance, polymorphism, and abstraction."
Programming Language,What should I learn alongside encapsulation?,Encapsulation is supported by access modifiers like private and protected. It is bundling data with methods and restricting direct access to internals. It can add boilerplate getters and setters. It makes a BankAccount balance private and changed only through deposit and withdraw.
Programming Language,What does reference mean?,Reference is an alias or handle that refers to an existing object or value. It is used to pass large objects without copying them. It makes two Python variables point to the same list. It differs from a pointer because it usually cannot be reassigned or do arithmetic.
Programming Language,What are the benefits of using Global Interpreter Lock?,"Global Interpreter Lock simplifies memory management and makes single-threaded code fast. It prevents CPU-bound threads from running in parallel. It makes two CPU-heavy threads take about as long as running sequentially. It is bypassed with multiprocessing, native extensions, or alternative interpreters."
Programming Language,What are the downsides of enum?,"Enum can be hard to extend when values change frequently. It is used for states, categories, and options. It prevents invalid values and improves readability over magic numbers. It defines Weekday values like MONDAY and TUESDAY. It exists in Java, C++, C#, Python, and TypeScript."
Programming Language,What are the limitations of hoisting?,"Hoisting causes confusing undefined values with var. It is JavaScript behavior where declarations are moved to the top of their scope before execution. It is relevant when understanding var, function declarations, and temporal dead zones. It makes console.log(x) print undefined when var x is declared later."
Programming Language,How would you explain null pointer to a beginner?,Null pointer is a pointer that refers to no valid memory location. It is used to signal absence of a value in languages like C and Java. It is avoided by Optional types and null safety in Kotlin and Rust.
Programming Language,What should you watch out for when using operator overloading?,"Operator overloading can mislead readers when operators do unexpected things. It is defining custom behavior for operators on user-defined types. It makes code expressive and natural to read. It is supported in C++, Python, and C#, but not in Java."
Programming Language,What are common pitfalls with JIT compilation?,JIT compilation adds warmup time and memory use. It is compiling code to machine code during program execution. It is used in engines like the JVM and V8. It speeds up a frequently called Java method after the JVM notices it. It sits between pure interpretation and ahead-of-time compilation.
Programming Language,What does function mean?,"Function is a reusable block of code that performs a task and may return a value. It is used to organize logic and avoid repetition. It becomes hard to follow when too long or dependent on global state. It defines add(a, b) that returns a plus b."
Programming Language,Describe generic briefly.,"Generic is a feature that lets code work with types specified later. It can make signatures complex and sometimes hurts readability. It uses List<String> in Java to hold only strings. It appears as generics in Java and C#, and templates in C++."
Programming Language,How is operator overloading used in practice?,Operator overloading lets a Vector class support a + b in Python by defining __add__. It is defining custom behavior for operators on user-defined types. It makes code expressive and natural to read. It can mislead readers when operators do unexpected things.
Programming Language,What makes generator valuable?,Generator saves memory by producing items lazily. It is a function that yields values one at a time and pauses between them. It is used for large or infinite sequences and streaming data. It is related to iterators and the yield keyword.
Programming Language,What does operator overloading mean?,"Operator overloading is defining custom behavior for operators on user-defined types. It is used for mathematical types such as vectors and complex numbers. It makes code expressive and natural to read. It is supported in C++, Python, and C#, but not in Java."
Programming Language,Explain virtual environment.,"Virtual environment is an isolated environment with its own interpreter and packages. It adds setup steps and must be activated correctly. It creates one with python -m venv env. It has lighter isolation than Docker, and tools include venv and conda."
Programming Language,Walk me through a simple example of exception handling.,"Exception handling catches a ZeroDivisionError in Python and prints a friendly message. It is used to handle failures like missing files or invalid input gracefully. It can hide bugs when exceptions are swallowed silently. It includes try, except or catch, finally, and throw or raise."
Programming Language,What are the benefits of using static typing?,"Static typing catches type errors early and enables optimization and better tooling. It is a system where types are checked at compile time. It is used in languages like Java, C++, and Go. It can require verbose declarations and reduce flexibility. It contrasts with dynamic typing in Python and JavaScript."
Programming Language,How does loop differ from related concepts?,"Loop appears as for, while, and do-while forms. It is a control structure that repeats a block of code. It is used to process collections and repeat actions until a condition changes. It avoids duplicated code and automates repetition. It can run forever if the exit condition is never met."
Programming Language,When should you avoid virtual environment?,"Virtual environment adds setup steps and must be activated correctly. It is an isolated environment with its own interpreter and packages. It creates one with python -m venv env. It has lighter isolation than Docker, and tools include venv and conda."
Programming Language,What problem does enum solve?,"Enum is used for states, categories, and options. It is a type consisting of a fixed set of named constants. It prevents invalid values and improves readability over magic numbers. It defines Weekday values like MONDAY and TUESDAY. It exists in Java, C++, C#, Python, and TypeScript."
Programming Language,What problems can loop cause?,"Loop can run forever if the exit condition is never met. It is a control structure that repeats a block of code. It is used to process collections and repeat actions until a condition changes. It appears as for, while, and do-while forms."
Programming Language,What problem does async/await solve?,Async/await is used for I/O tasks such as network calls and file access. It is syntax for writing asynchronous code that looks sequential. It awaits a fetch call in JavaScript before reading its JSON. It is built on promises in JavaScript and event loops in Python.
Programming Language,Where have you seen static typing in action?,Static typing rejects assigning a string to an int variable before the program runs. It catches type errors early and enables optimization and better tooling. It can require verbose declarations and reduce flexibility. It contrasts with dynamic typing in Python and JavaScript.
Programming Language,What should you watch out for when using async/await?,Async/await does not speed up CPU-bound work and forgotten awaits cause bugs. It is syntax for writing asynchronous code that looks sequential. It is used for I/O tasks such as network calls and file access. It awaits a fetch call in JavaScript before reading its JSON.
Programming Language,Why do developers use list comprehension?,"List comprehension is used to transform or filter data in one expression. It is shorter and often faster than an equivalent loop. It hurts readability when nested or complex. It creates squares with [x*x for x in range(5)]. It extends to dictionary, set, and generator expressions."
Programming Language,When should you avoid null pointer?,"Null pointer causes crashes or exceptions when dereferenced, famously called a billion-dollar mistake. It is a pointer that refers to no valid memory location. It is used to signal absence of a value in languages like C and Java. It provides a simple way to mark uninitialized or missing references."
Programming Language,How does namespace help developers?,"Namespace prevents collisions between identically named items. It is a container that groups names to avoid conflicts. It is used to organize large codebases and libraries. It places std::vector under the std namespace in C++. It appears as packages in Java, modules in Python, and namespaces in C#."
Programming Language,What is the Global Interpreter Lock in Python?,"The Global Interpreter Lock in CPython allows only one thread to execute Python bytecode at a time, simplifying memory management but limiting true parallelism for CPU-bound threads. Workarounds include multiprocessing, native extensions that release the lock, or asyncio for I/O-bound tasks, which do not suffer from the limitation."
Programming Language,Define inheritance in simple words.,Inheritance is a mechanism where a class acquires properties and methods from a parent class. It is used to share behavior among related classes. It creates tight coupling and fragile hierarchies. It makes a Dog class extend an Animal class.
Programming Language,Give an example of iterator.,Iterator lets a for loop in Python walk through a list. It is an object that provides items one at a time through a next operation. It is single-pass and can be exhausted. It is defined by __iter__ and __next__ in Python.
Programming Language,Where have you seen immutability in action?,"Immutability makes Python strings and tuples unchangeable once created. It prevents accidental changes and makes concurrency safer. It creates new objects for each change, which costs memory and time. It contrasts with mutability and is supported by const and final keywords."
Programming Language,What do you gain by using struct?,"Struct organizes related data compactly with predictable layout. It lacks the inheritance and encapsulation features of full classes in some languages. It stores a point with x and y coordinates in Go. It is similar to a class, but often with value semantics."
Programming Language,Walk me through a simple example of compiler.,"Compiler turns main.c into an executable using gcc. It is a program that translates source code into machine code or bytecode before running. It produces fast executables and catches many errors early. It differs from an interpreter, which runs code directly."
Programming Language,Why is type inference useful?,"Type inference reduces boilerplate while keeping static type safety. It is used in languages like TypeScript, Kotlin, Rust, and modern C++. It lets let x = 5 be understood as an integer in Rust. It uses keywords like auto, var, or val."
Programming Language,What problems can promise cause?,"Promise can swallow errors if rejections are not handled. It is an object representing the eventual result of an asynchronous operation. It is used in JavaScript to handle network requests and timers. It chains fetch(url).then(res => res.json()) to process a response. It has pending, fulfilled, and rejected states."
Programming Language,Define generator in simple words.,Generator is a function that yields values one at a time and pauses between them. It is used for large or infinite sequences and streaming data. It can be consumed only once and cannot be indexed. It yields lines from a huge file one by one in Python.
Programming Language,What is related to interface?,"Interface differs from an abstract class, which can hold state and implementation. It is a contract that specifies methods a type must implement. It is used to define capabilities and decouple code. It enables polymorphism and easier testing through mocks."
Programming Language,What makes static typing valuable?,"Static typing catches type errors early and enables optimization and better tooling. It is a system where types are checked at compile time. It is used in languages like Java, C++, and Go. It rejects assigning a string to an int variable before the program runs."
Programming Language,What is interface used for?,"Interface is used to define capabilities and decouple code. It enables polymorphism and easier testing through mocks. It adds indirection, and changing an interface affects all implementers. It defines Comparable so any class can be sorted. It differs from an abstract class, which can hold state and implementation."
Programming Language,What does null pointer mean?,Null pointer is a pointer that refers to no valid memory location. It is used to signal absence of a value in languages like C and Java. It provides a simple way to mark uninitialized or missing references. It triggers a NullPointerException in Java when calling a method on null.
Programming Language,What are the advantages of immutability?,"Immutability prevents accidental changes and makes concurrency safer. It creates new objects for each change, which costs memory and time. It makes Python strings and tuples unchangeable once created. It contrasts with mutability and is supported by const and final keywords."
Programming Language,Describe data type briefly.,Data type is a classification that tells a language how a value is stored and used. It is used to determine valid operations and memory layout. It catches mistakes and enables optimization. It can require conversions and cause errors when types are mixed.
Programming Language,What makes function valuable?,"Function improves readability, testing, and reuse. It is a reusable block of code that performs a task and may return a value. It becomes hard to follow when too long or dependent on global state. It defines add(a, b) that returns a plus b."
Programming Language,When should you avoid hoisting?,"Hoisting causes confusing undefined values with var. It is relevant when understanding var, function declarations, and temporal dead zones. It makes console.log(x) print undefined when var x is declared later. It behaves differently for let and const, which stay in a temporal dead zone."
Programming Language,How is multithreading used in practice?,"Multithreading downloads files in background threads while the interface stays active. It is running multiple threads of execution within one process. It can improve throughput and responsiveness. It risks race conditions, deadlocks, and hard-to-reproduce bugs. It requires synchronization tools like locks and semaphores."
Programming Language,Why is variable considered important?,"Variable makes code readable and flexible by naming values. It can cause bugs when names are unclear, shadowed, or modified unexpectedly. It stores a user's age as age = 25 in Python. It differs from a constant, whose value should not change."
Programming Language,Define multithreading in simple words.,Multithreading is running multiple threads of execution within one process. It is used to keep apps responsive and overlap I/O work. It downloads files in background threads while the interface stays active. It requires synchronization tools like locks and semaphores.
Programming Language,What is the main purpose of list comprehension?,"List comprehension is used to transform or filter data in one expression. It is a concise syntax for building a list from an iterable in Python. It hurts readability when nested or complex. It creates squares with [x*x for x in range(5)]. It extends to dictionary, set, and generator expressions."
Programming Language,What is an alternative to compiler?,"Compiler differs from an interpreter, which runs code directly. It is a program that translates source code into machine code or bytecode before running. It is used for languages like C, C++, Rust, and Go. It adds a build step and compilation time."
Programming Language,List the strengths of interpreter.,"Interpreter enables quick feedback and easy debugging. It is a program that executes source code directly, line by line or through bytecode. It is used for languages like Python and Ruby. It runs a Python script with the python command."
Programming Language,What should I learn alongside hoisting?,"Hoisting behaves differently for let and const, which stay in a temporal dead zone. It is JavaScript behavior where declarations are moved to the top of their scope before execution. It is relevant when understanding var, function declarations, and temporal dead zones."
Programming Language,Describe decorator briefly.,"Decorator is a function that wraps another function to extend its behavior. It is used for logging, caching, authentication, and timing. It can hide control flow and complicate debugging and signatures. It builds on closures and higher-order functions in Python."
Programming Language,How is null pointer typically used in real projects?,Null pointer is used to signal absence of a value in languages like C and Java. It provides a simple way to mark uninitialized or missing references. It is avoided by Optional types and null safety in Kotlin and Rust.
Programming Language,Give an example of list comprehension.,"List comprehension creates squares with [x*x for x in range(5)]. It is used to transform or filter data in one expression. It is shorter and often faster than an equivalent loop. It hurts readability when nested or complex. It extends to dictionary, set, and generator expressions."
Programming Language,What are the downsides of data type?,"Data type can require conversions and cause errors when types are mixed. It is a classification that tells a language how a value is stored and used. It includes integers, floats, strings, booleans, and arrays. It is checked at compile time in static languages and at runtime in dynamic ones."
Programming Language,How does pointer differ from related concepts?,"Pointer is replaced by references and smart pointers in safer languages. It is a variable that stores the memory address of another value. It is used for dynamic allocation, arrays, and efficient data passing. It gives direct memory control and enables data structures like linked lists."
Programming Language,What problems can compiler cause?,"Compiler adds a build step and compilation time. It is a program that translates source code into machine code or bytecode before running. It produces fast executables and catches many errors early. It differs from an interpreter, which runs code directly."
Programming Language,What other concepts are connected to inheritance?,Inheritance is often balanced by composition over inheritance. It is a mechanism where a class acquires properties and methods from a parent class. It is used to share behavior among related classes. It makes a Dog class extend an Animal class.
Programming Language,Show a real-world example of compiler.,"Compiler turns main.c into an executable using gcc. It is a program that translates source code into machine code or bytecode before running. It adds a build step and compilation time. It differs from an interpreter, which runs code directly."
Programming Language,Can you give a short overview of static typing?,"Static typing is a system where types are checked at compile time. It is used in languages like Java, C++, and Go. It catches type errors early and enables optimization and better tooling. It contrasts with dynamic typing in Python and JavaScript."
Programming Language,What are the drawbacks of compiler?,"Compiler adds a build step and compilation time. It is a program that translates source code into machine code or bytecode before running. It is used for languages like C, C++, Rust, and Go. It differs from an interpreter, which runs code directly."
Programming Language,How does generic help developers?,"Generic provides type safety without duplicating code. It is a feature that lets code work with types specified later. It can make signatures complex and sometimes hurts readability. It appears as generics in Java and C#, and templates in C++."
Programming Language,What problem does Global Interpreter Lock solve?,Global Interpreter Lock is relevant when choosing between threads and processes in Python. It is a lock in CPython that lets only one thread execute Python bytecode at a time. It simplifies memory management and makes single-threaded code fast. It prevents CPU-bound threads from running in parallel.
Programming Language,How does reference help developers?,Reference saves memory and lets functions modify the original object. It is used to pass large objects without copying them. It makes two Python variables point to the same list. It differs from a pointer because it usually cannot be reassigned or do arithmetic.
Programming Language,Why is async/await useful?,Async/await improves readability over callbacks and keeps programs responsive. It is syntax for writing asynchronous code that looks sequential. It awaits a fetch call in JavaScript before reading its JSON. It is built on promises in JavaScript and event loops in Python.
Programming Language,What are the benefits of using struct?,"Struct organizes related data compactly with predictable layout. It is used to represent simple records in C, C++, Go, and Rust. It lacks the inheritance and encapsulation features of full classes in some languages. It stores a point with x and y coordinates in Go."
Programming Language,What problem does hoisting solve?,"Hoisting is relevant when understanding var, function declarations, and temporal dead zones. It lets functions be called before they are defined. It causes confusing undefined values with var. It behaves differently for let and const, which stay in a temporal dead zone."
Programming Language,How is exception handling used in practice?,Exception handling catches a ZeroDivisionError in Python and prints a friendly message. It is a mechanism for responding to runtime errors using try and catch constructs. It is used to handle failures like missing files or invalid input gracefully. It separates error handling from normal logic and prevents crashes.
Programming Language,What are the downsides of mutability?,Mutability can cause surprising side effects when shared. It is the property of an object that allows it to be changed after creation. It allows in-place updates that are efficient for large data. It lets a Python list be appended to after creation. It is the opposite of immutability.
Programming Language,Describe a scenario where polymorphism is applied.,Polymorphism lets draw() behave differently for Circle and Square objects. It is used to write flexible code that works with many object types. It reduces conditional logic and makes code extensible. It can make control flow harder to trace. It appears as overriding at runtime and overloading at compile time.
Programming Language,What is the main purpose of struct?,"Struct is used to represent simple records in C, C++, Go, and Rust. It organizes related data compactly with predictable layout. It lacks the inheritance and encapsulation features of full classes in some languages. It is similar to a class, but often with value semantics."
Programming Language,What is an alternative to operator overloading?,"Operator overloading is supported in C++, Python, and C#, but not in Java. It is defining custom behavior for operators on user-defined types. It can mislead readers when operators do unexpected things. It lets a Vector class support a + b in Python by defining __add__."
Programming Language,What are the disadvantages of generic?,"Generic can make signatures complex and sometimes hurts readability. It is a feature that lets code work with types specified later. It provides type safety without duplicating code. It uses List<String> in Java to hold only strings. It appears as generics in Java and C#, and templates in C++."
Programming Language,When should you avoid data type?,Data type can require conversions and cause errors when types are mixed. It is a classification that tells a language how a value is stored and used. It is checked at compile time in static languages and at runtime in dynamic ones.
Programming Language,Where is interpreter commonly applied?,"Interpreter is used for languages like Python and Ruby. It is a program that executes source code directly, line by line or through bytecode. It enables quick feedback and easy debugging. It is generally slower than compiled code. It is often mixed with compilation to bytecode and JIT."
Programming Language,What is an alternative to generic?,"Generic appears as generics in Java and C#, and templates in C++. It is a feature that lets code work with types specified later. It provides type safety without duplicating code. It can make signatures complex and sometimes hurts readability. It uses List<String> in Java to hold only strings."
Programming Language,Is there a substitute for pointer?,Pointer is replaced by references and smart pointers in safer languages. It is a variable that stores the memory address of another value. It gives direct memory control and enables data structures like linked lists. It stores the address of an int in C with int *p = &x.
Programming Language,Explain static typing.,"Static typing is a system where types are checked at compile time. It is used in languages like Java, C++, and Go. It can require verbose declarations and reduce flexibility. It rejects assigning a string to an int variable before the program runs."
Programming Language,Show a real-world example of type inference.,"Type inference lets let x = 5 be understood as an integer in Rust. It reduces boilerplate while keeping static type safety. It can make types less obvious and produce confusing errors. It uses keywords like auto, var, or val."
Programming Language,Walk me through a simple example of package manager.,"Package manager installs requests with pip install requests. It is a tool that installs, updates, and manages libraries and dependencies. It is used to share and reuse code across projects. It automates dependency resolution and versioning. It includes npm, pip, Maven, Cargo, and NuGet."
Programming Language,What is variable?,"Variable is a named storage location that holds a value in a program. It can cause bugs when names are unclear, shadowed, or modified unexpectedly. It stores a user's age as age = 25 in Python. It differs from a constant, whose value should not change."
Programming Language,How is list comprehension typically used in real projects?,"List comprehension is used to transform or filter data in one expression. It is a concise syntax for building a list from an iterable in Python. It creates squares with [x*x for x in range(5)]. It extends to dictionary, set, and generator expressions."
Programming Language,How is compiler typically used in real projects?,"Compiler is used for languages like C, C++, Rust, and Go. It is a program that translates source code into machine code or bytecode before running. It adds a build step and compilation time. It turns main.c into an executable using gcc."
Programming Language,Why is memory leak useful?,Memory leak can be found with profilers and fixed by releasing unused references. It is investigated when programs slow down or crash over time. It gradually exhausts memory and can crash long-running programs. It can occur even in garbage-collected languages through lingering references.
Programming Language,What are common pitfalls with package manager?,"Package manager can introduce vulnerable or conflicting dependencies. It is a tool that installs, updates, and manages libraries and dependencies. It is used to share and reuse code across projects. It automates dependency resolution and versioning. It includes npm, pip, Maven, Cargo, and NuGet."
Programming Language,What is static typing?,Static typing is a system where types are checked at compile time. It catches type errors early and enables optimization and better tooling. It can require verbose declarations and reduce flexibility. It contrasts with dynamic typing in Python and JavaScript.
Programming Language,Explain enum.,"Enum is a type consisting of a fixed set of named constants. It is used for states, categories, and options. It prevents invalid values and improves readability over magic numbers. It can be hard to extend when values change frequently. It defines Weekday values like MONDAY and TUESDAY."
Programming Language,Describe a scenario where type inference is applied.,"Type inference lets let x = 5 be understood as an integer in Rust. It is the compiler's ability to deduce a variable's type automatically. It can make types less obvious and produce confusing errors. It uses keywords like auto, var, or val."
Programming Language,What does generic mean?,"Generic is a feature that lets code work with types specified later. It is used for reusable collections and algorithms. It uses List<String> in Java to hold only strings. It appears as generics in Java and C#, and templates in C++."
Programming Language,Can you give a short overview of abstraction?,Abstraction is hiding complexity by exposing only essential features. It is used to design simple interfaces over complex implementations. It lets people use components without knowing their internals. It can leak details when poorly designed or add needless layers. It is implemented with abstract classes and interfaces.
Programming Language,What are decorators in Python?,"A decorator is a function that takes another function and returns a modified version, adding behavior without changing the original code. It uses the @ syntax above a function definition. Common uses include logging, timing, authentication checks, caching, and route registration in frameworks such as Flask and FastAPI."
Programming Language,What are the disadvantages of garbage collection?,"Garbage collection adds overhead and unpredictable pauses. It is automatic memory management that frees objects no longer reachable. It is used in languages like Java, Python, and Go. It prevents most memory leaks and dangling pointer errors. It differs from manual management in C and ownership in Rust."
Programming Language,What is related to static typing?,"Static typing contrasts with dynamic typing in Python and JavaScript. It is used in languages like Java, C++, and Go. It can require verbose declarations and reduce flexibility. It rejects assigning a string to an int variable before the program runs."
Programming Language,Give an example of operator overloading.,"Operator overloading lets a Vector class support a + b in Python by defining __add__. It is used for mathematical types such as vectors and complex numbers. It makes code expressive and natural to read. It is supported in C++, Python, and C#, but not in Java."
Programming Language,What are the alternatives or companions of polymorphism?,Polymorphism appears as overriding at runtime and overloading at compile time. It is the ability for different types to be used through the same interface. It is used to write flexible code that works with many object types. It reduces conditional logic and makes code extensible.
Programming Language,Why do developers use data type?,"Data type is used to determine valid operations and memory layout. It is a classification that tells a language how a value is stored and used. It catches mistakes and enables optimization. It includes integers, floats, strings, booleans, and arrays."
Programming Language,Where is object-oriented programming commonly applied?,"Object-oriented programming is used to model real-world entities in large applications. It can lead to deep hierarchies and over-engineering. It models a Car class with attributes like color and methods like drive. It rests on encapsulation, inheritance, polymorphism, and abstraction."
Programming Language,What are the disadvantages of encapsulation?,Encapsulation can add boilerplate getters and setters. It is bundling data with methods and restricting direct access to internals. It is used to protect object state and expose a clean interface. It hides implementation details so internals can change safely. It is supported by access modifiers like private and protected.
Programming Language,How would you explain promise to a beginner?,Promise is an object representing the eventual result of an asynchronous operation. It is used in JavaScript to handle network requests and timers. It avoids deeply nested callbacks and supports chaining. It can swallow errors if rejections are not handled. It chains fetch(url).then(res => res.json()) to process a response.
Programming Language,Where have you seen encapsulation in action?,Encapsulation makes a BankAccount balance private and changed only through deposit and withdraw. It is used to protect object state and expose a clean interface. It hides implementation details so internals can change safely. It can add boilerplate getters and setters.
Programming Language,What are the drawbacks of virtual environment?,"Virtual environment adds setup steps and must be activated correctly. It is an isolated environment with its own interpreter and packages. It is used to keep project dependencies separate. It creates one with python -m venv env. It has lighter isolation than Docker, and tools include venv and conda."
Programming Language,Explain inheritance.,Inheritance is a mechanism where a class acquires properties and methods from a parent class. It reduces duplication and supports specialization. It creates tight coupling and fragile hierarchies. It makes a Dog class extend an Animal class. It is often balanced by composition over inheritance.
Programming Language,What is the difference between == and === in JavaScript?,"The double equals operator compares values after performing type coercion, so the number 5 equals the string '5'. The triple equals operator is strict, comparing both value and type without conversion, so that comparison returns false. Strict equality is recommended because it avoids surprising coercion bugs and keeps code predictable."
Programming Language,Where have you seen decorator in action?,"Decorator uses @timer above a function to measure its run time. It is a function that wraps another function to extend its behavior. It is used for logging, caching, authentication, and timing. It adds features without modifying the original code. It builds on closures and higher-order functions in Python."
Programming Language,How does type inference compare with similar approaches?,"Type inference uses keywords like auto, var, or val. It reduces boilerplate while keeping static type safety. It can make types less obvious and produce confusing errors. It lets let x = 5 be understood as an integer in Rust."
Programming Language,What are the drawbacks of reference?,Reference can cause unintended shared changes between variables. It is used to pass large objects without copying them. It saves memory and lets functions modify the original object. It differs from a pointer because it usually cannot be reassigned or do arithmetic.
Programming Language,Show a real-world example of garbage collection.,"Garbage collection frees a Java object when no references to it remain. It is automatic memory management that frees objects no longer reachable. It is used in languages like Java, Python, and Go. It prevents most memory leaks and dangling pointer errors. It adds overhead and unpredictable pauses."
Programming Language,What are the benefits of using generator?,Generator saves memory by producing items lazily. It is a function that yields values one at a time and pauses between them. It can be consumed only once and cannot be indexed. It is related to iterators and the yield keyword.
Programming Language,How is data type used in practice?,"Data type includes integers, floats, strings, booleans, and arrays. It is a classification that tells a language how a value is stored and used. It catches mistakes and enables optimization. It can require conversions and cause errors when types are mixed."
Programming Language,What is the main purpose of polymorphism?,Polymorphism is used to write flexible code that works with many object types. It reduces conditional logic and makes code extensible. It lets draw() behave differently for Circle and Square objects. It appears as overriding at runtime and overloading at compile time.
Programming Language,How would you explain object-oriented programming to a beginner?,"Object-oriented programming is a programming paradigm that organizes code into objects with data and behavior. It is used to model real-world entities in large applications. It models a Car class with attributes like color and methods like drive. It rests on encapsulation, inheritance, polymorphism, and abstraction."
Programming Language,What are the advantages of Global Interpreter Lock?,"Global Interpreter Lock simplifies memory management and makes single-threaded code fast. It is relevant when choosing between threads and processes in Python. It prevents CPU-bound threads from running in parallel. It is bypassed with multiprocessing, native extensions, or alternative interpreters."
Programming Language,Describe a scenario where namespace is applied.,"Namespace places std::vector under the std namespace in C++. It is a container that groups names to avoid conflicts. It can cause confusion when imports or scopes overlap. It appears as packages in Java, modules in Python, and namespaces in C#."
Programming Language,What are the benefits of using list comprehension?,List comprehension is shorter and often faster than an equivalent loop. It is a concise syntax for building a list from an iterable in Python. It hurts readability when nested or complex. It creates squares with [x*x for x in range(5)].
Programming Language,Define generic in simple words.,Generic is a feature that lets code work with types specified later. It is used for reusable collections and algorithms. It provides type safety without duplicating code. It can make signatures complex and sometimes hurts readability. It uses List<String> in Java to hold only strings.
Programming Language,What is hoisting used for?,"Hoisting is relevant when understanding var, function declarations, and temporal dead zones. It lets functions be called before they are defined. It makes console.log(x) print undefined when var x is declared later. It behaves differently for let and const, which stay in a temporal dead zone."
Programming Language,What is JIT compilation?,JIT compilation is compiling code to machine code during program execution. It optimizes hot code paths using runtime information. It adds warmup time and memory use. It speeds up a frequently called Java method after the JVM notices it. It sits between pure interpretation and ahead-of-time compilation.
Programming Language,What is the basic idea behind loop?,"Loop is a control structure that repeats a block of code. It is used to process collections and repeat actions until a condition changes. It avoids duplicated code and automates repetition. It prints numbers one to ten with a for loop. It appears as for, while, and do-while forms."
Programming Language,What is a practical example of reference?,Reference makes two Python variables point to the same list. It is an alias or handle that refers to an existing object or value. It is used to pass large objects without copying them. It differs from a pointer because it usually cannot be reassigned or do arithmetic.
Programming Language,What is decorator used for?,"Decorator is used for logging, caching, authentication, and timing. It is a function that wraps another function to extend its behavior. It uses @timer above a function to measure its run time. It builds on closures and higher-order functions in Python."
Programming Language,Show a real-world example of object-oriented programming.,"Object-oriented programming models a Car class with attributes like color and methods like drive. It is a programming paradigm that organizes code into objects with data and behavior. It is used to model real-world entities in large applications. It rests on encapsulation, inheritance, polymorphism, and abstraction."
Programming Language,Why is mutability considered important?,Mutability allows in-place updates that are efficient for large data. It is considered when passing objects or sharing data between functions. It can cause surprising side effects when shared. It lets a Python list be appended to after creation. It is the opposite of immutability.
Programming Language,Show a real-world example of virtual environment.,"Virtual environment creates one with python -m venv env. It is an isolated environment with its own interpreter and packages. It adds setup steps and must be activated correctly. It has lighter isolation than Docker, and tools include venv and conda."
Programming Language,When should you avoid interpreter?,"Interpreter is generally slower than compiled code. It is a program that executes source code directly, line by line or through bytecode. It is used for languages like Python and Ruby. It enables quick feedback and easy debugging. It is often mixed with compilation to bytecode and JIT."
Programming Language,In which situations is static typing a good choice?,"Static typing is used in languages like Java, C++, and Go. It can require verbose declarations and reduce flexibility. It rejects assigning a string to an int variable before the program runs. It contrasts with dynamic typing in Python and JavaScript."
Programming Language,Describe loop briefly.,"Loop is a control structure that repeats a block of code. It avoids duplicated code and automates repetition. It can run forever if the exit condition is never met. It prints numbers one to ten with a for loop. It appears as for, while, and do-while forms."
Programming Language,What are common pitfalls with virtual environment?,"Virtual environment adds setup steps and must be activated correctly. It is an isolated environment with its own interpreter and packages. It prevents version conflicts between projects. It creates one with python -m venv env. It has lighter isolation than Docker, and tools include venv and conda."
Programming Language,Define lambda in simple words.,"Lambda is a small anonymous function defined inline. It is used for short callbacks, sorting keys, and functional operations. It keeps simple logic concise without naming a function. It becomes unreadable when complex and is harder to debug. It sorts words by length using key=lambda w: len(w) in Python."
Programming Language,What is a practical example of pointer?,"Pointer stores the address of an int in C with int *p = &x. It is a variable that stores the memory address of another value. It is used for dynamic allocation, arrays, and efficient data passing. It is replaced by references and smart pointers in safer languages."
Programming Language,When should you use JIT compilation?,JIT compilation is used in engines like the JVM and V8. It is compiling code to machine code during program execution. It adds warmup time and memory use. It speeds up a frequently called Java method after the JVM notices it.
Programming Language,Why do developers use memory leak?,Memory leak is investigated when programs slow down or crash over time. It can be found with profilers and fixed by releasing unused references. It gradually exhausts memory and can crash long-running programs. It can occur even in garbage-collected languages through lingering references.
Programming Language,Where is virtual environment commonly applied?,"Virtual environment is used to keep project dependencies separate. It is an isolated environment with its own interpreter and packages. It adds setup steps and must be activated correctly. It has lighter isolation than Docker, and tools include venv and conda."
Programming Language,What are the disadvantages of exception handling?,"Exception handling can hide bugs when exceptions are swallowed silently. It is a mechanism for responding to runtime errors using try and catch constructs. It is used to handle failures like missing files or invalid input gracefully. It includes try, except or catch, finally, and throw or raise."
Programming Language,How does memory leak differ from related concepts?,Memory leak can occur even in garbage-collected languages through lingering references. It is a bug where memory that is no longer needed is never released. It is investigated when programs slow down or crash over time. It happens when event listeners are never removed in a long-lived page.
Programming Language,Is there a substitute for polymorphism?,Polymorphism appears as overriding at runtime and overloading at compile time. It is used to write flexible code that works with many object types. It can make control flow harder to trace. It lets draw() behave differently for Circle and Square objects.
Programming Language,How does list comprehension help developers?,List comprehension is shorter and often faster than an equivalent loop. It is a concise syntax for building a list from an iterable in Python. It is used to transform or filter data in one expression. It hurts readability when nested or complex.
Programming Language,When should you avoid generic?,"Generic can make signatures complex and sometimes hurts readability. It is a feature that lets code work with types specified later. It uses List<String> in Java to hold only strings. It appears as generics in Java and C#, and templates in C++."
Programming Language,Can you give a short overview of promise?,Promise is an object representing the eventual result of an asynchronous operation. It is used in JavaScript to handle network requests and timers. It can swallow errors if rejections are not handled. It chains fetch(url).then(res => res.json()) to process a response.
Programming Language,What does struct mean?,"Struct is a composite data type that groups related fields under one name. It is used to represent simple records in C, C++, Go, and Rust. It stores a point with x and y coordinates in Go. It is similar to a class, but often with value semantics."
Programming Language,Walk me through a simple example of immutability.,"Immutability makes Python strings and tuples unchangeable once created. It is the property of an object that cannot change after creation. It prevents accidental changes and makes concurrency safer. It creates new objects for each change, which costs memory and time."
Programming Language,What problem does decorator solve?,"Decorator is used for logging, caching, authentication, and timing. It adds features without modifying the original code. It can hide control flow and complicate debugging and signatures. It uses @timer above a function to measure its run time. It builds on closures and higher-order functions in Python."
Programming Language,What are the limitations of immutability?,"Immutability creates new objects for each change, which costs memory and time. It is the property of an object that cannot change after creation. It makes Python strings and tuples unchangeable once created. It contrasts with mutability and is supported by const and final keywords."
Programming Language,What should I learn alongside namespace?,"Namespace appears as packages in Java, modules in Python, and namespaces in C#. It is a container that groups names to avoid conflicts. It is used to organize large codebases and libraries. It can cause confusion when imports or scopes overlap. It places std::vector under the std namespace in C++."
Programming Language,What problem does interpreter solve?,"Interpreter is used for languages like Python and Ruby. It is a program that executes source code directly, line by line or through bytecode. It runs a Python script with the python command. It is often mixed with compilation to bytecode and JIT."
Programming Language,What other concepts are connected to JIT compilation?,JIT compilation sits between pure interpretation and ahead-of-time compilation. It is compiling code to machine code during program execution. It is used in engines like the JVM and V8. It adds warmup time and memory use. It speeds up a frequently called Java method after the JVM notices it.
Programming Language,In which situations is object-oriented programming a good choice?,Object-oriented programming is used to model real-world entities in large applications. It is a programming paradigm that organizes code into objects with data and behavior. It can lead to deep hierarchies and over-engineering. It models a Car class with attributes like color and methods like drive.
Programming Language,Define iterator in simple words.,Iterator is an object that provides items one at a time through a next operation. It hides how a collection is stored and allows lazy evaluation. It is single-pass and can be exhausted. It is defined by __iter__ and __next__ in Python.
Programming Language,Can you illustrate list comprehension with an example?,"List comprehension creates squares with [x*x for x in range(5)]. It is a concise syntax for building a list from an iterable in Python. It is shorter and often faster than an equivalent loop. It extends to dictionary, set, and generator expressions."
Programming Language,How does garbage collection compare with similar approaches?,"Garbage collection differs from manual management in C and ownership in Rust. It is used in languages like Java, Python, and Go. It prevents most memory leaks and dangling pointer errors. It adds overhead and unpredictable pauses. It frees a Java object when no references to it remain."
Programming Language,What are the drawbacks of null pointer?,"Null pointer causes crashes or exceptions when dereferenced, famously called a billion-dollar mistake. It is a pointer that refers to no valid memory location. It triggers a NullPointerException in Java when calling a method on null. It is avoided by Optional types and null safety in Kotlin and Rust."
Programming Language,Define compiler in simple words.,"Compiler is a program that translates source code into machine code or bytecode before running. It produces fast executables and catches many errors early. It adds a build step and compilation time. It differs from an interpreter, which runs code directly."
Programming Language,Define type inference in simple words.,"Type inference is the compiler's ability to deduce a variable's type automatically. It is used in languages like TypeScript, Kotlin, Rust, and modern C++. It reduces boilerplate while keeping static type safety. It uses keywords like auto, var, or val."
Programming Language,List the strengths of variable.,"Variable makes code readable and flexible by naming values. It is a named storage location that holds a value in a program. It can cause bugs when names are unclear, shadowed, or modified unexpectedly. It differs from a constant, whose value should not change."
Programming Language,Why is data type useful?,"Data type catches mistakes and enables optimization. It is used to determine valid operations and memory layout. It includes integers, floats, strings, booleans, and arrays. It is checked at compile time in static languages and at runtime in dynamic ones."
Programming Language,Why is object-oriented programming considered important?,"Object-oriented programming improves modularity, reuse, and maintainability. It is a programming paradigm that organizes code into objects with data and behavior. It is used to model real-world entities in large applications. It models a Car class with attributes like color and methods like drive."
Programming Language,What is enum?,"Enum is a type consisting of a fixed set of named constants. It prevents invalid values and improves readability over magic numbers. It can be hard to extend when values change frequently. It exists in Java, C++, C#, Python, and TypeScript."
Programming Language,What is related to operator overloading?,"Operator overloading is supported in C++, Python, and C#, but not in Java. It is defining custom behavior for operators on user-defined types. It makes code expressive and natural to read. It lets a Vector class support a + b in Python by defining __add__."
Programming Language,What are the advantages of inheritance?,Inheritance reduces duplication and supports specialization. It is a mechanism where a class acquires properties and methods from a parent class. It is used to share behavior among related classes. It creates tight coupling and fragile hierarchies. It makes a Dog class extend an Animal class.
Programming Language,What are the benefits of using garbage collection?,"Garbage collection prevents most memory leaks and dangling pointer errors. It is automatic memory management that frees objects no longer reachable. It is used in languages like Java, Python, and Go. It adds overhead and unpredictable pauses. It frees a Java object when no references to it remain."
Programming Language,Why is hoisting considered important?,"Hoisting lets functions be called before they are defined. It is relevant when understanding var, function declarations, and temporal dead zones. It causes confusing undefined values with var. It behaves differently for let and const, which stay in a temporal dead zone."
Programming Language,How would you explain list comprehension to a beginner?,"List comprehension is a concise syntax for building a list from an iterable in Python. It is shorter and often faster than an equivalent loop. It hurts readability when nested or complex. It extends to dictionary, set, and generator expressions."
Programming Language,What are the alternatives or companions of operator overloading?,"Operator overloading is supported in C++, Python, and C#, but not in Java. It is defining custom behavior for operators on user-defined types. It is used for mathematical types such as vectors and complex numbers. It makes code expressive and natural to read."
Programming Language,Define null pointer in simple words.,"Null pointer is a pointer that refers to no valid memory location. It causes crashes or exceptions when dereferenced, famously called a billion-dollar mistake. It triggers a NullPointerException in Java when calling a method on null. It is avoided by Optional types and null safety in Kotlin and Rust."
Programming Language,What are common pitfalls with struct?,"Struct lacks the inheritance and encapsulation features of full classes in some languages. It is a composite data type that groups related fields under one name. It stores a point with x and y coordinates in Go. It is similar to a class, but often with value semantics."
Programming Language,List the strengths of async/await.,Async/await improves readability over callbacks and keeps programs responsive. It is syntax for writing asynchronous code that looks sequential. It is used for I/O tasks such as network calls and file access. It is built on promises in JavaScript and event loops in Python.
Programming Language,Walk me through a simple example of polymorphism.,Polymorphism lets draw() behave differently for Circle and Square objects. It is the ability for different types to be used through the same interface. It can make control flow harder to trace. It appears as overriding at runtime and overloading at compile time.
Programming Language,What problems can mutability cause?,Mutability can cause surprising side effects when shared. It is the property of an object that allows it to be changed after creation. It is considered when passing objects or sharing data between functions. It is the opposite of immutability.
Programming Language,How is virtual environment typically used in real projects?,"Virtual environment is used to keep project dependencies separate. It is an isolated environment with its own interpreter and packages. It prevents version conflicts between projects. It creates one with python -m venv env. It has lighter isolation than Docker, and tools include venv and conda."
Programming Language,How does memory leak help developers?,Memory leak can be found with profilers and fixed by releasing unused references. It is a bug where memory that is no longer needed is never released. It happens when event listeners are never removed in a long-lived page. It can occur even in garbage-collected languages through lingering references.
Programming Language,What is an alternative to struct?,"Struct is similar to a class, but often with value semantics. It is used to represent simple records in C, C++, Go, and Rust. It organizes related data compactly with predictable layout. It lacks the inheritance and encapsulation features of full classes in some languages."
Programming Language,What should I learn alongside data type?,Data type is checked at compile time in static languages and at runtime in dynamic ones. It is used to determine valid operations and memory layout. It catches mistakes and enables optimization. It can require conversions and cause errors when types are mixed.
Programming Language,How does object-oriented programming differ from related concepts?,"Object-oriented programming rests on encapsulation, inheritance, polymorphism, and abstraction. It is a programming paradigm that organizes code into objects with data and behavior. It is used to model real-world entities in large applications. It models a Car class with attributes like color and methods like drive."
Programming Language,Explain dynamic typing.,Dynamic typing is a system where types are checked at runtime. It lets type errors appear only when code runs. It lets a variable hold a number and later a string in Python. It can be strengthened with type hints and checkers like mypy.
Programming Language,Why is closure considered important?,"Closure enables data hiding and flexible behavior without classes. It is a function that remembers variables from the scope where it was created. It can keep objects alive longer than expected and cause memory leaks. It is common in JavaScript, Python, and functional languages."
Programming Language,How does exception handling differ from related concepts?,"Exception handling includes try, except or catch, finally, and throw or raise. It is a mechanism for responding to runtime errors using try and catch constructs. It separates error handling from normal logic and prevents crashes. It catches a ZeroDivisionError in Python and prints a friendly message."
Programming Language,In which situations is async/await a good choice?,Async/await is used for I/O tasks such as network calls and file access. It is syntax for writing asynchronous code that looks sequential. It does not speed up CPU-bound work and forgotten awaits cause bugs. It awaits a fetch call in JavaScript before reading its JSON.
Programming Language,What should you watch out for when using data type?,Data type can require conversions and cause errors when types are mixed. It is a classification that tells a language how a value is stored and used. It catches mistakes and enables optimization. It is checked at compile time in static languages and at runtime in dynamic ones.
Programming Language,How is null pointer used in practice?,Null pointer triggers a NullPointerException in Java when calling a method on null. It is a pointer that refers to no valid memory location. It is used to signal absence of a value in languages like C and Java. It provides a simple way to mark uninitialized or missing references.
Programming Language,How is mutability typically used in real projects?,Mutability is considered when passing objects or sharing data between functions. It allows in-place updates that are efficient for large data. It can cause surprising side effects when shared. It lets a Python list be appended to after creation. It is the opposite of immutability.
Programming Language,Where is inheritance commonly applied?,Inheritance is used to share behavior among related classes. It is a mechanism where a class acquires properties and methods from a parent class. It makes a Dog class extend an Animal class. It is often balanced by composition over inheritance.
Programming Language,What problems can lambda cause?,Lambda becomes unreadable when complex and is harder to debug. It is a small anonymous function defined inline. It keeps simple logic concise without naming a function. It sorts words by length using key=lambda w: len(w) in Python. It is also called an arrow function in JavaScript.
Programming Language,What are the benefits of using promise?,"Promise avoids deeply nested callbacks and supports chaining. It is an object representing the eventual result of an asynchronous operation. It can swallow errors if rejections are not handled. It chains fetch(url).then(res => res.json()) to process a response. It has pending, fulfilled, and rejected states."
Programming Language,Is there a substitute for static typing?,Static typing contrasts with dynamic typing in Python and JavaScript. It is a system where types are checked at compile time. It can require verbose declarations and reduce flexibility. It rejects assigning a string to an int variable before the program runs.
Programming Language,In which situations is variable a good choice?,"Variable is used to store, update, and reuse data during execution. It makes code readable and flexible by naming values. It can cause bugs when names are unclear, shadowed, or modified unexpectedly. It differs from a constant, whose value should not change."
Programming Language,What is the basic idea behind generator?,Generator is a function that yields values one at a time and pauses between them. It is used for large or infinite sequences and streaming data. It yields lines from a huge file one by one in Python. It is related to iterators and the yield keyword.
Programming Language,What should you watch out for when using dynamic typing?,Dynamic typing lets type errors appear only when code runs. It enables quick prototyping and flexible code. It lets a variable hold a number and later a string in Python. It can be strengthened with type hints and checkers like mypy.
Programming Language,What does inheritance mean?,Inheritance is a mechanism where a class acquires properties and methods from a parent class. It is used to share behavior among related classes. It reduces duplication and supports specialization. It makes a Dog class extend an Animal class. It is often balanced by composition over inheritance.
Programming Language,What should you watch out for when using loop?,"Loop can run forever if the exit condition is never met. It is used to process collections and repeat actions until a condition changes. It prints numbers one to ten with a for loop. It appears as for, while, and do-while forms."
Programming Language,In which situations is exception handling a good choice?,Exception handling is used to handle failures like missing files or invalid input gracefully. It is a mechanism for responding to runtime errors using try and catch constructs. It separates error handling from normal logic and prevents crashes. It catches a ZeroDivisionError in Python and prints a friendly message.
Programming Language,Can you illustrate Global Interpreter Lock with an example?,Global Interpreter Lock makes two CPU-heavy threads take about as long as running sequentially. It is a lock in CPython that lets only one thread execute Python bytecode at a time. It simplifies memory management and makes single-threaded code fast.
Programming Language,Why is function useful?,"Function improves readability, testing, and reuse. It is a reusable block of code that performs a task and may return a value. It becomes hard to follow when too long or dependent on global state. It is called a method when attached to an object."
Programming Language,What other concepts are connected to object-oriented programming?,"Object-oriented programming rests on encapsulation, inheritance, polymorphism, and abstraction. It is a programming paradigm that organizes code into objects with data and behavior. It improves modularity, reuse, and maintainability. It models a Car class with attributes like color and methods like drive."
Programming Language,When should you avoid function?,"Function becomes hard to follow when too long or dependent on global state. It is used to organize logic and avoid repetition. It defines add(a, b) that returns a plus b. It is called a method when attached to an object."
Programming Language,What are the disadvantages of virtual environment?,"Virtual environment adds setup steps and must be activated correctly. It is an isolated environment with its own interpreter and packages. It is used to keep project dependencies separate. It has lighter isolation than Docker, and tools include venv and conda."
Programming Language,What are the drawbacks of variable?,"Variable can cause bugs when names are unclear, shadowed, or modified unexpectedly. It is a named storage location that holds a value in a program. It makes code readable and flexible by naming values. It stores a user's age as age = 25 in Python."
Programming Language,Why do developers use inheritance?,Inheritance is used to share behavior among related classes. It is a mechanism where a class acquires properties and methods from a parent class. It creates tight coupling and fragile hierarchies. It makes a Dog class extend an Animal class. It is often balanced by composition over inheritance.
Programming Language,What are common pitfalls with dynamic typing?,Dynamic typing lets type errors appear only when code runs. It is a system where types are checked at runtime. It lets a variable hold a number and later a string in Python. It can be strengthened with type hints and checkers like mypy.
Programming Language,What should I learn alongside lambda?,"Lambda is also called an arrow function in JavaScript. It is used for short callbacks, sorting keys, and functional operations. It keeps simple logic concise without naming a function. It becomes unreadable when complex and is harder to debug. It sorts words by length using key=lambda w: len(w) in Python."
Programming Language,What is a practical example of compiler?,"Compiler turns main.c into an executable using gcc. It is used for languages like C, C++, Rust, and Go. It produces fast executables and catches many errors early. It adds a build step and compilation time. It differs from an interpreter, which runs code directly."
Programming Language,What is the basic idea behind type inference?,"Type inference is the compiler's ability to deduce a variable's type automatically. It reduces boilerplate while keeping static type safety. It lets let x = 5 be understood as an integer in Rust. It uses keywords like auto, var, or val."
Programming Language,What problem does loop solve?,Loop is used to process collections and repeat actions until a condition changes. It is a control structure that repeats a block of code. It can run forever if the exit condition is never met. It prints numbers one to ten with a for loop.
Programming Language,Show a real-world example of inheritance.,Inheritance makes a Dog class extend an Animal class. It is a mechanism where a class acquires properties and methods from a parent class. It is used to share behavior among related classes. It creates tight coupling and fragile hierarchies.
Programming Language,What problems can function cause?,Function becomes hard to follow when too long or dependent on global state. It is a reusable block of code that performs a task and may return a value. It is used to organize logic and avoid repetition. It is called a method when attached to an object.
Programming Language,Can you illustrate encapsulation with an example?,Encapsulation makes a BankAccount balance private and changed only through deposit and withdraw. It is used to protect object state and expose a clean interface. It can add boilerplate getters and setters. It is supported by access modifiers like private and protected.
Programming Language,Give an example of type inference.,"Type inference lets let x = 5 be understood as an integer in Rust. It is used in languages like TypeScript, Kotlin, Rust, and modern C++. It reduces boilerplate while keeping static type safety. It can make types less obvious and produce confusing errors."
Programming Language,How does iterator compare with similar approaches?,Iterator is defined by __iter__ and __next__ in Python. It is an object that provides items one at a time through a next operation. It is used to loop over collections uniformly. It hides how a collection is stored and allows lazy evaluation.
Programming Language,How would you explain multithreading to a beginner?,"Multithreading is running multiple threads of execution within one process. It is used to keep apps responsive and overlap I/O work. It can improve throughput and responsiveness. It risks race conditions, deadlocks, and hard-to-reproduce bugs. It downloads files in background threads while the interface stays active."
Programming Language,What is a practical example of list comprehension?,"List comprehension creates squares with [x*x for x in range(5)]. It is a concise syntax for building a list from an iterable in Python. It is used to transform or filter data in one expression. It extends to dictionary, set, and generator expressions."
Programming Language,Walk me through a simple example of virtual environment.,"Virtual environment creates one with python -m venv env. It is an isolated environment with its own interpreter and packages. It prevents version conflicts between projects. It adds setup steps and must be activated correctly. It has lighter isolation than Docker, and tools include venv and conda."
Programming Language,What is the basic idea behind reference?,Reference is an alias or handle that refers to an existing object or value. It saves memory and lets functions modify the original object. It can cause unintended shared changes between variables. It makes two Python variables point to the same list.
Programming Language,Describe lambda briefly.,"Lambda is a small anonymous function defined inline. It is used for short callbacks, sorting keys, and functional operations. It keeps simple logic concise without naming a function. It becomes unreadable when complex and is harder to debug. It is also called an arrow function in JavaScript."
Programming Language,Where have you seen object-oriented programming in action?,"Object-oriented programming models a Car class with attributes like color and methods like drive. It is a programming paradigm that organizes code into objects with data and behavior. It improves modularity, reuse, and maintainability. It can lead to deep hierarchies and over-engineering."
Programming Language,Why is namespace considered important?,"Namespace prevents collisions between identically named items. It is used to organize large codebases and libraries. It can cause confusion when imports or scopes overlap. It places std::vector under the std namespace in C++. It appears as packages in Java, modules in Python, and namespaces in C#."
Programming Language,Walk me through a simple example of lambda.,Lambda sorts words by length using key=lambda w: len(w) in Python. It is a small anonymous function defined inline. It keeps simple logic concise without naming a function. It becomes unreadable when complex and is harder to debug. It is also called an arrow function in JavaScript.
Programming Language,How is pointer typically used in real projects?,"Pointer is used for dynamic allocation, arrays, and efficient data passing. It is a variable that stores the memory address of another value. It gives direct memory control and enables data structures like linked lists. It causes crashes, leaks, and security bugs when misused."
Programming Language,How is inheritance typically used in real projects?,Inheritance is used to share behavior among related classes. It is a mechanism where a class acquires properties and methods from a parent class. It reduces duplication and supports specialization. It creates tight coupling and fragile hierarchies. It is often balanced by composition over inheritance.
Programming Language,What are the limitations of garbage collection?,Garbage collection adds overhead and unpredictable pauses. It is automatic memory management that frees objects no longer reachable. It prevents most memory leaks and dangling pointer errors. It frees a Java object when no references to it remain. It differs from manual management in C and ownership in Rust.
Programming Language,What do you gain by using data type?,Data type catches mistakes and enables optimization. It is a classification that tells a language how a value is stored and used. It can require conversions and cause errors when types are mixed. It is checked at compile time in static languages and at runtime in dynamic ones.
Programming Language,What are the benefits of using inheritance?,Inheritance reduces duplication and supports specialization. It is a mechanism where a class acquires properties and methods from a parent class. It is used to share behavior among related classes. It creates tight coupling and fragile hierarchies. It is often balanced by composition over inheritance.
Programming Language,Describe inheritance briefly.,Inheritance is a mechanism where a class acquires properties and methods from a parent class. It is used to share behavior among related classes. It reduces duplication and supports specialization. It creates tight coupling and fragile hierarchies. It is often balanced by composition over inheritance.
Programming Language,What are the benefits of using function?,"Function improves readability, testing, and reuse. It is a reusable block of code that performs a task and may return a value. It is used to organize logic and avoid repetition. It becomes hard to follow when too long or dependent on global state."
Programming Language,Why do developers use closure?,"Closure is used for private state, callbacks, and function factories. It is a function that remembers variables from the scope where it was created. It enables data hiding and flexible behavior without classes. It can keep objects alive longer than expected and cause memory leaks."
Programming Language,What are common pitfalls with exception handling?,"Exception handling can hide bugs when exceptions are swallowed silently. It is used to handle failures like missing files or invalid input gracefully. It catches a ZeroDivisionError in Python and prints a friendly message. It includes try, except or catch, finally, and throw or raise."
Programming Language,What problems can closure cause?,"Closure can keep objects alive longer than expected and cause memory leaks. It is a function that remembers variables from the scope where it was created. It creates a counter function whose count persists between calls. It is common in JavaScript, Python, and functional languages."
Programming Language,What are the limitations of loop?,"Loop can run forever if the exit condition is never met. It is a control structure that repeats a block of code. It is used to process collections and repeat actions until a condition changes. It avoids duplicated code and automates repetition. It appears as for, while, and do-while forms."
Programming Language,What are the downsides of list comprehension?,"List comprehension hurts readability when nested or complex. It is a concise syntax for building a list from an iterable in Python. It is used to transform or filter data in one expression. It creates squares with [x*x for x in range(5)]. It extends to dictionary, set, and generator expressions."
Programming Language,How does polymorphism help developers?,Polymorphism reduces conditional logic and makes code extensible. It is the ability for different types to be used through the same interface. It is used to write flexible code that works with many object types. It can make control flow harder to trace.
Programming Language,How does mutability help developers?,Mutability allows in-place updates that are efficient for large data. It is the property of an object that allows it to be changed after creation. It lets a Python list be appended to after creation. It is the opposite of immutability.
Programming Language,What is related to list comprehension?,"List comprehension extends to dictionary, set, and generator expressions. It is used to transform or filter data in one expression. It is shorter and often faster than an equivalent loop. It hurts readability when nested or complex. It creates squares with [x*x for x in range(5)]."
Programming Language,Is there a substitute for encapsulation?,Encapsulation is supported by access modifiers like private and protected. It is used to protect object state and expose a clean interface. It hides implementation details so internals can change safely. It makes a BankAccount balance private and changed only through deposit and withdraw.
Programming Language,When should you use generic?,"Generic is used for reusable collections and algorithms. It is a feature that lets code work with types specified later. It can make signatures complex and sometimes hurts readability. It appears as generics in Java and C#, and templates in C++."
Programming Language,When should you avoid variable?,"Variable can cause bugs when names are unclear, shadowed, or modified unexpectedly. It is a named storage location that holds a value in a program. It stores a user's age as age = 25 in Python. It differs from a constant, whose value should not change."
Programming Language,Walk me through a simple example of type inference.,"Type inference lets let x = 5 be understood as an integer in Rust. It is the compiler's ability to deduce a variable's type automatically. It reduces boilerplate while keeping static type safety. It uses keywords like auto, var, or val."
Programming Language,What is namespace?,"Namespace is a container that groups names to avoid conflicts. It is used to organize large codebases and libraries. It prevents collisions between identically named items. It places std::vector under the std namespace in C++. It appears as packages in Java, modules in Python, and namespaces in C#."
Programming Language,Why is generator useful?,Generator saves memory by producing items lazily. It is a function that yields values one at a time and pauses between them. It can be consumed only once and cannot be indexed. It yields lines from a huge file one by one in Python.
Programming Language,What makes promise valuable?,Promise avoids deeply nested callbacks and supports chaining. It is an object representing the eventual result of an asynchronous operation. It is used in JavaScript to handle network requests and timers. It can swallow errors if rejections are not handled. It chains fetch(url).then(res => res.json()) to process a response.
Programming Language,Where is abstraction commonly applied?,Abstraction is used to design simple interfaces over complex implementations. It is hiding complexity by exposing only essential features. It lets people use components without knowing their internals. It can leak details when poorly designed or add needless layers. It lets you call car.start() without knowing how the engine works.
Programming Language,What problems can variable cause?,"Variable can cause bugs when names are unclear, shadowed, or modified unexpectedly. It is used to store, update, and reuse data during execution. It makes code readable and flexible by naming values. It differs from a constant, whose value should not change."
Programming Language,In which situations is dynamic typing a good choice?,"Dynamic typing is used in languages like Python, JavaScript, and Ruby. It is a system where types are checked at runtime. It lets a variable hold a number and later a string in Python. It can be strengthened with type hints and checkers like mypy."
Programming Language,Describe JIT compilation briefly.,JIT compilation is compiling code to machine code during program execution. It is used in engines like the JVM and V8. It optimizes hot code paths using runtime information. It speeds up a frequently called Java method after the JVM notices it. It sits between pure interpretation and ahead-of-time compilation.
Programming Language,How is function used in practice?,"Function defines add(a, b) that returns a plus b. It is a reusable block of code that performs a task and may return a value. It is used to organize logic and avoid repetition. It becomes hard to follow when too long or dependent on global state."
Programming Language,What problems can namespace cause?,"Namespace can cause confusion when imports or scopes overlap. It is a container that groups names to avoid conflicts. It is used to organize large codebases and libraries. It appears as packages in Java, modules in Python, and namespaces in C#."
Programming Language,What is interface?,"Interface is a contract that specifies methods a type must implement. It is used to define capabilities and decouple code. It adds indirection, and changing an interface affects all implementers. It differs from an abstract class, which can hold state and implementation."
Programming Language,How would you explain memory leak to a beginner?,Memory leak is a bug where memory that is no longer needed is never released. It is investigated when programs slow down or crash over time. It gradually exhausts memory and can crash long-running programs. It happens when event listeners are never removed in a long-lived page.
Programming Language,What is a practical example of lambda?,"Lambda sorts words by length using key=lambda w: len(w) in Python. It is a small anonymous function defined inline. It is used for short callbacks, sorting keys, and functional operations. It becomes unreadable when complex and is harder to debug. It is also called an arrow function in JavaScript."
Programming Language,Why do developers use abstraction?,Abstraction is used to design simple interfaces over complex implementations. It lets people use components without knowing their internals. It can leak details when poorly designed or add needless layers. It lets you call car.start() without knowing how the engine works. It is implemented with abstract classes and interfaces.
Programming Language,Explain lambda.,Lambda is a small anonymous function defined inline. It keeps simple logic concise without naming a function. It becomes unreadable when complex and is harder to debug. It sorts words by length using key=lambda w: len(w) in Python. It is also called an arrow function in JavaScript.
Programming Language,What are the limitations of namespace?,"Namespace can cause confusion when imports or scopes overlap. It is used to organize large codebases and libraries. It places std::vector under the std namespace in C++. It appears as packages in Java, modules in Python, and namespaces in C#."
Programming Language,When should you use decorator?,"Decorator is used for logging, caching, authentication, and timing. It is a function that wraps another function to extend its behavior. It adds features without modifying the original code. It uses @timer above a function to measure its run time. It builds on closures and higher-order functions in Python."
Programming Language,When should you use operator overloading?,Operator overloading is used for mathematical types such as vectors and complex numbers. It makes code expressive and natural to read. It can mislead readers when operators do unexpected things. It lets a Vector class support a + b in Python by defining __add__.
Programming Language,Can you give a short overview of virtual environment?,"Virtual environment is an isolated environment with its own interpreter and packages. It is used to keep project dependencies separate. It prevents version conflicts between projects. It creates one with python -m venv env. It has lighter isolation than Docker, and tools include venv and conda."
Programming Language,What are the advantages of exception handling?,"Exception handling separates error handling from normal logic and prevents crashes. It is used to handle failures like missing files or invalid input gracefully. It catches a ZeroDivisionError in Python and prints a friendly message. It includes try, except or catch, finally, and throw or raise."
Programming Language,In which situations is hoisting a good choice?,"Hoisting is relevant when understanding var, function declarations, and temporal dead zones. It is JavaScript behavior where declarations are moved to the top of their scope before execution. It causes confusing undefined values with var. It makes console.log(x) print undefined when var x is declared later."
Programming Language,Can you illustrate reference with an example?,Reference makes two Python variables point to the same list. It is used to pass large objects without copying them. It can cause unintended shared changes between variables. It differs from a pointer because it usually cannot be reassigned or do arithmetic.
Programming Language,When should you avoid iterator?,Iterator is single-pass and can be exhausted. It is used to loop over collections uniformly. It hides how a collection is stored and allows lazy evaluation. It lets a for loop in Python walk through a list. It is defined by __iter__ and __next__ in Python.
Programming Language,What problem does namespace solve?,Namespace is used to organize large codebases and libraries. It is a container that groups names to avoid conflicts. It prevents collisions between identically named items. It can cause confusion when imports or scopes overlap. It places std::vector under the std namespace in C++.
Programming Language,Walk me through a simple example of null pointer.,Null pointer triggers a NullPointerException in Java when calling a method on null. It is used to signal absence of a value in languages like C and Java. It is avoided by Optional types and null safety in Kotlin and Rust.
Programming Language,What is the basic idea behind exception handling?,Exception handling is a mechanism for responding to runtime errors using try and catch constructs. It separates error handling from normal logic and prevents crashes. It can hide bugs when exceptions are swallowed silently. It catches a ZeroDivisionError in Python and prints a friendly message.
Programming Language,Can you illustrate generator with an example?,Generator yields lines from a huge file one by one in Python. It is used for large or infinite sequences and streaming data. It saves memory by producing items lazily. It can be consumed only once and cannot be indexed.
Programming Language,What are the downsides of pointer?,"Pointer causes crashes, leaks, and security bugs when misused. It is used for dynamic allocation, arrays, and efficient data passing. It gives direct memory control and enables data structures like linked lists. It stores the address of an int in C with int *p = &x."
Programming Language,What are the disadvantages of object-oriented programming?,"Object-oriented programming can lead to deep hierarchies and over-engineering. It is a programming paradigm that organizes code into objects with data and behavior. It models a Car class with attributes like color and methods like drive. It rests on encapsulation, inheritance, polymorphism, and abstraction."
Programming Language,How does pointer compare with similar approaches?,"Pointer is replaced by references and smart pointers in safer languages. It is used for dynamic allocation, arrays, and efficient data passing. It gives direct memory control and enables data structures like linked lists. It causes crashes, leaks, and security bugs when misused."
Programming Language,How does interface help developers?,"Interface enables polymorphism and easier testing through mocks. It is used to define capabilities and decouple code. It adds indirection, and changing an interface affects all implementers. It defines Comparable so any class can be sorted. It differs from an abstract class, which can hold state and implementation."
Programming Language,What makes JIT compilation valuable?,JIT compilation optimizes hot code paths using runtime information. It is used in engines like the JVM and V8. It speeds up a frequently called Java method after the JVM notices it. It sits between pure interpretation and ahead-of-time compilation.
Programming Language,Why is JIT compilation considered important?,JIT compilation optimizes hot code paths using runtime information. It is compiling code to machine code during program execution. It speeds up a frequently called Java method after the JVM notices it. It sits between pure interpretation and ahead-of-time compilation.
Programming Language,What are the advantages of static typing?,Static typing catches type errors early and enables optimization and better tooling. It can require verbose declarations and reduce flexibility. It rejects assigning a string to an int variable before the program runs. It contrasts with dynamic typing in Python and JavaScript.
Programming Language,What are the benefits of using reference?,Reference saves memory and lets functions modify the original object. It is an alias or handle that refers to an existing object or value. It makes two Python variables point to the same list. It differs from a pointer because it usually cannot be reassigned or do arithmetic.
Programming Language,What is pointer?,"Pointer is a variable that stores the memory address of another value. It causes crashes, leaks, and security bugs when misused. It stores the address of an int in C with int *p = &x. It is replaced by references and smart pointers in safer languages."
Programming Language,How is polymorphism used in practice?,Polymorphism lets draw() behave differently for Circle and Square objects. It is the ability for different types to be used through the same interface. It is used to write flexible code that works with many object types. It appears as overriding at runtime and overloading at compile time.
Programming Language,Why is hoisting useful?,"Hoisting lets functions be called before they are defined. It is JavaScript behavior where declarations are moved to the top of their scope before execution. It causes confusing undefined values with var. It behaves differently for let and const, which stay in a temporal dead zone."
Programming Language,How is interpreter typically used in real projects?,"Interpreter is used for languages like Python and Ruby. It is a program that executes source code directly, line by line or through bytecode. It is generally slower than compiled code. It is often mixed with compilation to bytecode and JIT."
Programming Language,Is there a substitute for enum?,"Enum exists in Java, C++, C#, Python, and TypeScript. It is a type consisting of a fixed set of named constants. It is used for states, categories, and options. It prevents invalid values and improves readability over magic numbers. It can be hard to extend when values change frequently."
Programming Language,What does decorator mean?,"Decorator is a function that wraps another function to extend its behavior. It is used for logging, caching, authentication, and timing. It adds features without modifying the original code. It uses @timer above a function to measure its run time. It builds on closures and higher-order functions in Python."
Programming Language,Why do developers use interpreter?,"Interpreter is used for languages like Python and Ruby. It is a program that executes source code directly, line by line or through bytecode. It enables quick feedback and easy debugging. It runs a Python script with the python command."
Programming Language,What makes hoisting valuable?,Hoisting lets functions be called before they are defined. It is JavaScript behavior where declarations are moved to the top of their scope before execution. It causes confusing undefined values with var. It makes console.log(x) print undefined when var x is declared later.
Programming Language,What is related to null pointer?,Null pointer is avoided by Optional types and null safety in Kotlin and Rust. It is used to signal absence of a value in languages like C and Java. It triggers a NullPointerException in Java when calling a method on null.
Programming Language,In which situations is encapsulation a good choice?,Encapsulation is used to protect object state and expose a clean interface. It can add boilerplate getters and setters. It makes a BankAccount balance private and changed only through deposit and withdraw. It is supported by access modifiers like private and protected.
Programming Language,What are the downsides of decorator?,"Decorator can hide control flow and complicate debugging and signatures. It is a function that wraps another function to extend its behavior. It is used for logging, caching, authentication, and timing. It builds on closures and higher-order functions in Python."
Programming Language,Why do developers use namespace?,"Namespace is used to organize large codebases and libraries. It is a container that groups names to avoid conflicts. It can cause confusion when imports or scopes overlap. It places std::vector under the std namespace in C++. It appears as packages in Java, modules in Python, and namespaces in C#."
Programming Language,What are the alternatives or companions of closure?,"Closure is common in JavaScript, Python, and functional languages. It is a function that remembers variables from the scope where it was created. It enables data hiding and flexible behavior without classes. It creates a counter function whose count persists between calls."
Programming Language,When should you avoid lambda?,"Lambda becomes unreadable when complex and is harder to debug. It is a small anonymous function defined inline. It is used for short callbacks, sorting keys, and functional operations. It sorts words by length using key=lambda w: len(w) in Python. It is also called an arrow function in JavaScript."
Programming Language,How is operator overloading typically used in real projects?,"Operator overloading is used for mathematical types such as vectors and complex numbers. It makes code expressive and natural to read. It can mislead readers when operators do unexpected things. It is supported in C++, Python, and C#, but not in Java."
Programming Language,How does decorator compare with similar approaches?,Decorator builds on closures and higher-order functions in Python. It is a function that wraps another function to extend its behavior. It adds features without modifying the original code. It uses @timer above a function to measure its run time.
Programming Language,What makes memory leak valuable?,Memory leak can be found with profilers and fixed by releasing unused references. It is a bug where memory that is no longer needed is never released. It is investigated when programs slow down or crash over time. It gradually exhausts memory and can crash long-running programs.
Programming Language,In which situations is namespace a good choice?,"Namespace is used to organize large codebases and libraries. It is a container that groups names to avoid conflicts. It prevents collisions between identically named items. It can cause confusion when imports or scopes overlap. It appears as packages in Java, modules in Python, and namespaces in C#."
Programming Language,Why is JIT compilation useful?,JIT compilation optimizes hot code paths using runtime information. It is compiling code to machine code during program execution. It adds warmup time and memory use. It speeds up a frequently called Java method after the JVM notices it. It sits between pure interpretation and ahead-of-time compilation.
Programming Language,Describe async/await briefly.,Async/await is syntax for writing asynchronous code that looks sequential. It improves readability over callbacks and keeps programs responsive. It awaits a fetch call in JavaScript before reading its JSON. It is built on promises in JavaScript and event loops in Python.
Programming Language,In which situations is null pointer a good choice?,Null pointer is used to signal absence of a value in languages like C and Java. It is a pointer that refers to no valid memory location. It is avoided by Optional types and null safety in Kotlin and Rust.
Programming Language,When should you avoid operator overloading?,"Operator overloading can mislead readers when operators do unexpected things. It is defining custom behavior for operators on user-defined types. It lets a Vector class support a + b in Python by defining __add__. It is supported in C++, Python, and C#, but not in Java."
Programming Language,Where is compiler commonly applied?,"Compiler is used for languages like C, C++, Rust, and Go. It is a program that translates source code into machine code or bytecode before running. It produces fast executables and catches many errors early. It adds a build step and compilation time."
Programming Language,How does JIT compilation compare with similar approaches?,JIT compilation sits between pure interpretation and ahead-of-time compilation. It is compiling code to machine code during program execution. It is used in engines like the JVM and V8. It optimizes hot code paths using runtime information. It adds warmup time and memory use.
Programming Language,What are common pitfalls with async/await?,Async/await does not speed up CPU-bound work and forgotten awaits cause bugs. It is syntax for writing asynchronous code that looks sequential. It is used for I/O tasks such as network calls and file access. It is built on promises in JavaScript and event loops in Python.
Programming Language,Why is list comprehension considered important?,"List comprehension is shorter and often faster than an equivalent loop. It is a concise syntax for building a list from an iterable in Python. It hurts readability when nested or complex. It creates squares with [x*x for x in range(5)]. It extends to dictionary, set, and generator expressions."
Programming Language,When should you use compiler?,"Compiler is used for languages like C, C++, Rust, and Go. It produces fast executables and catches many errors early. It adds a build step and compilation time. It turns main.c into an executable using gcc. It differs from an interpreter, which runs code directly."
Programming Language,In which situations is compiler a good choice?,"Compiler is used for languages like C, C++, Rust, and Go. It is a program that translates source code into machine code or bytecode before running. It produces fast executables and catches many errors early. It differs from an interpreter, which runs code directly."
Programming Language,How does JIT compilation differ from related concepts?,JIT compilation sits between pure interpretation and ahead-of-time compilation. It is compiling code to machine code during program execution. It optimizes hot code paths using runtime information. It adds warmup time and memory use. It speeds up a frequently called Java method after the JVM notices it.
Programming Language,What is the main purpose of JIT compilation?,JIT compilation is used in engines like the JVM and V8. It is compiling code to machine code during program execution. It optimizes hot code paths using runtime information. It adds warmup time and memory use. It sits between pure interpretation and ahead-of-time compilation.
Programming Language,How does enum compare with similar approaches?,"Enum exists in Java, C++, C#, Python, and TypeScript. It is a type consisting of a fixed set of named constants. It is used for states, categories, and options. It can be hard to extend when values change frequently. It defines Weekday values like MONDAY and TUESDAY."
Programming Language,What are the downsides of Global Interpreter Lock?,"Global Interpreter Lock prevents CPU-bound threads from running in parallel. It is a lock in CPython that lets only one thread execute Python bytecode at a time. It is relevant when choosing between threads and processes in Python. It is bypassed with multiprocessing, native extensions, or alternative interpreters."
Programming Language,Why is list comprehension useful?,"List comprehension is shorter and often faster than an equivalent loop. It is a concise syntax for building a list from an iterable in Python. It hurts readability when nested or complex. It extends to dictionary, set, and generator expressions."
Programming Language,Is there a substitute for Global Interpreter Lock?,"Global Interpreter Lock is bypassed with multiprocessing, native extensions, or alternative interpreters. It is relevant when choosing between threads and processes in Python. It simplifies memory management and makes single-threaded code fast. It prevents CPU-bound threads from running in parallel."
Programming Language,Give an example of encapsulation.,Encapsulation makes a BankAccount balance private and changed only through deposit and withdraw. It is bundling data with methods and restricting direct access to internals. It is used to protect object state and expose a clean interface. It is supported by access modifiers like private and protected.
Programming Language,Show a real-world example of decorator.,Decorator uses @timer above a function to measure its run time. It is a function that wraps another function to extend its behavior. It adds features without modifying the original code. It can hide control flow and complicate debugging and signatures.
Programming Language,What do you gain by using loop?,Loop avoids duplicated code and automates repetition. It is a control structure that repeats a block of code. It is used to process collections and repeat actions until a condition changes. It prints numbers one to ten with a for loop.
Programming Language,Why is interpreter useful?,"Interpreter enables quick feedback and easy debugging. It is a program that executes source code directly, line by line or through bytecode. It is used for languages like Python and Ruby. It is generally slower than compiled code. It runs a Python script with the python command."
Programming Language,What is a practical example of promise?,"Promise chains fetch(url).then(res => res.json()) to process a response. It is an object representing the eventual result of an asynchronous operation. It is used in JavaScript to handle network requests and timers. It can swallow errors if rejections are not handled. It has pending, fulfilled, and rejected states."
Programming Language,Can you give a short overview of generator?,Generator is a function that yields values one at a time and pauses between them. It is used for large or infinite sequences and streaming data. It saves memory by producing items lazily. It yields lines from a huge file one by one in Python.
Programming Language,Show a real-world example of null pointer.,Null pointer triggers a NullPointerException in Java when calling a method on null. It is a pointer that refers to no valid memory location. It provides a simple way to mark uninitialized or missing references. It is avoided by Optional types and null safety in Kotlin and Rust.
Programming Language,How does function differ from related concepts?,"Function is called a method when attached to an object. It is a reusable block of code that performs a task and may return a value. It becomes hard to follow when too long or dependent on global state. It defines add(a, b) that returns a plus b."
Programming Language,What are the disadvantages of data type?,"Data type can require conversions and cause errors when types are mixed. It is a classification that tells a language how a value is stored and used. It is used to determine valid operations and memory layout. It includes integers, floats, strings, booleans, and arrays."
Programming Language,What problems can inheritance cause?,Inheritance creates tight coupling and fragile hierarchies. It is a mechanism where a class acquires properties and methods from a parent class. It reduces duplication and supports specialization. It makes a Dog class extend an Animal class. It is often balanced by composition over inheritance.
Programming Language,What should I learn alongside garbage collection?,"Garbage collection differs from manual management in C and ownership in Rust. It is automatic memory management that frees objects no longer reachable. It is used in languages like Java, Python, and Go. It prevents most memory leaks and dangling pointer errors."
Programming Language,In which situations is struct a good choice?,"Struct is used to represent simple records in C, C++, Go, and Rust. It is a composite data type that groups related fields under one name. It lacks the inheritance and encapsulation features of full classes in some languages. It stores a point with x and y coordinates in Go."
Programming Language,Where is loop commonly applied?,"Loop is used to process collections and repeat actions until a condition changes. It can run forever if the exit condition is never met. It prints numbers one to ten with a for loop. It appears as for, while, and do-while forms."
Programming Language,What other concepts are connected to struct?,"Struct is similar to a class, but often with value semantics. It is a composite data type that groups related fields under one name. It is used to represent simple records in C, C++, Go, and Rust. It organizes related data compactly with predictable layout."
Programming Language,How is closure typically used in real projects?,"Closure is used for private state, callbacks, and function factories. It is a function that remembers variables from the scope where it was created. It enables data hiding and flexible behavior without classes. It is common in JavaScript, Python, and functional languages."
Programming Language,What should you watch out for when using JIT compilation?,JIT compilation adds warmup time and memory use. It is compiling code to machine code during program execution. It is used in engines like the JVM and V8. It speeds up a frequently called Java method after the JVM notices it.
Programming Language,What do you gain by using promise?,"Promise avoids deeply nested callbacks and supports chaining. It is used in JavaScript to handle network requests and timers. It can swallow errors if rejections are not handled. It chains fetch(url).then(res => res.json()) to process a response. It has pending, fulfilled, and rejected states."
Programming Language,What makes async/await valuable?,Async/await improves readability over callbacks and keeps programs responsive. It is syntax for writing asynchronous code that looks sequential. It does not speed up CPU-bound work and forgotten awaits cause bugs. It is built on promises in JavaScript and event loops in Python.
Programming Language,Can you illustrate package manager with an example?,"Package manager installs requests with pip install requests. It is a tool that installs, updates, and manages libraries and dependencies. It automates dependency resolution and versioning. It can introduce vulnerable or conflicting dependencies. It includes npm, pip, Maven, Cargo, and NuGet."
Programming Language,What other concepts are connected to hoisting?,"Hoisting behaves differently for let and const, which stay in a temporal dead zone. It is relevant when understanding var, function declarations, and temporal dead zones. It causes confusing undefined values with var. It makes console.log(x) print undefined when var x is declared later."
Programming Language,When should you use interpreter?,Interpreter is used for languages like Python and Ruby. It enables quick feedback and easy debugging. It is generally slower than compiled code. It runs a Python script with the python command. It is often mixed with compilation to bytecode and JIT.
Programming Language,Why do developers use null pointer?,Null pointer is used to signal absence of a value in languages like C and Java. It is a pointer that refers to no valid memory location. It provides a simple way to mark uninitialized or missing references. It triggers a NullPointerException in Java when calling a method on null.
Programming Language,What are the limitations of promise?,Promise can swallow errors if rejections are not handled. It is an object representing the eventual result of an asynchronous operation. It is used in JavaScript to handle network requests and timers. It avoids deeply nested callbacks and supports chaining. It chains fetch(url).then(res => res.json()) to process a response.
Programming Language,Is there a substitute for closure?,"Closure is common in JavaScript, Python, and functional languages. It is a function that remembers variables from the scope where it was created. It is used for private state, callbacks, and function factories. It can keep objects alive longer than expected and cause memory leaks."
Programming Language,Can you illustrate static typing with an example?,"Static typing rejects assigning a string to an int variable before the program runs. It is used in languages like Java, C++, and Go. It can require verbose declarations and reduce flexibility. It contrasts with dynamic typing in Python and JavaScript."
Programming Language,When should you avoid struct?,"Struct lacks the inheritance and encapsulation features of full classes in some languages. It is used to represent simple records in C, C++, Go, and Rust. It stores a point with x and y coordinates in Go. It is similar to a class, but often with value semantics."
Programming Language,What are the alternatives or companions of generator?,Generator is related to iterators and the yield keyword. It is a function that yields values one at a time and pauses between them. It is used for large or infinite sequences and streaming data. It can be consumed only once and cannot be indexed.
Programming Language,Where have you seen pointer in action?,"Pointer stores the address of an int in C with int *p = &x. It gives direct memory control and enables data structures like linked lists. It causes crashes, leaks, and security bugs when misused. It is replaced by references and smart pointers in safer languages."
Programming Language,How would you explain garbage collection to a beginner?,"Garbage collection is automatic memory management that frees objects no longer reachable. It is used in languages like Java, Python, and Go. It frees a Java object when no references to it remain. It differs from manual management in C and ownership in Rust."
Programming Language,What is reference used for?,Reference is used to pass large objects without copying them. It is an alias or handle that refers to an existing object or value. It saves memory and lets functions modify the original object. It makes two Python variables point to the same list.
Programming Language,What is a practical example of namespace?,"Namespace places std::vector under the std namespace in C++. It is used to organize large codebases and libraries. It prevents collisions between identically named items. It can cause confusion when imports or scopes overlap. It appears as packages in Java, modules in Python, and namespaces in C#."
Programming Language,What is a practical example of Global Interpreter Lock?,"Global Interpreter Lock makes two CPU-heavy threads take about as long as running sequentially. It is a lock in CPython that lets only one thread execute Python bytecode at a time. It prevents CPU-bound threads from running in parallel. It is bypassed with multiprocessing, native extensions, or alternative interpreters."
Programming Language,What problems can garbage collection cause?,"Garbage collection adds overhead and unpredictable pauses. It is automatic memory management that frees objects no longer reachable. It is used in languages like Java, Python, and Go. It prevents most memory leaks and dangling pointer errors. It frees a Java object when no references to it remain."
Programming Language,When should you avoid decorator?,"Decorator can hide control flow and complicate debugging and signatures. It is a function that wraps another function to extend its behavior. It is used for logging, caching, authentication, and timing. It adds features without modifying the original code. It builds on closures and higher-order functions in Python."
Programming Language,What are the disadvantages of variable?,"Variable can cause bugs when names are unclear, shadowed, or modified unexpectedly. It is a named storage location that holds a value in a program. It is used to store, update, and reuse data during execution. It stores a user's age as age = 25 in Python."
Programming Language,When should you avoid list comprehension?,"List comprehension hurts readability when nested or complex. It is a concise syntax for building a list from an iterable in Python. It is shorter and often faster than an equivalent loop. It creates squares with [x*x for x in range(5)]. It extends to dictionary, set, and generator expressions."
Programming Language,How would you explain async/await to a beginner?,Async/await is syntax for writing asynchronous code that looks sequential. It is used for I/O tasks such as network calls and file access. It awaits a fetch call in JavaScript before reading its JSON. It is built on promises in JavaScript and event loops in Python.
Programming Language,Why do developers use reference?,Reference is used to pass large objects without copying them. It is an alias or handle that refers to an existing object or value. It makes two Python variables point to the same list. It differs from a pointer because it usually cannot be reassigned or do arithmetic.
Programming Language,What do you gain by using async/await?,Async/await improves readability over callbacks and keeps programs responsive. It is syntax for writing asynchronous code that looks sequential. It is used for I/O tasks such as network calls and file access. It awaits a fetch call in JavaScript before reading its JSON.
Programming Language,Why is pointer useful?,"Pointer gives direct memory control and enables data structures like linked lists. It is used for dynamic allocation, arrays, and efficient data passing. It causes crashes, leaks, and security bugs when misused. It is replaced by references and smart pointers in safer languages."
Programming Language,When should you use list comprehension?,"List comprehension is used to transform or filter data in one expression. It is a concise syntax for building a list from an iterable in Python. It is shorter and often faster than an equivalent loop. It extends to dictionary, set, and generator expressions."
Programming Language,Can you illustrate lambda with an example?,"Lambda sorts words by length using key=lambda w: len(w) in Python. It is used for short callbacks, sorting keys, and functional operations. It keeps simple logic concise without naming a function. It is also called an arrow function in JavaScript."
Programming Language,What is an alternative to list comprehension?,"List comprehension extends to dictionary, set, and generator expressions. It is a concise syntax for building a list from an iterable in Python. It is used to transform or filter data in one expression. It hurts readability when nested or complex."
Programming Language,Give an example of multithreading.,"Multithreading downloads files in background threads while the interface stays active. It is running multiple threads of execution within one process. It is used to keep apps responsive and overlap I/O work. It risks race conditions, deadlocks, and hard-to-reproduce bugs. It requires synchronization tools like locks and semaphores."
Programming Language,Define hoisting in simple words.,"Hoisting is JavaScript behavior where declarations are moved to the top of their scope before execution. It is relevant when understanding var, function declarations, and temporal dead zones. It causes confusing undefined values with var. It makes console.log(x) print undefined when var x is declared later."
Programming Language,What are the advantages of generator?,Generator saves memory by producing items lazily. It is a function that yields values one at a time and pauses between them. It is used for large or infinite sequences and streaming data. It can be consumed only once and cannot be indexed.
Programming Language,How does abstraction compare with similar approaches?,Abstraction is implemented with abstract classes and interfaces. It is hiding complexity by exposing only essential features. It is used to design simple interfaces over complex implementations. It lets people use components without knowing their internals. It can leak details when poorly designed or add needless layers.
Programming Language,In which situations is package manager a good choice?,"Package manager is used to share and reuse code across projects. It is a tool that installs, updates, and manages libraries and dependencies. It automates dependency resolution and versioning. It can introduce vulnerable or conflicting dependencies. It installs requests with pip install requests."
Programming Language,What is the basic idea behind enum?,"Enum is a type consisting of a fixed set of named constants. It is used for states, categories, and options. It can be hard to extend when values change frequently. It defines Weekday values like MONDAY and TUESDAY. It exists in Java, C++, C#, Python, and TypeScript."
Programming Language,What problems can interpreter cause?,Interpreter is generally slower than compiled code. It is used for languages like Python and Ruby. It enables quick feedback and easy debugging. It runs a Python script with the python command. It is often mixed with compilation to bytecode and JIT.
Programming Language,How is namespace used in practice?,"Namespace places std::vector under the std namespace in C++. It is a container that groups names to avoid conflicts. It is used to organize large codebases and libraries. It appears as packages in Java, modules in Python, and namespaces in C#."
Programming Language,What is promise?,Promise is an object representing the eventual result of an asynchronous operation. It is used in JavaScript to handle network requests and timers. It avoids deeply nested callbacks and supports chaining. It chains fetch(url).then(res => res.json()) to process a response.
Programming Language,What is related to object-oriented programming?,"Object-oriented programming rests on encapsulation, inheritance, polymorphism, and abstraction. It is used to model real-world entities in large applications. It can lead to deep hierarchies and over-engineering. It models a Car class with attributes like color and methods like drive."
Programming Language,Show a real-world example of encapsulation.,Encapsulation makes a BankAccount balance private and changed only through deposit and withdraw. It is bundling data with methods and restricting direct access to internals. It hides implementation details so internals can change safely. It can add boilerplate getters and setters.
Programming Language,Where have you seen multithreading in action?,"Multithreading downloads files in background threads while the interface stays active. It is running multiple threads of execution within one process. It is used to keep apps responsive and overlap I/O work. It risks race conditions, deadlocks, and hard-to-reproduce bugs. It requires synchronization tools like locks and semaphores."
Programming Language,What are the benefits of using compiler?,"Compiler produces fast executables and catches many errors early. It is a program that translates source code into machine code or bytecode before running. It turns main.c into an executable using gcc. It differs from an interpreter, which runs code directly."
Programming Language,What are common pitfalls with null pointer?,"Null pointer causes crashes or exceptions when dereferenced, famously called a billion-dollar mistake. It is used to signal absence of a value in languages like C and Java. It is avoided by Optional types and null safety in Kotlin and Rust."
Programming Language,What is list comprehension used for?,"List comprehension is used to transform or filter data in one expression. It is a concise syntax for building a list from an iterable in Python. It hurts readability when nested or complex. It extends to dictionary, set, and generator expressions."
Programming Language,In which situations is polymorphism a good choice?,Polymorphism is used to write flexible code that works with many object types. It is the ability for different types to be used through the same interface. It lets draw() behave differently for Circle and Square objects. It appears as overriding at runtime and overloading at compile time.
Programming Language,What is related to memory leak?,Memory leak can occur even in garbage-collected languages through lingering references. It is investigated when programs slow down or crash over time. It can be found with profilers and fixed by releasing unused references. It gradually exhausts memory and can crash long-running programs.
Programming Language,What are the limitations of object-oriented programming?,"Object-oriented programming can lead to deep hierarchies and over-engineering. It is a programming paradigm that organizes code into objects with data and behavior. It improves modularity, reuse, and maintainability. It models a Car class with attributes like color and methods like drive. It rests on encapsulation, inheritance, polymorphism, and abstraction."
Programming Language,Can you give a short overview of package manager?,"Package manager is a tool that installs, updates, and manages libraries and dependencies. It is used to share and reuse code across projects. It can introduce vulnerable or conflicting dependencies. It installs requests with pip install requests. It includes npm, pip, Maven, Cargo, and NuGet."
Programming Language,Walk me through a simple example of memory leak.,Memory leak happens when event listeners are never removed in a long-lived page. It is investigated when programs slow down or crash over time. It gradually exhausts memory and can crash long-running programs. It can occur even in garbage-collected languages through lingering references.
Programming Language,Can you give a short overview of memory leak?,Memory leak is a bug where memory that is no longer needed is never released. It is investigated when programs slow down or crash over time. It can be found with profilers and fixed by releasing unused references. It gradually exhausts memory and can crash long-running programs.
Programming Language,What problem does JIT compilation solve?,JIT compilation is used in engines like the JVM and V8. It optimizes hot code paths using runtime information. It speeds up a frequently called Java method after the JVM notices it. It sits between pure interpretation and ahead-of-time compilation.
Programming Language,Can you illustrate pointer with an example?,Pointer stores the address of an int in C with int *p = &x. It is a variable that stores the memory address of another value. It gives direct memory control and enables data structures like linked lists. It is replaced by references and smart pointers in safer languages.
Programming Language,What is a practical example of dynamic typing?,"Dynamic typing lets a variable hold a number and later a string in Python. It is a system where types are checked at runtime. It is used in languages like Python, JavaScript, and Ruby. It enables quick prototyping and flexible code."
Programming Language,Why do developers use async/await?,Async/await is used for I/O tasks such as network calls and file access. It improves readability over callbacks and keeps programs responsive. It does not speed up CPU-bound work and forgotten awaits cause bugs. It awaits a fetch call in JavaScript before reading its JSON.
Programming Language,What is closure used for?,"Closure is used for private state, callbacks, and function factories. It is a function that remembers variables from the scope where it was created. It can keep objects alive longer than expected and cause memory leaks. It creates a counter function whose count persists between calls."
Programming Language,What are the drawbacks of immutability?,"Immutability creates new objects for each change, which costs memory and time. It is the property of an object that cannot change after creation. It prevents accidental changes and makes concurrency safer. It contrasts with mutability and is supported by const and final keywords."
Programming Language,Describe a scenario where static typing is applied.,Static typing rejects assigning a string to an int variable before the program runs. It is a system where types are checked at compile time. It catches type errors early and enables optimization and better tooling. It contrasts with dynamic typing in Python and JavaScript.
Programming Language,How does variable help developers?,"Variable makes code readable and flexible by naming values. It is a named storage location that holds a value in a program. It is used to store, update, and reuse data during execution. It stores a user's age as age = 25 in Python."
Programming Language,Show a real-world example of variable.,"Variable stores a user's age as age = 25 in Python. It is used to store, update, and reuse data during execution. It can cause bugs when names are unclear, shadowed, or modified unexpectedly. It differs from a constant, whose value should not change."
Programming Language,What are the benefits of using pointer?,"Pointer gives direct memory control and enables data structures like linked lists. It is a variable that stores the memory address of another value. It is used for dynamic allocation, arrays, and efficient data passing. It is replaced by references and smart pointers in safer languages."
Programming Language,What is promise used for?,Promise is used in JavaScript to handle network requests and timers. It is an object representing the eventual result of an asynchronous operation. It avoids deeply nested callbacks and supports chaining. It can swallow errors if rejections are not handled.
Programming Language,When should you use promise?,"Promise is used in JavaScript to handle network requests and timers. It is an object representing the eventual result of an asynchronous operation. It can swallow errors if rejections are not handled. It chains fetch(url).then(res => res.json()) to process a response. It has pending, fulfilled, and rejected states."
Programming Language,List the strengths of reference.,Reference saves memory and lets functions modify the original object. It is an alias or handle that refers to an existing object or value. It can cause unintended shared changes between variables. It makes two Python variables point to the same list.
Programming Language,List the strengths of enum.,"Enum prevents invalid values and improves readability over magic numbers. It is a type consisting of a fixed set of named constants. It is used for states, categories, and options. It can be hard to extend when values change frequently. It exists in Java, C++, C#, Python, and TypeScript."
Programming Language,What is an alternative to immutability?,"Immutability contrasts with mutability and is supported by const and final keywords. It is the property of an object that cannot change after creation. It creates new objects for each change, which costs memory and time. It makes Python strings and tuples unchangeable once created."
Programming Language,What do you gain by using virtual environment?,"Virtual environment prevents version conflicts between projects. It is an isolated environment with its own interpreter and packages. It is used to keep project dependencies separate. It adds setup steps and must be activated correctly. It has lighter isolation than Docker, and tools include venv and conda."
Programming Language,Where is Global Interpreter Lock commonly applied?,"Global Interpreter Lock is relevant when choosing between threads and processes in Python. It is a lock in CPython that lets only one thread execute Python bytecode at a time. It is bypassed with multiprocessing, native extensions, or alternative interpreters."
Programming Language,How does Global Interpreter Lock compare with similar approaches?,"Global Interpreter Lock is bypassed with multiprocessing, native extensions, or alternative interpreters. It is a lock in CPython that lets only one thread execute Python bytecode at a time. It simplifies memory management and makes single-threaded code fast. It prevents CPU-bound threads from running in parallel."
Programming Language,Explain reference.,Reference is an alias or handle that refers to an existing object or value. It is used to pass large objects without copying them. It saves memory and lets functions modify the original object. It differs from a pointer because it usually cannot be reassigned or do arithmetic.
Programming Language,Describe a scenario where immutability is applied.,"Immutability makes Python strings and tuples unchangeable once created. It is the property of an object that cannot change after creation. It is used for safe sharing, hashing, and functional programming. It creates new objects for each change, which costs memory and time."
Programming Language,How does struct help developers?,"Struct organizes related data compactly with predictable layout. It is used to represent simple records in C, C++, Go, and Rust. It stores a point with x and y coordinates in Go. It is similar to a class, but often with value semantics."
Programming Language,What are the alternatives or companions of multithreading?,"Multithreading requires synchronization tools like locks and semaphores. It is used to keep apps responsive and overlap I/O work. It can improve throughput and responsiveness. It risks race conditions, deadlocks, and hard-to-reproduce bugs. It downloads files in background threads while the interface stays active."
Programming Language,Where have you seen virtual environment in action?,Virtual environment creates one with python -m venv env. It is an isolated environment with its own interpreter and packages. It is used to keep project dependencies separate. It prevents version conflicts between projects. It adds setup steps and must be activated correctly.
Programming Language,How does variable differ from related concepts?,"Variable differs from a constant, whose value should not change. It is used to store, update, and reuse data during execution. It can cause bugs when names are unclear, shadowed, or modified unexpectedly. It stores a user's age as age = 25 in Python."
Programming Language,Where is pointer commonly applied?,"Pointer is used for dynamic allocation, arrays, and efficient data passing. It gives direct memory control and enables data structures like linked lists. It causes crashes, leaks, and security bugs when misused. It stores the address of an int in C with int *p = &x."
Programming Language,Define garbage collection in simple words.,Garbage collection is automatic memory management that frees objects no longer reachable. It adds overhead and unpredictable pauses. It frees a Java object when no references to it remain. It differs from manual management in C and ownership in Rust.
Programming Language,When should you avoid reference?,Reference can cause unintended shared changes between variables. It is an alias or handle that refers to an existing object or value. It is used to pass large objects without copying them. It makes two Python variables point to the same list.
Programming Language,How is static typing used in practice?,"Static typing rejects assigning a string to an int variable before the program runs. It is a system where types are checked at compile time. It is used in languages like Java, C++, and Go. It catches type errors early and enables optimization and better tooling."
Programming Language,List the strengths of JIT compilation.,JIT compilation optimizes hot code paths using runtime information. It is used in engines like the JVM and V8. It adds warmup time and memory use. It speeds up a frequently called Java method after the JVM notices it. It sits between pure interpretation and ahead-of-time compilation.
Programming Language,What are the drawbacks of dynamic typing?,"Dynamic typing lets type errors appear only when code runs. It is a system where types are checked at runtime. It is used in languages like Python, JavaScript, and Ruby. It enables quick prototyping and flexible code. It lets a variable hold a number and later a string in Python."
Programming Language,How does operator overloading help developers?,"Operator overloading makes code expressive and natural to read. It is defining custom behavior for operators on user-defined types. It lets a Vector class support a + b in Python by defining __add__. It is supported in C++, Python, and C#, but not in Java."
Programming Language,What are common pitfalls with generator?,Generator can be consumed only once and cannot be indexed. It is used for large or infinite sequences and streaming data. It saves memory by producing items lazily. It yields lines from a huge file one by one in Python. It is related to iterators and the yield keyword.
Programming Language,Give an example of generic.,"Generic uses List<String> in Java to hold only strings. It is a feature that lets code work with types specified later. It provides type safety without duplicating code. It appears as generics in Java and C#, and templates in C++."
Programming Language,What are the disadvantages of static typing?,Static typing can require verbose declarations and reduce flexibility. It catches type errors early and enables optimization and better tooling. It rejects assigning a string to an int variable before the program runs. It contrasts with dynamic typing in Python and JavaScript.
Programming Language,How does interpreter differ from related concepts?,Interpreter is often mixed with compilation to bytecode and JIT. It is used for languages like Python and Ruby. It enables quick feedback and easy debugging. It is generally slower than compiled code. It runs a Python script with the python command.
Programming Language,What do you gain by using function?,"Function improves readability, testing, and reuse. It is used to organize logic and avoid repetition. It becomes hard to follow when too long or dependent on global state. It defines add(a, b) that returns a plus b. It is called a method when attached to an object."
Programming Language,How does encapsulation differ from related concepts?,Encapsulation is supported by access modifiers like private and protected. It is bundling data with methods and restricting direct access to internals. It is used to protect object state and expose a clean interface. It makes a BankAccount balance private and changed only through deposit and withdraw.
Programming Language,Is there a substitute for mutability?,Mutability is the opposite of immutability. It is the property of an object that allows it to be changed after creation. It is considered when passing objects or sharing data between functions. It can cause surprising side effects when shared.
Programming Language,When should you avoid enum?,Enum can be hard to extend when values change frequently. It is a type consisting of a fixed set of named constants. It prevents invalid values and improves readability over magic numbers. It defines Weekday values like MONDAY and TUESDAY.
Programming Language,What problems can null pointer cause?,"Null pointer causes crashes or exceptions when dereferenced, famously called a billion-dollar mistake. It is used to signal absence of a value in languages like C and Java. It triggers a NullPointerException in Java when calling a method on null."
Programming Language,How does garbage collection help developers?,"Garbage collection prevents most memory leaks and dangling pointer errors. It is automatic memory management that frees objects no longer reachable. It is used in languages like Java, Python, and Go. It frees a Java object when no references to it remain."
Programming Language,When should you use iterator?,Iterator is used to loop over collections uniformly. It is an object that provides items one at a time through a next operation. It hides how a collection is stored and allows lazy evaluation. It is single-pass and can be exhausted. It is defined by __iter__ and __next__ in Python.
Programming Language,What is the main purpose of memory leak?,Memory leak is investigated when programs slow down or crash over time. It is a bug where memory that is no longer needed is never released. It gradually exhausts memory and can crash long-running programs. It can occur even in garbage-collected languages through lingering references.
Programming Language,Walk me through a simple example of dynamic typing.,"Dynamic typing lets a variable hold a number and later a string in Python. It is used in languages like Python, JavaScript, and Ruby. It enables quick prototyping and flexible code. It can be strengthened with type hints and checkers like mypy."
Programming Language,What is the basic idea behind static typing?,Static typing is a system where types are checked at compile time. It catches type errors early and enables optimization and better tooling. It can require verbose declarations and reduce flexibility. It rejects assigning a string to an int variable before the program runs.
Programming Language,What is interpreter used for?,"Interpreter is used for languages like Python and Ruby. It is a program that executes source code directly, line by line or through bytecode. It is generally slower than compiled code. It runs a Python script with the python command."
Programming Language,Why is generic useful?,Generic provides type safety without duplicating code. It is a feature that lets code work with types specified later. It is used for reusable collections and algorithms. It can make signatures complex and sometimes hurts readability. It uses List<String> in Java to hold only strings.
Programming Language,What other concepts are connected to closure?,"Closure is common in JavaScript, Python, and functional languages. It is a function that remembers variables from the scope where it was created. It is used for private state, callbacks, and function factories. It enables data hiding and flexible behavior without classes."
Programming Language,How does immutability differ from related concepts?,"Immutability contrasts with mutability and is supported by const and final keywords. It is the property of an object that cannot change after creation. It is used for safe sharing, hashing, and functional programming. It prevents accidental changes and makes concurrency safer."
Programming Language,How does function help developers?,"Function improves readability, testing, and reuse. It is a reusable block of code that performs a task and may return a value. It is used to organize logic and avoid repetition. It defines add(a, b) that returns a plus b. It is called a method when attached to an object."
Programming Language,What problem does immutability solve?,"Immutability is used for safe sharing, hashing, and functional programming. It is the property of an object that cannot change after creation. It prevents accidental changes and makes concurrency safer. It creates new objects for each change, which costs memory and time."
Programming Language,What other concepts are connected to interpreter?,"Interpreter is often mixed with compilation to bytecode and JIT. It is a program that executes source code directly, line by line or through bytecode. It enables quick feedback and easy debugging. It runs a Python script with the python command."
Programming Language,Why is abstraction considered important?,Abstraction lets people use components without knowing their internals. It is hiding complexity by exposing only essential features. It is used to design simple interfaces over complex implementations. It can leak details when poorly designed or add needless layers. It is implemented with abstract classes and interfaces.
Programming Language,What are the downsides of immutability?,"Immutability creates new objects for each change, which costs memory and time. It is used for safe sharing, hashing, and functional programming. It makes Python strings and tuples unchangeable once created. It contrasts with mutability and is supported by const and final keywords."
Programming Language,What problem does iterator solve?,Iterator is used to loop over collections uniformly. It is an object that provides items one at a time through a next operation. It hides how a collection is stored and allows lazy evaluation. It lets a for loop in Python walk through a list.
Programming Language,What is a closure in JavaScript?,"A closure is a function that remembers variables from its outer lexical scope even after the outer function has finished executing. This enables private state, function factories, and callbacks that retain context. Closures are fundamental to JavaScript patterns like module design, event handlers, currying, and memoization."
Programming Language,Where have you seen Global Interpreter Lock in action?,"Global Interpreter Lock makes two CPU-heavy threads take about as long as running sequentially. It simplifies memory management and makes single-threaded code fast. It prevents CPU-bound threads from running in parallel. It is bypassed with multiprocessing, native extensions, or alternative interpreters."
Programming Language,What makes mutability valuable?,Mutability allows in-place updates that are efficient for large data. It is the property of an object that allows it to be changed after creation. It can cause surprising side effects when shared. It lets a Python list be appended to after creation. It is the opposite of immutability.
Programming Language,What are the benefits of using iterator?,Iterator hides how a collection is stored and allows lazy evaluation. It is an object that provides items one at a time through a next operation. It lets a for loop in Python walk through a list. It is defined by __iter__ and __next__ in Python.
Programming Language,What are the drawbacks of memory leak?,Memory leak gradually exhausts memory and can crash long-running programs. It can be found with profilers and fixed by releasing unused references. It happens when event listeners are never removed in a long-lived page. It can occur even in garbage-collected languages through lingering references.
Programming Language,When should you use abstraction?,Abstraction is used to design simple interfaces over complex implementations. It lets people use components without knowing their internals. It can leak details when poorly designed or add needless layers. It lets you call car.start() without knowing how the engine works.
Programming Language,What is memory leak used for?,Memory leak is investigated when programs slow down or crash over time. It is a bug where memory that is no longer needed is never released. It can be found with profilers and fixed by releasing unused references. It can occur even in garbage-collected languages through lingering references.
Programming Language,What is an alternative to generator?,Generator is related to iterators and the yield keyword. It is used for large or infinite sequences and streaming data. It can be consumed only once and cannot be indexed. It yields lines from a huge file one by one in Python.
Programming Language,What problem does package manager solve?,"Package manager is used to share and reuse code across projects. It is a tool that installs, updates, and manages libraries and dependencies. It automates dependency resolution and versioning. It can introduce vulnerable or conflicting dependencies. It includes npm, pip, Maven, Cargo, and NuGet."
Programming Language,Why do developers use virtual environment?,"Virtual environment is used to keep project dependencies separate. It is an isolated environment with its own interpreter and packages. It adds setup steps and must be activated correctly. It creates one with python -m venv env. It has lighter isolation than Docker, and tools include venv and conda."
Programming Language,When should you use exception handling?,"Exception handling is used to handle failures like missing files or invalid input gracefully. It separates error handling from normal logic and prevents crashes. It catches a ZeroDivisionError in Python and prints a friendly message. It includes try, except or catch, finally, and throw or raise."
Programming Language,Where is function commonly applied?,Function is used to organize logic and avoid repetition. It is a reusable block of code that performs a task and may return a value. It becomes hard to follow when too long or dependent on global state. It is called a method when attached to an object.
Programming Language,What are the advantages of interface?,"Interface enables polymorphism and easier testing through mocks. It is a contract that specifies methods a type must implement. It is used to define capabilities and decouple code. It adds indirection, and changing an interface affects all implementers. It defines Comparable so any class can be sorted."
Programming Language,Show a real-world example of abstraction.,Abstraction lets you call car.start() without knowing how the engine works. It is used to design simple interfaces over complex implementations. It can leak details when poorly designed or add needless layers. It is implemented with abstract classes and interfaces.
Programming Language,What should you watch out for when using static typing?,Static typing can require verbose declarations and reduce flexibility. It is a system where types are checked at compile time. It rejects assigning a string to an int variable before the program runs. It contrasts with dynamic typing in Python and JavaScript.
Programming Language,In which situations is JIT compilation a good choice?,JIT compilation is used in engines like the JVM and V8. It is compiling code to machine code during program execution. It speeds up a frequently called Java method after the JVM notices it. It sits between pure interpretation and ahead-of-time compilation.
Programming Language,What is related to decorator?,Decorator builds on closures and higher-order functions in Python. It is a function that wraps another function to extend its behavior. It can hide control flow and complicate debugging and signatures. It uses @timer above a function to measure its run time.
Programming Language,What do you gain by using abstraction?,Abstraction lets people use components without knowing their internals. It is hiding complexity by exposing only essential features. It can leak details when poorly designed or add needless layers. It lets you call car.start() without knowing how the engine works. It is implemented with abstract classes and interfaces.
Programming Language,What problems can Global Interpreter Lock cause?,"Global Interpreter Lock prevents CPU-bound threads from running in parallel. It simplifies memory management and makes single-threaded code fast. It makes two CPU-heavy threads take about as long as running sequentially. It is bypassed with multiprocessing, native extensions, or alternative interpreters."
Programming Language,What are the advantages of type inference?,"Type inference reduces boilerplate while keeping static type safety. It is the compiler's ability to deduce a variable's type automatically. It is used in languages like TypeScript, Kotlin, Rust, and modern C++. It can make types less obvious and produce confusing errors."
Programming Language,Define memory leak in simple words.,Memory leak is a bug where memory that is no longer needed is never released. It can be found with profilers and fixed by releasing unused references. It happens when event listeners are never removed in a long-lived page. It can occur even in garbage-collected languages through lingering references.
Programming Language,What is an alternative to object-oriented programming?,"Object-oriented programming rests on encapsulation, inheritance, polymorphism, and abstraction. It is a programming paradigm that organizes code into objects with data and behavior. It is used to model real-world entities in large applications. It improves modularity, reuse, and maintainability. It can lead to deep hierarchies and over-engineering."
Programming Language,What should I learn alongside generator?,Generator is related to iterators and the yield keyword. It is used for large or infinite sequences and streaming data. It saves memory by producing items lazily. It can be consumed only once and cannot be indexed. It yields lines from a huge file one by one in Python.
Programming Language,How is inheritance used in practice?,Inheritance makes a Dog class extend an Animal class. It is a mechanism where a class acquires properties and methods from a parent class. It is used to share behavior among related classes. It reduces duplication and supports specialization. It is often balanced by composition over inheritance.
Programming Language,What are the drawbacks of interpreter?,"Interpreter is generally slower than compiled code. It is a program that executes source code directly, line by line or through bytecode. It enables quick feedback and easy debugging. It runs a Python script with the python command. It is often mixed with compilation to bytecode and JIT."
Programming Language,What are the alternatives or companions of variable?,"Variable differs from a constant, whose value should not change. It makes code readable and flexible by naming values. It can cause bugs when names are unclear, shadowed, or modified unexpectedly. It stores a user's age as age = 25 in Python."
Programming Language,Explain data type.,"Data type is a classification that tells a language how a value is stored and used. It catches mistakes and enables optimization. It can require conversions and cause errors when types are mixed. It includes integers, floats, strings, booleans, and arrays."
Programming Language,How would you explain enum to a beginner?,"Enum is a type consisting of a fixed set of named constants. It is used for states, categories, and options. It prevents invalid values and improves readability over magic numbers. It can be hard to extend when values change frequently."
Programming Language,Give an example of package manager.,"Package manager installs requests with pip install requests. It is a tool that installs, updates, and manages libraries and dependencies. It is used to share and reuse code across projects. It automates dependency resolution and versioning. It can introduce vulnerable or conflicting dependencies."
Programming Language,Where have you seen iterator in action?,Iterator lets a for loop in Python walk through a list. It is an object that provides items one at a time through a next operation. It is used to loop over collections uniformly. It hides how a collection is stored and allows lazy evaluation.
Programming Language,How does list comprehension compare with similar approaches?,"List comprehension extends to dictionary, set, and generator expressions. It is a concise syntax for building a list from an iterable in Python. It is shorter and often faster than an equivalent loop. It creates squares with [x*x for x in range(5)]."
Programming Language,How is memory leak typically used in real projects?,Memory leak is investigated when programs slow down or crash over time. It is a bug where memory that is no longer needed is never released. It happens when event listeners are never removed in a long-lived page. It can occur even in garbage-collected languages through lingering references.
Programming Language,Why is exception handling considered important?,Exception handling separates error handling from normal logic and prevents crashes. It is a mechanism for responding to runtime errors using try and catch constructs. It is used to handle failures like missing files or invalid input gracefully. It catches a ZeroDivisionError in Python and prints a friendly message.
Programming Language,What does JIT compilation mean?,JIT compilation is compiling code to machine code during program execution. It is used in engines like the JVM and V8. It optimizes hot code paths using runtime information. It adds warmup time and memory use. It sits between pure interpretation and ahead-of-time compilation.
Programming Language,List the strengths of namespace.,Namespace prevents collisions between identically named items. It is a container that groups names to avoid conflicts. It is used to organize large codebases and libraries. It can cause confusion when imports or scopes overlap. It places std::vector under the std namespace in C++.
Programming Language,What are the advantages of namespace?,Namespace prevents collisions between identically named items. It is a container that groups names to avoid conflicts. It is used to organize large codebases and libraries. It can cause confusion when imports or scopes overlap. It places std::vector under the std namespace in C++.
Programming Language,What are the limitations of enum?,"Enum can be hard to extend when values change frequently. It is a type consisting of a fixed set of named constants. It is used for states, categories, and options. It prevents invalid values and improves readability over magic numbers. It defines Weekday values like MONDAY and TUESDAY."
Programming Language,What is object-oriented programming?,Object-oriented programming is a programming paradigm that organizes code into objects with data and behavior. It is used to model real-world entities in large applications. It can lead to deep hierarchies and over-engineering. It models a Car class with attributes like color and methods like drive.
Programming Language,What is JIT compilation used for?,JIT compilation is used in engines like the JVM and V8. It is compiling code to machine code during program execution. It optimizes hot code paths using runtime information. It speeds up a frequently called Java method after the JVM notices it.
Programming Language,Describe memory leak briefly.,Memory leak is a bug where memory that is no longer needed is never released. It gradually exhausts memory and can crash long-running programs. It happens when event listeners are never removed in a long-lived page. It can occur even in garbage-collected languages through lingering references.
Programming Language,What is the basic idea behind compiler?,"Compiler is a program that translates source code into machine code or bytecode before running. It is used for languages like C, C++, Rust, and Go. It produces fast executables and catches many errors early. It turns main.c into an executable using gcc."
Programming Language,What makes interpreter valuable?,"Interpreter enables quick feedback and easy debugging. It is a program that executes source code directly, line by line or through bytecode. It is used for languages like Python and Ruby. It is generally slower than compiled code. It is often mixed with compilation to bytecode and JIT."
Programming Language,How does JIT compilation help developers?,JIT compilation optimizes hot code paths using runtime information. It is compiling code to machine code during program execution. It is used in engines like the JVM and V8. It adds warmup time and memory use. It sits between pure interpretation and ahead-of-time compilation.
Programming Language,What should I learn alongside Global Interpreter Lock?,"Global Interpreter Lock is bypassed with multiprocessing, native extensions, or alternative interpreters. It is a lock in CPython that lets only one thread execute Python bytecode at a time. It prevents CPU-bound threads from running in parallel. It makes two CPU-heavy threads take about as long as running sequentially."
Programming Language,What is the main purpose of enum?,"Enum is used for states, categories, and options. It is a type consisting of a fixed set of named constants. It prevents invalid values and improves readability over magic numbers. It can be hard to extend when values change frequently. It exists in Java, C++, C#, Python, and TypeScript."
Programming Language,What should I learn alongside mutability?,Mutability is the opposite of immutability. It is considered when passing objects or sharing data between functions. It allows in-place updates that are efficient for large data. It can cause surprising side effects when shared. It lets a Python list be appended to after creation.
Programming Language,What is related to encapsulation?,Encapsulation is supported by access modifiers like private and protected. It is bundling data with methods and restricting direct access to internals. It hides implementation details so internals can change safely. It makes a BankAccount balance private and changed only through deposit and withdraw.
Programming Language,What problem does list comprehension solve?,List comprehension is used to transform or filter data in one expression. It is a concise syntax for building a list from an iterable in Python. It is shorter and often faster than an equivalent loop. It creates squares with [x*x for x in range(5)].
Programming Language,Explain interpreter.,"Interpreter is a program that executes source code directly, line by line or through bytecode. It is used for languages like Python and Ruby. It is generally slower than compiled code. It runs a Python script with the python command."
Programming Language,What other concepts are connected to async/await?,Async/await is built on promises in JavaScript and event loops in Python. It is syntax for writing asynchronous code that looks sequential. It improves readability over callbacks and keeps programs responsive. It awaits a fetch call in JavaScript before reading its JSON.
Programming Language,What are the drawbacks of async/await?,Async/await does not speed up CPU-bound work and forgotten awaits cause bugs. It is syntax for writing asynchronous code that looks sequential. It is used for I/O tasks such as network calls and file access. It improves readability over callbacks and keeps programs responsive.
Programming Language,What is the main purpose of exception handling?,"Exception handling is used to handle failures like missing files or invalid input gracefully. It is a mechanism for responding to runtime errors using try and catch constructs. It separates error handling from normal logic and prevents crashes. It includes try, except or catch, finally, and throw or raise."
Programming Language,How is compiler used in practice?,"Compiler turns main.c into an executable using gcc. It is a program that translates source code into machine code or bytecode before running. It is used for languages like C, C++, Rust, and Go. It produces fast executables and catches many errors early."
Programming Language,How does abstraction differ from related concepts?,Abstraction is implemented with abstract classes and interfaces. It is used to design simple interfaces over complex implementations. It can leak details when poorly designed or add needless layers. It lets you call car.start() without knowing how the engine works.
Programming Language,Is there a substitute for reference?,Reference differs from a pointer because it usually cannot be reassigned or do arithmetic. It is an alias or handle that refers to an existing object or value. It can cause unintended shared changes between variables. It makes two Python variables point to the same list.
Programming Language,List the strengths of interface.,"Interface enables polymorphism and easier testing through mocks. It is a contract that specifies methods a type must implement. It is used to define capabilities and decouple code. It differs from an abstract class, which can hold state and implementation."
Programming Language,What other concepts are connected to list comprehension?,"List comprehension extends to dictionary, set, and generator expressions. It is a concise syntax for building a list from an iterable in Python. It is used to transform or filter data in one expression. It hurts readability when nested or complex. It creates squares with [x*x for x in range(5)]."
Programming Language,Is there a substitute for object-oriented programming?,"Object-oriented programming rests on encapsulation, inheritance, polymorphism, and abstraction. It is used to model real-world entities in large applications. It improves modularity, reuse, and maintainability. It can lead to deep hierarchies and over-engineering. It models a Car class with attributes like color and methods like drive."
Programming Language,What do you gain by using type inference?,"Type inference reduces boilerplate while keeping static type safety. It is used in languages like TypeScript, Kotlin, Rust, and modern C++. It can make types less obvious and produce confusing errors. It lets let x = 5 be understood as an integer in Rust."
Programming Language,Give an example of function.,"Function defines add(a, b) that returns a plus b. It is a reusable block of code that performs a task and may return a value. It is used to organize logic and avoid repetition. It is called a method when attached to an object."
Programming Language,Where is immutability commonly applied?,"Immutability is used for safe sharing, hashing, and functional programming. It creates new objects for each change, which costs memory and time. It makes Python strings and tuples unchangeable once created. It contrasts with mutability and is supported by const and final keywords."
Programming Language,What are the drawbacks of polymorphism?,Polymorphism can make control flow harder to trace. It is the ability for different types to be used through the same interface. It reduces conditional logic and makes code extensible. It appears as overriding at runtime and overloading at compile time.
Programming Language,Can you give a short overview of null pointer?,Null pointer is a pointer that refers to no valid memory location. It provides a simple way to mark uninitialized or missing references. It triggers a NullPointerException in Java when calling a method on null. It is avoided by Optional types and null safety in Kotlin and Rust.
Programming Language,How would you explain compiler to a beginner?,"Compiler is a program that translates source code into machine code or bytecode before running. It is used for languages like C, C++, Rust, and Go. It turns main.c into an executable using gcc. It differs from an interpreter, which runs code directly."
Programming Language,What should I learn alongside variable?,"Variable differs from a constant, whose value should not change. It is a named storage location that holds a value in a program. It makes code readable and flexible by naming values. It can cause bugs when names are unclear, shadowed, or modified unexpectedly."
Programming Language,How does async/await differ from related concepts?,Async/await is built on promises in JavaScript and event loops in Python. It is used for I/O tasks such as network calls and file access. It improves readability over callbacks and keeps programs responsive. It does not speed up CPU-bound work and forgotten awaits cause bugs.
Programming Language,What problem does type inference solve?,"Type inference is used in languages like TypeScript, Kotlin, Rust, and modern C++. It can make types less obvious and produce confusing errors. It lets let x = 5 be understood as an integer in Rust. It uses keywords like auto, var, or val."
Programming Language,Define reference in simple words.,Reference is an alias or handle that refers to an existing object or value. It is used to pass large objects without copying them. It saves memory and lets functions modify the original object. It can cause unintended shared changes between variables.
Programming Language,How is struct typically used in real projects?,"Struct is used to represent simple records in C, C++, Go, and Rust. It is a composite data type that groups related fields under one name. It organizes related data compactly with predictable layout. It is similar to a class, but often with value semantics."
Programming Language,How is async/await typically used in real projects?,Async/await is used for I/O tasks such as network calls and file access. It is syntax for writing asynchronous code that looks sequential. It improves readability over callbacks and keeps programs responsive. It is built on promises in JavaScript and event loops in Python.
Programming Language,What are common pitfalls with memory leak?,Memory leak gradually exhausts memory and can crash long-running programs. It is a bug where memory that is no longer needed is never released. It is investigated when programs slow down or crash over time. It happens when event listeners are never removed in a long-lived page.
Programming Language,Describe a scenario where variable is applied.,"Variable stores a user's age as age = 25 in Python. It is a named storage location that holds a value in a program. It is used to store, update, and reuse data during execution. It can cause bugs when names are unclear, shadowed, or modified unexpectedly."
Programming Language,Where have you seen list comprehension in action?,List comprehension creates squares with [x*x for x in range(5)]. It is a concise syntax for building a list from an iterable in Python. It is shorter and often faster than an equivalent loop. It hurts readability when nested or complex.
Programming Language,Give an example of reference.,Reference makes two Python variables point to the same list. It is an alias or handle that refers to an existing object or value. It saves memory and lets functions modify the original object. It can cause unintended shared changes between variables.
Programming Language,How is type inference typically used in real projects?,"Type inference is used in languages like TypeScript, Kotlin, Rust, and modern C++. It is the compiler's ability to deduce a variable's type automatically. It reduces boilerplate while keeping static type safety. It lets let x = 5 be understood as an integer in Rust."
Programming Language,What is the basic idea behind package manager?,"Package manager is a tool that installs, updates, and manages libraries and dependencies. It automates dependency resolution and versioning. It can introduce vulnerable or conflicting dependencies. It installs requests with pip install requests. It includes npm, pip, Maven, Cargo, and NuGet."
Programming Language,Where is iterator commonly applied?,Iterator is used to loop over collections uniformly. It is an object that provides items one at a time through a next operation. It hides how a collection is stored and allows lazy evaluation. It is defined by __iter__ and __next__ in Python.
Programming Language,Can you give a short overview of inheritance?,Inheritance is a mechanism where a class acquires properties and methods from a parent class. It is used to share behavior among related classes. It creates tight coupling and fragile hierarchies. It makes a Dog class extend an Animal class. It is often balanced by composition over inheritance.
Programming Language,What are the benefits of using dynamic typing?,"Dynamic typing enables quick prototyping and flexible code. It is used in languages like Python, JavaScript, and Ruby. It lets type errors appear only when code runs. It lets a variable hold a number and later a string in Python."
Programming Language,How does abstraction help developers?,Abstraction lets people use components without knowing their internals. It is hiding complexity by exposing only essential features. It can leak details when poorly designed or add needless layers. It lets you call car.start() without knowing how the engine works.
Programming Language,Describe a scenario where dynamic typing is applied.,Dynamic typing lets a variable hold a number and later a string in Python. It is a system where types are checked at runtime. It enables quick prototyping and flexible code. It can be strengthened with type hints and checkers like mypy.
Programming Language,How does virtual environment compare with similar approaches?,"Virtual environment has lighter isolation than Docker, and tools include venv and conda. It is an isolated environment with its own interpreter and packages. It adds setup steps and must be activated correctly. It creates one with python -m venv env."
Programming Language,What is null pointer?,"Null pointer is a pointer that refers to no valid memory location. It provides a simple way to mark uninitialized or missing references. It causes crashes or exceptions when dereferenced, famously called a billion-dollar mistake. It triggers a NullPointerException in Java when calling a method on null."
Programming Language,List the strengths of function.,"Function improves readability, testing, and reuse. It is a reusable block of code that performs a task and may return a value. It defines add(a, b) that returns a plus b. It is called a method when attached to an object."
Programming Language,Can you give a short overview of encapsulation?,Encapsulation is bundling data with methods and restricting direct access to internals. It is used to protect object state and expose a clean interface. It makes a BankAccount balance private and changed only through deposit and withdraw. It is supported by access modifiers like private and protected.
Programming Language,What makes iterator valuable?,Iterator hides how a collection is stored and allows lazy evaluation. It is an object that provides items one at a time through a next operation. It is used to loop over collections uniformly. It is defined by __iter__ and __next__ in Python.
Programming Language,In which situations is iterator a good choice?,Iterator is used to loop over collections uniformly. It is an object that provides items one at a time through a next operation. It lets a for loop in Python walk through a list. It is defined by __iter__ and __next__ in Python.
Programming Language,Give an example of generator.,Generator yields lines from a huge file one by one in Python. It is a function that yields values one at a time and pauses between them. It is used for large or infinite sequences and streaming data. It is related to iterators and the yield keyword.
Programming Language,What problems can iterator cause?,Iterator is single-pass and can be exhausted. It is an object that provides items one at a time through a next operation. It is used to loop over collections uniformly. It lets a for loop in Python walk through a list. It is defined by __iter__ and __next__ in Python.
Programming Language,What is virtual environment?,Virtual environment is an isolated environment with its own interpreter and packages. It is used to keep project dependencies separate. It prevents version conflicts between projects. It adds setup steps and must be activated correctly. It creates one with python -m venv env.
Programming Language,How is closure used in practice?,"Closure creates a counter function whose count persists between calls. It is a function that remembers variables from the scope where it was created. It is used for private state, callbacks, and function factories. It enables data hiding and flexible behavior without classes."
Programming Language,Explain pointer.,"Pointer is a variable that stores the memory address of another value. It is used for dynamic allocation, arrays, and efficient data passing. It gives direct memory control and enables data structures like linked lists. It causes crashes, leaks, and security bugs when misused."
Programming Language,Explain iterator.,Iterator is an object that provides items one at a time through a next operation. It is used to loop over collections uniformly. It lets a for loop in Python walk through a list. It is defined by __iter__ and __next__ in Python.
Programming Language,How is interface typically used in real projects?,"Interface is used to define capabilities and decouple code. It is a contract that specifies methods a type must implement. It enables polymorphism and easier testing through mocks. It differs from an abstract class, which can hold state and implementation."
Programming Language,What do you gain by using Global Interpreter Lock?,"Global Interpreter Lock simplifies memory management and makes single-threaded code fast. It is a lock in CPython that lets only one thread execute Python bytecode at a time. It is relevant when choosing between threads and processes in Python. It is bypassed with multiprocessing, native extensions, or alternative interpreters."
Programming Language,What problems can abstraction cause?,Abstraction can leak details when poorly designed or add needless layers. It is hiding complexity by exposing only essential features. It is used to design simple interfaces over complex implementations. It lets people use components without knowing their internals. It is implemented with abstract classes and interfaces.
Programming Language,What are common pitfalls with object-oriented programming?,"Object-oriented programming can lead to deep hierarchies and over-engineering. It is a programming paradigm that organizes code into objects with data and behavior. It improves modularity, reuse, and maintainability. It models a Car class with attributes like color and methods like drive."
Programming Language,What are common pitfalls with enum?,"Enum can be hard to extend when values change frequently. It is a type consisting of a fixed set of named constants. It prevents invalid values and improves readability over magic numbers. It defines Weekday values like MONDAY and TUESDAY. It exists in Java, C++, C#, Python, and TypeScript."
Programming Language,How would you explain reference to a beginner?,Reference is an alias or handle that refers to an existing object or value. It is used to pass large objects without copying them. It saves memory and lets functions modify the original object. It makes two Python variables point to the same list.
Programming Language,What is an alternative to interface?,"Interface differs from an abstract class, which can hold state and implementation. It is a contract that specifies methods a type must implement. It enables polymorphism and easier testing through mocks. It adds indirection, and changing an interface affects all implementers."
Programming Language,What are the alternatives or companions of Global Interpreter Lock?,"Global Interpreter Lock is bypassed with multiprocessing, native extensions, or alternative interpreters. It is a lock in CPython that lets only one thread execute Python bytecode at a time. It makes two CPU-heavy threads take about as long as running sequentially."
Programming Language,What are the downsides of memory leak?,Memory leak gradually exhausts memory and can crash long-running programs. It is a bug where memory that is no longer needed is never released. It is investigated when programs slow down or crash over time. It can occur even in garbage-collected languages through lingering references.
Programming Language,Walk me through a simple example of loop.,"Loop prints numbers one to ten with a for loop. It is a control structure that repeats a block of code. It can run forever if the exit condition is never met. It appears as for, while, and do-while forms."
Programming Language,How does variable compare with similar approaches?,"Variable differs from a constant, whose value should not change. It is used to store, update, and reuse data during execution. It makes code readable and flexible by naming values. It stores a user's age as age = 25 in Python."
Programming Language,How does Global Interpreter Lock differ from related concepts?,"Global Interpreter Lock is bypassed with multiprocessing, native extensions, or alternative interpreters. It is a lock in CPython that lets only one thread execute Python bytecode at a time. It simplifies memory management and makes single-threaded code fast. It makes two CPU-heavy threads take about as long as running sequentially."
Programming Language,What is the main purpose of interface?,"Interface is used to define capabilities and decouple code. It adds indirection, and changing an interface affects all implementers. It defines Comparable so any class can be sorted. It differs from an abstract class, which can hold state and implementation."
Programming Language,Describe closure briefly.,"Closure is a function that remembers variables from the scope where it was created. It enables data hiding and flexible behavior without classes. It can keep objects alive longer than expected and cause memory leaks. It is common in JavaScript, Python, and functional languages."
Programming Language,Give an example of async/await.,Async/await awaits a fetch call in JavaScript before reading its JSON. It is syntax for writing asynchronous code that looks sequential. It is used for I/O tasks such as network calls and file access. It improves readability over callbacks and keeps programs responsive.
Programming Language,What are the alternatives or companions of namespace?,"Namespace appears as packages in Java, modules in Python, and namespaces in C#. It is a container that groups names to avoid conflicts. It prevents collisions between identically named items. It can cause confusion when imports or scopes overlap. It places std::vector under the std namespace in C++."
Programming Language,How does promise differ from related concepts?,"Promise has pending, fulfilled, and rejected states. It is an object representing the eventual result of an asynchronous operation. It is used in JavaScript to handle network requests and timers. It avoids deeply nested callbacks and supports chaining. It chains fetch(url).then(res => res.json()) to process a response."
Programming Language,"What is the difference between var, let and const in JavaScript?","In JavaScript, var is function-scoped, hoisted, and allows redeclaration. let is block-scoped and can be reassigned, while const is block-scoped and cannot be reassigned after initialization, though objects it references can still change. Modern code prefers const by default and let when reassignment is needed, avoiding var."
Programming Language,What is the basic idea behind closure?,"Closure is a function that remembers variables from the scope where it was created. It is used for private state, callbacks, and function factories. It enables data hiding and flexible behavior without classes. It is common in JavaScript, Python, and functional languages."
Programming Language,Explain loop.,"Loop is a control structure that repeats a block of code. It is used to process collections and repeat actions until a condition changes. It prints numbers one to ten with a for loop. It appears as for, while, and do-while forms."
Programming Language,What makes Global Interpreter Lock valuable?,Global Interpreter Lock simplifies memory management and makes single-threaded code fast. It is a lock in CPython that lets only one thread execute Python bytecode at a time. It prevents CPU-bound threads from running in parallel. It makes two CPU-heavy threads take about as long as running sequentially.
Programming Language,What do you gain by using enum?,"Enum prevents invalid values and improves readability over magic numbers. It is a type consisting of a fixed set of named constants. It can be hard to extend when values change frequently. It exists in Java, C++, C#, Python, and TypeScript."
Programming Language,What do you gain by using closure?,"Closure enables data hiding and flexible behavior without classes. It is a function that remembers variables from the scope where it was created. It is used for private state, callbacks, and function factories. It is common in JavaScript, Python, and functional languages."
Programming Language,How is reference used in practice?,Reference makes two Python variables point to the same list. It is an alias or handle that refers to an existing object or value. It saves memory and lets functions modify the original object. It differs from a pointer because it usually cannot be reassigned or do arithmetic.
Programming Language,What are the disadvantages of decorator?,"Decorator can hide control flow and complicate debugging and signatures. It is a function that wraps another function to extend its behavior. It is used for logging, caching, authentication, and timing. It uses @timer above a function to measure its run time."
Programming Language,Show a real-world example of memory leak.,Memory leak happens when event listeners are never removed in a long-lived page. It is investigated when programs slow down or crash over time. It can be found with profilers and fixed by releasing unused references. It can occur even in garbage-collected languages through lingering references.
Programming Language,What are the downsides of loop?,"Loop can run forever if the exit condition is never met. It is a control structure that repeats a block of code. It avoids duplicated code and automates repetition. It prints numbers one to ten with a for loop. It appears as for, while, and do-while forms."
Programming Language,Is there a substitute for garbage collection?,"Garbage collection differs from manual management in C and ownership in Rust. It is automatic memory management that frees objects no longer reachable. It is used in languages like Java, Python, and Go. It prevents most memory leaks and dangling pointer errors. It adds overhead and unpredictable pauses."
Programming Language,List the strengths of loop.,Loop avoids duplicated code and automates repetition. It is a control structure that repeats a block of code. It is used to process collections and repeat actions until a condition changes. It can run forever if the exit condition is never met.
Programming Language,How does generic compare with similar approaches?,"Generic appears as generics in Java and C#, and templates in C++. It is a feature that lets code work with types specified later. It provides type safety without duplicating code. It can make signatures complex and sometimes hurts readability."
Programming Language,What is related to mutability?,Mutability is the opposite of immutability. It is the property of an object that allows it to be changed after creation. It is considered when passing objects or sharing data between functions. It allows in-place updates that are efficient for large data.
Programming Language,What are the advantages of iterator?,Iterator hides how a collection is stored and allows lazy evaluation. It is an object that provides items one at a time through a next operation. It is used to loop over collections uniformly. It is single-pass and can be exhausted.
Programming Language,Where is closure commonly applied?,"Closure is used for private state, callbacks, and function factories. It is a function that remembers variables from the scope where it was created. It enables data hiding and flexible behavior without classes. It creates a counter function whose count persists between calls."
Programming Language,What problems can generic cause?,Generic can make signatures complex and sometimes hurts readability. It is a feature that lets code work with types specified later. It is used for reusable collections and algorithms. It provides type safety without duplicating code. It uses List<String> in Java to hold only strings.
Programming Language,Where have you seen generic in action?,"Generic uses List<String> in Java to hold only strings. It is a feature that lets code work with types specified later. It is used for reusable collections and algorithms. It provides type safety without duplicating code. It appears as generics in Java and C#, and templates in C++."
Programming Language,Describe a scenario where generic is applied.,"Generic uses List<String> in Java to hold only strings. It is used for reusable collections and algorithms. It provides type safety without duplicating code. It can make signatures complex and sometimes hurts readability. It appears as generics in Java and C#, and templates in C++."
Programming Language,What are the limitations of generic?,"Generic can make signatures complex and sometimes hurts readability. It is a feature that lets code work with types specified later. It is used for reusable collections and algorithms. It appears as generics in Java and C#, and templates in C++."
Programming Language,What are the downsides of promise?,"Promise can swallow errors if rejections are not handled. It is used in JavaScript to handle network requests and timers. It avoids deeply nested callbacks and supports chaining. It chains fetch(url).then(res => res.json()) to process a response. It has pending, fulfilled, and rejected states."
Programming Language,What is an alternative to interpreter?,"Interpreter is often mixed with compilation to bytecode and JIT. It is a program that executes source code directly, line by line or through bytecode. It is used for languages like Python and Ruby. It enables quick feedback and easy debugging."
Programming Language,What are the drawbacks of struct?,"Struct lacks the inheritance and encapsulation features of full classes in some languages. It is a composite data type that groups related fields under one name. It is used to represent simple records in C, C++, Go, and Rust. It is similar to a class, but often with value semantics."
Programming Language,Describe namespace briefly.,"Namespace is a container that groups names to avoid conflicts. It prevents collisions between identically named items. It can cause confusion when imports or scopes overlap. It places std::vector under the std namespace in C++. It appears as packages in Java, modules in Python, and namespaces in C#."
Programming Language,When should you use struct?,"Struct is used to represent simple records in C, C++, Go, and Rust. It lacks the inheritance and encapsulation features of full classes in some languages. It stores a point with x and y coordinates in Go. It is similar to a class, but often with value semantics."
Programming Language,What should I learn alongside virtual environment?,"Virtual environment has lighter isolation than Docker, and tools include venv and conda. It is an isolated environment with its own interpreter and packages. It is used to keep project dependencies separate. It adds setup steps and must be activated correctly. It creates one with python -m venv env."
Programming Language,In which situations is generator a good choice?,Generator is used for large or infinite sequences and streaming data. It is a function that yields values one at a time and pauses between them. It saves memory by producing items lazily. It yields lines from a huge file one by one in Python.
Programming Language,Can you give a short overview of loop?,"Loop is a control structure that repeats a block of code. It can run forever if the exit condition is never met. It prints numbers one to ten with a for loop. It appears as for, while, and do-while forms."
Programming Language,Why is dynamic typing useful?,Dynamic typing enables quick prototyping and flexible code. It lets type errors appear only when code runs. It lets a variable hold a number and later a string in Python. It can be strengthened with type hints and checkers like mypy.
Programming Language,What should you watch out for when using hoisting?,"Hoisting causes confusing undefined values with var. It is relevant when understanding var, function declarations, and temporal dead zones. It lets functions be called before they are defined. It behaves differently for let and const, which stay in a temporal dead zone."
Programming Language,Can you illustrate immutability with an example?,"Immutability makes Python strings and tuples unchangeable once created. It is the property of an object that cannot change after creation. It is used for safe sharing, hashing, and functional programming. It contrasts with mutability and is supported by const and final keywords."
Programming Language,How would you explain mutability to a beginner?,Mutability is the property of an object that allows it to be changed after creation. It allows in-place updates that are efficient for large data. It can cause surprising side effects when shared. It lets a Python list be appended to after creation. It is the opposite of immutability.
Programming Language,Describe a scenario where list comprehension is applied.,"List comprehension creates squares with [x*x for x in range(5)]. It is a concise syntax for building a list from an iterable in Python. It is used to transform or filter data in one expression. It hurts readability when nested or complex. It extends to dictionary, set, and generator expressions."
Programming Language,List the strengths of virtual environment.,"Virtual environment prevents version conflicts between projects. It is an isolated environment with its own interpreter and packages. It adds setup steps and must be activated correctly. It creates one with python -m venv env. It has lighter isolation than Docker, and tools include venv and conda."
Programming Language,Why do developers use type inference?,"Type inference is used in languages like TypeScript, Kotlin, Rust, and modern C++. It is the compiler's ability to deduce a variable's type automatically. It reduces boilerplate while keeping static type safety. It can make types less obvious and produce confusing errors."
Programming Language,What is the basic idea behind pointer?,"Pointer is a variable that stores the memory address of another value. It is used for dynamic allocation, arrays, and efficient data passing. It causes crashes, leaks, and security bugs when misused. It stores the address of an int in C with int *p = &x."
Programming Language,What are the benefits of using encapsulation?,Encapsulation hides implementation details so internals can change safely. It is bundling data with methods and restricting direct access to internals. It is used to protect object state and expose a clean interface. It can add boilerplate getters and setters.
Programming Language,What should I learn alongside promise?,"Promise has pending, fulfilled, and rejected states. It is used in JavaScript to handle network requests and timers. It avoids deeply nested callbacks and supports chaining. It can swallow errors if rejections are not handled. It chains fetch(url).then(res => res.json()) to process a response."
Programming Language,Walk me through a simple example of Global Interpreter Lock.,"Global Interpreter Lock makes two CPU-heavy threads take about as long as running sequentially. It is a lock in CPython that lets only one thread execute Python bytecode at a time. It is bypassed with multiprocessing, native extensions, or alternative interpreters."
Programming Language,What are common pitfalls with interface?,"Interface adds indirection, and changing an interface affects all implementers. It is a contract that specifies methods a type must implement. It is used to define capabilities and decouple code. It enables polymorphism and easier testing through mocks. It differs from an abstract class, which can hold state and implementation."
Programming Language,What are the disadvantages of async/await?,Async/await does not speed up CPU-bound work and forgotten awaits cause bugs. It is used for I/O tasks such as network calls and file access. It improves readability over callbacks and keeps programs responsive. It awaits a fetch call in JavaScript before reading its JSON.
Programming Language,Explain null pointer.,"Null pointer is a pointer that refers to no valid memory location. It is used to signal absence of a value in languages like C and Java. It provides a simple way to mark uninitialized or missing references. It causes crashes or exceptions when dereferenced, famously called a billion-dollar mistake."
Programming Language,What is reference?,Reference is an alias or handle that refers to an existing object or value. It can cause unintended shared changes between variables. It makes two Python variables point to the same list. It differs from a pointer because it usually cannot be reassigned or do arithmetic.
Programming Language,How does garbage collection work in Java?,"Garbage collection automatically reclaims memory occupied by objects that are no longer reachable from any live reference, so developers need not free memory manually. The JVM divides the heap into generations and uses collectors like G1 or ZGC. It prevents most memory leaks but can introduce brief pause times."
Programming Language,Where have you seen inheritance in action?,Inheritance makes a Dog class extend an Animal class. It is a mechanism where a class acquires properties and methods from a parent class. It is used to share behavior among related classes. It creates tight coupling and fragile hierarchies.
Programming Language,What is inheritance?,Inheritance is a mechanism where a class acquires properties and methods from a parent class. It is used to share behavior among related classes. It makes a Dog class extend an Animal class. It is often balanced by composition over inheritance.
Programming Language,When should you avoid garbage collection?,"Garbage collection adds overhead and unpredictable pauses. It is automatic memory management that frees objects no longer reachable. It is used in languages like Java, Python, and Go. It frees a Java object when no references to it remain. It differs from manual management in C and ownership in Rust."
Programming Language,Is there a substitute for multithreading?,Multithreading requires synchronization tools like locks and semaphores. It is running multiple threads of execution within one process. It is used to keep apps responsive and overlap I/O work. It can improve throughput and responsiveness. It downloads files in background threads while the interface stays active.
Programming Language,Why do developers use package manager?,"Package manager is used to share and reuse code across projects. It is a tool that installs, updates, and manages libraries and dependencies. It automates dependency resolution and versioning. It installs requests with pip install requests. It includes npm, pip, Maven, Cargo, and NuGet."
Programming Language,What do you gain by using iterator?,Iterator hides how a collection is stored and allows lazy evaluation. It is an object that provides items one at a time through a next operation. It is used to loop over collections uniformly. It is single-pass and can be exhausted. It is defined by __iter__ and __next__ in Python.
Programming Language,What is the main purpose of variable?,"Variable is used to store, update, and reuse data during execution. It makes code readable and flexible by naming values. It stores a user's age as age = 25 in Python. It differs from a constant, whose value should not change."
Programming Language,Can you illustrate exception handling with an example?,"Exception handling catches a ZeroDivisionError in Python and prints a friendly message. It is a mechanism for responding to runtime errors using try and catch constructs. It is used to handle failures like missing files or invalid input gracefully. It includes try, except or catch, finally, and throw or raise."
Programming Language,How does immutability compare with similar approaches?,"Immutability contrasts with mutability and is supported by const and final keywords. It is the property of an object that cannot change after creation. It prevents accidental changes and makes concurrency safer. It creates new objects for each change, which costs memory and time."
Programming Language,Show a real-world example of exception handling.,"Exception handling catches a ZeroDivisionError in Python and prints a friendly message. It is used to handle failures like missing files or invalid input gracefully. It separates error handling from normal logic and prevents crashes. It includes try, except or catch, finally, and throw or raise."
Programming Language,Define operator overloading in simple words.,Operator overloading is defining custom behavior for operators on user-defined types. It is used for mathematical types such as vectors and complex numbers. It makes code expressive and natural to read. It can mislead readers when operators do unexpected things.
Programming Language,What is the main purpose of garbage collection?,"Garbage collection is used in languages like Java, Python, and Go. It is automatic memory management that frees objects no longer reachable. It adds overhead and unpredictable pauses. It frees a Java object when no references to it remain. It differs from manual management in C and ownership in Rust."
Programming Language,How is function typically used in real projects?,"Function is used to organize logic and avoid repetition. It is a reusable block of code that performs a task and may return a value. It defines add(a, b) that returns a plus b. It is called a method when attached to an object."
Programming Language,What problem does reference solve?,Reference is used to pass large objects without copying them. It can cause unintended shared changes between variables. It makes two Python variables point to the same list. It differs from a pointer because it usually cannot be reassigned or do arithmetic.
Programming Language,What should you watch out for when using exception handling?,"Exception handling can hide bugs when exceptions are swallowed silently. It is a mechanism for responding to runtime errors using try and catch constructs. It catches a ZeroDivisionError in Python and prints a friendly message. It includes try, except or catch, finally, and throw or raise."
Programming Language,Explain generic.,"Generic is a feature that lets code work with types specified later. It provides type safety without duplicating code. It can make signatures complex and sometimes hurts readability. It uses List<String> in Java to hold only strings. It appears as generics in Java and C#, and templates in C++."
Programming Language,What are the drawbacks of namespace?,"Namespace can cause confusion when imports or scopes overlap. It is a container that groups names to avoid conflicts. It prevents collisions between identically named items. It places std::vector under the std namespace in C++. It appears as packages in Java, modules in Python, and namespaces in C#."
Programming Language,Is there a substitute for hoisting?,"Hoisting behaves differently for let and const, which stay in a temporal dead zone. It is relevant when understanding var, function declarations, and temporal dead zones. It lets functions be called before they are defined. It makes console.log(x) print undefined when var x is declared later."
Programming Language,Can you give a short overview of interface?,"Interface is a contract that specifies methods a type must implement. It enables polymorphism and easier testing through mocks. It adds indirection, and changing an interface affects all implementers. It differs from an abstract class, which can hold state and implementation."
Programming Language,What are the drawbacks of lambda?,"Lambda becomes unreadable when complex and is harder to debug. It is used for short callbacks, sorting keys, and functional operations. It keeps simple logic concise without naming a function. It sorts words by length using key=lambda w: len(w) in Python."
Programming Language,Is there a substitute for type inference?,"Type inference uses keywords like auto, var, or val. It is the compiler's ability to deduce a variable's type automatically. It is used in languages like TypeScript, Kotlin, Rust, and modern C++. It reduces boilerplate while keeping static type safety."
Programming Language,Give an example of inheritance.,Inheritance makes a Dog class extend an Animal class. It is a mechanism where a class acquires properties and methods from a parent class. It reduces duplication and supports specialization. It creates tight coupling and fragile hierarchies. It is often balanced by composition over inheritance.
Programming Language,Why do developers use promise?,"Promise is used in JavaScript to handle network requests and timers. It avoids deeply nested callbacks and supports chaining. It can swallow errors if rejections are not handled. It chains fetch(url).then(res => res.json()) to process a response. It has pending, fulfilled, and rejected states."
Programming Language,What are the downsides of virtual environment?,"Virtual environment adds setup steps and must be activated correctly. It is an isolated environment with its own interpreter and packages. It is used to keep project dependencies separate. It creates one with python -m venv env. It has lighter isolation than Docker, and tools include venv and conda."
Programming Language,What is the basic idea behind decorator?,Decorator is a function that wraps another function to extend its behavior. It adds features without modifying the original code. It can hide control flow and complicate debugging and signatures. It uses @timer above a function to measure its run time. It builds on closures and higher-order functions in Python.
Programming Language,Can you illustrate JIT compilation with an example?,JIT compilation speeds up a frequently called Java method after the JVM notices it. It is compiling code to machine code during program execution. It optimizes hot code paths using runtime information. It sits between pure interpretation and ahead-of-time compilation.
Programming Language,What should you watch out for when using pointer?,"Pointer causes crashes, leaks, and security bugs when misused. It is a variable that stores the memory address of another value. It gives direct memory control and enables data structures like linked lists. It stores the address of an int in C with int *p = &x."
Programming Language,What do you gain by using namespace?,"Namespace prevents collisions between identically named items. It is a container that groups names to avoid conflicts. It is used to organize large codebases and libraries. It can cause confusion when imports or scopes overlap. It appears as packages in Java, modules in Python, and namespaces in C#."
Programming Language,What are the downsides of inheritance?,Inheritance creates tight coupling and fragile hierarchies. It is a mechanism where a class acquires properties and methods from a parent class. It is used to share behavior among related classes. It makes a Dog class extend an Animal class. It is often balanced by composition over inheritance.
Programming Language,What problem does promise solve?,"Promise is used in JavaScript to handle network requests and timers. It is an object representing the eventual result of an asynchronous operation. It avoids deeply nested callbacks and supports chaining. It can swallow errors if rejections are not handled. It has pending, fulfilled, and rejected states."
Programming Language,Is there a substitute for generic?,"Generic appears as generics in Java and C#, and templates in C++. It is a feature that lets code work with types specified later. It is used for reusable collections and algorithms. It can make signatures complex and sometimes hurts readability. It uses List<String> in Java to hold only strings."
Programming Language,What are the alternatives or companions of enum?,"Enum exists in Java, C++, C#, Python, and TypeScript. It is a type consisting of a fixed set of named constants. It prevents invalid values and improves readability over magic numbers. It can be hard to extend when values change frequently."
Programming Language,How does reference compare with similar approaches?,Reference differs from a pointer because it usually cannot be reassigned or do arithmetic. It is used to pass large objects without copying them. It saves memory and lets functions modify the original object. It makes two Python variables point to the same list.
Programming Language,What problem does function solve?,"Function is used to organize logic and avoid repetition. It is a reusable block of code that performs a task and may return a value. It becomes hard to follow when too long or dependent on global state. It defines add(a, b) that returns a plus b."
Programming Language,What are the limitations of struct?,"Struct lacks the inheritance and encapsulation features of full classes in some languages. It organizes related data compactly with predictable layout. It stores a point with x and y coordinates in Go. It is similar to a class, but often with value semantics."
Programming Language,How does virtual environment differ from related concepts?,"Virtual environment has lighter isolation than Docker, and tools include venv and conda. It is an isolated environment with its own interpreter and packages. It is used to keep project dependencies separate. It prevents version conflicts between projects. It creates one with python -m venv env."
Programming Language,Why is generic considered important?,"Generic provides type safety without duplicating code. It is a feature that lets code work with types specified later. It uses List<String> in Java to hold only strings. It appears as generics in Java and C#, and templates in C++."
Programming Language,What is a practical example of generic?,"Generic uses List<String> in Java to hold only strings. It is a feature that lets code work with types specified later. It is used for reusable collections and algorithms. It appears as generics in Java and C#, and templates in C++."
Programming Language,Why is object-oriented programming useful?,"Object-oriented programming improves modularity, reuse, and maintainability. It is a programming paradigm that organizes code into objects with data and behavior. It can lead to deep hierarchies and over-engineering. It models a Car class with attributes like color and methods like drive."
Programming Language,What is the main purpose of dynamic typing?,"Dynamic typing is used in languages like Python, JavaScript, and Ruby. It is a system where types are checked at runtime. It enables quick prototyping and flexible code. It lets a variable hold a number and later a string in Python."
Programming Language,What is the main purpose of pointer?,"Pointer is used for dynamic allocation, arrays, and efficient data passing. It gives direct memory control and enables data structures like linked lists. It stores the address of an int in C with int *p = &x. It is replaced by references and smart pointers in safer languages."
Programming Language,Define polymorphism in simple words.,Polymorphism is the ability for different types to be used through the same interface. It is used to write flexible code that works with many object types. It reduces conditional logic and makes code extensible. It can make control flow harder to trace.
Programming Language,When should you avoid compiler?,"Compiler adds a build step and compilation time. It is a program that translates source code into machine code or bytecode before running. It is used for languages like C, C++, Rust, and Go. It produces fast executables and catches many errors early."
Programming Language,Can you give a short overview of exception handling?,"Exception handling is a mechanism for responding to runtime errors using try and catch constructs. It separates error handling from normal logic and prevents crashes. It can hide bugs when exceptions are swallowed silently. It includes try, except or catch, finally, and throw or raise."
Programming Language,What is the main purpose of loop?,Loop is used to process collections and repeat actions until a condition changes. It is a control structure that repeats a block of code. It avoids duplicated code and automates repetition. It can run forever if the exit condition is never met.
Programming Language,What is related to iterator?,Iterator is defined by __iter__ and __next__ in Python. It is an object that provides items one at a time through a next operation. It is used to loop over collections uniformly. It hides how a collection is stored and allows lazy evaluation. It is single-pass and can be exhausted.
Programming Language,Describe a scenario where closure is applied.,"Closure creates a counter function whose count persists between calls. It is a function that remembers variables from the scope where it was created. It can keep objects alive longer than expected and cause memory leaks. It is common in JavaScript, Python, and functional languages."
Programming Language,What is related to Global Interpreter Lock?,"Global Interpreter Lock is bypassed with multiprocessing, native extensions, or alternative interpreters. It is a lock in CPython that lets only one thread execute Python bytecode at a time. It is relevant when choosing between threads and processes in Python. It prevents CPU-bound threads from running in parallel."
Programming Language,How does reference differ from related concepts?,Reference differs from a pointer because it usually cannot be reassigned or do arithmetic. It is an alias or handle that refers to an existing object or value. It is used to pass large objects without copying them. It can cause unintended shared changes between variables.
Programming Language,What should I learn alongside abstraction?,Abstraction is implemented with abstract classes and interfaces. It is used to design simple interfaces over complex implementations. It lets people use components without knowing their internals. It can leak details when poorly designed or add needless layers. It lets you call car.start() without knowing how the engine works.
Programming Language,What do you gain by using generator?,Generator saves memory by producing items lazily. It is used for large or infinite sequences and streaming data. It can be consumed only once and cannot be indexed. It yields lines from a huge file one by one in Python.
Programming Language,What is a practical example of variable?,"Variable stores a user's age as age = 25 in Python. It is a named storage location that holds a value in a program. It makes code readable and flexible by naming values. It can cause bugs when names are unclear, shadowed, or modified unexpectedly."
Programming Language,What are the disadvantages of abstraction?,Abstraction can leak details when poorly designed or add needless layers. It is hiding complexity by exposing only essential features. It is used to design simple interfaces over complex implementations. It lets you call car.start() without knowing how the engine works. It is implemented with abstract classes and interfaces.
Programming Language,How is hoisting typically used in real projects?,"Hoisting is relevant when understanding var, function declarations, and temporal dead zones. It is JavaScript behavior where declarations are moved to the top of their scope before execution. It behaves differently for let and const, which stay in a temporal dead zone."
Programming Language,What should you watch out for when using namespace?,"Namespace can cause confusion when imports or scopes overlap. It is a container that groups names to avoid conflicts. It is used to organize large codebases and libraries. It places std::vector under the std namespace in C++. It appears as packages in Java, modules in Python, and namespaces in C#."
Programming Language,Why do developers use generic?,"Generic is used for reusable collections and algorithms. It is a feature that lets code work with types specified later. It can make signatures complex and sometimes hurts readability. It uses List<String> in Java to hold only strings. It appears as generics in Java and C#, and templates in C++."
Programming Language,Why is static typing useful?,Static typing catches type errors early and enables optimization and better tooling. It is a system where types are checked at compile time. It can require verbose declarations and reduce flexibility. It contrasts with dynamic typing in Python and JavaScript.
Programming Language,Is there a substitute for inheritance?,Inheritance is often balanced by composition over inheritance. It is a mechanism where a class acquires properties and methods from a parent class. It is used to share behavior among related classes. It creates tight coupling and fragile hierarchies. It makes a Dog class extend an Animal class.
Programming Language,Walk me through a simple example of decorator.,"Decorator uses @timer above a function to measure its run time. It is a function that wraps another function to extend its behavior. It is used for logging, caching, authentication, and timing. It builds on closures and higher-order functions in Python."
Programming Language,What is related to JIT compilation?,JIT compilation sits between pure interpretation and ahead-of-time compilation. It is compiling code to machine code during program execution. It optimizes hot code paths using runtime information. It speeds up a frequently called Java method after the JVM notices it.
Programming Language,What is related to hoisting?,"Hoisting behaves differently for let and const, which stay in a temporal dead zone. It is JavaScript behavior where declarations are moved to the top of their scope before execution. It causes confusing undefined values with var. It makes console.log(x) print undefined when var x is declared later."
Programming Language,List the strengths of multithreading.,"Multithreading can improve throughput and responsiveness. It is running multiple threads of execution within one process. It is used to keep apps responsive and overlap I/O work. It risks race conditions, deadlocks, and hard-to-reproduce bugs. It requires synchronization tools like locks and semaphores."
Programming Language,How does immutability help developers?,"Immutability prevents accidental changes and makes concurrency safer. It is the property of an object that cannot change after creation. It creates new objects for each change, which costs memory and time. It contrasts with mutability and is supported by const and final keywords."
Programming Language,What is encapsulation?,Encapsulation is bundling data with methods and restricting direct access to internals. It is used to protect object state and expose a clean interface. It hides implementation details so internals can change safely. It can add boilerplate getters and setters.
Programming Language,How is type inference used in practice?,"Type inference lets let x = 5 be understood as an integer in Rust. It is used in languages like TypeScript, Kotlin, Rust, and modern C++. It reduces boilerplate while keeping static type safety. It uses keywords like auto, var, or val."
Programming Language,What are the alternatives or companions of static typing?,"Static typing contrasts with dynamic typing in Python and JavaScript. It is a system where types are checked at compile time. It is used in languages like Java, C++, and Go. It catches type errors early and enables optimization and better tooling. It can require verbose declarations and reduce flexibility."
Programming Language,What are the benefits of using loop?,Loop avoids duplicated code and automates repetition. It is used to process collections and repeat actions until a condition changes. It can run forever if the exit condition is never met. It prints numbers one to ten with a for loop.
Programming Language,When should you avoid loop?,Loop can run forever if the exit condition is never met. It is a control structure that repeats a block of code. It is used to process collections and repeat actions until a condition changes. It avoids duplicated code and automates repetition.
Programming Language,How would you explain hoisting to a beginner?,"Hoisting is JavaScript behavior where declarations are moved to the top of their scope before execution. It causes confusing undefined values with var. It makes console.log(x) print undefined when var x is declared later. It behaves differently for let and const, which stay in a temporal dead zone."
Programming Language,What are the limitations of type inference?,Type inference can make types less obvious and produce confusing errors. It is the compiler's ability to deduce a variable's type automatically. It reduces boilerplate while keeping static type safety. It lets let x = 5 be understood as an integer in Rust.
Programming Language,What is iterator?,Iterator is an object that provides items one at a time through a next operation. It is used to loop over collections uniformly. It hides how a collection is stored and allows lazy evaluation. It is single-pass and can be exhausted.
Programming Language,What is the main purpose of inheritance?,Inheritance is used to share behavior among related classes. It is a mechanism where a class acquires properties and methods from a parent class. It creates tight coupling and fragile hierarchies. It makes a Dog class extend an Animal class.
Programming Language,Describe a scenario where function is applied.,"Function defines add(a, b) that returns a plus b. It is used to organize logic and avoid repetition. It improves readability, testing, and reuse. It becomes hard to follow when too long or dependent on global state. It is called a method when attached to an object."
Programming Language,What should you watch out for when using package manager?,"Package manager can introduce vulnerable or conflicting dependencies. It is a tool that installs, updates, and manages libraries and dependencies. It is used to share and reuse code across projects. It automates dependency resolution and versioning. It includes npm, pip, Maven, Cargo, and NuGet."
Programming Language,How is loop used in practice?,"Loop prints numbers one to ten with a for loop. It is a control structure that repeats a block of code. It is used to process collections and repeat actions until a condition changes. It appears as for, while, and do-while forms."
Programming Language,Why do developers use generator?,Generator is used for large or infinite sequences and streaming data. It is a function that yields values one at a time and pauses between them. It yields lines from a huge file one by one in Python. It is related to iterators and the yield keyword.
Programming Language,Walk me through a simple example of interpreter.,"Interpreter runs a Python script with the python command. It is a program that executes source code directly, line by line or through bytecode. It is used for languages like Python and Ruby. It is often mixed with compilation to bytecode and JIT."
Programming Language,What are the limitations of multithreading?,"Multithreading risks race conditions, deadlocks, and hard-to-reproduce bugs. It is running multiple threads of execution within one process. It is used to keep apps responsive and overlap I/O work. It downloads files in background threads while the interface stays active."
Programming Language,What are the alternatives or companions of iterator?,Iterator is defined by __iter__ and __next__ in Python. It is an object that provides items one at a time through a next operation. It is used to loop over collections uniformly. It is single-pass and can be exhausted. It lets a for loop in Python walk through a list.
Programming Language,What is the basic idea behind Global Interpreter Lock?,Global Interpreter Lock is a lock in CPython that lets only one thread execute Python bytecode at a time. It simplifies memory management and makes single-threaded code fast. It prevents CPU-bound threads from running in parallel. It makes two CPU-heavy threads take about as long as running sequentially.
Programming Language,Can you illustrate abstraction with an example?,Abstraction lets you call car.start() without knowing how the engine works. It is hiding complexity by exposing only essential features. It is used to design simple interfaces over complex implementations. It lets people use components without knowing their internals. It can leak details when poorly designed or add needless layers.
Programming Language,List the strengths of type inference.,Type inference reduces boilerplate while keeping static type safety. It is the compiler's ability to deduce a variable's type automatically. It can make types less obvious and produce confusing errors. It lets let x = 5 be understood as an integer in Rust.
Programming Language,What is the main purpose of abstraction?,Abstraction is used to design simple interfaces over complex implementations. It is hiding complexity by exposing only essential features. It can leak details when poorly designed or add needless layers. It lets you call car.start() without knowing how the engine works.
Programming Language,What is encapsulation used for?,Encapsulation is used to protect object state and expose a clean interface. It is bundling data with methods and restricting direct access to internals. It hides implementation details so internals can change safely. It can add boilerplate getters and setters. It is supported by access modifiers like private and protected.
Programming Language,Show a real-world example of JIT compilation.,JIT compilation speeds up a frequently called Java method after the JVM notices it. It is compiling code to machine code during program execution. It is used in engines like the JVM and V8. It optimizes hot code paths using runtime information.
Programming Language,Define struct in simple words.,"Struct is a composite data type that groups related fields under one name. It is used to represent simple records in C, C++, Go, and Rust. It lacks the inheritance and encapsulation features of full classes in some languages. It stores a point with x and y coordinates in Go."
Programming Language,Why is interpreter considered important?,"Interpreter enables quick feedback and easy debugging. It is a program that executes source code directly, line by line or through bytecode. It runs a Python script with the python command. It is often mixed with compilation to bytecode and JIT."
Programming Language,What problem does multithreading solve?,"Multithreading is used to keep apps responsive and overlap I/O work. It is running multiple threads of execution within one process. It can improve throughput and responsiveness. It risks race conditions, deadlocks, and hard-to-reproduce bugs. It downloads files in background threads while the interface stays active."
Programming Language,What are the disadvantages of promise?,"Promise can swallow errors if rejections are not handled. It is an object representing the eventual result of an asynchronous operation. It avoids deeply nested callbacks and supports chaining. It chains fetch(url).then(res => res.json()) to process a response. It has pending, fulfilled, and rejected states."
Programming Language,How does compiler help developers?,"Compiler produces fast executables and catches many errors early. It is a program that translates source code into machine code or bytecode before running. It adds a build step and compilation time. It turns main.c into an executable using gcc. It differs from an interpreter, which runs code directly."
Programming Language,Can you give a short overview of function?,"Function is a reusable block of code that performs a task and may return a value. It becomes hard to follow when too long or dependent on global state. It defines add(a, b) that returns a plus b. It is called a method when attached to an object."
Programming Language,What is the main purpose of hoisting?,"Hoisting is relevant when understanding var, function declarations, and temporal dead zones. It is JavaScript behavior where declarations are moved to the top of their scope before execution. It causes confusing undefined values with var. It behaves differently for let and const, which stay in a temporal dead zone."
Programming Language,Why is data type considered important?,"Data type catches mistakes and enables optimization. It can require conversions and cause errors when types are mixed. It includes integers, floats, strings, booleans, and arrays. It is checked at compile time in static languages and at runtime in dynamic ones."
Programming Language,Describe a scenario where lambda is applied.,"Lambda sorts words by length using key=lambda w: len(w) in Python. It is used for short callbacks, sorting keys, and functional operations. It keeps simple logic concise without naming a function. It becomes unreadable when complex and is harder to debug. It is also called an arrow function in JavaScript."
Programming Language,What are the downsides of iterator?,Iterator is single-pass and can be exhausted. It is an object that provides items one at a time through a next operation. It is used to loop over collections uniformly. It hides how a collection is stored and allows lazy evaluation. It is defined by __iter__ and __next__ in Python.
Programming Language,What problems can enum cause?,"Enum can be hard to extend when values change frequently. It is a type consisting of a fixed set of named constants. It is used for states, categories, and options. It defines Weekday values like MONDAY and TUESDAY. It exists in Java, C++, C#, Python, and TypeScript."
Programming Language,In which situations is reference a good choice?,Reference is used to pass large objects without copying them. It saves memory and lets functions modify the original object. It makes two Python variables point to the same list. It differs from a pointer because it usually cannot be reassigned or do arithmetic.
Programming Language,What are the benefits of using abstraction?,Abstraction lets people use components without knowing their internals. It is used to design simple interfaces over complex implementations. It can leak details when poorly designed or add needless layers. It lets you call car.start() without knowing how the engine works.
Programming Language,Can you give a short overview of compiler?,"Compiler is a program that translates source code into machine code or bytecode before running. It is used for languages like C, C++, Rust, and Go. It adds a build step and compilation time. It turns main.c into an executable using gcc."
Programming Language,Where have you seen reference in action?,Reference makes two Python variables point to the same list. It is an alias or handle that refers to an existing object or value. It is used to pass large objects without copying them. It saves memory and lets functions modify the original object.
Programming Language,What are the disadvantages of null pointer?,"Null pointer causes crashes or exceptions when dereferenced, famously called a billion-dollar mistake. It is a pointer that refers to no valid memory location. It provides a simple way to mark uninitialized or missing references. It triggers a NullPointerException in Java when calling a method on null."
Programming Language,What should you watch out for when using list comprehension?,List comprehension hurts readability when nested or complex. It is a concise syntax for building a list from an iterable in Python. It is shorter and often faster than an equivalent loop. It creates squares with [x*x for x in range(5)].
Programming Language,How does struct differ from related concepts?,"Struct is similar to a class, but often with value semantics. It is a composite data type that groups related fields under one name. It organizes related data compactly with predictable layout. It stores a point with x and y coordinates in Go."
Programming Language,What other concepts are connected to loop?,"Loop appears as for, while, and do-while forms. It is a control structure that repeats a block of code. It is used to process collections and repeat actions until a condition changes. It avoids duplicated code and automates repetition. It prints numbers one to ten with a for loop."
Programming Language,Describe a scenario where Global Interpreter Lock is applied.,"Global Interpreter Lock makes two CPU-heavy threads take about as long as running sequentially. It is a lock in CPython that lets only one thread execute Python bytecode at a time. It simplifies memory management and makes single-threaded code fast. It is bypassed with multiprocessing, native extensions, or alternative interpreters."
Programming Language,What does polymorphism mean?,Polymorphism is the ability for different types to be used through the same interface. It is used to write flexible code that works with many object types. It lets draw() behave differently for Circle and Square objects. It appears as overriding at runtime and overloading at compile time.
Programming Language,What should I learn alongside decorator?,"Decorator builds on closures and higher-order functions in Python. It is a function that wraps another function to extend its behavior. It is used for logging, caching, authentication, and timing. It adds features without modifying the original code. It can hide control flow and complicate debugging and signatures."
Programming Language,What other concepts are connected to static typing?,Static typing contrasts with dynamic typing in Python and JavaScript. It catches type errors early and enables optimization and better tooling. It can require verbose declarations and reduce flexibility. It rejects assigning a string to an int variable before the program runs.
Programming Language,List the strengths of abstraction.,Abstraction lets people use components without knowing their internals. It is hiding complexity by exposing only essential features. It is used to design simple interfaces over complex implementations. It lets you call car.start() without knowing how the engine works. It is implemented with abstract classes and interfaces.
Programming Language,How would you explain namespace to a beginner?,"Namespace is a container that groups names to avoid conflicts. It is used to organize large codebases and libraries. It can cause confusion when imports or scopes overlap. It appears as packages in Java, modules in Python, and namespaces in C#."
Programming Language,What other concepts are connected to iterator?,Iterator is defined by __iter__ and __next__ in Python. It is used to loop over collections uniformly. It hides how a collection is stored and allows lazy evaluation. It is single-pass and can be exhausted. It lets a for loop in Python walk through a list.
Programming Language,When should you use async/await?,Async/await is used for I/O tasks such as network calls and file access. It improves readability over callbacks and keeps programs responsive. It awaits a fetch call in JavaScript before reading its JSON. It is built on promises in JavaScript and event loops in Python.
Programming Language,What are the disadvantages of polymorphism?,Polymorphism can make control flow harder to trace. It is the ability for different types to be used through the same interface. It reduces conditional logic and makes code extensible. It lets draw() behave differently for Circle and Square objects.
Programming Language,What is the main purpose of multithreading?,Multithreading is used to keep apps responsive and overlap I/O work. It is running multiple threads of execution within one process. It downloads files in background threads while the interface stays active. It requires synchronization tools like locks and semaphores.
Programming Language,In which situations is function a good choice?,"Function is used to organize logic and avoid repetition. It becomes hard to follow when too long or dependent on global state. It defines add(a, b) that returns a plus b. It is called a method when attached to an object."
Programming Language,When should you use object-oriented programming?,"Object-oriented programming is used to model real-world entities in large applications. It is a programming paradigm that organizes code into objects with data and behavior. It can lead to deep hierarchies and over-engineering. It rests on encapsulation, inheritance, polymorphism, and abstraction."
Programming Language,What does interpreter mean?,"Interpreter is a program that executes source code directly, line by line or through bytecode. It enables quick feedback and easy debugging. It is generally slower than compiled code. It runs a Python script with the python command. It is often mixed with compilation to bytecode and JIT."
Programming Language,What problems can type inference cause?,"Type inference can make types less obvious and produce confusing errors. It reduces boilerplate while keeping static type safety. It lets let x = 5 be understood as an integer in Rust. It uses keywords like auto, var, or val."
Programming Language,Why is garbage collection considered important?,"Garbage collection prevents most memory leaks and dangling pointer errors. It is used in languages like Java, Python, and Go. It adds overhead and unpredictable pauses. It frees a Java object when no references to it remain. It differs from manual management in C and ownership in Rust."
Programming Language,Give an example of interpreter.,"Interpreter runs a Python script with the python command. It is a program that executes source code directly, line by line or through bytecode. It is generally slower than compiled code. It is often mixed with compilation to bytecode and JIT."
Programming Language,What are the benefits of using object-oriented programming?,"Object-oriented programming improves modularity, reuse, and maintainability. It is a programming paradigm that organizes code into objects with data and behavior. It models a Car class with attributes like color and methods like drive. It rests on encapsulation, inheritance, polymorphism, and abstraction."
Programming Language,When should you avoid polymorphism?,Polymorphism can make control flow harder to trace. It is the ability for different types to be used through the same interface. It is used to write flexible code that works with many object types. It lets draw() behave differently for Circle and Square objects.
Programming Language,Where is interface commonly applied?,"Interface is used to define capabilities and decouple code. It is a contract that specifies methods a type must implement. It defines Comparable so any class can be sorted. It differs from an abstract class, which can hold state and implementation."
Programming Language,How would you explain generator to a beginner?,Generator is a function that yields values one at a time and pauses between them. It saves memory by producing items lazily. It can be consumed only once and cannot be indexed. It is related to iterators and the yield keyword.
Programming Language,When should you use enum?,"Enum is used for states, categories, and options. It is a type consisting of a fixed set of named constants. It can be hard to extend when values change frequently. It defines Weekday values like MONDAY and TUESDAY. It exists in Java, C++, C#, Python, and TypeScript."
Programming Language,Where is null pointer commonly applied?,"Null pointer is used to signal absence of a value in languages like C and Java. It causes crashes or exceptions when dereferenced, famously called a billion-dollar mistake. It is avoided by Optional types and null safety in Kotlin and Rust."
Programming Language,What are the downsides of generator?,Generator can be consumed only once and cannot be indexed. It is used for large or infinite sequences and streaming data. It yields lines from a huge file one by one in Python. It is related to iterators and the yield keyword.
Programming Language,When should you use encapsulation?,Encapsulation is used to protect object state and expose a clean interface. It is bundling data with methods and restricting direct access to internals. It makes a BankAccount balance private and changed only through deposit and withdraw. It is supported by access modifiers like private and protected.
Programming Language,What should I learn alongside compiler?,"Compiler differs from an interpreter, which runs code directly. It is a program that translates source code into machine code or bytecode before running. It is used for languages like C, C++, Rust, and Go. It produces fast executables and catches many errors early."
Programming Language,Explain decorator.,"Decorator is a function that wraps another function to extend its behavior. It is used for logging, caching, authentication, and timing. It adds features without modifying the original code. It can hide control flow and complicate debugging and signatures. It uses @timer above a function to measure its run time."
Programming Language,Why is async/await considered important?,Async/await improves readability over callbacks and keeps programs responsive. It is used for I/O tasks such as network calls and file access. It does not speed up CPU-bound work and forgotten awaits cause bugs. It awaits a fetch call in JavaScript before reading its JSON.
Programming Language,Where have you seen hoisting in action?,"Hoisting makes console.log(x) print undefined when var x is declared later. It is JavaScript behavior where declarations are moved to the top of their scope before execution. It is relevant when understanding var, function declarations, and temporal dead zones. It causes confusing undefined values with var."
Programming Language,How does iterator differ from related concepts?,Iterator is defined by __iter__ and __next__ in Python. It is an object that provides items one at a time through a next operation. It is used to loop over collections uniformly. It lets a for loop in Python walk through a list.
Programming Language,When should you avoid memory leak?,Memory leak gradually exhausts memory and can crash long-running programs. It is investigated when programs slow down or crash over time. It can be found with profilers and fixed by releasing unused references. It happens when event listeners are never removed in a long-lived page.
Programming Language,When should you use mutability?,Mutability is considered when passing objects or sharing data between functions. It is the property of an object that allows it to be changed after creation. It allows in-place updates that are efficient for large data. It can cause surprising side effects when shared. It is the opposite of immutability.
Programming Language,What are the advantages of loop?,Loop avoids duplicated code and automates repetition. It is a control structure that repeats a block of code. It is used to process collections and repeat actions until a condition changes. It prints numbers one to ten with a for loop.
Programming Language,What is related to promise?,"Promise has pending, fulfilled, and rejected states. It is an object representing the eventual result of an asynchronous operation. It is used in JavaScript to handle network requests and timers. It avoids deeply nested callbacks and supports chaining. It chains fetch(url).then(res => res.json()) to process a response."
Programming Language,Why is loop considered important?,"Loop avoids duplicated code and automates repetition. It is a control structure that repeats a block of code. It can run forever if the exit condition is never met. It prints numbers one to ten with a for loop. It appears as for, while, and do-while forms."
Programming Language,What is static typing used for?,"Static typing is used in languages like Java, C++, and Go. It is a system where types are checked at compile time. It can require verbose declarations and reduce flexibility. It rejects assigning a string to an int variable before the program runs."
Programming Language,What is the basic idea behind promise?,"Promise is an object representing the eventual result of an asynchronous operation. It avoids deeply nested callbacks and supports chaining. It can swallow errors if rejections are not handled. It chains fetch(url).then(res => res.json()) to process a response. It has pending, fulfilled, and rejected states."
Programming Language,What should I learn alongside function?,"Function is called a method when attached to an object. It is a reusable block of code that performs a task and may return a value. It is used to organize logic and avoid repetition. It improves readability, testing, and reuse."
Programming Language,Give an example of interface.,"Interface defines Comparable so any class can be sorted. It is used to define capabilities and decouple code. It enables polymorphism and easier testing through mocks. It adds indirection, and changing an interface affects all implementers. It differs from an abstract class, which can hold state and implementation."
Programming Language,Walk me through a simple example of garbage collection.,"Garbage collection frees a Java object when no references to it remain. It is used in languages like Java, Python, and Go. It prevents most memory leaks and dangling pointer errors. It differs from manual management in C and ownership in Rust."
Programming Language,Define immutability in simple words.,"Immutability is the property of an object that cannot change after creation. It prevents accidental changes and makes concurrency safer. It creates new objects for each change, which costs memory and time. It makes Python strings and tuples unchangeable once created."
Programming Language,What should I learn alongside struct?,"Struct is similar to a class, but often with value semantics. It organizes related data compactly with predictable layout. It lacks the inheritance and encapsulation features of full classes in some languages. It stores a point with x and y coordinates in Go."
Programming Language,What problems can multithreading cause?,"Multithreading risks race conditions, deadlocks, and hard-to-reproduce bugs. It is running multiple threads of execution within one process. It can improve throughput and responsiveness. It downloads files in background threads while the interface stays active. It requires synchronization tools like locks and semaphores."
Programming Language,When should you use closure?,"Closure is used for private state, callbacks, and function factories. It enables data hiding and flexible behavior without classes. It can keep objects alive longer than expected and cause memory leaks. It creates a counter function whose count persists between calls."
Programming Language,What are the drawbacks of garbage collection?,Garbage collection adds overhead and unpredictable pauses. It is automatic memory management that frees objects no longer reachable. It frees a Java object when no references to it remain. It differs from manual management in C and ownership in Rust.
Programming Language,How does hoisting compare with similar approaches?,"Hoisting behaves differently for let and const, which stay in a temporal dead zone. It is JavaScript behavior where declarations are moved to the top of their scope before execution. It lets functions be called before they are defined. It makes console.log(x) print undefined when var x is declared later."
Programming Language,What problems can JIT compilation cause?,JIT compilation adds warmup time and memory use. It is used in engines like the JVM and V8. It optimizes hot code paths using runtime information. It speeds up a frequently called Java method after the JVM notices it. It sits between pure interpretation and ahead-of-time compilation.
Programming Language,Show a real-world example of promise.,Promise chains fetch(url).then(res => res.json()) to process a response. It is an object representing the eventual result of an asynchronous operation. It is used in JavaScript to handle network requests and timers. It avoids deeply nested callbacks and supports chaining.
Programming Language,What should I learn alongside polymorphism?,Polymorphism appears as overriding at runtime and overloading at compile time. It is the ability for different types to be used through the same interface. It reduces conditional logic and makes code extensible. It can make control flow harder to trace.
Programming Language,What is the basic idea behind multithreading?,"Multithreading is running multiple threads of execution within one process. It is used to keep apps responsive and overlap I/O work. It can improve throughput and responsiveness. It risks race conditions, deadlocks, and hard-to-reproduce bugs. It requires synchronization tools like locks and semaphores."
Programming Language,Where have you seen closure in action?,Closure creates a counter function whose count persists between calls. It is a function that remembers variables from the scope where it was created. It enables data hiding and flexible behavior without classes. It can keep objects alive longer than expected and cause memory leaks.
Programming Language,What is related to async/await?,Async/await is built on promises in JavaScript and event loops in Python. It improves readability over callbacks and keeps programs responsive. It does not speed up CPU-bound work and forgotten awaits cause bugs. It awaits a fetch call in JavaScript before reading its JSON.
Programming Language,What should I learn alongside pointer?,"Pointer is replaced by references and smart pointers in safer languages. It is used for dynamic allocation, arrays, and efficient data passing. It gives direct memory control and enables data structures like linked lists. It stores the address of an int in C with int *p = &x."
Programming Language,Give an example of lambda.,"Lambda sorts words by length using key=lambda w: len(w) in Python. It is used for short callbacks, sorting keys, and functional operations. It becomes unreadable when complex and is harder to debug. It is also called an arrow function in JavaScript."
Programming Language,What is the basic idea behind polymorphism?,Polymorphism is the ability for different types to be used through the same interface. It reduces conditional logic and makes code extensible. It can make control flow harder to trace. It lets draw() behave differently for Circle and Square objects.
Programming Language,Why is pointer considered important?,"Pointer gives direct memory control and enables data structures like linked lists. It is a variable that stores the memory address of another value. It causes crashes, leaks, and security bugs when misused. It is replaced by references and smart pointers in safer languages."
Programming Language,What makes virtual environment valuable?,"Virtual environment prevents version conflicts between projects. It is used to keep project dependencies separate. It adds setup steps and must be activated correctly. It creates one with python -m venv env. It has lighter isolation than Docker, and tools include venv and conda."
Programming Language,What are common pitfalls with promise?,Promise can swallow errors if rejections are not handled. It is an object representing the eventual result of an asynchronous operation. It is used in JavaScript to handle network requests and timers. It chains fetch(url).then(res => res.json()) to process a response.
Programming Language,Describe a scenario where data type is applied.,"Data type includes integers, floats, strings, booleans, and arrays. It is a classification that tells a language how a value is stored and used. It catches mistakes and enables optimization. It is checked at compile time in static languages and at runtime in dynamic ones."
Programming Language,Where is exception handling commonly applied?,"Exception handling is used to handle failures like missing files or invalid input gracefully. It is a mechanism for responding to runtime errors using try and catch constructs. It can hide bugs when exceptions are swallowed silently. It includes try, except or catch, finally, and throw or raise."
Programming Language,What other concepts are connected to data type?,Data type is checked at compile time in static languages and at runtime in dynamic ones. It is a classification that tells a language how a value is stored and used. It catches mistakes and enables optimization. It can require conversions and cause errors when types are mixed.
Programming Language,How is generic used in practice?,"Generic uses List<String> in Java to hold only strings. It is a feature that lets code work with types specified later. It is used for reusable collections and algorithms. It can make signatures complex and sometimes hurts readability. It appears as generics in Java and C#, and templates in C++."
Programming Language,Describe a scenario where multithreading is applied.,Multithreading downloads files in background threads while the interface stays active. It is running multiple threads of execution within one process. It is used to keep apps responsive and overlap I/O work. It can improve throughput and responsiveness. It requires synchronization tools like locks and semaphores.
Programming Language,How does multithreading help developers?,"Multithreading can improve throughput and responsiveness. It is used to keep apps responsive and overlap I/O work. It risks race conditions, deadlocks, and hard-to-reproduce bugs. It downloads files in background threads while the interface stays active. It requires synchronization tools like locks and semaphores."
Programming Language,What makes loop valuable?,"Loop avoids duplicated code and automates repetition. It is a control structure that repeats a block of code. It is used to process collections and repeat actions until a condition changes. It prints numbers one to ten with a for loop. It appears as for, while, and do-while forms."
Programming Language,What are the benefits of using null pointer?,Null pointer provides a simple way to mark uninitialized or missing references. It is used to signal absence of a value in languages like C and Java. It is avoided by Optional types and null safety in Kotlin and Rust.
Programming Language,What is a practical example of null pointer?,"Null pointer triggers a NullPointerException in Java when calling a method on null. It is a pointer that refers to no valid memory location. It causes crashes or exceptions when dereferenced, famously called a billion-dollar mistake. It is avoided by Optional types and null safety in Kotlin and Rust."
Programming Language,What are common pitfalls with mutability?,Mutability can cause surprising side effects when shared. It is the property of an object that allows it to be changed after creation. It is considered when passing objects or sharing data between functions. It allows in-place updates that are efficient for large data. It is the opposite of immutability.
Programming Language,Show a real-world example of mutability.,Mutability lets a Python list be appended to after creation. It is the property of an object that allows it to be changed after creation. It is considered when passing objects or sharing data between functions. It is the opposite of immutability.
Programming Language,How is exception handling typically used in real projects?,Exception handling is used to handle failures like missing files or invalid input gracefully. It separates error handling from normal logic and prevents crashes. It can hide bugs when exceptions are swallowed silently. It catches a ZeroDivisionError in Python and prints a friendly message.
Programming Language,Where is struct commonly applied?,"Struct is used to represent simple records in C, C++, Go, and Rust. It organizes related data compactly with predictable layout. It stores a point with x and y coordinates in Go. It is similar to a class, but often with value semantics."
Programming Language,What does pointer mean?,Pointer is a variable that stores the memory address of another value. It gives direct memory control and enables data structures like linked lists. It stores the address of an int in C with int *p = &x. It is replaced by references and smart pointers in safer languages.
Programming Language,Is there a substitute for promise?,"Promise has pending, fulfilled, and rejected states. It is an object representing the eventual result of an asynchronous operation. It avoids deeply nested callbacks and supports chaining. It can swallow errors if rejections are not handled. It chains fetch(url).then(res => res.json()) to process a response."
Programming Language,What does package manager mean?,"Package manager is a tool that installs, updates, and manages libraries and dependencies. It is used to share and reuse code across projects. It automates dependency resolution and versioning. It can introduce vulnerable or conflicting dependencies. It includes npm, pip, Maven, Cargo, and NuGet."
Programming Language,How is loop typically used in real projects?,"Loop is used to process collections and repeat actions until a condition changes. It is a control structure that repeats a block of code. It can run forever if the exit condition is never met. It appears as for, while, and do-while forms."
Programming Language,What other concepts are connected to lambda?,"Lambda is also called an arrow function in JavaScript. It is a small anonymous function defined inline. It is used for short callbacks, sorting keys, and functional operations. It keeps simple logic concise without naming a function. It becomes unreadable when complex and is harder to debug."
Programming Language,What is the main purpose of promise?,Promise is used in JavaScript to handle network requests and timers. It is an object representing the eventual result of an asynchronous operation. It can swallow errors if rejections are not handled. It chains fetch(url).then(res => res.json()) to process a response.
Programming Language,What are the downsides of function?,"Function becomes hard to follow when too long or dependent on global state. It is a reusable block of code that performs a task and may return a value. It improves readability, testing, and reuse. It is called a method when attached to an object."
Programming Language,Define object-oriented programming in simple words.,"Object-oriented programming is a programming paradigm that organizes code into objects with data and behavior. It improves modularity, reuse, and maintainability. It can lead to deep hierarchies and over-engineering. It models a Car class with attributes like color and methods like drive."
Programming Language,Describe a scenario where loop is applied.,"Loop prints numbers one to ten with a for loop. It is used to process collections and repeat actions until a condition changes. It avoids duplicated code and automates repetition. It can run forever if the exit condition is never met. It appears as for, while, and do-while forms."
Programming Language,What should you watch out for when using lambda?,"Lambda becomes unreadable when complex and is harder to debug. It is a small anonymous function defined inline. It is used for short callbacks, sorting keys, and functional operations. It sorts words by length using key=lambda w: len(w) in Python."
Programming Language,What is the main purpose of decorator?,"Decorator is used for logging, caching, authentication, and timing. It is a function that wraps another function to extend its behavior. It can hide control flow and complicate debugging and signatures. It uses @timer above a function to measure its run time."
Programming Language,Why is function considered important?,"Function improves readability, testing, and reuse. It is a reusable block of code that performs a task and may return a value. It is used to organize logic and avoid repetition. It defines add(a, b) that returns a plus b."
Programming Language,What are the benefits of using data type?,"Data type catches mistakes and enables optimization. It is a classification that tells a language how a value is stored and used. It is used to determine valid operations and memory layout. It includes integers, floats, strings, booleans, and arrays."
Programming Language,What should I learn alongside memory leak?,Memory leak can occur even in garbage-collected languages through lingering references. It is a bug where memory that is no longer needed is never released. It is investigated when programs slow down or crash over time. It can be found with profilers and fixed by releasing unused references.
Programming Language,List the strengths of list comprehension.,"List comprehension is shorter and often faster than an equivalent loop. It is a concise syntax for building a list from an iterable in Python. It creates squares with [x*x for x in range(5)]. It extends to dictionary, set, and generator expressions."
Programming Language,What problems can operator overloading cause?,Operator overloading can mislead readers when operators do unexpected things. It is used for mathematical types such as vectors and complex numbers. It makes code expressive and natural to read. It lets a Vector class support a + b in Python by defining __add__.
Programming Language,Why do developers use loop?,"Loop is used to process collections and repeat actions until a condition changes. It avoids duplicated code and automates repetition. It can run forever if the exit condition is never met. It prints numbers one to ten with a for loop. It appears as for, while, and do-while forms."
Programming Language,What are the downsides of multithreading?,"Multithreading risks race conditions, deadlocks, and hard-to-reproduce bugs. It is running multiple threads of execution within one process. It is used to keep apps responsive and overlap I/O work. It downloads files in background threads while the interface stays active."
Programming Language,What are the benefits of using interface?,"Interface enables polymorphism and easier testing through mocks. It is a contract that specifies methods a type must implement. It adds indirection, and changing an interface affects all implementers. It defines Comparable so any class can be sorted. It differs from an abstract class, which can hold state and implementation."
Programming Language,Walk me through a simple example of function.,"Function defines add(a, b) that returns a plus b. It is a reusable block of code that performs a task and may return a value. It is used to organize logic and avoid repetition. It improves readability, testing, and reuse."
Programming Language,What are the downsides of async/await?,Async/await does not speed up CPU-bound work and forgotten awaits cause bugs. It improves readability over callbacks and keeps programs responsive. It awaits a fetch call in JavaScript before reading its JSON. It is built on promises in JavaScript and event loops in Python.
Programming Language,Where have you seen JIT compilation in action?,JIT compilation speeds up a frequently called Java method after the JVM notices it. It is compiling code to machine code during program execution. It is used in engines like the JVM and V8. It adds warmup time and memory use.
Programming Language,How does loop compare with similar approaches?,"Loop appears as for, while, and do-while forms. It is a control structure that repeats a block of code. It avoids duplicated code and automates repetition. It can run forever if the exit condition is never met. It prints numbers one to ten with a for loop."
Programming Language,What is an alternative to data type?,"Data type is checked at compile time in static languages and at runtime in dynamic ones. It is used to determine valid operations and memory layout. It catches mistakes and enables optimization. It includes integers, floats, strings, booleans, and arrays."
Programming Language,When should you avoid immutability?,"Immutability creates new objects for each change, which costs memory and time. It is used for safe sharing, hashing, and functional programming. It prevents accidental changes and makes concurrency safer. It contrasts with mutability and is supported by const and final keywords."
Programming Language,What should you watch out for when using generic?,"Generic can make signatures complex and sometimes hurts readability. It is used for reusable collections and algorithms. It provides type safety without duplicating code. It uses List<String> in Java to hold only strings. It appears as generics in Java and C#, and templates in C++."
Programming Language,Where is reference commonly applied?,Reference is used to pass large objects without copying them. It is an alias or handle that refers to an existing object or value. It can cause unintended shared changes between variables. It differs from a pointer because it usually cannot be reassigned or do arithmetic.
Programming Language,What problem does struct solve?,"Struct is used to represent simple records in C, C++, Go, and Rust. It is a composite data type that groups related fields under one name. It lacks the inheritance and encapsulation features of full classes in some languages. It is similar to a class, but often with value semantics."
Programming Language,What problems can encapsulation cause?,Encapsulation can add boilerplate getters and setters. It is bundling data with methods and restricting direct access to internals. It makes a BankAccount balance private and changed only through deposit and withdraw. It is supported by access modifiers like private and protected.
