domain,question,answer
AI/ML,What is a practical example of dropout?,Dropout drops fifty percent of hidden units in each training step. It is used in deep networks to prevent co-adaptation of neurons. It reduces overfitting and acts like training an ensemble of sub-networks. It is often combined with weight decay and batch normalization.
AI/ML,What is a random forest?,"Random forest is an ensemble method that builds many decision trees on random subsets of data and features, then combines their predictions by voting or averaging. This reduces overfitting compared with a single tree, handles nonlinear relationships well, and provides useful feature importance scores with minimal tuning."
AI/ML,What are the advantages of softmax?,Softmax gives interpretable class probabilities that work well with cross-entropy loss. It is used in output layers for multi-class classification. It is overconfident on out-of-distribution inputs and unsuitable for multi-label tasks. It generalizes the sigmoid function used in binary classification.
AI/ML,What is an alternative to decision tree?,Decision tree is the building block of random forests and gradient boosting. It is a model that splits data using feature-based questions into a tree of decisions. It is used for tabular classification and regression with mixed feature types. It is easy to visualize and needs little preprocessing.
AI/ML,How would you explain ReLU to a beginner?,ReLU is an activation function that outputs zero for negative inputs and the input otherwise. It can cause dead neurons that output zero for all inputs. It turns negative three into zero and positive five into five. It has variants like Leaky ReLU and GELU that avoid dead neurons.
AI/ML,What is an alternative to tokenization?,"Tokenization uses methods such as whitespace splitting, WordPiece, and Byte Pair Encoding. It is used as the first step in NLP pipelines. It converts raw text into units a model can map to IDs. It splits unbelievable into subwords such as un, believ, and able."
AI/ML,What are the limitations of k-means clustering?,"K-means clustering needs k in advance, favors round clusters, and is sensitive to initialization and outliers. It is an unsupervised algorithm that groups data into k clusters around centroids. It is used for customer segmentation and image compression. It groups shoppers into three segments by spending and visit frequency."
AI/ML,What makes underfitting valuable?,"Underfitting is easy to fix by adding features, complexity, or training longer. It happens when a model is too simple to capture patterns in the data. It is diagnosed when both training and validation errors stay high. It yields poor predictions everywhere because the model never learns the signal."
AI/ML,What is precision used for?,"Precision is prioritized when false positives are costly, such as spam filtering. It is the fraction of predicted positives that are actually positive. It equals eight out of ten when eight of ten flagged emails are truly spam. It is balanced against recall using the F1 score."
AI/ML,How does activation function compare with similar approaches?,"Activation function is chosen among options like tanh, sigmoid, ReLU, and GELU. It is used between layers so networks can learn complex patterns. It lets stacked layers represent curves rather than only linear mappings. It includes ReLU in hidden layers and sigmoid in binary outputs."
AI/ML,How does batch normalization differ from related concepts?,"Batch normalization is an alternative to layer normalization, which is common in transformers. It is a technique that normalizes layer inputs across each mini-batch. It is used to stabilize and speed up training of deep networks. It is placed after a convolution layer before the activation in many CNNs."
AI/ML,Describe a scenario where hyperparameter tuning is applied.,"Hyperparameter tuning tries different tree depths and learning rates for a boosting model. It can raise accuracy substantially without changing the model type. It is computationally costly and can overfit the validation set. It uses grid search, random search, and Bayesian optimization."
AI/ML,How does fine-tuning differ from related concepts?,Fine-tuning can be parameter-efficient using methods like LoRA. It is continued training of a pretrained model on task-specific data. It reaches strong performance with far less data and compute than training from scratch. It trains BERT further on support tickets to classify them.
AI/ML,How is one-hot encoding typically used in real projects?,"One-hot encoding is used to feed categorical features into models. It is a method that represents each category as a binary vector. It creates many columns when a feature has lots of categories. It turns color values red, green, and blue into three binary columns."
AI/ML,Walk me through a simple example of feature scaling.,Feature scaling standardizes age and income to mean zero and unit variance. It is the process of putting numeric features on comparable ranges. It is used before distance-based or gradient-based algorithms. It speeds up convergence and prevents large-range features dominating.
AI/ML,What is confusion matrix?,"Confusion matrix is a table that compares predicted classes against actual classes. It is used to evaluate classification models beyond plain accuracy. It becomes hard to read with many classes and does not give a single score. It is the basis for precision, recall, and F1 score."
AI/ML,What is an alternative to gradient boosting?,"Gradient boosting differs from random forest, which trains trees independently in parallel. It is an ensemble method that builds trees sequentially, each correcting previous errors. It often delivers state-of-the-art accuracy on structured data. It is sensitive to hyperparameters and can overfit noisy data."
AI/ML,When should you use dropout?,Dropout is used in deep networks to prevent co-adaptation of neurons. It is a regularization technique that randomly disables neurons during training. It drops fifty percent of hidden units in each training step. It is often combined with weight decay and batch normalization.
AI/ML,What is the basic idea behind activation function?,"Activation function is a function applied to a neuron's output to introduce non-linearity. It can cause vanishing gradients or dead neurons if chosen poorly. It includes ReLU in hidden layers and sigmoid in binary outputs. It is chosen among options like tanh, sigmoid, ReLU, and GELU."
AI/ML,Describe a scenario where linear regression is applied.,"Linear regression predicts house price from area, location score, and number of rooms. It is used for forecasting and understanding relationships between variables. It is fast, simple, and highly interpretable. It assumes linearity and is sensitive to outliers and correlated features. It extends to ridge, lasso, and polynomial regression."
AI/ML,What are the benefits of using confusion matrix?,"Confusion matrix reveals which classes get confused and exposes false positives and negatives. It is a table that compares predicted classes against actual classes. It becomes hard to read with many classes and does not give a single score. It is the basis for precision, recall, and F1 score."
AI/ML,What are the drawbacks of k-means clustering?,"K-means clustering needs k in advance, favors round clusters, and is sensitive to initialization and outliers. It is an unsupervised algorithm that groups data into k clusters around centroids. It is used for customer segmentation and image compression. It differs from hierarchical and DBSCAN clustering."
AI/ML,What are the benefits of using LSTM?,"LSTM remembers long-term information better than plain RNNs. It is used for sequences like speech, text, and sensor data. It is slower than transformers and harder to parallelize. It forecasts electricity demand from previous hourly readings. It has a lighter variant called GRU."
AI/ML,What are the limitations of transfer learning?,Transfer learning can fail when the source and target domains differ too much. It is used when labeled data is limited. It saves training time and data and often improves accuracy. It adapts an ImageNet-trained ResNet to classify medical images. It includes feature extraction and fine-tuning.
AI/ML,Describe a scenario where support vector machine is applied.,Support vector machine separates spam from legitimate emails using an RBF kernel. It is a classifier that finds the hyperplane with the largest margin between classes. It works well in high dimensions and supports non-linear kernels. It is an alternative to logistic regression and tree-based models.
AI/ML,List the strengths of ReLU.,ReLU is cheap to compute and reduces vanishing gradient problems. It is an activation function that outputs zero for negative inputs and the input otherwise. It is used in hidden layers of deep networks. It has variants like Leaky ReLU and GELU that avoid dead neurons.
AI/ML,Where is LSTM commonly applied?,"LSTM is used for sequences like speech, text, and sensor data. It is a recurrent network unit with gates that control what to remember or forget. It remembers long-term information better than plain RNNs. It is slower than transformers and harder to parallelize. It has a lighter variant called GRU."
AI/ML,What are the drawbacks of regularization?,"Regularization adds hyperparameters, and too much of it causes underfitting. It is a set of techniques that discourage overly complex models. It is used to reduce overfitting in linear models and neural networks. It includes L1, L2, dropout, and early stopping."
AI/ML,What is the main purpose of reinforcement learning?,"Reinforcement learning is used in robotics, game playing, and recommendation or control problems. It learns strategies without labeled examples through interaction. It needs many interactions, and reward design is difficult and unstable. It trains an agent to play Atari games by maximizing score."
AI/ML,What should you watch out for when using reinforcement learning?,"Reinforcement learning needs many interactions, and reward design is difficult and unstable. It is a learning paradigm where an agent learns actions by receiving rewards. It is used in robotics, game playing, and recommendation or control problems. It trains an agent to play Atari games by maximizing score."
AI/ML,Explain one-hot encoding.,"One-hot encoding is a method that represents each category as a binary vector. It is used to feed categorical features into models. It creates many columns when a feature has lots of categories. It turns color values red, green, and blue into three binary columns."
AI/ML,Walk me through a simple example of confusion matrix.,"Confusion matrix shows true positives, false positives, true negatives, and false negatives for a spam filter. It is a table that compares predicted classes against actual classes. It is used to evaluate classification models beyond plain accuracy. It is the basis for precision, recall, and F1 score."
AI/ML,Describe a scenario where TF-IDF is applied.,"TF-IDF gives the word kubernetes a high score in a DevOps article. It is a weighting scheme that scores words by frequency in a document and rarity across documents. It ignores word order and meaning, so synonyms are treated as unrelated."
AI/ML,Why is precision useful?,"Precision tells how trustworthy positive predictions are. It is prioritized when false positives are costly, such as spam filtering. It ignores missed positives, so a model can score high by predicting rarely. It is balanced against recall using the F1 score."
AI/ML,Show a real-world example of attention mechanism.,Attention mechanism lets a translation model focus on the right source word when producing each target word. It is a technique that lets a model weigh the importance of different input parts. It handles long dependencies and gives some interpretability through attention weights. It is computationally expensive for long sequences.
AI/ML,What are the drawbacks of k-nearest neighbors?,K-nearest neighbors is slow at prediction on big data and suffers in high dimensions. It is an algorithm that predicts using the labels of the k closest training points. It labels a flower by the majority class among its five nearest samples.
AI/ML,What makes overfitting valuable?,"Overfitting becomes manageable once spotted, since fixes like regularization and more data exist. It is checked by comparing training and validation performance during model development. It makes high training accuracy misleading and leads to failures in production. It is the opposite of underfitting, where a model is too simple."
AI/ML,How is TF-IDF typically used in real projects?,"TF-IDF is used to turn text into numeric features for search and classification. It highlights distinctive words and downweights common ones. It ignores word order and meaning, so synonyms are treated as unrelated. It gives the word kubernetes a high score in a DevOps article."
AI/ML,Is there a substitute for tokenization?,"Tokenization uses methods such as whitespace splitting, WordPiece, and Byte Pair Encoding. It is used as the first step in NLP pipelines. It can break rare words badly and differs across languages and models. It splits unbelievable into subwords such as un, believ, and able."
AI/ML,Explain gradient descent.,"Gradient descent is an optimization algorithm that updates parameters in the direction that reduces loss. It is used to train linear models and neural networks. It adjusts weights step by step until the loss stops decreasing. It has variants such as SGD, mini-batch, Momentum, and Adam."
AI/ML,What are common pitfalls with overfitting?,"Overfitting makes high training accuracy misleading and leads to failures in production. It becomes manageable once spotted, since fixes like regularization and more data exist. It shows up as ninety-nine percent training accuracy but sixty percent test accuracy. It is the opposite of underfitting, where a model is too simple."
AI/ML,What are common pitfalls with ReLU?,ReLU can cause dead neurons that output zero for all inputs. It is an activation function that outputs zero for negative inputs and the input otherwise. It is cheap to compute and reduces vanishing gradient problems. It turns negative three into zero and positive five into five.
AI/ML,What are the advantages of transfer learning?,Transfer learning saves training time and data and often improves accuracy. It is the practice of reusing a model trained on one task for another task. It can fail when the source and target domains differ too much. It adapts an ImageNet-trained ResNet to classify medical images.
AI/ML,Can you give a short overview of underfitting?,"Underfitting happens when a model is too simple to capture patterns in the data. It is diagnosed when both training and validation errors stay high. It is easy to fix by adding features, complexity, or training longer. It yields poor predictions everywhere because the model never learns the signal."
AI/ML,How does ROC curve compare with similar approaches?,ROC curve is often replaced by the precision-recall curve for rare positives. It is used to compare classifiers independent of one chosen threshold. It summarizes performance through the area under the curve. It can look overly optimistic on heavily imbalanced data.
AI/ML,How does confusion matrix help developers?,"Confusion matrix reveals which classes get confused and exposes false positives and negatives. It is a table that compares predicted classes against actual classes. It shows true positives, false positives, true negatives, and false negatives for a spam filter. It is the basis for precision, recall, and F1 score."
AI/ML,Give an example of hyperparameter tuning.,Hyperparameter tuning tries different tree depths and learning rates for a boosting model. It is the process of searching for the best training settings that are not learned from data. It is used to improve model performance before deployment. It can raise accuracy substantially without changing the model type.
AI/ML,Why do developers use confusion matrix?,"Confusion matrix is used to evaluate classification models beyond plain accuracy. It is a table that compares predicted classes against actual classes. It reveals which classes get confused and exposes false positives and negatives. It shows true positives, false positives, true negatives, and false negatives for a spam filter."
AI/ML,What does convolutional neural network mean?,"Convolutional neural network is a neural network that uses learnable filters to detect local patterns in grid-like data. It is used for image classification, detection, and some audio tasks. It detects edges in early layers and objects in deeper layers."
AI/ML,What is F1 score?,F1 score is the harmonic mean of precision and recall. It gives one number that balances false positives and false negatives. It ignores true negatives and treats precision and recall as equally important. It equals 0.67 when precision is 0.75 and recall is 0.60.
AI/ML,Show a real-world example of regularization.,"Regularization adds an L2 penalty on weights to the loss function. It is a set of techniques that discourage overly complex models. It is used to reduce overfitting in linear models and neural networks. It improves generalization to unseen data. It adds hyperparameters, and too much of it causes underfitting."
AI/ML,In which situations is underfitting a good choice?,"Underfitting is diagnosed when both training and validation errors stay high. It is easy to fix by adding features, complexity, or training longer. It yields poor predictions everywhere because the model never learns the signal. It is linked to high bias, while overfitting is linked to high variance."
AI/ML,What are the benefits of using recurrent neural network?,Recurrent neural network handles variable-length sequences with shared weights. It is a neural network that processes sequences by passing a hidden state forward in time. It is used for time series and text with order dependence. It is improved by LSTM and GRU and often replaced by transformers.
AI/ML,What do you gain by using confusion matrix?,"Confusion matrix reveals which classes get confused and exposes false positives and negatives. It is a table that compares predicted classes against actual classes. It is used to evaluate classification models beyond plain accuracy. It shows true positives, false positives, true negatives, and false negatives for a spam filter."
AI/ML,Where is loss function commonly applied?,"Loss function is used to guide model training by providing a signal to minimize. It turns the goal of learning into a number that optimizers can reduce. It uses mean squared error for regression and cross-entropy for classification. It is different from an evaluation metric, which reports performance to humans."
AI/ML,What problems can support vector machine cause?,"Support vector machine scales poorly to very large datasets and needs feature scaling. It is used for medium-sized datasets with clear margins, including text classification. It works well in high dimensions and supports non-linear kernels. It is an alternative to logistic regression and tree-based models."
AI/ML,What does PCA mean?,PCA is a technique that projects data onto directions of maximum variance. It is used for dimensionality reduction and visualization. It makes features hard to interpret and captures only linear structure. It is an alternative to t-SNE and UMAP for visualization.
AI/ML,What is an alternative to recall?,Recall is also called sensitivity or true positive rate. It is the fraction of actual positives that the model correctly identifies. It shows how many real cases the model catches. It equals eight out of ten when the model finds eight of ten real fraud cases.
AI/ML,What problems can loss function cause?,Loss function can mislead if it does not match the real business metric. It is a function that measures how far predictions are from true values. It turns the goal of learning into a number that optimizers can reduce. It uses mean squared error for regression and cross-entropy for classification.
AI/ML,What is related to underfitting?,"Underfitting is linked to high bias, while overfitting is linked to high variance. It happens when a model is too simple to capture patterns in the data. It is diagnosed when both training and validation errors stay high. It occurs when a straight line is fitted to clearly curved data."
AI/ML,In which situations is confusion matrix a good choice?,Confusion matrix is used to evaluate classification models beyond plain accuracy. It is a table that compares predicted classes against actual classes. It reveals which classes get confused and exposes false positives and negatives. It becomes hard to read with many classes and does not give a single score.
AI/ML,How is transfer learning used in practice?,Transfer learning adapts an ImageNet-trained ResNet to classify medical images. It is used when labeled data is limited. It saves training time and data and often improves accuracy. It can fail when the source and target domains differ too much.
AI/ML,When should you avoid k-nearest neighbors?,K-nearest neighbors is slow at prediction on big data and suffers in high dimensions. It is used for simple classification and recommendation tasks. It labels a flower by the majority class among its five nearest samples. It depends on a distance metric and feature scaling.
AI/ML,Walk me through a simple example of attention mechanism.,Attention mechanism lets a translation model focus on the right source word when producing each target word. It is a technique that lets a model weigh the importance of different input parts. It is computationally expensive for long sequences. It includes self-attention and multi-head attention.
AI/ML,What other concepts are connected to transformer?,"Transformer replaced many RNN and LSTM approaches in NLP. It processes tokens in parallel and captures long-range dependencies. It needs large compute and memory, since attention cost grows with sequence length squared. It powers models such as BERT, GPT, and T5."
AI/ML,What is the basic idea behind TF-IDF?,"TF-IDF is a weighting scheme that scores words by frequency in a document and rarity across documents. It highlights distinctive words and downweights common ones. It ignores word order and meaning, so synonyms are treated as unrelated. It is a classic alternative to word embeddings and bag-of-words counts."
AI/ML,What do you gain by using k-nearest neighbors?,K-nearest neighbors needs no training phase and is easy to understand. It is an algorithm that predicts using the labels of the k closest training points. It is used for simple classification and recommendation tasks. It labels a flower by the majority class among its five nearest samples.
AI/ML,What other concepts are connected to cross-validation?,"Cross-validation includes k-fold, stratified, and leave-one-out variants. It is a resampling method that evaluates a model on multiple train-test splits. It is used to estimate generalization performance and tune hyperparameters. It is computationally costly and can leak information with time series or grouped data."
AI/ML,Walk me through a simple example of underfitting.,Underfitting occurs when a straight line is fitted to clearly curved data. It happens when a model is too simple to capture patterns in the data. It is diagnosed when both training and validation errors stay high. It yields poor predictions everywhere because the model never learns the signal.
AI/ML,Show a real-world example of recurrent neural network.,Recurrent neural network predicts the next character in a sentence from previous characters. It is a neural network that processes sequences by passing a hidden state forward in time. It handles variable-length sequences with shared weights. It trains slowly because steps are sequential and suffers vanishing gradients.
AI/ML,What makes transfer learning valuable?,Transfer learning saves training time and data and often improves accuracy. It is the practice of reusing a model trained on one task for another task. It is used when labeled data is limited. It can fail when the source and target domains differ too much.
AI/ML,When should you use ROC curve?,ROC curve is used to compare classifiers independent of one chosen threshold. It is a plot of true positive rate against false positive rate across thresholds. It summarizes performance through the area under the curve. It can look overly optimistic on heavily imbalanced data.
AI/ML,How does tokenization differ from related concepts?,"Tokenization uses methods such as whitespace splitting, WordPiece, and Byte Pair Encoding. It is the process of splitting text into units such as words or subwords. It is used as the first step in NLP pipelines. It can break rare words badly and differs across languages and models."
AI/ML,Is there a substitute for feature scaling?,Feature scaling uses methods such as min-max scaling and standardization. It is the process of putting numeric features on comparable ranges. It speeds up convergence and prevents large-range features dominating. It standardizes age and income to mean zero and unit variance.
AI/ML,What is a practical example of support vector machine?,"Support vector machine separates spam from legitimate emails using an RBF kernel. It is a classifier that finds the hyperplane with the largest margin between classes. It is used for medium-sized datasets with clear margins, including text classification. It scales poorly to very large datasets and needs feature scaling."
AI/ML,What does backpropagation mean?,Backpropagation is the algorithm that computes gradients of the loss with respect to network weights. It is used to train neural networks by sending errors backward through layers. It tells a network how much each weight contributed to a wrong prediction. It works together with an optimizer like gradient descent.
AI/ML,What is a practical example of batch normalization?,"Batch normalization is placed after a convolution layer before the activation in many CNNs. It is used to stabilize and speed up training of deep networks. It allows higher learning rates and reduces sensitivity to initialization. It is an alternative to layer normalization, which is common in transformers."
AI/ML,What is underfitting?,"Underfitting happens when a model is too simple to capture patterns in the data. It is easy to fix by adding features, complexity, or training longer. It yields poor predictions everywhere because the model never learns the signal. It occurs when a straight line is fitted to clearly curved data."
AI/ML,Is there a substitute for activation function?,"Activation function is chosen among options like tanh, sigmoid, ReLU, and GELU. It is a function applied to a neuron's output to introduce non-linearity. It is used between layers so networks can learn complex patterns. It includes ReLU in hidden layers and sigmoid in binary outputs."
AI/ML,Define PCA in simple words.,"PCA is a technique that projects data onto directions of maximum variance. It is used for dimensionality reduction and visualization. It removes redundancy, speeds training, and reduces noise. It compresses fifty correlated features into ten principal components. It is an alternative to t-SNE and UMAP for visualization."
AI/ML,Explain linear regression.,"Linear regression is a model that predicts a numeric value as a weighted sum of input features. It is used for forecasting and understanding relationships between variables. It predicts house price from area, location score, and number of rooms. It extends to ridge, lasso, and polynomial regression."
AI/ML,What is the basic idea behind fine-tuning?,Fine-tuning is continued training of a pretrained model on task-specific data. It reaches strong performance with far less data and compute than training from scratch. It can cause catastrophic forgetting and overfit on small datasets. It can be parameter-efficient using methods like LoRA.
AI/ML,What problems can recall cause?,"Recall ignores false alarms, so predicting everything positive gives perfect recall. It is prioritized when missing a positive is costly, such as disease screening. It equals eight out of ten when the model finds eight of ten real fraud cases. It is also called sensitivity or true positive rate."
AI/ML,Is there a substitute for gradient boosting?,"Gradient boosting differs from random forest, which trains trees independently in parallel. It is an ensemble method that builds trees sequentially, each correcting previous errors. It is used for high-accuracy tabular tasks and competitions. It is sensitive to hyperparameters and can overfit noisy data."
AI/ML,What problem does logistic regression solve?,Logistic regression is used for binary outcomes such as churn or spam. It struggles with non-linear boundaries unless features are engineered. It predicts whether a customer will buy based on age and browsing time. It generalizes to multi-class problems with softmax.
AI/ML,How would you explain softmax to a beginner?,"Softmax is a function that converts raw scores into probabilities summing to one. It is overconfident on out-of-distribution inputs and unsuitable for multi-label tasks. It turns scores of two, one, and zero into roughly 0.67, 0.24, and 0.09. It generalizes the sigmoid function used in binary classification."
AI/ML,Where is k-means clustering commonly applied?,K-means clustering is used for customer segmentation and image compression. It is an unsupervised algorithm that groups data into k clusters around centroids. It groups shoppers into three segments by spending and visit frequency. It differs from hierarchical and DBSCAN clustering.
AI/ML,What is tokenization?,"Tokenization is the process of splitting text into units such as words or subwords. It is used as the first step in NLP pipelines. It converts raw text into units a model can map to IDs. It splits unbelievable into subwords such as un, believ, and able."
AI/ML,How is ReLU typically used in real projects?,ReLU is used in hidden layers of deep networks. It is an activation function that outputs zero for negative inputs and the input otherwise. It can cause dead neurons that output zero for all inputs. It has variants like Leaky ReLU and GELU that avoid dead neurons.
AI/ML,Is there a substitute for ReLU?,ReLU has variants like Leaky ReLU and GELU that avoid dead neurons. It is an activation function that outputs zero for negative inputs and the input otherwise. It is cheap to compute and reduces vanishing gradient problems. It turns negative three into zero and positive five into five.
AI/ML,What are the alternatives or companions of backpropagation?,Backpropagation works together with an optimizer like gradient descent. It is used to train neural networks by sending errors backward through layers. It computes all gradients efficiently using the chain rule. It suffers from vanishing or exploding gradients in very deep networks.
AI/ML,What are the alternatives or companions of gradient boosting?,"Gradient boosting differs from random forest, which trains trees independently in parallel. It is an ensemble method that builds trees sequentially, each correcting previous errors. It is used for high-accuracy tabular tasks and competitions. It often delivers state-of-the-art accuracy on structured data."
AI/ML,What is a practical example of fine-tuning?,Fine-tuning trains BERT further on support tickets to classify them. It is used to adapt general models like BERT to a specific domain. It reaches strong performance with far less data and compute than training from scratch. It can cause catastrophic forgetting and overfit on small datasets.
AI/ML,How does PCA compare with similar approaches?,"PCA is an alternative to t-SNE and UMAP for visualization. It is a technique that projects data onto directions of maximum variance. It is used for dimensionality reduction and visualization. It removes redundancy, speeds training, and reduces noise. It compresses fifty correlated features into ten principal components."
AI/ML,What is a practical example of underfitting?,"Underfitting occurs when a straight line is fitted to clearly curved data. It happens when a model is too simple to capture patterns in the data. It is easy to fix by adding features, complexity, or training longer. It yields poor predictions everywhere because the model never learns the signal."
AI/ML,Describe a scenario where gradient descent is applied.,"Gradient descent adjusts weights step by step until the loss stops decreasing. It is an optimization algorithm that updates parameters in the direction that reduces loss. It scales to huge datasets and many parameters, especially in stochastic form. It has variants such as SGD, mini-batch, Momentum, and Adam."
AI/ML,When should you use confusion matrix?,"Confusion matrix is used to evaluate classification models beyond plain accuracy. It is a table that compares predicted classes against actual classes. It shows true positives, false positives, true negatives, and false negatives for a spam filter. It is the basis for precision, recall, and F1 score."
AI/ML,What is related to gradient boosting?,"Gradient boosting differs from random forest, which trains trees independently in parallel. It is an ensemble method that builds trees sequentially, each correcting previous errors. It is used for high-accuracy tabular tasks and competitions. It is implemented by XGBoost, LightGBM, and CatBoost."
AI/ML,What are common pitfalls with PCA?,"PCA makes features hard to interpret and captures only linear structure. It is used for dimensionality reduction and visualization. It removes redundancy, speeds training, and reduces noise. It compresses fifty correlated features into ten principal components. It is an alternative to t-SNE and UMAP for visualization."
AI/ML,What makes reinforcement learning valuable?,"Reinforcement learning learns strategies without labeled examples through interaction. It is used in robotics, game playing, and recommendation or control problems. It needs many interactions, and reward design is difficult and unstable. It trains an agent to play Atari games by maximizing score."
AI/ML,What problems can logistic regression cause?,"Logistic regression struggles with non-linear boundaries unless features are engineered. It is a classification model that predicts probabilities using the sigmoid function. It is used for binary outcomes such as churn or spam. It is quick to train, interpretable, and gives calibrated probabilities. It generalizes to multi-class problems with softmax."
AI/ML,Where have you seen support vector machine in action?,"Support vector machine separates spam from legitimate emails using an RBF kernel. It is used for medium-sized datasets with clear margins, including text classification. It works well in high dimensions and supports non-linear kernels. It is an alternative to logistic regression and tree-based models."
AI/ML,How does class imbalance compare with similar approaches?,"Class imbalance is addressed with SMOTE, undersampling, and focal loss. It is checked in fraud, medical, and anomaly detection datasets. It can be handled with resampling, class weights, and suitable metrics. It appears when only one percent of transactions are fraudulent."
AI/ML,What is loss function?,"Loss function is a function that measures how far predictions are from true values. It can mislead if it does not match the real business metric. It uses mean squared error for regression and cross-entropy for classification. It is different from an evaluation metric, which reports performance to humans."
AI/ML,What problems can confusion matrix cause?,"Confusion matrix becomes hard to read with many classes and does not give a single score. It shows true positives, false positives, true negatives, and false negatives for a spam filter. It is the basis for precision, recall, and F1 score."
AI/ML,What are the drawbacks of one-hot encoding?,"One-hot encoding creates many columns when a feature has lots of categories. It is used to feed categorical features into models. It turns color values red, green, and blue into three binary columns. It is an alternative to label encoding and target encoding."
AI/ML,What are the benefits of using gradient descent?,"Gradient descent scales to huge datasets and many parameters, especially in stochastic form. It is an optimization algorithm that updates parameters in the direction that reduces loss. It is used to train linear models and neural networks. It adjusts weights step by step until the loss stops decreasing."
AI/ML,What makes tokenization valuable?,"Tokenization converts raw text into units a model can map to IDs. It is the process of splitting text into units such as words or subwords. It is used as the first step in NLP pipelines. It uses methods such as whitespace splitting, WordPiece, and Byte Pair Encoding."
AI/ML,What are the benefits of using backpropagation?,Backpropagation computes all gradients efficiently using the chain rule. It is used to train neural networks by sending errors backward through layers. It tells a network how much each weight contributed to a wrong prediction. It works together with an optimizer like gradient descent.
AI/ML,Is there a substitute for TF-IDF?,TF-IDF is a classic alternative to word embeddings and bag-of-words counts. It is a weighting scheme that scores words by frequency in a document and rarity across documents. It is used to turn text into numeric features for search and classification. It highlights distinctive words and downweights common ones.
AI/ML,What is related to ReLU?,ReLU has variants like Leaky ReLU and GELU that avoid dead neurons. It is used in hidden layers of deep networks. It can cause dead neurons that output zero for all inputs. It turns negative three into zero and positive five into five.
AI/ML,How does reinforcement learning compare with similar approaches?,Reinforcement learning includes Q-learning and policy gradient methods. It is a learning paradigm where an agent learns actions by receiving rewards. It learns strategies without labeled examples through interaction. It trains an agent to play Atari games by maximizing score.
AI/ML,What are common pitfalls with k-nearest neighbors?,K-nearest neighbors is slow at prediction on big data and suffers in high dimensions. It is an algorithm that predicts using the labels of the k closest training points. It needs no training phase and is easy to understand. It depends on a distance metric and feature scaling.
AI/ML,Give an example of dropout.,Dropout drops fifty percent of hidden units in each training step. It is a regularization technique that randomly disables neurons during training. It reduces overfitting and acts like training an ensemble of sub-networks. It is often combined with weight decay and batch normalization.
AI/ML,Can you give a short overview of support vector machine?,"Support vector machine is a classifier that finds the hyperplane with the largest margin between classes. It is used for medium-sized datasets with clear margins, including text classification. It works well in high dimensions and supports non-linear kernels. It scales poorly to very large datasets and needs feature scaling."
AI/ML,What is convolutional neural network used for?,"Convolutional neural network is used for image classification, detection, and some audio tasks. It is a neural network that uses learnable filters to detect local patterns in grid-like data. It detects edges in early layers and objects in deeper layers. It includes architectures like ResNet, VGG, and EfficientNet."
AI/ML,Show a real-world example of backpropagation.,Backpropagation tells a network how much each weight contributed to a wrong prediction. It is the algorithm that computes gradients of the loss with respect to network weights. It computes all gradients efficiently using the chain rule. It suffers from vanishing or exploding gradients in very deep networks.
AI/ML,How does one-hot encoding differ from related concepts?,"One-hot encoding is an alternative to label encoding and target encoding. It avoids implying a false order between categories. It creates many columns when a feature has lots of categories. It turns color values red, green, and blue into three binary columns."
AI/ML,What is the main purpose of word embedding?,Word embedding is used as input features for NLP models. It is a dense vector representation of words capturing semantic similarity. It places related words close together and reduces dimensionality compared with one-hot vectors. It places king and queen near each other in vector space.
AI/ML,How is recall typically used in real projects?,"Recall is prioritized when missing a positive is costly, such as disease screening. It is the fraction of actual positives that the model correctly identifies. It ignores false alarms, so predicting everything positive gives perfect recall. It is also called sensitivity or true positive rate."
AI/ML,Describe tokenization briefly.,"Tokenization is the process of splitting text into units such as words or subwords. It can break rare words badly and differs across languages and models. It splits unbelievable into subwords such as un, believ, and able. It uses methods such as whitespace splitting, WordPiece, and Byte Pair Encoding."
AI/ML,What are the benefits of using feature scaling?,"Feature scaling speeds up convergence and prevents large-range features dominating. It must be fit on training data only, or it leaks information. It standardizes age and income to mean zero and unit variance. It uses methods such as min-max scaling and standardization."
AI/ML,What is a practical example of precision?,"Precision equals eight out of ten when eight of ten flagged emails are truly spam. It tells how trustworthy positive predictions are. It ignores missed positives, so a model can score high by predicting rarely. It is balanced against recall using the F1 score."
AI/ML,What are the disadvantages of transfer learning?,Transfer learning can fail when the source and target domains differ too much. It is the practice of reusing a model trained on one task for another task. It adapts an ImageNet-trained ResNet to classify medical images. It includes feature extraction and fine-tuning.
AI/ML,When should you avoid precision?,"Precision ignores missed positives, so a model can score high by predicting rarely. It is prioritized when false positives are costly, such as spam filtering. It equals eight out of ten when eight of ten flagged emails are truly spam. It is balanced against recall using the F1 score."
AI/ML,What is linear regression?,"Linear regression is a model that predicts a numeric value as a weighted sum of input features. It is used for forecasting and understanding relationships between variables. It is fast, simple, and highly interpretable. It extends to ridge, lasso, and polynomial regression."
AI/ML,What is a practical example of backpropagation?,Backpropagation tells a network how much each weight contributed to a wrong prediction. It computes all gradients efficiently using the chain rule. It suffers from vanishing or exploding gradients in very deep networks. It works together with an optimizer like gradient descent.
AI/ML,Walk me through a simple example of gradient boosting.,"Gradient boosting is implemented by XGBoost, LightGBM, and CatBoost. It is an ensemble method that builds trees sequentially, each correcting previous errors. It is used for high-accuracy tabular tasks and competitions. It is sensitive to hyperparameters and can overfit noisy data."
AI/ML,What are the limitations of gradient descent?,"Gradient descent can get stuck in local minima or plateaus and is sensitive to learning rate. It is used to train linear models and neural networks. It scales to huge datasets and many parameters, especially in stochastic form. It has variants such as SGD, mini-batch, Momentum, and Adam."
AI/ML,Where is batch normalization commonly applied?,"Batch normalization is used to stabilize and speed up training of deep networks. It is a technique that normalizes layer inputs across each mini-batch. It allows higher learning rates and reduces sensitivity to initialization. It is an alternative to layer normalization, which is common in transformers."
AI/ML,Where is decision tree commonly applied?,"Decision tree is used for tabular classification and regression with mixed feature types. It is a model that splits data using feature-based questions into a tree of decisions. It is easy to visualize and needs little preprocessing. It decides loan approval by checking income, then credit history."
AI/ML,Describe backpropagation briefly.,Backpropagation is the algorithm that computes gradients of the loss with respect to network weights. It computes all gradients efficiently using the chain rule. It suffers from vanishing or exploding gradients in very deep networks. It works together with an optimizer like gradient descent.
AI/ML,Walk me through a simple example of overfitting.,"Overfitting shows up as ninety-nine percent training accuracy but sixty percent test accuracy. It happens when a model memorizes training noise and performs poorly on unseen data. It becomes manageable once spotted, since fixes like regularization and more data exist."
AI/ML,How is support vector machine typically used in real projects?,"Support vector machine is used for medium-sized datasets with clear margins, including text classification. It works well in high dimensions and supports non-linear kernels. It separates spam from legitimate emails using an RBF kernel. It is an alternative to logistic regression and tree-based models."
AI/ML,What is related to gradient descent?,"Gradient descent has variants such as SGD, mini-batch, Momentum, and Adam. It is an optimization algorithm that updates parameters in the direction that reduces loss. It is used to train linear models and neural networks. It adjusts weights step by step until the loss stops decreasing."
AI/ML,Can you give a short overview of confusion matrix?,Confusion matrix is a table that compares predicted classes against actual classes. It is used to evaluate classification models beyond plain accuracy. It reveals which classes get confused and exposes false positives and negatives. It becomes hard to read with many classes and does not give a single score.
AI/ML,What makes dropout valuable?,Dropout reduces overfitting and acts like training an ensemble of sub-networks. It slows convergence and is turned off at inference time. It drops fifty percent of hidden units in each training step. It is often combined with weight decay and batch normalization.
AI/ML,What other concepts are connected to feature scaling?,"Feature scaling uses methods such as min-max scaling and standardization. It is the process of putting numeric features on comparable ranges. It must be fit on training data only, or it leaks information. It standardizes age and income to mean zero and unit variance."
AI/ML,What is softmax?,Softmax is a function that converts raw scores into probabilities summing to one. It is used in output layers for multi-class classification. It gives interpretable class probabilities that work well with cross-entropy loss. It is overconfident on out-of-distribution inputs and unsuitable for multi-label tasks.
AI/ML,Where have you seen decision tree in action?,"Decision tree decides loan approval by checking income, then credit history. It is a model that splits data using feature-based questions into a tree of decisions. It overfits easily and changes a lot with small data changes. It is the building block of random forests and gradient boosting."
AI/ML,How does recurrent neural network compare with similar approaches?,Recurrent neural network is improved by LSTM and GRU and often replaced by transformers. It is a neural network that processes sequences by passing a hidden state forward in time. It handles variable-length sequences with shared weights. It predicts the next character in a sentence from previous characters.
AI/ML,How would you explain learning rate to a beginner?,Learning rate is a hyperparameter that controls the step size of each weight update. It is tuned to balance training speed against stability. It causes divergence if too high and painfully slow training if too low. It is often set around 0.001 for the Adam optimizer.
AI/ML,What is an alternative to learning rate?,Learning rate can be adjusted over time using schedules or warmup. It is a hyperparameter that controls the step size of each weight update. It is tuned to balance training speed against stability. It gives direct control over convergence behavior when chosen well.
AI/ML,How does confusion matrix compare with similar approaches?,"Confusion matrix is the basis for precision, recall, and F1 score. It is a table that compares predicted classes against actual classes. It is used to evaluate classification models beyond plain accuracy. It becomes hard to read with many classes and does not give a single score."
AI/ML,What are the benefits of using linear regression?,"Linear regression is fast, simple, and highly interpretable. It is a model that predicts a numeric value as a weighted sum of input features. It is used for forecasting and understanding relationships between variables. It extends to ridge, lasso, and polynomial regression."
AI/ML,Is there a substitute for reinforcement learning?,"Reinforcement learning includes Q-learning and policy gradient methods. It is a learning paradigm where an agent learns actions by receiving rewards. It is used in robotics, game playing, and recommendation or control problems. It needs many interactions, and reward design is difficult and unstable."
AI/ML,Define underfitting in simple words.,"Underfitting happens when a model is too simple to capture patterns in the data. It is diagnosed when both training and validation errors stay high. It is easy to fix by adding features, complexity, or training longer. It is linked to high bias, while overfitting is linked to high variance."
AI/ML,How is backpropagation used in practice?,Backpropagation tells a network how much each weight contributed to a wrong prediction. It is used to train neural networks by sending errors backward through layers. It computes all gradients efficiently using the chain rule. It works together with an optimizer like gradient descent.
AI/ML,In which situations is tokenization a good choice?,"Tokenization is used as the first step in NLP pipelines. It converts raw text into units a model can map to IDs. It splits unbelievable into subwords such as un, believ, and able. It uses methods such as whitespace splitting, WordPiece, and Byte Pair Encoding."
AI/ML,How does batch normalization compare with similar approaches?,"Batch normalization is an alternative to layer normalization, which is common in transformers. It is a technique that normalizes layer inputs across each mini-batch. It is used to stabilize and speed up training of deep networks. It allows higher learning rates and reduces sensitivity to initialization."
AI/ML,Why is learning rate useful?,Learning rate gives direct control over convergence behavior when chosen well. It is a hyperparameter that controls the step size of each weight update. It causes divergence if too high and painfully slow training if too low. It is often set around 0.001 for the Adam optimizer.
AI/ML,Walk me through a simple example of softmax.,"Softmax turns scores of two, one, and zero into roughly 0.67, 0.24, and 0.09. It is a function that converts raw scores into probabilities summing to one. It is used in output layers for multi-class classification. It is overconfident on out-of-distribution inputs and unsuitable for multi-label tasks."
AI/ML,What is the basic idea behind underfitting?,"Underfitting happens when a model is too simple to capture patterns in the data. It is easy to fix by adding features, complexity, or training longer. It yields poor predictions everywhere because the model never learns the signal. It occurs when a straight line is fitted to clearly curved data."
AI/ML,Describe a scenario where transfer learning is applied.,Transfer learning adapts an ImageNet-trained ResNet to classify medical images. It is the practice of reusing a model trained on one task for another task. It is used when labeled data is limited. It saves training time and data and often improves accuracy.
AI/ML,What makes convolutional neural network valuable?,"Convolutional neural network shares weights, which reduces parameters and captures spatial structure. It is a neural network that uses learnable filters to detect local patterns in grid-like data. It is used for image classification, detection, and some audio tasks. It detects edges in early layers and objects in deeper layers."
AI/ML,Is there a substitute for attention mechanism?,Attention mechanism includes self-attention and multi-head attention. It is a technique that lets a model weigh the importance of different input parts. It handles long dependencies and gives some interpretability through attention weights. It is computationally expensive for long sequences.
AI/ML,What is ReLU?,ReLU is an activation function that outputs zero for negative inputs and the input otherwise. It is used in hidden layers of deep networks. It is cheap to compute and reduces vanishing gradient problems. It can cause dead neurons that output zero for all inputs.
AI/ML,What is a practical example of gradient descent?,"Gradient descent adjusts weights step by step until the loss stops decreasing. It is used to train linear models and neural networks. It scales to huge datasets and many parameters, especially in stochastic form. It can get stuck in local minima or plateaus and is sensitive to learning rate."
AI/ML,Why is precision considered important?,"Precision tells how trustworthy positive predictions are. It is prioritized when false positives are costly, such as spam filtering. It ignores missed positives, so a model can score high by predicting rarely. It equals eight out of ten when eight of ten flagged emails are truly spam."
AI/ML,What is transformer used for?,"Transformer is used for language models, translation, and increasingly vision tasks. It processes tokens in parallel and captures long-range dependencies. It needs large compute and memory, since attention cost grows with sequence length squared. It replaced many RNN and LSTM approaches in NLP."
AI/ML,What do you gain by using attention mechanism?,"Attention mechanism handles long dependencies and gives some interpretability through attention weights. It is a technique that lets a model weigh the importance of different input parts. It is used in translation, summarization, and transformers. It is computationally expensive for long sequences."
AI/ML,What are the alternatives or companions of class imbalance?,"Class imbalance is addressed with SMOTE, undersampling, and focal loss. It is a situation where one class has far more samples than others. It is checked in fraud, medical, and anomaly detection datasets. It can be handled with resampling, class weights, and suitable metrics."
AI/ML,Why is dropout considered important?,Dropout reduces overfitting and acts like training an ensemble of sub-networks. It is a regularization technique that randomly disables neurons during training. It is used in deep networks to prevent co-adaptation of neurons. It is often combined with weight decay and batch normalization.
AI/ML,What is related to logistic regression?,"Logistic regression generalizes to multi-class problems with softmax. It is a classification model that predicts probabilities using the sigmoid function. It is used for binary outcomes such as churn or spam. It is quick to train, interpretable, and gives calibrated probabilities. It struggles with non-linear boundaries unless features are engineered."
AI/ML,What problem does ROC curve solve?,ROC curve is used to compare classifiers independent of one chosen threshold. It is a plot of true positive rate against false positive rate across thresholds. It can look overly optimistic on heavily imbalanced data. It is often replaced by the precision-recall curve for rare positives.
AI/ML,What problems can attention mechanism cause?,Attention mechanism is computationally expensive for long sequences. It is a technique that lets a model weigh the importance of different input parts. It handles long dependencies and gives some interpretability through attention weights. It includes self-attention and multi-head attention.
AI/ML,Describe k-nearest neighbors briefly.,K-nearest neighbors is an algorithm that predicts using the labels of the k closest training points. It is slow at prediction on big data and suffers in high dimensions. It labels a flower by the majority class among its five nearest samples.
AI/ML,What are the downsides of recurrent neural network?,Recurrent neural network trains slowly because steps are sequential and suffers vanishing gradients. It handles variable-length sequences with shared weights. It predicts the next character in a sentence from previous characters. It is improved by LSTM and GRU and often replaced by transformers.
AI/ML,List the strengths of softmax.,"Softmax gives interpretable class probabilities that work well with cross-entropy loss. It is used in output layers for multi-class classification. It turns scores of two, one, and zero into roughly 0.67, 0.24, and 0.09. It generalizes the sigmoid function used in binary classification."
AI/ML,What makes hyperparameter tuning valuable?,"Hyperparameter tuning can raise accuracy substantially without changing the model type. It is computationally costly and can overfit the validation set. It tries different tree depths and learning rates for a boosting model. It uses grid search, random search, and Bayesian optimization."
AI/ML,What are the advantages of TF-IDF?,"TF-IDF highlights distinctive words and downweights common ones. It is a weighting scheme that scores words by frequency in a document and rarity across documents. It ignores word order and meaning, so synonyms are treated as unrelated. It is a classic alternative to word embeddings and bag-of-words counts."
AI/ML,What is learning rate used for?,Learning rate is tuned to balance training speed against stability. It is a hyperparameter that controls the step size of each weight update. It causes divergence if too high and painfully slow training if too low. It can be adjusted over time using schedules or warmup.
AI/ML,Where have you seen underfitting in action?,"Underfitting occurs when a straight line is fitted to clearly curved data. It is diagnosed when both training and validation errors stay high. It is easy to fix by adding features, complexity, or training longer. It is linked to high bias, while overfitting is linked to high variance."
AI/ML,What other concepts are connected to hyperparameter tuning?,"Hyperparameter tuning uses grid search, random search, and Bayesian optimization. It is the process of searching for the best training settings that are not learned from data. It is used to improve model performance before deployment. It is computationally costly and can overfit the validation set."
AI/ML,What should you watch out for when using class imbalance?,"Class imbalance makes accuracy misleading, since predicting the majority class looks good. It is a situation where one class has far more samples than others. It is checked in fraud, medical, and anomaly detection datasets. It appears when only one percent of transactions are fraudulent."
AI/ML,How would you explain F1 score to a beginner?,"F1 score is the harmonic mean of precision and recall. It is used to evaluate classifiers on imbalanced datasets. It equals 0.67 when precision is 0.75 and recall is 0.60. It generalizes to the F-beta score, which weights recall or precision more."
AI/ML,What problems can TF-IDF cause?,"TF-IDF ignores word order and meaning, so synonyms are treated as unrelated. It is a weighting scheme that scores words by frequency in a document and rarity across documents. It gives the word kubernetes a high score in a DevOps article."
AI/ML,What is a practical example of tokenization?,"Tokenization splits unbelievable into subwords such as un, believ, and able. It is used as the first step in NLP pipelines. It can break rare words badly and differs across languages and models. It uses methods such as whitespace splitting, WordPiece, and Byte Pair Encoding."
AI/ML,How does underfitting help developers?,"Underfitting is easy to fix by adding features, complexity, or training longer. It happens when a model is too simple to capture patterns in the data. It is diagnosed when both training and validation errors stay high. It occurs when a straight line is fitted to clearly curved data."
AI/ML,What are the benefits of using random forest?,"Random forest reduces overfitting through averaging and gives feature importance scores. It is less interpretable and slower than a single tree. It predicts customer churn by combining hundreds of trees through majority voting. It uses bagging, unlike boosting methods that train trees sequentially."
AI/ML,What does reinforcement learning mean?,"Reinforcement learning is a learning paradigm where an agent learns actions by receiving rewards. It learns strategies without labeled examples through interaction. It needs many interactions, and reward design is difficult and unstable. It trains an agent to play Atari games by maximizing score."
AI/ML,What are the disadvantages of dropout?,Dropout slows convergence and is turned off at inference time. It is used in deep networks to prevent co-adaptation of neurons. It reduces overfitting and acts like training an ensemble of sub-networks. It is often combined with weight decay and batch normalization.
AI/ML,What should I learn alongside one-hot encoding?,"One-hot encoding is an alternative to label encoding and target encoding. It is a method that represents each category as a binary vector. It is used to feed categorical features into models. It turns color values red, green, and blue into three binary columns."
AI/ML,Give an example of logistic regression.,Logistic regression predicts whether a customer will buy based on age and browsing time. It is a classification model that predicts probabilities using the sigmoid function. It struggles with non-linear boundaries unless features are engineered. It generalizes to multi-class problems with softmax.
AI/ML,What makes ROC curve valuable?,ROC curve summarizes performance through the area under the curve. It is a plot of true positive rate against false positive rate across thresholds. It can look overly optimistic on heavily imbalanced data. It is often replaced by the precision-recall curve for rare positives.
AI/ML,How is support vector machine used in practice?,"Support vector machine separates spam from legitimate emails using an RBF kernel. It is used for medium-sized datasets with clear margins, including text classification. It works well in high dimensions and supports non-linear kernels. It scales poorly to very large datasets and needs feature scaling."
AI/ML,Is there a substitute for transfer learning?,Transfer learning includes feature extraction and fine-tuning. It is the practice of reusing a model trained on one task for another task. It can fail when the source and target domains differ too much. It adapts an ImageNet-trained ResNet to classify medical images.
AI/ML,How does convolutional neural network differ from related concepts?,"Convolutional neural network includes architectures like ResNet, VGG, and EfficientNet. It is a neural network that uses learnable filters to detect local patterns in grid-like data. It is used for image classification, detection, and some audio tasks. It needs large labeled data and struggles with global context compared with transformers."
AI/ML,What makes class imbalance valuable?,"Class imbalance can be handled with resampling, class weights, and suitable metrics. It makes accuracy misleading, since predicting the majority class looks good. It appears when only one percent of transactions are fraudulent. It is addressed with SMOTE, undersampling, and focal loss."
AI/ML,Give an example of word embedding.,Word embedding places king and queen near each other in vector space. It is a dense vector representation of words capturing semantic similarity. It is used as input features for NLP models. It places related words close together and reduces dimensionality compared with one-hot vectors.
AI/ML,How is PCA used in practice?,"PCA compresses fifty correlated features into ten principal components. It is a technique that projects data onto directions of maximum variance. It is used for dimensionality reduction and visualization. It removes redundancy, speeds training, and reduces noise. It is an alternative to t-SNE and UMAP for visualization."
AI/ML,What do you gain by using hyperparameter tuning?,Hyperparameter tuning can raise accuracy substantially without changing the model type. It is the process of searching for the best training settings that are not learned from data. It is used to improve model performance before deployment. It tries different tree depths and learning rates for a boosting model.
AI/ML,What are the advantages of PCA?,"PCA removes redundancy, speeds training, and reduces noise. It is a technique that projects data onto directions of maximum variance. It makes features hard to interpret and captures only linear structure. It is an alternative to t-SNE and UMAP for visualization."
AI/ML,What are the limitations of learning rate?,Learning rate causes divergence if too high and painfully slow training if too low. It is tuned to balance training speed against stability. It is often set around 0.001 for the Adam optimizer. It can be adjusted over time using schedules or warmup.
AI/ML,What is the main purpose of backpropagation?,Backpropagation is used to train neural networks by sending errors backward through layers. It is the algorithm that computes gradients of the loss with respect to network weights. It computes all gradients efficiently using the chain rule. It tells a network how much each weight contributed to a wrong prediction.
AI/ML,Where is overfitting commonly applied?,"Overfitting is checked by comparing training and validation performance during model development. It happens when a model memorizes training noise and performs poorly on unseen data. It makes high training accuracy misleading and leads to failures in production. It is the opposite of underfitting, where a model is too simple."
AI/ML,What are the limitations of recall?,"Recall ignores false alarms, so predicting everything positive gives perfect recall. It shows how many real cases the model catches. It equals eight out of ten when the model finds eight of ten real fraud cases. It is also called sensitivity or true positive rate."
AI/ML,When should you use attention mechanism?,"Attention mechanism is used in translation, summarization, and transformers. It handles long dependencies and gives some interpretability through attention weights. It is computationally expensive for long sequences. It lets a translation model focus on the right source word when producing each target word. It includes self-attention and multi-head attention."
AI/ML,List the strengths of class imbalance.,"Class imbalance can be handled with resampling, class weights, and suitable metrics. It is a situation where one class has far more samples than others. It makes accuracy misleading, since predicting the majority class looks good. It is addressed with SMOTE, undersampling, and focal loss."
AI/ML,What does cross-validation mean?,"Cross-validation is a resampling method that evaluates a model on multiple train-test splits. It is used to estimate generalization performance and tune hyperparameters. It trains five times in five-fold validation, each time holding out a different fold. It includes k-fold, stratified, and leave-one-out variants."
AI/ML,What is a practical example of word embedding?,"Word embedding places king and queen near each other in vector space. It is a dense vector representation of words capturing semantic similarity. It is used as input features for NLP models. It gives one vector per word, so static embeddings cannot separate different meanings."
AI/ML,What does tokenization mean?,"Tokenization is the process of splitting text into units such as words or subwords. It converts raw text into units a model can map to IDs. It splits unbelievable into subwords such as un, believ, and able. It uses methods such as whitespace splitting, WordPiece, and Byte Pair Encoding."
AI/ML,What is k-nearest neighbors?,K-nearest neighbors is an algorithm that predicts using the labels of the k closest training points. It needs no training phase and is easy to understand. It is slow at prediction on big data and suffers in high dimensions. It depends on a distance metric and feature scaling.
AI/ML,What are the drawbacks of attention mechanism?,Attention mechanism is computationally expensive for long sequences. It is a technique that lets a model weigh the importance of different input parts. It handles long dependencies and gives some interpretability through attention weights. It lets a translation model focus on the right source word when producing each target word.
AI/ML,What should you watch out for when using overfitting?,"Overfitting makes high training accuracy misleading and leads to failures in production. It happens when a model memorizes training noise and performs poorly on unseen data. It is checked by comparing training and validation performance during model development. It is the opposite of underfitting, where a model is too simple."
AI/ML,When should you use softmax?,"Softmax is used in output layers for multi-class classification. It gives interpretable class probabilities that work well with cross-entropy loss. It turns scores of two, one, and zero into roughly 0.67, 0.24, and 0.09. It generalizes the sigmoid function used in binary classification."
AI/ML,What should you watch out for when using recall?,"Recall ignores false alarms, so predicting everything positive gives perfect recall. It is prioritized when missing a positive is costly, such as disease screening. It equals eight out of ten when the model finds eight of ten real fraud cases."
AI/ML,Explain tokenization.,"Tokenization is the process of splitting text into units such as words or subwords. It is used as the first step in NLP pipelines. It can break rare words badly and differs across languages and models. It splits unbelievable into subwords such as un, believ, and able."
AI/ML,List the strengths of k-nearest neighbors.,K-nearest neighbors needs no training phase and is easy to understand. It is used for simple classification and recommendation tasks. It is slow at prediction on big data and suffers in high dimensions. It depends on a distance metric and feature scaling.
AI/ML,How does dropout differ from related concepts?,Dropout is often combined with weight decay and batch normalization. It is a regularization technique that randomly disables neurons during training. It is used in deep networks to prevent co-adaptation of neurons. It reduces overfitting and acts like training an ensemble of sub-networks.
AI/ML,Give an example of attention mechanism.,Attention mechanism lets a translation model focus on the right source word when producing each target word. It is a technique that lets a model weigh the importance of different input parts. It handles long dependencies and gives some interpretability through attention weights. It includes self-attention and multi-head attention.
AI/ML,Define fine-tuning in simple words.,Fine-tuning is continued training of a pretrained model on task-specific data. It is used to adapt general models like BERT to a specific domain. It can cause catastrophic forgetting and overfit on small datasets. It trains BERT further on support tickets to classify them.
AI/ML,What do you gain by using feature scaling?,"Feature scaling speeds up convergence and prevents large-range features dominating. It is the process of putting numeric features on comparable ranges. It must be fit on training data only, or it leaks information. It standardizes age and income to mean zero and unit variance."
AI/ML,Why is transformer useful?,"Transformer processes tokens in parallel and captures long-range dependencies. It is a neural network architecture based on self-attention rather than recurrence. It is used for language models, translation, and increasingly vision tasks. It powers models such as BERT, GPT, and T5. It replaced many RNN and LSTM approaches in NLP."
AI/ML,Give an example of k-means clustering.,"K-means clustering groups shoppers into three segments by spending and visit frequency. It is an unsupervised algorithm that groups data into k clusters around centroids. It is used for customer segmentation and image compression. It needs k in advance, favors round clusters, and is sensitive to initialization and outliers."
AI/ML,Describe activation function briefly.,"Activation function is a function applied to a neuron's output to introduce non-linearity. It is used between layers so networks can learn complex patterns. It can cause vanishing gradients or dead neurons if chosen poorly. It is chosen among options like tanh, sigmoid, ReLU, and GELU."
AI/ML,Describe a scenario where word embedding is applied.,"Word embedding places king and queen near each other in vector space. It is used as input features for NLP models. It gives one vector per word, so static embeddings cannot separate different meanings. It includes Word2Vec and GloVe, while contextual models like BERT produce context-aware vectors."
AI/ML,What makes gradient descent valuable?,"Gradient descent scales to huge datasets and many parameters, especially in stochastic form. It is used to train linear models and neural networks. It can get stuck in local minima or plateaus and is sensitive to learning rate. It has variants such as SGD, mini-batch, Momentum, and Adam."
AI/ML,What is softmax used for?,"Softmax is used in output layers for multi-class classification. It is a function that converts raw scores into probabilities summing to one. It is overconfident on out-of-distribution inputs and unsuitable for multi-label tasks. It turns scores of two, one, and zero into roughly 0.67, 0.24, and 0.09."
AI/ML,How would you explain regularization to a beginner?,"Regularization is a set of techniques that discourage overly complex models. It is used to reduce overfitting in linear models and neural networks. It adds hyperparameters, and too much of it causes underfitting. It includes L1, L2, dropout, and early stopping."
AI/ML,What problem does recall solve?,"Recall is prioritized when missing a positive is costly, such as disease screening. It is the fraction of actual positives that the model correctly identifies. It shows how many real cases the model catches. It is also called sensitivity or true positive rate."
AI/ML,How does PCA help developers?,"PCA removes redundancy, speeds training, and reduces noise. It is a technique that projects data onto directions of maximum variance. It makes features hard to interpret and captures only linear structure. It compresses fifty correlated features into ten principal components."
AI/ML,List the strengths of logistic regression.,"Logistic regression is quick to train, interpretable, and gives calibrated probabilities. It is a classification model that predicts probabilities using the sigmoid function. It is used for binary outcomes such as churn or spam. It struggles with non-linear boundaries unless features are engineered."
AI/ML,What are the downsides of random forest?,"Random forest is less interpretable and slower than a single tree. It is an ensemble of many decision trees trained on random subsets of data and features. It predicts customer churn by combining hundreds of trees through majority voting. It uses bagging, unlike boosting methods that train trees sequentially."
AI/ML,List the strengths of regularization.,"Regularization improves generalization to unseen data. It is a set of techniques that discourage overly complex models. It is used to reduce overfitting in linear models and neural networks. It adds an L2 penalty on weights to the loss function. It includes L1, L2, dropout, and early stopping."
AI/ML,Describe a scenario where feature scaling is applied.,"Feature scaling standardizes age and income to mean zero and unit variance. It is used before distance-based or gradient-based algorithms. It must be fit on training data only, or it leaks information. It uses methods such as min-max scaling and standardization."
AI/ML,What are the alternatives or companions of LSTM?,"LSTM has a lighter variant called GRU. It is a recurrent network unit with gates that control what to remember or forget. It is used for sequences like speech, text, and sensor data. It is slower than transformers and harder to parallelize. It forecasts electricity demand from previous hourly readings."
AI/ML,When should you avoid convolutional neural network?,"Convolutional neural network needs large labeled data and struggles with global context compared with transformers. It is a neural network that uses learnable filters to detect local patterns in grid-like data. It shares weights, which reduces parameters and captures spatial structure. It includes architectures like ResNet, VGG, and EfficientNet."
AI/ML,What are the downsides of word embedding?,"Word embedding gives one vector per word, so static embeddings cannot separate different meanings. It is used as input features for NLP models. It places related words close together and reduces dimensionality compared with one-hot vectors. It includes Word2Vec and GloVe, while contextual models like BERT produce context-aware vectors."
AI/ML,Where have you seen recall in action?,"Recall equals eight out of ten when the model finds eight of ten real fraud cases. It is the fraction of actual positives that the model correctly identifies. It is prioritized when missing a positive is costly, such as disease screening."
AI/ML,What is related to reinforcement learning?,"Reinforcement learning includes Q-learning and policy gradient methods. It is a learning paradigm where an agent learns actions by receiving rewards. It is used in robotics, game playing, and recommendation or control problems. It learns strategies without labeled examples through interaction."
AI/ML,When should you avoid ROC curve?,ROC curve can look overly optimistic on heavily imbalanced data. It is used to compare classifiers independent of one chosen threshold. It summarizes performance through the area under the curve. It shows a diagonal line for random guessing and a curve toward the top-left for good models.
AI/ML,What is the main purpose of k-means clustering?,"K-means clustering is used for customer segmentation and image compression. It is simple, fast, and scales to large datasets. It needs k in advance, favors round clusters, and is sensitive to initialization and outliers. It groups shoppers into three segments by spending and visit frequency."
AI/ML,How is linear regression typically used in real projects?,"Linear regression is used for forecasting and understanding relationships between variables. It is a model that predicts a numeric value as a weighted sum of input features. It assumes linearity and is sensitive to outliers and correlated features. It extends to ridge, lasso, and polynomial regression."
AI/ML,How does backpropagation help developers?,Backpropagation computes all gradients efficiently using the chain rule. It is the algorithm that computes gradients of the loss with respect to network weights. It is used to train neural networks by sending errors backward through layers. It tells a network how much each weight contributed to a wrong prediction.
AI/ML,What is regularization?,"Regularization is a set of techniques that discourage overly complex models. It is used to reduce overfitting in linear models and neural networks. It improves generalization to unseen data. It adds hyperparameters, and too much of it causes underfitting. It adds an L2 penalty on weights to the loss function."
AI/ML,When should you avoid linear regression?,"Linear regression assumes linearity and is sensitive to outliers and correlated features. It is a model that predicts a numeric value as a weighted sum of input features. It predicts house price from area, location score, and number of rooms."
AI/ML,What are the alternatives or companions of fine-tuning?,Fine-tuning can be parameter-efficient using methods like LoRA. It is used to adapt general models like BERT to a specific domain. It reaches strong performance with far less data and compute than training from scratch. It can cause catastrophic forgetting and overfit on small datasets.
AI/ML,Define reinforcement learning in simple words.,"Reinforcement learning is a learning paradigm where an agent learns actions by receiving rewards. It learns strategies without labeled examples through interaction. It needs many interactions, and reward design is difficult and unstable. It includes Q-learning and policy gradient methods."
AI/ML,Why is cross-validation considered important?,"Cross-validation uses data efficiently and gives a more stable estimate than one split. It is a resampling method that evaluates a model on multiple train-test splits. It is used to estimate generalization performance and tune hyperparameters. It trains five times in five-fold validation, each time holding out a different fold."
AI/ML,When should you avoid learning rate?,Learning rate causes divergence if too high and painfully slow training if too low. It is tuned to balance training speed against stability. It gives direct control over convergence behavior when chosen well. It is often set around 0.001 for the Adam optimizer.
AI/ML,Where is softmax commonly applied?,"Softmax is used in output layers for multi-class classification. It is overconfident on out-of-distribution inputs and unsuitable for multi-label tasks. It turns scores of two, one, and zero into roughly 0.67, 0.24, and 0.09. It generalizes the sigmoid function used in binary classification."
AI/ML,Can you illustrate cross-validation with an example?,"Cross-validation trains five times in five-fold validation, each time holding out a different fold. It is a resampling method that evaluates a model on multiple train-test splits. It is computationally costly and can leak information with time series or grouped data."
AI/ML,Can you illustrate k-nearest neighbors with an example?,K-nearest neighbors labels a flower by the majority class among its five nearest samples. It is used for simple classification and recommendation tasks. It is slow at prediction on big data and suffers in high dimensions. It depends on a distance metric and feature scaling.
AI/ML,Why is cross-validation useful?,"Cross-validation uses data efficiently and gives a more stable estimate than one split. It is used to estimate generalization performance and tune hyperparameters. It trains five times in five-fold validation, each time holding out a different fold. It includes k-fold, stratified, and leave-one-out variants."
AI/ML,When should you avoid gradient descent?,"Gradient descent can get stuck in local minima or plateaus and is sensitive to learning rate. It scales to huge datasets and many parameters, especially in stochastic form. It adjusts weights step by step until the loss stops decreasing. It has variants such as SGD, mini-batch, Momentum, and Adam."
AI/ML,Why is dropout useful?,Dropout reduces overfitting and acts like training an ensemble of sub-networks. It is used in deep networks to prevent co-adaptation of neurons. It slows convergence and is turned off at inference time. It drops fifty percent of hidden units in each training step.
AI/ML,In which situations is regularization a good choice?,"Regularization is used to reduce overfitting in linear models and neural networks. It is a set of techniques that discourage overly complex models. It adds an L2 penalty on weights to the loss function. It includes L1, L2, dropout, and early stopping."
AI/ML,What should you watch out for when using activation function?,"Activation function can cause vanishing gradients or dead neurons if chosen poorly. It is used between layers so networks can learn complex patterns. It lets stacked layers represent curves rather than only linear mappings. It is chosen among options like tanh, sigmoid, ReLU, and GELU."
AI/ML,How does gradient boosting differ from related concepts?,"Gradient boosting differs from random forest, which trains trees independently in parallel. It is an ensemble method that builds trees sequentially, each correcting previous errors. It is used for high-accuracy tabular tasks and competitions. It often delivers state-of-the-art accuracy on structured data. It is implemented by XGBoost, LightGBM, and CatBoost."
AI/ML,What is related to precision?,"Precision is balanced against recall using the F1 score. It tells how trustworthy positive predictions are. It ignores missed positives, so a model can score high by predicting rarely. It equals eight out of ten when eight of ten flagged emails are truly spam."
AI/ML,Why do developers use class imbalance?,"Class imbalance is checked in fraud, medical, and anomaly detection datasets. It can be handled with resampling, class weights, and suitable metrics. It makes accuracy misleading, since predicting the majority class looks good. It appears when only one percent of transactions are fraudulent."
AI/ML,How does convolutional neural network compare with similar approaches?,"Convolutional neural network includes architectures like ResNet, VGG, and EfficientNet. It is used for image classification, detection, and some audio tasks. It shares weights, which reduces parameters and captures spatial structure. It detects edges in early layers and objects in deeper layers."
AI/ML,What are the advantages of ROC curve?,ROC curve summarizes performance through the area under the curve. It is a plot of true positive rate against false positive rate across thresholds. It is used to compare classifiers independent of one chosen threshold. It is often replaced by the precision-recall curve for rare positives.
AI/ML,Walk me through a simple example of word embedding.,"Word embedding places king and queen near each other in vector space. It is a dense vector representation of words capturing semantic similarity. It places related words close together and reduces dimensionality compared with one-hot vectors. It includes Word2Vec and GloVe, while contextual models like BERT produce context-aware vectors."
AI/ML,What is the basic idea behind k-nearest neighbors?,K-nearest neighbors is an algorithm that predicts using the labels of the k closest training points. It is used for simple classification and recommendation tasks. It is slow at prediction on big data and suffers in high dimensions. It depends on a distance metric and feature scaling.
AI/ML,Walk me through a simple example of class imbalance.,"Class imbalance appears when only one percent of transactions are fraudulent. It can be handled with resampling, class weights, and suitable metrics. It makes accuracy misleading, since predicting the majority class looks good. It is addressed with SMOTE, undersampling, and focal loss."
AI/ML,Why do developers use random forest?,"Random forest is used for robust tabular prediction with little tuning. It is an ensemble of many decision trees trained on random subsets of data and features. It predicts customer churn by combining hundreds of trees through majority voting. It uses bagging, unlike boosting methods that train trees sequentially."
AI/ML,What are the benefits of using softmax?,Softmax gives interpretable class probabilities that work well with cross-entropy loss. It is a function that converts raw scores into probabilities summing to one. It is used in output layers for multi-class classification. It generalizes the sigmoid function used in binary classification.
AI/ML,Show a real-world example of precision.,"Precision equals eight out of ten when eight of ten flagged emails are truly spam. It is prioritized when false positives are costly, such as spam filtering. It ignores missed positives, so a model can score high by predicting rarely."
AI/ML,Why is feature scaling useful?,"Feature scaling speeds up convergence and prevents large-range features dominating. It is the process of putting numeric features on comparable ranges. It is used before distance-based or gradient-based algorithms. It must be fit on training data only, or it leaks information."
AI/ML,What is the basic idea behind precision?,Precision is the fraction of predicted positives that are actually positive. It tells how trustworthy positive predictions are. It equals eight out of ten when eight of ten flagged emails are truly spam. It is balanced against recall using the F1 score.
AI/ML,What are the drawbacks of TF-IDF?,"TF-IDF ignores word order and meaning, so synonyms are treated as unrelated. It is used to turn text into numeric features for search and classification. It highlights distinctive words and downweights common ones. It gives the word kubernetes a high score in a DevOps article."
AI/ML,How is precision used in practice?,"Precision equals eight out of ten when eight of ten flagged emails are truly spam. It is the fraction of predicted positives that are actually positive. It is prioritized when false positives are costly, such as spam filtering. It is balanced against recall using the F1 score."
AI/ML,How is backpropagation typically used in real projects?,Backpropagation is used to train neural networks by sending errors backward through layers. It suffers from vanishing or exploding gradients in very deep networks. It tells a network how much each weight contributed to a wrong prediction. It works together with an optimizer like gradient descent.
AI/ML,What problems can gradient boosting cause?,"Gradient boosting is sensitive to hyperparameters and can overfit noisy data. It is an ensemble method that builds trees sequentially, each correcting previous errors. It is used for high-accuracy tabular tasks and competitions. It often delivers state-of-the-art accuracy on structured data."
AI/ML,What are common pitfalls with feature scaling?,"Feature scaling must be fit on training data only, or it leaks information. It is the process of putting numeric features on comparable ranges. It speeds up convergence and prevents large-range features dominating. It uses methods such as min-max scaling and standardization."
AI/ML,What should I learn alongside gradient descent?,"Gradient descent has variants such as SGD, mini-batch, Momentum, and Adam. It is used to train linear models and neural networks. It can get stuck in local minima or plateaus and is sensitive to learning rate. It adjusts weights step by step until the loss stops decreasing."
AI/ML,Where have you seen PCA in action?,"PCA compresses fifty correlated features into ten principal components. It is a technique that projects data onto directions of maximum variance. It is used for dimensionality reduction and visualization. It removes redundancy, speeds training, and reduces noise. It makes features hard to interpret and captures only linear structure."
AI/ML,What does LSTM mean?,"LSTM is a recurrent network unit with gates that control what to remember or forget. It is used for sequences like speech, text, and sensor data. It remembers long-term information better than plain RNNs. It has a lighter variant called GRU."
AI/ML,What does transformer mean?,"Transformer is a neural network architecture based on self-attention rather than recurrence. It needs large compute and memory, since attention cost grows with sequence length squared. It powers models such as BERT, GPT, and T5. It replaced many RNN and LSTM approaches in NLP."
AI/ML,What are the alternatives or companions of k-means clustering?,K-means clustering differs from hierarchical and DBSCAN clustering. It is an unsupervised algorithm that groups data into k clusters around centroids. It is used for customer segmentation and image compression. It groups shoppers into three segments by spending and visit frequency.
AI/ML,What should you watch out for when using loss function?,Loss function can mislead if it does not match the real business metric. It is used to guide model training by providing a signal to minimize. It turns the goal of learning into a number that optimizers can reduce. It uses mean squared error for regression and cross-entropy for classification.
AI/ML,What should I learn alongside k-means clustering?,"K-means clustering differs from hierarchical and DBSCAN clustering. It is an unsupervised algorithm that groups data into k clusters around centroids. It is simple, fast, and scales to large datasets. It groups shoppers into three segments by spending and visit frequency."
AI/ML,What is the basic idea behind decision tree?,Decision tree is a model that splits data using feature-based questions into a tree of decisions. It is used for tabular classification and regression with mixed feature types. It is easy to visualize and needs little preprocessing. It is the building block of random forests and gradient boosting.
AI/ML,When should you avoid activation function?,"Activation function can cause vanishing gradients or dead neurons if chosen poorly. It is a function applied to a neuron's output to introduce non-linearity. It lets stacked layers represent curves rather than only linear mappings. It is chosen among options like tanh, sigmoid, ReLU, and GELU."
AI/ML,Where is cross-validation commonly applied?,"Cross-validation is used to estimate generalization performance and tune hyperparameters. It is computationally costly and can leak information with time series or grouped data. It trains five times in five-fold validation, each time holding out a different fold. It includes k-fold, stratified, and leave-one-out variants."
AI/ML,Define TF-IDF in simple words.,TF-IDF is a weighting scheme that scores words by frequency in a document and rarity across documents. It is used to turn text into numeric features for search and classification. It gives the word kubernetes a high score in a DevOps article.
AI/ML,What are the limitations of confusion matrix?,"Confusion matrix becomes hard to read with many classes and does not give a single score. It is a table that compares predicted classes against actual classes. It shows true positives, false positives, true negatives, and false negatives for a spam filter."
AI/ML,What does k-means clustering mean?,"K-means clustering is an unsupervised algorithm that groups data into k clusters around centroids. It is simple, fast, and scales to large datasets. It needs k in advance, favors round clusters, and is sensitive to initialization and outliers. It differs from hierarchical and DBSCAN clustering."
AI/ML,What makes cross-validation valuable?,"Cross-validation uses data efficiently and gives a more stable estimate than one split. It is computationally costly and can leak information with time series or grouped data. It trains five times in five-fold validation, each time holding out a different fold. It includes k-fold, stratified, and leave-one-out variants."
AI/ML,Is there a substitute for loss function?,"Loss function is different from an evaluation metric, which reports performance to humans. It is used to guide model training by providing a signal to minimize. It can mislead if it does not match the real business metric. It uses mean squared error for regression and cross-entropy for classification."
AI/ML,What other concepts are connected to learning rate?,Learning rate can be adjusted over time using schedules or warmup. It is a hyperparameter that controls the step size of each weight update. It is tuned to balance training speed against stability. It causes divergence if too high and painfully slow training if too low.
AI/ML,What is dropout used for?,Dropout is used in deep networks to prevent co-adaptation of neurons. It is a regularization technique that randomly disables neurons during training. It reduces overfitting and acts like training an ensemble of sub-networks. It is often combined with weight decay and batch normalization.
AI/ML,What should I learn alongside attention mechanism?,Attention mechanism includes self-attention and multi-head attention. It is a technique that lets a model weigh the importance of different input parts. It handles long dependencies and gives some interpretability through attention weights. It lets a translation model focus on the right source word when producing each target word.
AI/ML,Show a real-world example of softmax.,"Softmax turns scores of two, one, and zero into roughly 0.67, 0.24, and 0.09. It gives interpretable class probabilities that work well with cross-entropy loss. It is overconfident on out-of-distribution inputs and unsuitable for multi-label tasks. It generalizes the sigmoid function used in binary classification."
AI/ML,Where have you seen batch normalization in action?,"Batch normalization is placed after a convolution layer before the activation in many CNNs. It is a technique that normalizes layer inputs across each mini-batch. It is used to stabilize and speed up training of deep networks. It is an alternative to layer normalization, which is common in transformers."
AI/ML,What do you gain by using overfitting?,"Overfitting becomes manageable once spotted, since fixes like regularization and more data exist. It makes high training accuracy misleading and leads to failures in production. It shows up as ninety-nine percent training accuracy but sixty percent test accuracy. It is the opposite of underfitting, where a model is too simple."
AI/ML,Describe support vector machine briefly.,"Support vector machine is a classifier that finds the hyperplane with the largest margin between classes. It is used for medium-sized datasets with clear margins, including text classification. It separates spam from legitimate emails using an RBF kernel. It is an alternative to logistic regression and tree-based models."
AI/ML,Show a real-world example of F1 score.,"F1 score equals 0.67 when precision is 0.75 and recall is 0.60. It is the harmonic mean of precision and recall. It gives one number that balances false positives and false negatives. It generalizes to the F-beta score, which weights recall or precision more."
AI/ML,What is ROC curve used for?,ROC curve is used to compare classifiers independent of one chosen threshold. It is a plot of true positive rate against false positive rate across thresholds. It shows a diagonal line for random guessing and a curve toward the top-left for good models.
AI/ML,Where have you seen TF-IDF in action?,TF-IDF gives the word kubernetes a high score in a DevOps article. It is a weighting scheme that scores words by frequency in a document and rarity across documents. It is used to turn text into numeric features for search and classification.
AI/ML,Why is random forest considered important?,"Random forest reduces overfitting through averaging and gives feature importance scores. It is an ensemble of many decision trees trained on random subsets of data and features. It is less interpretable and slower than a single tree. It uses bagging, unlike boosting methods that train trees sequentially."
AI/ML,What are the advantages of confusion matrix?,Confusion matrix reveals which classes get confused and exposes false positives and negatives. It is a table that compares predicted classes against actual classes. It is used to evaluate classification models beyond plain accuracy. It becomes hard to read with many classes and does not give a single score.
AI/ML,Can you give a short overview of overfitting?,"Overfitting happens when a model memorizes training noise and performs poorly on unseen data. It becomes manageable once spotted, since fixes like regularization and more data exist. It shows up as ninety-nine percent training accuracy but sixty percent test accuracy."
AI/ML,What is related to regularization?,"Regularization includes L1, L2, dropout, and early stopping. It is a set of techniques that discourage overly complex models. It adds hyperparameters, and too much of it causes underfitting. It adds an L2 penalty on weights to the loss function."
AI/ML,What should you watch out for when using hyperparameter tuning?,Hyperparameter tuning is computationally costly and can overfit the validation set. It is the process of searching for the best training settings that are not learned from data. It is used to improve model performance before deployment. It tries different tree depths and learning rates for a boosting model.
AI/ML,What is the basic idea behind recurrent neural network?,Recurrent neural network is a neural network that processes sequences by passing a hidden state forward in time. It trains slowly because steps are sequential and suffers vanishing gradients. It is improved by LSTM and GRU and often replaced by transformers.
AI/ML,Define regularization in simple words.,"Regularization is a set of techniques that discourage overly complex models. It is used to reduce overfitting in linear models and neural networks. It improves generalization to unseen data. It adds hyperparameters, and too much of it causes underfitting. It includes L1, L2, dropout, and early stopping."
AI/ML,What are the drawbacks of support vector machine?,Support vector machine scales poorly to very large datasets and needs feature scaling. It works well in high dimensions and supports non-linear kernels. It separates spam from legitimate emails using an RBF kernel. It is an alternative to logistic regression and tree-based models.
AI/ML,Describe convolutional neural network briefly.,"Convolutional neural network is a neural network that uses learnable filters to detect local patterns in grid-like data. It shares weights, which reduces parameters and captures spatial structure. It detects edges in early layers and objects in deeper layers. It includes architectures like ResNet, VGG, and EfficientNet."
AI/ML,How would you explain overfitting to a beginner?,"Overfitting happens when a model memorizes training noise and performs poorly on unseen data. It becomes manageable once spotted, since fixes like regularization and more data exist. It shows up as ninety-nine percent training accuracy but sixty percent test accuracy."
AI/ML,What is the main purpose of linear regression?,"Linear regression is used for forecasting and understanding relationships between variables. It is fast, simple, and highly interpretable. It assumes linearity and is sensitive to outliers and correlated features. It predicts house price from area, location score, and number of rooms. It extends to ridge, lasso, and polynomial regression."
AI/ML,What problems can underfitting cause?,"Underfitting yields poor predictions everywhere because the model never learns the signal. It is diagnosed when both training and validation errors stay high. It is easy to fix by adding features, complexity, or training longer. It occurs when a straight line is fitted to clearly curved data."
AI/ML,What are the downsides of convolutional neural network?,"Convolutional neural network needs large labeled data and struggles with global context compared with transformers. It is a neural network that uses learnable filters to detect local patterns in grid-like data. It is used for image classification, detection, and some audio tasks."
AI/ML,What is the main purpose of cross-validation?,"Cross-validation is used to estimate generalization performance and tune hyperparameters. It is a resampling method that evaluates a model on multiple train-test splits. It trains five times in five-fold validation, each time holding out a different fold. It includes k-fold, stratified, and leave-one-out variants."
AI/ML,What are the benefits of using TF-IDF?,TF-IDF highlights distinctive words and downweights common ones. It is a weighting scheme that scores words by frequency in a document and rarity across documents. It is used to turn text into numeric features for search and classification. It gives the word kubernetes a high score in a DevOps article.
AI/ML,What are the disadvantages of random forest?,"Random forest is less interpretable and slower than a single tree. It is used for robust tabular prediction with little tuning. It reduces overfitting through averaging and gives feature importance scores. It uses bagging, unlike boosting methods that train trees sequentially."
AI/ML,What are the downsides of linear regression?,"Linear regression assumes linearity and is sensitive to outliers and correlated features. It is used for forecasting and understanding relationships between variables. It predicts house price from area, location score, and number of rooms. It extends to ridge, lasso, and polynomial regression."
AI/ML,Can you illustrate recall with an example?,"Recall equals eight out of ten when the model finds eight of ten real fraud cases. It is the fraction of actual positives that the model correctly identifies. It is prioritized when missing a positive is costly, such as disease screening. It is also called sensitivity or true positive rate."
AI/ML,Why do developers use attention mechanism?,"Attention mechanism is used in translation, summarization, and transformers. It is a technique that lets a model weigh the importance of different input parts. It lets a translation model focus on the right source word when producing each target word."
AI/ML,What is the main purpose of gradient descent?,"Gradient descent is used to train linear models and neural networks. It is an optimization algorithm that updates parameters in the direction that reduces loss. It can get stuck in local minima or plateaus and is sensitive to learning rate. It has variants such as SGD, mini-batch, Momentum, and Adam."
AI/ML,Can you give a short overview of PCA?,PCA is a technique that projects data onto directions of maximum variance. It is used for dimensionality reduction and visualization. It makes features hard to interpret and captures only linear structure. It compresses fifty correlated features into ten principal components.
AI/ML,What does overfitting mean?,"Overfitting happens when a model memorizes training noise and performs poorly on unseen data. It is checked by comparing training and validation performance during model development. It makes high training accuracy misleading and leads to failures in production. It is the opposite of underfitting, where a model is too simple."
AI/ML,What is feature scaling?,Feature scaling is the process of putting numeric features on comparable ranges. It speeds up convergence and prevents large-range features dominating. It standardizes age and income to mean zero and unit variance. It uses methods such as min-max scaling and standardization.
AI/ML,What are the limitations of feature scaling?,"Feature scaling must be fit on training data only, or it leaks information. It is used before distance-based or gradient-based algorithms. It speeds up convergence and prevents large-range features dominating. It standardizes age and income to mean zero and unit variance. It uses methods such as min-max scaling and standardization."
AI/ML,What are the disadvantages of decision tree?,"Decision tree overfits easily and changes a lot with small data changes. It is easy to visualize and needs little preprocessing. It decides loan approval by checking income, then credit history. It is the building block of random forests and gradient boosting."
AI/ML,List the strengths of support vector machine.,"Support vector machine works well in high dimensions and supports non-linear kernels. It is a classifier that finds the hyperplane with the largest margin between classes. It is used for medium-sized datasets with clear margins, including text classification. It scales poorly to very large datasets and needs feature scaling."
AI/ML,Is there a substitute for cross-validation?,"Cross-validation includes k-fold, stratified, and leave-one-out variants. It is a resampling method that evaluates a model on multiple train-test splits. It is used to estimate generalization performance and tune hyperparameters. It uses data efficiently and gives a more stable estimate than one split."
AI/ML,What are the alternatives or companions of convolutional neural network?,"Convolutional neural network includes architectures like ResNet, VGG, and EfficientNet. It is used for image classification, detection, and some audio tasks. It shares weights, which reduces parameters and captures spatial structure. It needs large labeled data and struggles with global context compared with transformers."
AI/ML,What problems can LSTM cause?,LSTM is slower than transformers and harder to parallelize. It is a recurrent network unit with gates that control what to remember or forget. It remembers long-term information better than plain RNNs. It forecasts electricity demand from previous hourly readings.
AI/ML,Where is ReLU commonly applied?,ReLU is used in hidden layers of deep networks. It is cheap to compute and reduces vanishing gradient problems. It turns negative three into zero and positive five into five. It has variants like Leaky ReLU and GELU that avoid dead neurons.
AI/ML,How is learning rate typically used in real projects?,Learning rate is tuned to balance training speed against stability. It is a hyperparameter that controls the step size of each weight update. It causes divergence if too high and painfully slow training if too low. It is often set around 0.001 for the Adam optimizer.
AI/ML,What is related to support vector machine?,"Support vector machine is an alternative to logistic regression and tree-based models. It is used for medium-sized datasets with clear margins, including text classification. It works well in high dimensions and supports non-linear kernels. It separates spam from legitimate emails using an RBF kernel."
AI/ML,What makes F1 score valuable?,F1 score gives one number that balances false positives and false negatives. It is the harmonic mean of precision and recall. It is used to evaluate classifiers on imbalanced datasets. It equals 0.67 when precision is 0.75 and recall is 0.60.
AI/ML,Define recurrent neural network in simple words.,Recurrent neural network is a neural network that processes sequences by passing a hidden state forward in time. It trains slowly because steps are sequential and suffers vanishing gradients. It predicts the next character in a sentence from previous characters.
AI/ML,What problems can class imbalance cause?,"Class imbalance makes accuracy misleading, since predicting the majority class looks good. It is a situation where one class has far more samples than others. It is checked in fraud, medical, and anomaly detection datasets. It can be handled with resampling, class weights, and suitable metrics."
AI/ML,When should you use precision?,"Precision is prioritized when false positives are costly, such as spam filtering. It is the fraction of predicted positives that are actually positive. It ignores missed positives, so a model can score high by predicting rarely. It is balanced against recall using the F1 score."
AI/ML,Why do developers use cross-validation?,"Cross-validation is used to estimate generalization performance and tune hyperparameters. It uses data efficiently and gives a more stable estimate than one split. It trains five times in five-fold validation, each time holding out a different fold. It includes k-fold, stratified, and leave-one-out variants."
AI/ML,Describe softmax briefly.,"Softmax is a function that converts raw scores into probabilities summing to one. It gives interpretable class probabilities that work well with cross-entropy loss. It is overconfident on out-of-distribution inputs and unsuitable for multi-label tasks. It turns scores of two, one, and zero into roughly 0.67, 0.24, and 0.09."
AI/ML,Why is F1 score considered important?,F1 score gives one number that balances false positives and false negatives. It is the harmonic mean of precision and recall. It ignores true negatives and treats precision and recall as equally important. It equals 0.67 when precision is 0.75 and recall is 0.60.
AI/ML,What are the advantages of k-nearest neighbors?,K-nearest neighbors needs no training phase and is easy to understand. It is an algorithm that predicts using the labels of the k closest training points. It is slow at prediction on big data and suffers in high dimensions. It depends on a distance metric and feature scaling.
AI/ML,What problems can batch normalization cause?,Batch normalization behaves poorly with very small batches and adds complexity at inference. It is a technique that normalizes layer inputs across each mini-batch. It allows higher learning rates and reduces sensitivity to initialization. It is placed after a convolution layer before the activation in many CNNs.
AI/ML,What are the disadvantages of recurrent neural network?,Recurrent neural network trains slowly because steps are sequential and suffers vanishing gradients. It is a neural network that processes sequences by passing a hidden state forward in time. It is improved by LSTM and GRU and often replaced by transformers.
AI/ML,What problems can word embedding cause?,"Word embedding gives one vector per word, so static embeddings cannot separate different meanings. It is a dense vector representation of words capturing semantic similarity. It places king and queen near each other in vector space. It includes Word2Vec and GloVe, while contextual models like BERT produce context-aware vectors."
AI/ML,Can you give a short overview of convolutional neural network?,"Convolutional neural network is a neural network that uses learnable filters to detect local patterns in grid-like data. It is used for image classification, detection, and some audio tasks. It needs large labeled data and struggles with global context compared with transformers. It includes architectures like ResNet, VGG, and EfficientNet."
AI/ML,How is random forest typically used in real projects?,"Random forest is used for robust tabular prediction with little tuning. It is an ensemble of many decision trees trained on random subsets of data and features. It reduces overfitting through averaging and gives feature importance scores. It uses bagging, unlike boosting methods that train trees sequentially."
AI/ML,How does loss function help developers?,"Loss function turns the goal of learning into a number that optimizers can reduce. It is used to guide model training by providing a signal to minimize. It uses mean squared error for regression and cross-entropy for classification. It is different from an evaluation metric, which reports performance to humans."
AI/ML,How does linear regression differ from related concepts?,"Linear regression extends to ridge, lasso, and polynomial regression. It is a model that predicts a numeric value as a weighted sum of input features. It is fast, simple, and highly interpretable. It assumes linearity and is sensitive to outliers and correlated features."
AI/ML,Walk me through a simple example of precision.,"Precision equals eight out of ten when eight of ten flagged emails are truly spam. It is prioritized when false positives are costly, such as spam filtering. It tells how trustworthy positive predictions are. It ignores missed positives, so a model can score high by predicting rarely."
AI/ML,What are the limitations of PCA?,PCA makes features hard to interpret and captures only linear structure. It is a technique that projects data onto directions of maximum variance. It is used for dimensionality reduction and visualization. It is an alternative to t-SNE and UMAP for visualization.
AI/ML,What are the advantages of hyperparameter tuning?,"Hyperparameter tuning can raise accuracy substantially without changing the model type. It is used to improve model performance before deployment. It tries different tree depths and learning rates for a boosting model. It uses grid search, random search, and Bayesian optimization."
AI/ML,In which situations is F1 score a good choice?,F1 score is used to evaluate classifiers on imbalanced datasets. It is the harmonic mean of precision and recall. It gives one number that balances false positives and false negatives. It ignores true negatives and treats precision and recall as equally important.
AI/ML,What makes one-hot encoding valuable?,"One-hot encoding avoids implying a false order between categories. It is used to feed categorical features into models. It creates many columns when a feature has lots of categories. It turns color values red, green, and blue into three binary columns."
AI/ML,What are the alternatives or companions of decision tree?,"Decision tree is the building block of random forests and gradient boosting. It is a model that splits data using feature-based questions into a tree of decisions. It overfits easily and changes a lot with small data changes. It decides loan approval by checking income, then credit history."
AI/ML,What are the downsides of TF-IDF?,"TF-IDF ignores word order and meaning, so synonyms are treated as unrelated. It is used to turn text into numeric features for search and classification. It highlights distinctive words and downweights common ones. It is a classic alternative to word embeddings and bag-of-words counts."
AI/ML,How would you explain linear regression to a beginner?,"Linear regression is a model that predicts a numeric value as a weighted sum of input features. It assumes linearity and is sensitive to outliers and correlated features. It predicts house price from area, location score, and number of rooms."
AI/ML,When should you use overfitting?,"Overfitting is checked by comparing training and validation performance during model development. It becomes manageable once spotted, since fixes like regularization and more data exist. It makes high training accuracy misleading and leads to failures in production. It is the opposite of underfitting, where a model is too simple."
AI/ML,Can you give a short overview of precision?,"Precision is the fraction of predicted positives that are actually positive. It tells how trustworthy positive predictions are. It ignores missed positives, so a model can score high by predicting rarely. It equals eight out of ten when eight of ten flagged emails are truly spam."
AI/ML,Can you illustrate hyperparameter tuning with an example?,"Hyperparameter tuning tries different tree depths and learning rates for a boosting model. It is the process of searching for the best training settings that are not learned from data. It is computationally costly and can overfit the validation set. It uses grid search, random search, and Bayesian optimization."
AI/ML,Why is batch normalization considered important?,"Batch normalization allows higher learning rates and reduces sensitivity to initialization. It is used to stabilize and speed up training of deep networks. It behaves poorly with very small batches and adds complexity at inference. It is an alternative to layer normalization, which is common in transformers."
AI/ML,Why is class imbalance useful?,"Class imbalance can be handled with resampling, class weights, and suitable metrics. It is a situation where one class has far more samples than others. It makes accuracy misleading, since predicting the majority class looks good. It appears when only one percent of transactions are fraudulent."
AI/ML,Where have you seen feature scaling in action?,"Feature scaling standardizes age and income to mean zero and unit variance. It is the process of putting numeric features on comparable ranges. It must be fit on training data only, or it leaks information. It uses methods such as min-max scaling and standardization."
AI/ML,What are the drawbacks of softmax?,"Softmax is overconfident on out-of-distribution inputs and unsuitable for multi-label tasks. It gives interpretable class probabilities that work well with cross-entropy loss. It turns scores of two, one, and zero into roughly 0.67, 0.24, and 0.09. It generalizes the sigmoid function used in binary classification."
AI/ML,Why is transformer considered important?,"Transformer processes tokens in parallel and captures long-range dependencies. It is a neural network architecture based on self-attention rather than recurrence. It is used for language models, translation, and increasingly vision tasks. It needs large compute and memory, since attention cost grows with sequence length squared."
AI/ML,Where have you seen dropout in action?,Dropout drops fifty percent of hidden units in each training step. It reduces overfitting and acts like training an ensemble of sub-networks. It slows convergence and is turned off at inference time. It is often combined with weight decay and batch normalization.
AI/ML,How does regularization differ from related concepts?,"Regularization includes L1, L2, dropout, and early stopping. It is a set of techniques that discourage overly complex models. It is used to reduce overfitting in linear models and neural networks. It adds an L2 penalty on weights to the loss function."
AI/ML,Why is reinforcement learning useful?,"Reinforcement learning learns strategies without labeled examples through interaction. It is a learning paradigm where an agent learns actions by receiving rewards. It is used in robotics, game playing, and recommendation or control problems. It trains an agent to play Atari games by maximizing score."
AI/ML,When should you avoid cross-validation?,"Cross-validation is computationally costly and can leak information with time series or grouped data. It is a resampling method that evaluates a model on multiple train-test splits. It uses data efficiently and gives a more stable estimate than one split. It includes k-fold, stratified, and leave-one-out variants."
AI/ML,Can you illustrate convolutional neural network with an example?,"Convolutional neural network detects edges in early layers and objects in deeper layers. It is used for image classification, detection, and some audio tasks. It shares weights, which reduces parameters and captures spatial structure. It includes architectures like ResNet, VGG, and EfficientNet."
AI/ML,Where have you seen confusion matrix in action?,"Confusion matrix shows true positives, false positives, true negatives, and false negatives for a spam filter. It becomes hard to read with many classes and does not give a single score. It is the basis for precision, recall, and F1 score."
AI/ML,What are common pitfalls with activation function?,Activation function can cause vanishing gradients or dead neurons if chosen poorly. It is used between layers so networks can learn complex patterns. It lets stacked layers represent curves rather than only linear mappings. It includes ReLU in hidden layers and sigmoid in binary outputs.
AI/ML,What other concepts are connected to backpropagation?,Backpropagation works together with an optimizer like gradient descent. It is the algorithm that computes gradients of the loss with respect to network weights. It computes all gradients efficiently using the chain rule. It tells a network how much each weight contributed to a wrong prediction.
AI/ML,What do you gain by using transfer learning?,Transfer learning saves training time and data and often improves accuracy. It is the practice of reusing a model trained on one task for another task. It is used when labeled data is limited. It adapts an ImageNet-trained ResNet to classify medical images. It includes feature extraction and fine-tuning.
AI/ML,What makes regularization valuable?,Regularization improves generalization to unseen data. It is a set of techniques that discourage overly complex models. It is used to reduce overfitting in linear models and neural networks. It adds an L2 penalty on weights to the loss function.
AI/ML,How does cross-validation help developers?,"Cross-validation uses data efficiently and gives a more stable estimate than one split. It is a resampling method that evaluates a model on multiple train-test splits. It trains five times in five-fold validation, each time holding out a different fold."
AI/ML,Walk me through a simple example of regularization.,"Regularization adds an L2 penalty on weights to the loss function. It is a set of techniques that discourage overly complex models. It is used to reduce overfitting in linear models and neural networks. It adds hyperparameters, and too much of it causes underfitting."
AI/ML,What are the disadvantages of cross-validation?,"Cross-validation is computationally costly and can leak information with time series or grouped data. It is used to estimate generalization performance and tune hyperparameters. It uses data efficiently and gives a more stable estimate than one split. It includes k-fold, stratified, and leave-one-out variants."
AI/ML,What do you gain by using reinforcement learning?,"Reinforcement learning learns strategies without labeled examples through interaction. It is a learning paradigm where an agent learns actions by receiving rewards. It is used in robotics, game playing, and recommendation or control problems. It needs many interactions, and reward design is difficult and unstable."
AI/ML,What are the disadvantages of attention mechanism?,"Attention mechanism is computationally expensive for long sequences. It is a technique that lets a model weigh the importance of different input parts. It is used in translation, summarization, and transformers. It handles long dependencies and gives some interpretability through attention weights. It includes self-attention and multi-head attention."
AI/ML,What are the alternatives or companions of transformer?,"Transformer replaced many RNN and LSTM approaches in NLP. It is used for language models, translation, and increasingly vision tasks. It processes tokens in parallel and captures long-range dependencies. It needs large compute and memory, since attention cost grows with sequence length squared."
AI/ML,How does linear regression compare with similar approaches?,"Linear regression extends to ridge, lasso, and polynomial regression. It is a model that predicts a numeric value as a weighted sum of input features. It assumes linearity and is sensitive to outliers and correlated features. It predicts house price from area, location score, and number of rooms."
AI/ML,What are the downsides of ReLU?,ReLU can cause dead neurons that output zero for all inputs. It is cheap to compute and reduces vanishing gradient problems. It turns negative three into zero and positive five into five. It has variants like Leaky ReLU and GELU that avoid dead neurons.
AI/ML,Explain recurrent neural network.,Recurrent neural network is a neural network that processes sequences by passing a hidden state forward in time. It handles variable-length sequences with shared weights. It trains slowly because steps are sequential and suffers vanishing gradients. It is improved by LSTM and GRU and often replaced by transformers.
AI/ML,Where is activation function commonly applied?,Activation function is used between layers so networks can learn complex patterns. It lets stacked layers represent curves rather than only linear mappings. It can cause vanishing gradients or dead neurons if chosen poorly. It includes ReLU in hidden layers and sigmoid in binary outputs.
AI/ML,Give an example of ReLU.,ReLU turns negative three into zero and positive five into five. It is an activation function that outputs zero for negative inputs and the input otherwise. It can cause dead neurons that output zero for all inputs. It has variants like Leaky ReLU and GELU that avoid dead neurons.
AI/ML,When should you use transfer learning?,Transfer learning is used when labeled data is limited. It saves training time and data and often improves accuracy. It can fail when the source and target domains differ too much. It adapts an ImageNet-trained ResNet to classify medical images.
AI/ML,How does fine-tuning help developers?,Fine-tuning reaches strong performance with far less data and compute than training from scratch. It is continued training of a pretrained model on task-specific data. It can cause catastrophic forgetting and overfit on small datasets. It trains BERT further on support tickets to classify them.
AI/ML,What are common pitfalls with logistic regression?,"Logistic regression struggles with non-linear boundaries unless features are engineered. It is a classification model that predicts probabilities using the sigmoid function. It is quick to train, interpretable, and gives calibrated probabilities. It predicts whether a customer will buy based on age and browsing time."
AI/ML,What are common pitfalls with transformer?,"Transformer needs large compute and memory, since attention cost grows with sequence length squared. It processes tokens in parallel and captures long-range dependencies. It powers models such as BERT, GPT, and T5. It replaced many RNN and LSTM approaches in NLP."
AI/ML,What is the main purpose of underfitting?,"Underfitting is diagnosed when both training and validation errors stay high. It is easy to fix by adding features, complexity, or training longer. It yields poor predictions everywhere because the model never learns the signal. It occurs when a straight line is fitted to clearly curved data."
AI/ML,Describe hyperparameter tuning briefly.,Hyperparameter tuning is the process of searching for the best training settings that are not learned from data. It is used to improve model performance before deployment. It can raise accuracy substantially without changing the model type. It is computationally costly and can overfit the validation set.
AI/ML,Where have you seen ReLU in action?,ReLU turns negative three into zero and positive five into five. It is an activation function that outputs zero for negative inputs and the input otherwise. It is used in hidden layers of deep networks. It has variants like Leaky ReLU and GELU that avoid dead neurons.
AI/ML,What should I learn alongside convolutional neural network?,"Convolutional neural network includes architectures like ResNet, VGG, and EfficientNet. It is a neural network that uses learnable filters to detect local patterns in grid-like data. It shares weights, which reduces parameters and captures spatial structure. It detects edges in early layers and objects in deeper layers."
AI/ML,How does linear regression help developers?,"Linear regression is fast, simple, and highly interpretable. It is a model that predicts a numeric value as a weighted sum of input features. It predicts house price from area, location score, and number of rooms. It extends to ridge, lasso, and polynomial regression."
AI/ML,What are the disadvantages of confusion matrix?,"Confusion matrix becomes hard to read with many classes and does not give a single score. It is a table that compares predicted classes against actual classes. It is used to evaluate classification models beyond plain accuracy. It is the basis for precision, recall, and F1 score."
AI/ML,How does decision tree compare with similar approaches?,Decision tree is the building block of random forests and gradient boosting. It is a model that splits data using feature-based questions into a tree of decisions. It is easy to visualize and needs little preprocessing. It overfits easily and changes a lot with small data changes.
AI/ML,How does feature scaling compare with similar approaches?,"Feature scaling uses methods such as min-max scaling and standardization. It is used before distance-based or gradient-based algorithms. It speeds up convergence and prevents large-range features dominating. It must be fit on training data only, or it leaks information. It standardizes age and income to mean zero and unit variance."
AI/ML,Can you illustrate loss function with an example?,"Loss function uses mean squared error for regression and cross-entropy for classification. It is used to guide model training by providing a signal to minimize. It can mislead if it does not match the real business metric. It is different from an evaluation metric, which reports performance to humans."
AI/ML,Why is hyperparameter tuning considered important?,"Hyperparameter tuning can raise accuracy substantially without changing the model type. It is the process of searching for the best training settings that are not learned from data. It is used to improve model performance before deployment. It uses grid search, random search, and Bayesian optimization."
AI/ML,What should I learn alongside k-nearest neighbors?,K-nearest neighbors depends on a distance metric and feature scaling. It is an algorithm that predicts using the labels of the k closest training points. It is used for simple classification and recommendation tasks. It labels a flower by the majority class among its five nearest samples.
AI/ML,Describe a scenario where fine-tuning is applied.,Fine-tuning trains BERT further on support tickets to classify them. It is used to adapt general models like BERT to a specific domain. It reaches strong performance with far less data and compute than training from scratch. It can be parameter-efficient using methods like LoRA.
AI/ML,Define overfitting in simple words.,"Overfitting happens when a model memorizes training noise and performs poorly on unseen data. It becomes manageable once spotted, since fixes like regularization and more data exist. It shows up as ninety-nine percent training accuracy but sixty percent test accuracy."
AI/ML,What should you watch out for when using PCA?,"PCA makes features hard to interpret and captures only linear structure. It is a technique that projects data onto directions of maximum variance. It removes redundancy, speeds training, and reduces noise. It is an alternative to t-SNE and UMAP for visualization."
AI/ML,What makes linear regression valuable?,"Linear regression is fast, simple, and highly interpretable. It is a model that predicts a numeric value as a weighted sum of input features. It is used for forecasting and understanding relationships between variables. It predicts house price from area, location score, and number of rooms."
AI/ML,Why do developers use overfitting?,"Overfitting is checked by comparing training and validation performance during model development. It becomes manageable once spotted, since fixes like regularization and more data exist. It makes high training accuracy misleading and leads to failures in production. It shows up as ninety-nine percent training accuracy but sixty percent test accuracy."
AI/ML,List the strengths of transformer.,"Transformer processes tokens in parallel and captures long-range dependencies. It is a neural network architecture based on self-attention rather than recurrence. It needs large compute and memory, since attention cost grows with sequence length squared. It powers models such as BERT, GPT, and T5."
AI/ML,List the strengths of batch normalization.,"Batch normalization allows higher learning rates and reduces sensitivity to initialization. It is a technique that normalizes layer inputs across each mini-batch. It behaves poorly with very small batches and adds complexity at inference. It is an alternative to layer normalization, which is common in transformers."
AI/ML,When should you avoid gradient boosting?,"Gradient boosting is sensitive to hyperparameters and can overfit noisy data. It is an ensemble method that builds trees sequentially, each correcting previous errors. It is used for high-accuracy tabular tasks and competitions. It often delivers state-of-the-art accuracy on structured data. It is implemented by XGBoost, LightGBM, and CatBoost."
AI/ML,What are the benefits of using cross-validation?,"Cross-validation uses data efficiently and gives a more stable estimate than one split. It is used to estimate generalization performance and tune hyperparameters. It is computationally costly and can leak information with time series or grouped data. It includes k-fold, stratified, and leave-one-out variants."
AI/ML,What is the main purpose of recurrent neural network?,Recurrent neural network is used for time series and text with order dependence. It handles variable-length sequences with shared weights. It predicts the next character in a sentence from previous characters. It is improved by LSTM and GRU and often replaced by transformers.
AI/ML,How does word embedding help developers?,"Word embedding places related words close together and reduces dimensionality compared with one-hot vectors. It is used as input features for NLP models. It places king and queen near each other in vector space. It includes Word2Vec and GloVe, while contextual models like BERT produce context-aware vectors."
AI/ML,How does cross-validation compare with similar approaches?,"Cross-validation includes k-fold, stratified, and leave-one-out variants. It is a resampling method that evaluates a model on multiple train-test splits. It uses data efficiently and gives a more stable estimate than one split. It is computationally costly and can leak information with time series or grouped data."
AI/ML,Why is F1 score useful?,F1 score gives one number that balances false positives and false negatives. It is the harmonic mean of precision and recall. It is used to evaluate classifiers on imbalanced datasets. It ignores true negatives and treats precision and recall as equally important.
AI/ML,In which situations is ROC curve a good choice?,ROC curve is used to compare classifiers independent of one chosen threshold. It summarizes performance through the area under the curve. It can look overly optimistic on heavily imbalanced data. It shows a diagonal line for random guessing and a curve toward the top-left for good models.
AI/ML,Is there a substitute for k-means clustering?,"K-means clustering differs from hierarchical and DBSCAN clustering. It is simple, fast, and scales to large datasets. It needs k in advance, favors round clusters, and is sensitive to initialization and outliers. It groups shoppers into three segments by spending and visit frequency."
AI/ML,What is a practical example of ROC curve?,ROC curve shows a diagonal line for random guessing and a curve toward the top-left for good models. It is used to compare classifiers independent of one chosen threshold. It summarizes performance through the area under the curve. It can look overly optimistic on heavily imbalanced data.
AI/ML,What are common pitfalls with learning rate?,Learning rate causes divergence if too high and painfully slow training if too low. It gives direct control over convergence behavior when chosen well. It is often set around 0.001 for the Adam optimizer. It can be adjusted over time using schedules or warmup.
AI/ML,Walk me through a simple example of activation function.,"Activation function includes ReLU in hidden layers and sigmoid in binary outputs. It is used between layers so networks can learn complex patterns. It can cause vanishing gradients or dead neurons if chosen poorly. It is chosen among options like tanh, sigmoid, ReLU, and GELU."
AI/ML,How does attention mechanism differ from related concepts?,"Attention mechanism includes self-attention and multi-head attention. It is used in translation, summarization, and transformers. It handles long dependencies and gives some interpretability through attention weights. It is computationally expensive for long sequences. It lets a translation model focus on the right source word when producing each target word."
AI/ML,What are the benefits of using overfitting?,"Overfitting becomes manageable once spotted, since fixes like regularization and more data exist. It makes high training accuracy misleading and leads to failures in production. It shows up as ninety-nine percent training accuracy but sixty percent test accuracy. It is the opposite of underfitting, where a model is too simple."
AI/ML,What is a convolutional neural network?,"A convolutional neural network uses learnable filters that slide across input data to detect local patterns like edges, textures, and shapes. Pooling layers reduce dimensions, and fully connected layers perform classification. Weight sharing lowers the number of parameters, making CNNs highly effective for image recognition and computer vision tasks."
AI/ML,How does attention mechanism compare with similar approaches?,"Attention mechanism includes self-attention and multi-head attention. It is a technique that lets a model weigh the importance of different input parts. It is used in translation, summarization, and transformers. It handles long dependencies and gives some interpretability through attention weights. It is computationally expensive for long sequences."
AI/ML,What do you gain by using decision tree?,"Decision tree is easy to visualize and needs little preprocessing. It is a model that splits data using feature-based questions into a tree of decisions. It decides loan approval by checking income, then credit history. It is the building block of random forests and gradient boosting."
AI/ML,Show a real-world example of gradient descent.,"Gradient descent adjusts weights step by step until the loss stops decreasing. It is used to train linear models and neural networks. It scales to huge datasets and many parameters, especially in stochastic form. It has variants such as SGD, mini-batch, Momentum, and Adam."
AI/ML,What are the alternatives or companions of hyperparameter tuning?,"Hyperparameter tuning uses grid search, random search, and Bayesian optimization. It is the process of searching for the best training settings that are not learned from data. It can raise accuracy substantially without changing the model type. It tries different tree depths and learning rates for a boosting model."
AI/ML,List the strengths of feature scaling.,"Feature scaling speeds up convergence and prevents large-range features dominating. It is used before distance-based or gradient-based algorithms. It must be fit on training data only, or it leaks information. It standardizes age and income to mean zero and unit variance. It uses methods such as min-max scaling and standardization."
AI/ML,What is a practical example of attention mechanism?,"Attention mechanism lets a translation model focus on the right source word when producing each target word. It is a technique that lets a model weigh the importance of different input parts. It is used in translation, summarization, and transformers. It includes self-attention and multi-head attention."
AI/ML,Describe a scenario where dropout is applied.,Dropout drops fifty percent of hidden units in each training step. It is a regularization technique that randomly disables neurons during training. It is used in deep networks to prevent co-adaptation of neurons. It reduces overfitting and acts like training an ensemble of sub-networks.
AI/ML,How is precision typically used in real projects?,"Precision is prioritized when false positives are costly, such as spam filtering. It ignores missed positives, so a model can score high by predicting rarely. It equals eight out of ten when eight of ten flagged emails are truly spam. It is balanced against recall using the F1 score."
AI/ML,What are the drawbacks of dropout?,Dropout slows convergence and is turned off at inference time. It is used in deep networks to prevent co-adaptation of neurons. It drops fifty percent of hidden units in each training step. It is often combined with weight decay and batch normalization.
AI/ML,What other concepts are connected to k-means clustering?,"K-means clustering differs from hierarchical and DBSCAN clustering. It is an unsupervised algorithm that groups data into k clusters around centroids. It is used for customer segmentation and image compression. It is simple, fast, and scales to large datasets. It groups shoppers into three segments by spending and visit frequency."
AI/ML,Can you illustrate LSTM with an example?,"LSTM forecasts electricity demand from previous hourly readings. It is a recurrent network unit with gates that control what to remember or forget. It is used for sequences like speech, text, and sensor data. It is slower than transformers and harder to parallelize."
AI/ML,Why is softmax useful?,"Softmax gives interpretable class probabilities that work well with cross-entropy loss. It is a function that converts raw scores into probabilities summing to one. It turns scores of two, one, and zero into roughly 0.67, 0.24, and 0.09. It generalizes the sigmoid function used in binary classification."
AI/ML,Can you give a short overview of feature scaling?,"Feature scaling is the process of putting numeric features on comparable ranges. It speeds up convergence and prevents large-range features dominating. It must be fit on training data only, or it leaks information. It uses methods such as min-max scaling and standardization."
AI/ML,Why is loss function useful?,Loss function turns the goal of learning into a number that optimizers can reduce. It is a function that measures how far predictions are from true values. It is used to guide model training by providing a signal to minimize.
AI/ML,Can you illustrate k-means clustering with an example?,"K-means clustering groups shoppers into three segments by spending and visit frequency. It is used for customer segmentation and image compression. It is simple, fast, and scales to large datasets. It needs k in advance, favors round clusters, and is sensitive to initialization and outliers."
AI/ML,How does decision tree differ from related concepts?,"Decision tree is the building block of random forests and gradient boosting. It is easy to visualize and needs little preprocessing. It overfits easily and changes a lot with small data changes. It decides loan approval by checking income, then credit history."
AI/ML,What are the benefits of using gradient boosting?,"Gradient boosting often delivers state-of-the-art accuracy on structured data. It is an ensemble method that builds trees sequentially, each correcting previous errors. It is sensitive to hyperparameters and can overfit noisy data. It differs from random forest, which trains trees independently in parallel."
AI/ML,Walk me through a simple example of dropout.,Dropout drops fifty percent of hidden units in each training step. It is used in deep networks to prevent co-adaptation of neurons. It slows convergence and is turned off at inference time. It is often combined with weight decay and batch normalization.
AI/ML,What are the alternatives or companions of recurrent neural network?,Recurrent neural network is improved by LSTM and GRU and often replaced by transformers. It is used for time series and text with order dependence. It trains slowly because steps are sequential and suffers vanishing gradients. It predicts the next character in a sentence from previous characters.
AI/ML,What is an alternative to confusion matrix?,"Confusion matrix is the basis for precision, recall, and F1 score. It is a table that compares predicted classes against actual classes. It reveals which classes get confused and exposes false positives and negatives. It becomes hard to read with many classes and does not give a single score."
AI/ML,What makes recurrent neural network valuable?,Recurrent neural network handles variable-length sequences with shared weights. It is used for time series and text with order dependence. It predicts the next character in a sentence from previous characters. It is improved by LSTM and GRU and often replaced by transformers.
AI/ML,Where have you seen LSTM in action?,"LSTM forecasts electricity demand from previous hourly readings. It is used for sequences like speech, text, and sensor data. It remembers long-term information better than plain RNNs. It is slower than transformers and harder to parallelize. It has a lighter variant called GRU."
AI/ML,What is related to PCA?,"PCA is an alternative to t-SNE and UMAP for visualization. It is a technique that projects data onto directions of maximum variance. It is used for dimensionality reduction and visualization. It removes redundancy, speeds training, and reduces noise. It makes features hard to interpret and captures only linear structure."
AI/ML,What are the disadvantages of LSTM?,"LSTM is slower than transformers and harder to parallelize. It is a recurrent network unit with gates that control what to remember or forget. It is used for sequences like speech, text, and sensor data. It forecasts electricity demand from previous hourly readings. It has a lighter variant called GRU."
AI/ML,Describe ROC curve briefly.,ROC curve is a plot of true positive rate against false positive rate across thresholds. It is used to compare classifiers independent of one chosen threshold. It summarizes performance through the area under the curve. It is often replaced by the precision-recall curve for rare positives.
AI/ML,Can you illustrate reinforcement learning with an example?,"Reinforcement learning trains an agent to play Atari games by maximizing score. It is a learning paradigm where an agent learns actions by receiving rewards. It is used in robotics, game playing, and recommendation or control problems. It learns strategies without labeled examples through interaction."
AI/ML,Where have you seen class imbalance in action?,"Class imbalance appears when only one percent of transactions are fraudulent. It is checked in fraud, medical, and anomaly detection datasets. It can be handled with resampling, class weights, and suitable metrics. It makes accuracy misleading, since predicting the majority class looks good."
AI/ML,When should you use gradient descent?,"Gradient descent is used to train linear models and neural networks. It scales to huge datasets and many parameters, especially in stochastic form. It can get stuck in local minima or plateaus and is sensitive to learning rate. It adjusts weights step by step until the loss stops decreasing."
AI/ML,What is a practical example of k-nearest neighbors?,K-nearest neighbors labels a flower by the majority class among its five nearest samples. It is used for simple classification and recommendation tasks. It needs no training phase and is easy to understand. It depends on a distance metric and feature scaling.
AI/ML,What is the basic idea behind transfer learning?,Transfer learning is the practice of reusing a model trained on one task for another task. It saves training time and data and often improves accuracy. It can fail when the source and target domains differ too much. It includes feature extraction and fine-tuning.
AI/ML,What other concepts are connected to convolutional neural network?,"Convolutional neural network includes architectures like ResNet, VGG, and EfficientNet. It shares weights, which reduces parameters and captures spatial structure. It needs large labeled data and struggles with global context compared with transformers. It detects edges in early layers and objects in deeper layers."
AI/ML,Why is word embedding considered important?,"Word embedding places related words close together and reduces dimensionality compared with one-hot vectors. It is used as input features for NLP models. It gives one vector per word, so static embeddings cannot separate different meanings. It includes Word2Vec and GloVe, while contextual models like BERT produce context-aware vectors."
AI/ML,Define learning rate in simple words.,Learning rate is a hyperparameter that controls the step size of each weight update. It gives direct control over convergence behavior when chosen well. It is often set around 0.001 for the Adam optimizer. It can be adjusted over time using schedules or warmup.
AI/ML,Where have you seen tokenization in action?,"Tokenization splits unbelievable into subwords such as un, believ, and able. It is the process of splitting text into units such as words or subwords. It is used as the first step in NLP pipelines. It can break rare words badly and differs across languages and models."
AI/ML,How does precision help developers?,"Precision tells how trustworthy positive predictions are. It is the fraction of predicted positives that are actually positive. It ignores missed positives, so a model can score high by predicting rarely. It equals eight out of ten when eight of ten flagged emails are truly spam."
AI/ML,What is the difference between supervised and unsupervised learning?,"Supervised learning trains models on labeled data to predict outputs, as in classification and regression. Unsupervised learning finds hidden patterns in unlabeled data, such as clustering customers or reducing dimensions. The main difference is the presence of target labels guiding the learning process during model training."
AI/ML,Why is overfitting useful?,"Overfitting becomes manageable once spotted, since fixes like regularization and more data exist. It is checked by comparing training and validation performance during model development. It shows up as ninety-nine percent training accuracy but sixty percent test accuracy. It is the opposite of underfitting, where a model is too simple."
AI/ML,What is one-hot encoding?,"One-hot encoding is a method that represents each category as a binary vector. It is used to feed categorical features into models. It turns color values red, green, and blue into three binary columns. It is an alternative to label encoding and target encoding."
AI/ML,Explain TF-IDF.,"TF-IDF is a weighting scheme that scores words by frequency in a document and rarity across documents. It ignores word order and meaning, so synonyms are treated as unrelated. It is a classic alternative to word embeddings and bag-of-words counts."
AI/ML,What are the downsides of recall?,"Recall ignores false alarms, so predicting everything positive gives perfect recall. It is the fraction of actual positives that the model correctly identifies. It shows how many real cases the model catches. It equals eight out of ten when the model finds eight of ten real fraud cases."
AI/ML,Show a real-world example of recall.,"Recall equals eight out of ten when the model finds eight of ten real fraud cases. It is prioritized when missing a positive is costly, such as disease screening. It shows how many real cases the model catches. It is also called sensitivity or true positive rate."
AI/ML,What are the drawbacks of confusion matrix?,"Confusion matrix becomes hard to read with many classes and does not give a single score. It is used to evaluate classification models beyond plain accuracy. It shows true positives, false positives, true negatives, and false negatives for a spam filter."
AI/ML,What are the benefits of using attention mechanism?,Attention mechanism handles long dependencies and gives some interpretability through attention weights. It is computationally expensive for long sequences. It lets a translation model focus on the right source word when producing each target word. It includes self-attention and multi-head attention.
AI/ML,What does one-hot encoding mean?,"One-hot encoding is a method that represents each category as a binary vector. It is used to feed categorical features into models. It avoids implying a false order between categories. It turns color values red, green, and blue into three binary columns."
AI/ML,What is an alternative to regularization?,"Regularization includes L1, L2, dropout, and early stopping. It is used to reduce overfitting in linear models and neural networks. It improves generalization to unseen data. It adds hyperparameters, and too much of it causes underfitting. It adds an L2 penalty on weights to the loss function."
AI/ML,What are the limitations of batch normalization?,"Batch normalization behaves poorly with very small batches and adds complexity at inference. It is a technique that normalizes layer inputs across each mini-batch. It is placed after a convolution layer before the activation in many CNNs. It is an alternative to layer normalization, which is common in transformers."
AI/ML,Is there a substitute for PCA?,"PCA is an alternative to t-SNE and UMAP for visualization. It is a technique that projects data onto directions of maximum variance. It removes redundancy, speeds training, and reduces noise. It makes features hard to interpret and captures only linear structure. It compresses fifty correlated features into ten principal components."
AI/ML,What are the drawbacks of cross-validation?,"Cross-validation is computationally costly and can leak information with time series or grouped data. It is used to estimate generalization performance and tune hyperparameters. It trains five times in five-fold validation, each time holding out a different fold. It includes k-fold, stratified, and leave-one-out variants."
AI/ML,What makes backpropagation valuable?,Backpropagation computes all gradients efficiently using the chain rule. It is the algorithm that computes gradients of the loss with respect to network weights. It suffers from vanishing or exploding gradients in very deep networks. It works together with an optimizer like gradient descent.
AI/ML,What do you gain by using ReLU?,ReLU is cheap to compute and reduces vanishing gradient problems. It is an activation function that outputs zero for negative inputs and the input otherwise. It can cause dead neurons that output zero for all inputs. It turns negative three into zero and positive five into five.
AI/ML,How does regularization compare with similar approaches?,"Regularization includes L1, L2, dropout, and early stopping. It is used to reduce overfitting in linear models and neural networks. It adds hyperparameters, and too much of it causes underfitting. It adds an L2 penalty on weights to the loss function."
AI/ML,What other concepts are connected to tokenization?,"Tokenization uses methods such as whitespace splitting, WordPiece, and Byte Pair Encoding. It is the process of splitting text into units such as words or subwords. It converts raw text into units a model can map to IDs. It can break rare words badly and differs across languages and models."
AI/ML,What does recall mean?,"Recall is the fraction of actual positives that the model correctly identifies. It ignores false alarms, so predicting everything positive gives perfect recall. It equals eight out of ten when the model finds eight of ten real fraud cases. It is also called sensitivity or true positive rate."
AI/ML,In which situations is recurrent neural network a good choice?,Recurrent neural network is used for time series and text with order dependence. It is a neural network that processes sequences by passing a hidden state forward in time. It trains slowly because steps are sequential and suffers vanishing gradients.
AI/ML,What is the basic idea behind overfitting?,"Overfitting happens when a model memorizes training noise and performs poorly on unseen data. It is checked by comparing training and validation performance during model development. It makes high training accuracy misleading and leads to failures in production. It is the opposite of underfitting, where a model is too simple."
AI/ML,In which situations is recall a good choice?,"Recall is prioritized when missing a positive is costly, such as disease screening. It is the fraction of actual positives that the model correctly identifies. It equals eight out of ten when the model finds eight of ten real fraud cases. It is also called sensitivity or true positive rate."
AI/ML,Describe gradient boosting briefly.,"Gradient boosting is an ensemble method that builds trees sequentially, each correcting previous errors. It is used for high-accuracy tabular tasks and competitions. It often delivers state-of-the-art accuracy on structured data. It is sensitive to hyperparameters and can overfit noisy data. It is implemented by XGBoost, LightGBM, and CatBoost."
AI/ML,What should I learn alongside tokenization?,"Tokenization uses methods such as whitespace splitting, WordPiece, and Byte Pair Encoding. It is the process of splitting text into units such as words or subwords. It is used as the first step in NLP pipelines. It converts raw text into units a model can map to IDs."
AI/ML,What do you gain by using cross-validation?,Cross-validation uses data efficiently and gives a more stable estimate than one split. It is a resampling method that evaluates a model on multiple train-test splits. It is used to estimate generalization performance and tune hyperparameters. It is computationally costly and can leak information with time series or grouped data.
AI/ML,How does convolutional neural network help developers?,"Convolutional neural network shares weights, which reduces parameters and captures spatial structure. It is used for image classification, detection, and some audio tasks. It needs large labeled data and struggles with global context compared with transformers. It detects edges in early layers and objects in deeper layers."
AI/ML,What are the advantages of class imbalance?,"Class imbalance can be handled with resampling, class weights, and suitable metrics. It is a situation where one class has far more samples than others. It is checked in fraud, medical, and anomaly detection datasets. It appears when only one percent of transactions are fraudulent."
AI/ML,What should you watch out for when using decision tree?,"Decision tree overfits easily and changes a lot with small data changes. It is a model that splits data using feature-based questions into a tree of decisions. It is used for tabular classification and regression with mixed feature types. It decides loan approval by checking income, then credit history."
AI/ML,What problems can k-nearest neighbors cause?,K-nearest neighbors is slow at prediction on big data and suffers in high dimensions. It is used for simple classification and recommendation tasks. It needs no training phase and is easy to understand. It labels a flower by the majority class among its five nearest samples.
AI/ML,Explain ROC curve.,ROC curve is a plot of true positive rate against false positive rate across thresholds. It is used to compare classifiers independent of one chosen threshold. It shows a diagonal line for random guessing and a curve toward the top-left for good models.
AI/ML,Describe precision briefly.,"Precision is the fraction of predicted positives that are actually positive. It ignores missed positives, so a model can score high by predicting rarely. It equals eight out of ten when eight of ten flagged emails are truly spam. It is balanced against recall using the F1 score."
AI/ML,What is batch normalization used for?,Batch normalization is used to stabilize and speed up training of deep networks. It is a technique that normalizes layer inputs across each mini-batch. It allows higher learning rates and reduces sensitivity to initialization. It is placed after a convolution layer before the activation in many CNNs.
AI/ML,Why is one-hot encoding considered important?,One-hot encoding avoids implying a false order between categories. It is a method that represents each category as a binary vector. It is used to feed categorical features into models. It creates many columns when a feature has lots of categories.
AI/ML,What should I learn alongside confusion matrix?,"Confusion matrix is the basis for precision, recall, and F1 score. It is used to evaluate classification models beyond plain accuracy. It reveals which classes get confused and exposes false positives and negatives. It shows true positives, false positives, true negatives, and false negatives for a spam filter."
AI/ML,How does gradient descent differ from related concepts?,"Gradient descent has variants such as SGD, mini-batch, Momentum, and Adam. It is an optimization algorithm that updates parameters in the direction that reduces loss. It can get stuck in local minima or plateaus and is sensitive to learning rate."
AI/ML,What problems can k-means clustering cause?,"K-means clustering needs k in advance, favors round clusters, and is sensitive to initialization and outliers. It is used for customer segmentation and image compression. It is simple, fast, and scales to large datasets. It groups shoppers into three segments by spending and visit frequency."
AI/ML,What are common pitfalls with word embedding?,"Word embedding gives one vector per word, so static embeddings cannot separate different meanings. It is a dense vector representation of words capturing semantic similarity. It is used as input features for NLP models. It includes Word2Vec and GloVe, while contextual models like BERT produce context-aware vectors."
AI/ML,How would you explain cross-validation to a beginner?,"Cross-validation is a resampling method that evaluates a model on multiple train-test splits. It is used to estimate generalization performance and tune hyperparameters. It uses data efficiently and gives a more stable estimate than one split. It includes k-fold, stratified, and leave-one-out variants."
AI/ML,Give an example of underfitting.,"Underfitting occurs when a straight line is fitted to clearly curved data. It happens when a model is too simple to capture patterns in the data. It is diagnosed when both training and validation errors stay high. It is linked to high bias, while overfitting is linked to high variance."
AI/ML,What are the benefits of using support vector machine?,"Support vector machine works well in high dimensions and supports non-linear kernels. It is used for medium-sized datasets with clear margins, including text classification. It scales poorly to very large datasets and needs feature scaling. It separates spam from legitimate emails using an RBF kernel."
AI/ML,What is fine-tuning used for?,Fine-tuning is used to adapt general models like BERT to a specific domain. It reaches strong performance with far less data and compute than training from scratch. It can cause catastrophic forgetting and overfit on small datasets. It trains BERT further on support tickets to classify them.
AI/ML,What do you gain by using batch normalization?,Batch normalization allows higher learning rates and reduces sensitivity to initialization. It is a technique that normalizes layer inputs across each mini-batch. It behaves poorly with very small batches and adds complexity at inference. It is placed after a convolution layer before the activation in many CNNs.
AI/ML,What is the main purpose of convolutional neural network?,"Convolutional neural network is used for image classification, detection, and some audio tasks. It needs large labeled data and struggles with global context compared with transformers. It detects edges in early layers and objects in deeper layers. It includes architectures like ResNet, VGG, and EfficientNet."
AI/ML,What is the basic idea behind PCA?,"PCA is a technique that projects data onto directions of maximum variance. It is used for dimensionality reduction and visualization. It removes redundancy, speeds training, and reduces noise. It makes features hard to interpret and captures only linear structure. It is an alternative to t-SNE and UMAP for visualization."
AI/ML,What does k-nearest neighbors mean?,K-nearest neighbors is an algorithm that predicts using the labels of the k closest training points. It needs no training phase and is easy to understand. It labels a flower by the majority class among its five nearest samples. It depends on a distance metric and feature scaling.
AI/ML,What are the advantages of underfitting?,"Underfitting is easy to fix by adding features, complexity, or training longer. It is diagnosed when both training and validation errors stay high. It occurs when a straight line is fitted to clearly curved data. It is linked to high bias, while overfitting is linked to high variance."
AI/ML,In which situations is fine-tuning a good choice?,Fine-tuning is used to adapt general models like BERT to a specific domain. It reaches strong performance with far less data and compute than training from scratch. It trains BERT further on support tickets to classify them. It can be parameter-efficient using methods like LoRA.
AI/ML,What is an alternative to recurrent neural network?,Recurrent neural network is improved by LSTM and GRU and often replaced by transformers. It is a neural network that processes sequences by passing a hidden state forward in time. It trains slowly because steps are sequential and suffers vanishing gradients.
AI/ML,Give an example of recall.,"Recall equals eight out of ten when the model finds eight of ten real fraud cases. It is the fraction of actual positives that the model correctly identifies. It is prioritized when missing a positive is costly, such as disease screening. It shows how many real cases the model catches."
AI/ML,What is the main purpose of ROC curve?,ROC curve is used to compare classifiers independent of one chosen threshold. It shows a diagonal line for random guessing and a curve toward the top-left for good models. It is often replaced by the precision-recall curve for rare positives.
AI/ML,Walk me through a simple example of recall.,Recall equals eight out of ten when the model finds eight of ten real fraud cases. It is the fraction of actual positives that the model correctly identifies. It shows how many real cases the model catches. It is also called sensitivity or true positive rate.
AI/ML,How does k-nearest neighbors help developers?,K-nearest neighbors needs no training phase and is easy to understand. It is used for simple classification and recommendation tasks. It labels a flower by the majority class among its five nearest samples. It depends on a distance metric and feature scaling.
AI/ML,What is an alternative to LSTM?,"LSTM has a lighter variant called GRU. It is used for sequences like speech, text, and sensor data. It remembers long-term information better than plain RNNs. It is slower than transformers and harder to parallelize. It forecasts electricity demand from previous hourly readings."
AI/ML,Why is k-means clustering considered important?,"K-means clustering is simple, fast, and scales to large datasets. It is an unsupervised algorithm that groups data into k clusters around centroids. It needs k in advance, favors round clusters, and is sensitive to initialization and outliers. It groups shoppers into three segments by spending and visit frequency."
AI/ML,What should I learn alongside loss function?,"Loss function is different from an evaluation metric, which reports performance to humans. It is a function that measures how far predictions are from true values. It can mislead if it does not match the real business metric. It uses mean squared error for regression and cross-entropy for classification."
AI/ML,Can you illustrate random forest with an example?,Random forest predicts customer churn by combining hundreds of trees through majority voting. It is an ensemble of many decision trees trained on random subsets of data and features. It reduces overfitting through averaging and gives feature importance scores. It is less interpretable and slower than a single tree.
AI/ML,How does recall differ from related concepts?,"Recall is also called sensitivity or true positive rate. It is prioritized when missing a positive is costly, such as disease screening. It shows how many real cases the model catches. It equals eight out of ten when the model finds eight of ten real fraud cases."
AI/ML,What is related to cross-validation?,"Cross-validation includes k-fold, stratified, and leave-one-out variants. It is used to estimate generalization performance and tune hyperparameters. It is computationally costly and can leak information with time series or grouped data. It trains five times in five-fold validation, each time holding out a different fold."
AI/ML,What is a practical example of logistic regression?,"Logistic regression predicts whether a customer will buy based on age and browsing time. It is used for binary outcomes such as churn or spam. It is quick to train, interpretable, and gives calibrated probabilities. It struggles with non-linear boundaries unless features are engineered."
AI/ML,How does random forest differ from related concepts?,"Random forest uses bagging, unlike boosting methods that train trees sequentially. It is used for robust tabular prediction with little tuning. It reduces overfitting through averaging and gives feature importance scores. It predicts customer churn by combining hundreds of trees through majority voting."
AI/ML,Describe a scenario where LSTM is applied.,"LSTM forecasts electricity demand from previous hourly readings. It is a recurrent network unit with gates that control what to remember or forget. It is used for sequences like speech, text, and sensor data. It is slower than transformers and harder to parallelize. It has a lighter variant called GRU."
AI/ML,Give an example of convolutional neural network.,"Convolutional neural network detects edges in early layers and objects in deeper layers. It is a neural network that uses learnable filters to detect local patterns in grid-like data. It is used for image classification, detection, and some audio tasks. It includes architectures like ResNet, VGG, and EfficientNet."
AI/ML,What are the drawbacks of word embedding?,"Word embedding gives one vector per word, so static embeddings cannot separate different meanings. It is a dense vector representation of words capturing semantic similarity. It is used as input features for NLP models. It places king and queen near each other in vector space."
AI/ML,What should I learn alongside precision?,"Precision is balanced against recall using the F1 score. It is the fraction of predicted positives that are actually positive. It is prioritized when false positives are costly, such as spam filtering. It equals eight out of ten when eight of ten flagged emails are truly spam."
AI/ML,Where have you seen gradient boosting in action?,"Gradient boosting is implemented by XGBoost, LightGBM, and CatBoost. It is an ensemble method that builds trees sequentially, each correcting previous errors. It is used for high-accuracy tabular tasks and competitions. It often delivers state-of-the-art accuracy on structured data. It is sensitive to hyperparameters and can overfit noisy data."
AI/ML,Why is regularization considered important?,"Regularization improves generalization to unseen data. It is a set of techniques that discourage overly complex models. It is used to reduce overfitting in linear models and neural networks. It adds hyperparameters, and too much of it causes underfitting. It adds an L2 penalty on weights to the loss function."
AI/ML,What problem does class imbalance solve?,"Class imbalance is checked in fraud, medical, and anomaly detection datasets. It makes accuracy misleading, since predicting the majority class looks good. It appears when only one percent of transactions are fraudulent. It is addressed with SMOTE, undersampling, and focal loss."
AI/ML,Where have you seen overfitting in action?,"Overfitting shows up as ninety-nine percent training accuracy but sixty percent test accuracy. It is checked by comparing training and validation performance during model development. It becomes manageable once spotted, since fixes like regularization and more data exist. It makes high training accuracy misleading and leads to failures in production."
AI/ML,What is attention mechanism?,"Attention mechanism is a technique that lets a model weigh the importance of different input parts. It is used in translation, summarization, and transformers. It lets a translation model focus on the right source word when producing each target word."
AI/ML,List the strengths of activation function.,"Activation function lets stacked layers represent curves rather than only linear mappings. It can cause vanishing gradients or dead neurons if chosen poorly. It includes ReLU in hidden layers and sigmoid in binary outputs. It is chosen among options like tanh, sigmoid, ReLU, and GELU."
AI/ML,What are the advantages of attention mechanism?,"Attention mechanism handles long dependencies and gives some interpretability through attention weights. It is a technique that lets a model weigh the importance of different input parts. It is used in translation, summarization, and transformers. It is computationally expensive for long sequences. It includes self-attention and multi-head attention."
AI/ML,What is an alternative to softmax?,"Softmax generalizes the sigmoid function used in binary classification. It gives interpretable class probabilities that work well with cross-entropy loss. It is overconfident on out-of-distribution inputs and unsuitable for multi-label tasks. It turns scores of two, one, and zero into roughly 0.67, 0.24, and 0.09."
AI/ML,What are the disadvantages of k-means clustering?,"K-means clustering needs k in advance, favors round clusters, and is sensitive to initialization and outliers. It is used for customer segmentation and image compression. It groups shoppers into three segments by spending and visit frequency. It differs from hierarchical and DBSCAN clustering."
AI/ML,Can you illustrate activation function with an example?,"Activation function includes ReLU in hidden layers and sigmoid in binary outputs. It is used between layers so networks can learn complex patterns. It lets stacked layers represent curves rather than only linear mappings. It is chosen among options like tanh, sigmoid, ReLU, and GELU."
AI/ML,Where have you seen precision in action?,Precision equals eight out of ten when eight of ten flagged emails are truly spam. It is the fraction of predicted positives that are actually positive. It tells how trustworthy positive predictions are. It is balanced against recall using the F1 score.
AI/ML,Describe a scenario where gradient boosting is applied.,"Gradient boosting is implemented by XGBoost, LightGBM, and CatBoost. It is an ensemble method that builds trees sequentially, each correcting previous errors. It often delivers state-of-the-art accuracy on structured data. It differs from random forest, which trains trees independently in parallel."
AI/ML,How does gradient boosting compare with similar approaches?,"Gradient boosting differs from random forest, which trains trees independently in parallel. It is an ensemble method that builds trees sequentially, each correcting previous errors. It often delivers state-of-the-art accuracy on structured data. It is implemented by XGBoost, LightGBM, and CatBoost."
AI/ML,What is related to recall?,"Recall is also called sensitivity or true positive rate. It is the fraction of actual positives that the model correctly identifies. It is prioritized when missing a positive is costly, such as disease screening. It shows how many real cases the model catches."
AI/ML,How does k-means clustering compare with similar approaches?,"K-means clustering differs from hierarchical and DBSCAN clustering. It is an unsupervised algorithm that groups data into k clusters around centroids. It needs k in advance, favors round clusters, and is sensitive to initialization and outliers. It groups shoppers into three segments by spending and visit frequency."
AI/ML,What is a practical example of TF-IDF?,TF-IDF gives the word kubernetes a high score in a DevOps article. It is used to turn text into numeric features for search and classification. It highlights distinctive words and downweights common ones. It is a classic alternative to word embeddings and bag-of-words counts.
AI/ML,What problems can ReLU cause?,ReLU can cause dead neurons that output zero for all inputs. It is used in hidden layers of deep networks. It is cheap to compute and reduces vanishing gradient problems. It has variants like Leaky ReLU and GELU that avoid dead neurons.
AI/ML,How does backpropagation compare with similar approaches?,Backpropagation works together with an optimizer like gradient descent. It is the algorithm that computes gradients of the loss with respect to network weights. It is used to train neural networks by sending errors backward through layers. It computes all gradients efficiently using the chain rule.
AI/ML,How is k-means clustering typically used in real projects?,"K-means clustering is used for customer segmentation and image compression. It is an unsupervised algorithm that groups data into k clusters around centroids. It is simple, fast, and scales to large datasets. It groups shoppers into three segments by spending and visit frequency."
AI/ML,What makes activation function valuable?,"Activation function lets stacked layers represent curves rather than only linear mappings. It is a function applied to a neuron's output to introduce non-linearity. It includes ReLU in hidden layers and sigmoid in binary outputs. It is chosen among options like tanh, sigmoid, ReLU, and GELU."
AI/ML,What is a practical example of class imbalance?,"Class imbalance appears when only one percent of transactions are fraudulent. It is a situation where one class has far more samples than others. It can be handled with resampling, class weights, and suitable metrics. It is addressed with SMOTE, undersampling, and focal loss."
AI/ML,Define dropout in simple words.,Dropout is a regularization technique that randomly disables neurons during training. It reduces overfitting and acts like training an ensemble of sub-networks. It slows convergence and is turned off at inference time. It drops fifty percent of hidden units in each training step.
AI/ML,What are the limitations of dropout?,Dropout slows convergence and is turned off at inference time. It reduces overfitting and acts like training an ensemble of sub-networks. It drops fifty percent of hidden units in each training step. It is often combined with weight decay and batch normalization.
AI/ML,Is there a substitute for recall?,"Recall is also called sensitivity or true positive rate. It is the fraction of actual positives that the model correctly identifies. It ignores false alarms, so predicting everything positive gives perfect recall. It equals eight out of ten when the model finds eight of ten real fraud cases."
AI/ML,How does gradient descent compare with similar approaches?,"Gradient descent has variants such as SGD, mini-batch, Momentum, and Adam. It is used to train linear models and neural networks. It scales to huge datasets and many parameters, especially in stochastic form. It adjusts weights step by step until the loss stops decreasing."
AI/ML,What are common pitfalls with regularization?,"Regularization adds hyperparameters, and too much of it causes underfitting. It is used to reduce overfitting in linear models and neural networks. It improves generalization to unseen data. It adds an L2 penalty on weights to the loss function. It includes L1, L2, dropout, and early stopping."
AI/ML,Where is attention mechanism commonly applied?,"Attention mechanism is used in translation, summarization, and transformers. It is a technique that lets a model weigh the importance of different input parts. It handles long dependencies and gives some interpretability through attention weights. It includes self-attention and multi-head attention."
AI/ML,Why do developers use transformer?,"Transformer is used for language models, translation, and increasingly vision tasks. It is a neural network architecture based on self-attention rather than recurrence. It processes tokens in parallel and captures long-range dependencies. It replaced many RNN and LSTM approaches in NLP."
AI/ML,When should you use learning rate?,Learning rate is tuned to balance training speed against stability. It is a hyperparameter that controls the step size of each weight update. It is often set around 0.001 for the Adam optimizer. It can be adjusted over time using schedules or warmup.
AI/ML,When should you use activation function?,Activation function is used between layers so networks can learn complex patterns. It is a function applied to a neuron's output to introduce non-linearity. It lets stacked layers represent curves rather than only linear mappings. It can cause vanishing gradients or dead neurons if chosen poorly.
AI/ML,Where is k-nearest neighbors commonly applied?,K-nearest neighbors is used for simple classification and recommendation tasks. It is an algorithm that predicts using the labels of the k closest training points. It needs no training phase and is easy to understand. It is slow at prediction on big data and suffers in high dimensions.
AI/ML,Why do developers use batch normalization?,"Batch normalization is used to stabilize and speed up training of deep networks. It allows higher learning rates and reduces sensitivity to initialization. It behaves poorly with very small batches and adds complexity at inference. It is an alternative to layer normalization, which is common in transformers."
AI/ML,What are the advantages of decision tree?,"Decision tree is easy to visualize and needs little preprocessing. It is a model that splits data using feature-based questions into a tree of decisions. It is used for tabular classification and regression with mixed feature types. It decides loan approval by checking income, then credit history."
AI/ML,When should you use one-hot encoding?,One-hot encoding is used to feed categorical features into models. It is a method that represents each category as a binary vector. It creates many columns when a feature has lots of categories. It is an alternative to label encoding and target encoding.
AI/ML,What makes TF-IDF valuable?,"TF-IDF highlights distinctive words and downweights common ones. It is used to turn text into numeric features for search and classification. It ignores word order and meaning, so synonyms are treated as unrelated. It is a classic alternative to word embeddings and bag-of-words counts."
AI/ML,What is an alternative to word embedding?,"Word embedding includes Word2Vec and GloVe, while contextual models like BERT produce context-aware vectors. It is a dense vector representation of words capturing semantic similarity. It is used as input features for NLP models. It gives one vector per word, so static embeddings cannot separate different meanings."
AI/ML,What problems can gradient descent cause?,"Gradient descent can get stuck in local minima or plateaus and is sensitive to learning rate. It is an optimization algorithm that updates parameters in the direction that reduces loss. It has variants such as SGD, mini-batch, Momentum, and Adam."
AI/ML,Where have you seen hyperparameter tuning in action?,Hyperparameter tuning tries different tree depths and learning rates for a boosting model. It is the process of searching for the best training settings that are not learned from data. It can raise accuracy substantially without changing the model type.
AI/ML,What is the basic idea behind gradient descent?,"Gradient descent is an optimization algorithm that updates parameters in the direction that reduces loss. It can get stuck in local minima or plateaus and is sensitive to learning rate. It has variants such as SGD, mini-batch, Momentum, and Adam."
AI/ML,When should you use underfitting?,"Underfitting is diagnosed when both training and validation errors stay high. It happens when a model is too simple to capture patterns in the data. It is easy to fix by adding features, complexity, or training longer. It is linked to high bias, while overfitting is linked to high variance."
AI/ML,What are the advantages of overfitting?,"Overfitting becomes manageable once spotted, since fixes like regularization and more data exist. It is checked by comparing training and validation performance during model development. It makes high training accuracy misleading and leads to failures in production. It shows up as ninety-nine percent training accuracy but sixty percent test accuracy."
AI/ML,How is gradient descent used in practice?,Gradient descent adjusts weights step by step until the loss stops decreasing. It is an optimization algorithm that updates parameters in the direction that reduces loss. It can get stuck in local minima or plateaus and is sensitive to learning rate.
AI/ML,What is related to softmax?,"Softmax generalizes the sigmoid function used in binary classification. It is used in output layers for multi-class classification. It gives interpretable class probabilities that work well with cross-entropy loss. It turns scores of two, one, and zero into roughly 0.67, 0.24, and 0.09."
AI/ML,How would you explain class imbalance to a beginner?,"Class imbalance is a situation where one class has far more samples than others. It is checked in fraud, medical, and anomaly detection datasets. It can be handled with resampling, class weights, and suitable metrics. It is addressed with SMOTE, undersampling, and focal loss."
AI/ML,How is LSTM used in practice?,LSTM forecasts electricity demand from previous hourly readings. It is a recurrent network unit with gates that control what to remember or forget. It remembers long-term information better than plain RNNs. It is slower than transformers and harder to parallelize.
AI/ML,Is there a substitute for logistic regression?,Logistic regression generalizes to multi-class problems with softmax. It is used for binary outcomes such as churn or spam. It struggles with non-linear boundaries unless features are engineered. It predicts whether a customer will buy based on age and browsing time.
AI/ML,How does support vector machine help developers?,Support vector machine works well in high dimensions and supports non-linear kernels. It is a classifier that finds the hyperplane with the largest margin between classes. It scales poorly to very large datasets and needs feature scaling. It separates spam from legitimate emails using an RBF kernel.
AI/ML,What are the downsides of class imbalance?,"Class imbalance makes accuracy misleading, since predicting the majority class looks good. It can be handled with resampling, class weights, and suitable metrics. It appears when only one percent of transactions are fraudulent. It is addressed with SMOTE, undersampling, and focal loss."
AI/ML,What are common pitfalls with underfitting?,"Underfitting yields poor predictions everywhere because the model never learns the signal. It is easy to fix by adding features, complexity, or training longer. It occurs when a straight line is fitted to clearly curved data. It is linked to high bias, while overfitting is linked to high variance."
AI/ML,What should you watch out for when using ROC curve?,ROC curve can look overly optimistic on heavily imbalanced data. It is a plot of true positive rate against false positive rate across thresholds. It shows a diagonal line for random guessing and a curve toward the top-left for good models.
AI/ML,In which situations is precision a good choice?,"Precision is prioritized when false positives are costly, such as spam filtering. It tells how trustworthy positive predictions are. It equals eight out of ten when eight of ten flagged emails are truly spam. It is balanced against recall using the F1 score."
AI/ML,What are the alternatives or companions of transfer learning?,Transfer learning includes feature extraction and fine-tuning. It is the practice of reusing a model trained on one task for another task. It saves training time and data and often improves accuracy. It adapts an ImageNet-trained ResNet to classify medical images.
AI/ML,Show a real-world example of dropout.,Dropout drops fifty percent of hidden units in each training step. It is a regularization technique that randomly disables neurons during training. It is used in deep networks to prevent co-adaptation of neurons. It slows convergence and is turned off at inference time.
AI/ML,What problem does k-means clustering solve?,"K-means clustering is used for customer segmentation and image compression. It is an unsupervised algorithm that groups data into k clusters around centroids. It is simple, fast, and scales to large datasets. It groups shoppers into three segments by spending and visit frequency. It differs from hierarchical and DBSCAN clustering."
AI/ML,What is the basic idea behind hyperparameter tuning?,"Hyperparameter tuning is the process of searching for the best training settings that are not learned from data. It can raise accuracy substantially without changing the model type. It is computationally costly and can overfit the validation set. It uses grid search, random search, and Bayesian optimization."
AI/ML,Define precision in simple words.,"Precision is the fraction of predicted positives that are actually positive. It is prioritized when false positives are costly, such as spam filtering. It equals eight out of ten when eight of ten flagged emails are truly spam. It is balanced against recall using the F1 score."
AI/ML,Can you illustrate TF-IDF with an example?,"TF-IDF gives the word kubernetes a high score in a DevOps article. It is used to turn text into numeric features for search and classification. It highlights distinctive words and downweights common ones. It ignores word order and meaning, so synonyms are treated as unrelated."
AI/ML,What is a practical example of linear regression?,"Linear regression predicts house price from area, location score, and number of rooms. It is a model that predicts a numeric value as a weighted sum of input features. It is used for forecasting and understanding relationships between variables. It assumes linearity and is sensitive to outliers and correlated features."
AI/ML,What are the limitations of transformer?,"Transformer needs large compute and memory, since attention cost grows with sequence length squared. It is used for language models, translation, and increasingly vision tasks. It processes tokens in parallel and captures long-range dependencies. It replaced many RNN and LSTM approaches in NLP."
AI/ML,What do you gain by using transformer?,"Transformer processes tokens in parallel and captures long-range dependencies. It is a neural network architecture based on self-attention rather than recurrence. It needs large compute and memory, since attention cost grows with sequence length squared. It replaced many RNN and LSTM approaches in NLP."
AI/ML,Is there a substitute for ROC curve?,ROC curve is often replaced by the precision-recall curve for rare positives. It is used to compare classifiers independent of one chosen threshold. It shows a diagonal line for random guessing and a curve toward the top-left for good models.
AI/ML,What do you gain by using support vector machine?,"Support vector machine works well in high dimensions and supports non-linear kernels. It is a classifier that finds the hyperplane with the largest margin between classes. It is used for medium-sized datasets with clear margins, including text classification. It is an alternative to logistic regression and tree-based models."
AI/ML,What is related to one-hot encoding?,One-hot encoding is an alternative to label encoding and target encoding. It is a method that represents each category as a binary vector. It is used to feed categorical features into models. It avoids implying a false order between categories.
AI/ML,What is the basic idea behind feature scaling?,"Feature scaling is the process of putting numeric features on comparable ranges. It is used before distance-based or gradient-based algorithms. It speeds up convergence and prevents large-range features dominating. It must be fit on training data only, or it leaks information. It uses methods such as min-max scaling and standardization."
AI/ML,How does feature scaling differ from related concepts?,"Feature scaling uses methods such as min-max scaling and standardization. It speeds up convergence and prevents large-range features dominating. It must be fit on training data only, or it leaks information. It standardizes age and income to mean zero and unit variance."
AI/ML,What are the disadvantages of regularization?,"Regularization adds hyperparameters, and too much of it causes underfitting. It is a set of techniques that discourage overly complex models. It is used to reduce overfitting in linear models and neural networks. It improves generalization to unseen data. It includes L1, L2, dropout, and early stopping."
AI/ML,Explain cross-validation.,Cross-validation is a resampling method that evaluates a model on multiple train-test splits. It is used to estimate generalization performance and tune hyperparameters. It uses data efficiently and gives a more stable estimate than one split. It is computationally costly and can leak information with time series or grouped data.
AI/ML,What are common pitfalls with convolutional neural network?,"Convolutional neural network needs large labeled data and struggles with global context compared with transformers. It shares weights, which reduces parameters and captures spatial structure. It detects edges in early layers and objects in deeper layers. It includes architectures like ResNet, VGG, and EfficientNet."
AI/ML,Why is ROC curve considered important?,ROC curve summarizes performance through the area under the curve. It is used to compare classifiers independent of one chosen threshold. It shows a diagonal line for random guessing and a curve toward the top-left for good models. It is often replaced by the precision-recall curve for rare positives.
AI/ML,Why do developers use dropout?,Dropout is used in deep networks to prevent co-adaptation of neurons. It slows convergence and is turned off at inference time. It drops fifty percent of hidden units in each training step. It is often combined with weight decay and batch normalization.
AI/ML,Where is logistic regression commonly applied?,Logistic regression is used for binary outcomes such as churn or spam. It is a classification model that predicts probabilities using the sigmoid function. It predicts whether a customer will buy based on age and browsing time. It generalizes to multi-class problems with softmax.
AI/ML,What should you watch out for when using tokenization?,"Tokenization can break rare words badly and differs across languages and models. It is the process of splitting text into units such as words or subwords. It converts raw text into units a model can map to IDs. It uses methods such as whitespace splitting, WordPiece, and Byte Pair Encoding."
AI/ML,List the strengths of TF-IDF.,"TF-IDF highlights distinctive words and downweights common ones. It is a weighting scheme that scores words by frequency in a document and rarity across documents. It is used to turn text into numeric features for search and classification. It ignores word order and meaning, so synonyms are treated as unrelated."
AI/ML,What is the basic idea behind regularization?,"Regularization is a set of techniques that discourage overly complex models. It is used to reduce overfitting in linear models and neural networks. It adds hyperparameters, and too much of it causes underfitting. It adds an L2 penalty on weights to the loss function."
AI/ML,What are the drawbacks of transformer?,"Transformer needs large compute and memory, since attention cost grows with sequence length squared. It is used for language models, translation, and increasingly vision tasks. It processes tokens in parallel and captures long-range dependencies. It powers models such as BERT, GPT, and T5."
AI/ML,What is k-nearest neighbors used for?,K-nearest neighbors is used for simple classification and recommendation tasks. It is an algorithm that predicts using the labels of the k closest training points. It needs no training phase and is easy to understand. It depends on a distance metric and feature scaling.
AI/ML,What are the downsides of softmax?,Softmax is overconfident on out-of-distribution inputs and unsuitable for multi-label tasks. It is a function that converts raw scores into probabilities summing to one. It is used in output layers for multi-class classification. It gives interpretable class probabilities that work well with cross-entropy loss.
AI/ML,How does recurrent neural network help developers?,Recurrent neural network handles variable-length sequences with shared weights. It is a neural network that processes sequences by passing a hidden state forward in time. It trains slowly because steps are sequential and suffers vanishing gradients. It is improved by LSTM and GRU and often replaced by transformers.
AI/ML,When should you use fine-tuning?,Fine-tuning is used to adapt general models like BERT to a specific domain. It is continued training of a pretrained model on task-specific data. It reaches strong performance with far less data and compute than training from scratch. It can cause catastrophic forgetting and overfit on small datasets.
AI/ML,How would you explain activation function to a beginner?,"Activation function is a function applied to a neuron's output to introduce non-linearity. It lets stacked layers represent curves rather than only linear mappings. It includes ReLU in hidden layers and sigmoid in binary outputs. It is chosen among options like tanh, sigmoid, ReLU, and GELU."
AI/ML,What are the benefits of using ReLU?,ReLU is cheap to compute and reduces vanishing gradient problems. It is used in hidden layers of deep networks. It can cause dead neurons that output zero for all inputs. It turns negative three into zero and positive five into five.
AI/ML,What should you watch out for when using logistic regression?,"Logistic regression struggles with non-linear boundaries unless features are engineered. It is quick to train, interpretable, and gives calibrated probabilities. It predicts whether a customer will buy based on age and browsing time. It generalizes to multi-class problems with softmax."
AI/ML,What are the advantages of ReLU?,ReLU is cheap to compute and reduces vanishing gradient problems. It is used in hidden layers of deep networks. It can cause dead neurons that output zero for all inputs. It has variants like Leaky ReLU and GELU that avoid dead neurons.
AI/ML,Show a real-world example of TF-IDF.,TF-IDF gives the word kubernetes a high score in a DevOps article. It is a weighting scheme that scores words by frequency in a document and rarity across documents. It is a classic alternative to word embeddings and bag-of-words counts.
AI/ML,What are the limitations of regularization?,"Regularization adds hyperparameters, and too much of it causes underfitting. It is a set of techniques that discourage overly complex models. It is used to reduce overfitting in linear models and neural networks. It improves generalization to unseen data. It adds an L2 penalty on weights to the loss function."
AI/ML,What are the benefits of using transfer learning?,Transfer learning saves training time and data and often improves accuracy. It is used when labeled data is limited. It can fail when the source and target domains differ too much. It adapts an ImageNet-trained ResNet to classify medical images.
AI/ML,Show a real-world example of feature scaling.,"Feature scaling standardizes age and income to mean zero and unit variance. It is used before distance-based or gradient-based algorithms. It speeds up convergence and prevents large-range features dominating. It must be fit on training data only, or it leaks information."
AI/ML,What are the drawbacks of linear regression?,"Linear regression assumes linearity and is sensitive to outliers and correlated features. It is a model that predicts a numeric value as a weighted sum of input features. It predicts house price from area, location score, and number of rooms. It extends to ridge, lasso, and polynomial regression."
AI/ML,What problems can precision cause?,"Precision ignores missed positives, so a model can score high by predicting rarely. It is the fraction of predicted positives that are actually positive. It tells how trustworthy positive predictions are. It is balanced against recall using the F1 score."
AI/ML,Walk me through a simple example of batch normalization.,Batch normalization is placed after a convolution layer before the activation in many CNNs. It is a technique that normalizes layer inputs across each mini-batch. It is used to stabilize and speed up training of deep networks. It allows higher learning rates and reduces sensitivity to initialization.
AI/ML,What is an alternative to precision?,"Precision is balanced against recall using the F1 score. It is the fraction of predicted positives that are actually positive. It ignores missed positives, so a model can score high by predicting rarely. It equals eight out of ten when eight of ten flagged emails are truly spam."
AI/ML,What are the limitations of linear regression?,"Linear regression assumes linearity and is sensitive to outliers and correlated features. It is a model that predicts a numeric value as a weighted sum of input features. It is fast, simple, and highly interpretable. It extends to ridge, lasso, and polynomial regression."
AI/ML,What does activation function mean?,Activation function is a function applied to a neuron's output to introduce non-linearity. It lets stacked layers represent curves rather than only linear mappings. It can cause vanishing gradients or dead neurons if chosen poorly. It includes ReLU in hidden layers and sigmoid in binary outputs.
AI/ML,Give an example of class imbalance.,"Class imbalance appears when only one percent of transactions are fraudulent. It is checked in fraud, medical, and anomaly detection datasets. It makes accuracy misleading, since predicting the majority class looks good. It is addressed with SMOTE, undersampling, and focal loss."
AI/ML,Walk me through a simple example of PCA.,PCA compresses fifty correlated features into ten principal components. It is a technique that projects data onto directions of maximum variance. It is used for dimensionality reduction and visualization. It makes features hard to interpret and captures only linear structure. It is an alternative to t-SNE and UMAP for visualization.
AI/ML,Why is softmax considered important?,Softmax gives interpretable class probabilities that work well with cross-entropy loss. It is a function that converts raw scores into probabilities summing to one. It is used in output layers for multi-class classification. It is overconfident on out-of-distribution inputs and unsuitable for multi-label tasks.
AI/ML,Is there a substitute for convolutional neural network?,"Convolutional neural network includes architectures like ResNet, VGG, and EfficientNet. It is a neural network that uses learnable filters to detect local patterns in grid-like data. It shares weights, which reduces parameters and captures spatial structure. It needs large labeled data and struggles with global context compared with transformers."
AI/ML,What are common pitfalls with confusion matrix?,"Confusion matrix becomes hard to read with many classes and does not give a single score. It reveals which classes get confused and exposes false positives and negatives. It shows true positives, false positives, true negatives, and false negatives for a spam filter."
AI/ML,What is transfer learning?,Transfer learning is the practice of reusing a model trained on one task for another task. It is used when labeled data is limited. It can fail when the source and target domains differ too much. It includes feature extraction and fine-tuning.
AI/ML,How would you explain fine-tuning to a beginner?,Fine-tuning is continued training of a pretrained model on task-specific data. It is used to adapt general models like BERT to a specific domain. It can cause catastrophic forgetting and overfit on small datasets. It can be parameter-efficient using methods like LoRA.
AI/ML,Give an example of overfitting.,"Overfitting shows up as ninety-nine percent training accuracy but sixty percent test accuracy. It becomes manageable once spotted, since fixes like regularization and more data exist. It makes high training accuracy misleading and leads to failures in production. It is the opposite of underfitting, where a model is too simple."
AI/ML,When should you avoid transformer?,"Transformer needs large compute and memory, since attention cost grows with sequence length squared. It is a neural network architecture based on self-attention rather than recurrence. It is used for language models, translation, and increasingly vision tasks. It powers models such as BERT, GPT, and T5."
AI/ML,What is related to batch normalization?,"Batch normalization is an alternative to layer normalization, which is common in transformers. It is used to stabilize and speed up training of deep networks. It behaves poorly with very small batches and adds complexity at inference. It is placed after a convolution layer before the activation in many CNNs."
AI/ML,Why do developers use ROC curve?,ROC curve is used to compare classifiers independent of one chosen threshold. It can look overly optimistic on heavily imbalanced data. It shows a diagonal line for random guessing and a curve toward the top-left for good models. It is often replaced by the precision-recall curve for rare positives.
AI/ML,Give an example of transformer.,"Transformer powers models such as BERT, GPT, and T5. It processes tokens in parallel and captures long-range dependencies. It needs large compute and memory, since attention cost grows with sequence length squared. It replaced many RNN and LSTM approaches in NLP."
AI/ML,What are the downsides of transfer learning?,Transfer learning can fail when the source and target domains differ too much. It is the practice of reusing a model trained on one task for another task. It is used when labeled data is limited. It includes feature extraction and fine-tuning.
AI/ML,What is the basic idea behind random forest?,"Random forest is an ensemble of many decision trees trained on random subsets of data and features. It reduces overfitting through averaging and gives feature importance scores. It predicts customer churn by combining hundreds of trees through majority voting. It uses bagging, unlike boosting methods that train trees sequentially."
AI/ML,What are common pitfalls with backpropagation?,Backpropagation suffers from vanishing or exploding gradients in very deep networks. It is used to train neural networks by sending errors backward through layers. It computes all gradients efficiently using the chain rule. It works together with an optimizer like gradient descent.
AI/ML,Why do developers use k-means clustering?,"K-means clustering is used for customer segmentation and image compression. It is an unsupervised algorithm that groups data into k clusters around centroids. It needs k in advance, favors round clusters, and is sensitive to initialization and outliers. It differs from hierarchical and DBSCAN clustering."
AI/ML,What do you gain by using tokenization?,"Tokenization converts raw text into units a model can map to IDs. It is used as the first step in NLP pipelines. It splits unbelievable into subwords such as un, believ, and able. It uses methods such as whitespace splitting, WordPiece, and Byte Pair Encoding."
AI/ML,What is the basic idea behind tokenization?,"Tokenization is the process of splitting text into units such as words or subwords. It converts raw text into units a model can map to IDs. It can break rare words badly and differs across languages and models. It splits unbelievable into subwords such as un, believ, and able."
AI/ML,Is there a substitute for overfitting?,"Overfitting is the opposite of underfitting, where a model is too simple. It is checked by comparing training and validation performance during model development. It becomes manageable once spotted, since fixes like regularization and more data exist. It makes high training accuracy misleading and leads to failures in production."
AI/ML,What is the main purpose of attention mechanism?,"Attention mechanism is used in translation, summarization, and transformers. It is a technique that lets a model weigh the importance of different input parts. It handles long dependencies and gives some interpretability through attention weights. It is computationally expensive for long sequences."
AI/ML,Describe dropout briefly.,Dropout is a regularization technique that randomly disables neurons during training. It is used in deep networks to prevent co-adaptation of neurons. It slows convergence and is turned off at inference time. It is often combined with weight decay and batch normalization.
AI/ML,What other concepts are connected to ROC curve?,ROC curve is often replaced by the precision-recall curve for rare positives. It is a plot of true positive rate against false positive rate across thresholds. It is used to compare classifiers independent of one chosen threshold. It can look overly optimistic on heavily imbalanced data.
AI/ML,How would you explain convolutional neural network to a beginner?,Convolutional neural network is a neural network that uses learnable filters to detect local patterns in grid-like data. It needs large labeled data and struggles with global context compared with transformers. It detects edges in early layers and objects in deeper layers.
AI/ML,What should I learn alongside hyperparameter tuning?,"Hyperparameter tuning uses grid search, random search, and Bayesian optimization. It can raise accuracy substantially without changing the model type. It is computationally costly and can overfit the validation set. It tries different tree depths and learning rates for a boosting model."
AI/ML,Where is reinforcement learning commonly applied?,"Reinforcement learning is used in robotics, game playing, and recommendation or control problems. It is a learning paradigm where an agent learns actions by receiving rewards. It needs many interactions, and reward design is difficult and unstable. It includes Q-learning and policy gradient methods."
AI/ML,In which situations is dropout a good choice?,Dropout is used in deep networks to prevent co-adaptation of neurons. It reduces overfitting and acts like training an ensemble of sub-networks. It drops fifty percent of hidden units in each training step. It is often combined with weight decay and batch normalization.
AI/ML,When should you avoid random forest?,"Random forest is less interpretable and slower than a single tree. It is used for robust tabular prediction with little tuning. It predicts customer churn by combining hundreds of trees through majority voting. It uses bagging, unlike boosting methods that train trees sequentially."
AI/ML,Describe logistic regression briefly.,"Logistic regression is a classification model that predicts probabilities using the sigmoid function. It is quick to train, interpretable, and gives calibrated probabilities. It predicts whether a customer will buy based on age and browsing time. It generalizes to multi-class problems with softmax."
AI/ML,Where is underfitting commonly applied?,"Underfitting is diagnosed when both training and validation errors stay high. It yields poor predictions everywhere because the model never learns the signal. It occurs when a straight line is fitted to clearly curved data. It is linked to high bias, while overfitting is linked to high variance."
AI/ML,When should you use decision tree?,"Decision tree is used for tabular classification and regression with mixed feature types. It is a model that splits data using feature-based questions into a tree of decisions. It overfits easily and changes a lot with small data changes. It decides loan approval by checking income, then credit history."
AI/ML,Walk me through a simple example of tokenization.,"Tokenization splits unbelievable into subwords such as un, believ, and able. It converts raw text into units a model can map to IDs. It can break rare words badly and differs across languages and models. It uses methods such as whitespace splitting, WordPiece, and Byte Pair Encoding."
AI/ML,Why is convolutional neural network useful?,"Convolutional neural network shares weights, which reduces parameters and captures spatial structure. It needs large labeled data and struggles with global context compared with transformers. It detects edges in early layers and objects in deeper layers. It includes architectures like ResNet, VGG, and EfficientNet."
AI/ML,Is there a substitute for confusion matrix?,"Confusion matrix is the basis for precision, recall, and F1 score. It is a table that compares predicted classes against actual classes. It is used to evaluate classification models beyond plain accuracy. It reveals which classes get confused and exposes false positives and negatives."
AI/ML,What problem does softmax solve?,Softmax is used in output layers for multi-class classification. It is a function that converts raw scores into probabilities summing to one. It gives interpretable class probabilities that work well with cross-entropy loss. It is overconfident on out-of-distribution inputs and unsuitable for multi-label tasks.
AI/ML,What should I learn alongside logistic regression?,"Logistic regression generalizes to multi-class problems with softmax. It is quick to train, interpretable, and gives calibrated probabilities. It struggles with non-linear boundaries unless features are engineered. It predicts whether a customer will buy based on age and browsing time."
AI/ML,Why is k-nearest neighbors useful?,K-nearest neighbors needs no training phase and is easy to understand. It is used for simple classification and recommendation tasks. It is slow at prediction on big data and suffers in high dimensions. It labels a flower by the majority class among its five nearest samples.
AI/ML,When should you use TF-IDF?,TF-IDF is used to turn text into numeric features for search and classification. It highlights distinctive words and downweights common ones. It gives the word kubernetes a high score in a DevOps article. It is a classic alternative to word embeddings and bag-of-words counts.
AI/ML,What does TF-IDF mean?,TF-IDF is a weighting scheme that scores words by frequency in a document and rarity across documents. It is used to turn text into numeric features for search and classification. It highlights distinctive words and downweights common ones. It gives the word kubernetes a high score in a DevOps article.
AI/ML,Describe confusion matrix briefly.,"Confusion matrix is a table that compares predicted classes against actual classes. It reveals which classes get confused and exposes false positives and negatives. It shows true positives, false positives, true negatives, and false negatives for a spam filter. It is the basis for precision, recall, and F1 score."
AI/ML,What problems can one-hot encoding cause?,"One-hot encoding creates many columns when a feature has lots of categories. It is a method that represents each category as a binary vector. It avoids implying a false order between categories. It turns color values red, green, and blue into three binary columns."
AI/ML,Show a real-world example of underfitting.,"Underfitting occurs when a straight line is fitted to clearly curved data. It is diagnosed when both training and validation errors stay high. It is easy to fix by adding features, complexity, or training longer. It yields poor predictions everywhere because the model never learns the signal."
AI/ML,Describe a scenario where recurrent neural network is applied.,Recurrent neural network predicts the next character in a sentence from previous characters. It is used for time series and text with order dependence. It handles variable-length sequences with shared weights. It trains slowly because steps are sequential and suffers vanishing gradients.
AI/ML,Define gradient boosting in simple words.,"Gradient boosting is an ensemble method that builds trees sequentially, each correcting previous errors. It often delivers state-of-the-art accuracy on structured data. It is sensitive to hyperparameters and can overfit noisy data. It differs from random forest, which trains trees independently in parallel."
AI/ML,When should you avoid batch normalization?,Batch normalization behaves poorly with very small batches and adds complexity at inference. It is used to stabilize and speed up training of deep networks. It allows higher learning rates and reduces sensitivity to initialization. It is placed after a convolution layer before the activation in many CNNs.
AI/ML,How is recurrent neural network used in practice?,Recurrent neural network predicts the next character in a sentence from previous characters. It is a neural network that processes sequences by passing a hidden state forward in time. It trains slowly because steps are sequential and suffers vanishing gradients.
AI/ML,Describe overfitting briefly.,"Overfitting happens when a model memorizes training noise and performs poorly on unseen data. It is checked by comparing training and validation performance during model development. It makes high training accuracy misleading and leads to failures in production. It is the opposite of underfitting, where a model is too simple."
AI/ML,What are the disadvantages of one-hot encoding?,One-hot encoding creates many columns when a feature has lots of categories. It is a method that represents each category as a binary vector. It is used to feed categorical features into models. It avoids implying a false order between categories.
AI/ML,In which situations is learning rate a good choice?,Learning rate is tuned to balance training speed against stability. It gives direct control over convergence behavior when chosen well. It causes divergence if too high and painfully slow training if too low. It is often set around 0.001 for the Adam optimizer.
AI/ML,Where have you seen linear regression in action?,"Linear regression predicts house price from area, location score, and number of rooms. It is a model that predicts a numeric value as a weighted sum of input features. It is fast, simple, and highly interpretable. It extends to ridge, lasso, and polynomial regression."
AI/ML,Where have you seen reinforcement learning in action?,"Reinforcement learning trains an agent to play Atari games by maximizing score. It is used in robotics, game playing, and recommendation or control problems. It learns strategies without labeled examples through interaction. It needs many interactions, and reward design is difficult and unstable. It includes Q-learning and policy gradient methods."
AI/ML,What is the basic idea behind cross-validation?,"Cross-validation is a resampling method that evaluates a model on multiple train-test splits. It uses data efficiently and gives a more stable estimate than one split. It trains five times in five-fold validation, each time holding out a different fold."
AI/ML,Why is loss function considered important?,Loss function turns the goal of learning into a number that optimizers can reduce. It is used to guide model training by providing a signal to minimize. It can mislead if it does not match the real business metric. It uses mean squared error for regression and cross-entropy for classification.
AI/ML,Can you give a short overview of word embedding?,"Word embedding is a dense vector representation of words capturing semantic similarity. It is used as input features for NLP models. It places related words close together and reduces dimensionality compared with one-hot vectors. It includes Word2Vec and GloVe, while contextual models like BERT produce context-aware vectors."
AI/ML,What are the advantages of convolutional neural network?,"Convolutional neural network shares weights, which reduces parameters and captures spatial structure. It is a neural network that uses learnable filters to detect local patterns in grid-like data. It needs large labeled data and struggles with global context compared with transformers. It includes architectures like ResNet, VGG, and EfficientNet."
AI/ML,What is an alternative to loss function?,"Loss function is different from an evaluation metric, which reports performance to humans. It is a function that measures how far predictions are from true values. It turns the goal of learning into a number that optimizers can reduce. It uses mean squared error for regression and cross-entropy for classification."
AI/ML,What is the basic idea behind learning rate?,Learning rate is a hyperparameter that controls the step size of each weight update. It gives direct control over convergence behavior when chosen well. It causes divergence if too high and painfully slow training if too low. It can be adjusted over time using schedules or warmup.
AI/ML,What does regularization mean?,"Regularization is a set of techniques that discourage overly complex models. It is used to reduce overfitting in linear models and neural networks. It improves generalization to unseen data. It adds an L2 penalty on weights to the loss function. It includes L1, L2, dropout, and early stopping."
AI/ML,What other concepts are connected to precision?,"Precision is balanced against recall using the F1 score. It is prioritized when false positives are costly, such as spam filtering. It ignores missed positives, so a model can score high by predicting rarely. It equals eight out of ten when eight of ten flagged emails are truly spam."
AI/ML,What should I learn alongside fine-tuning?,Fine-tuning can be parameter-efficient using methods like LoRA. It is continued training of a pretrained model on task-specific data. It reaches strong performance with far less data and compute than training from scratch. It can cause catastrophic forgetting and overfit on small datasets.
AI/ML,Can you illustrate word embedding with an example?,"Word embedding places king and queen near each other in vector space. It is a dense vector representation of words capturing semantic similarity. It gives one vector per word, so static embeddings cannot separate different meanings. It includes Word2Vec and GloVe, while contextual models like BERT produce context-aware vectors."
AI/ML,What are the benefits of using k-means clustering?,"K-means clustering is simple, fast, and scales to large datasets. It is used for customer segmentation and image compression. It needs k in advance, favors round clusters, and is sensitive to initialization and outliers. It differs from hierarchical and DBSCAN clustering."
AI/ML,What is backpropagation?,Backpropagation is the algorithm that computes gradients of the loss with respect to network weights. It computes all gradients efficiently using the chain rule. It tells a network how much each weight contributed to a wrong prediction. It works together with an optimizer like gradient descent.
AI/ML,When should you avoid confusion matrix?,"Confusion matrix becomes hard to read with many classes and does not give a single score. It is used to evaluate classification models beyond plain accuracy. It reveals which classes get confused and exposes false positives and negatives. It is the basis for precision, recall, and F1 score."
AI/ML,What is convolutional neural network?,"Convolutional neural network is a neural network that uses learnable filters to detect local patterns in grid-like data. It shares weights, which reduces parameters and captures spatial structure. It needs large labeled data and struggles with global context compared with transformers. It includes architectures like ResNet, VGG, and EfficientNet."
AI/ML,What is overfitting used for?,"Overfitting is checked by comparing training and validation performance during model development. It becomes manageable once spotted, since fixes like regularization and more data exist. It shows up as ninety-nine percent training accuracy but sixty percent test accuracy. It is the opposite of underfitting, where a model is too simple."
AI/ML,Why do developers use F1 score?,"F1 score is used to evaluate classifiers on imbalanced datasets. It gives one number that balances false positives and false negatives. It ignores true negatives and treats precision and recall as equally important. It generalizes to the F-beta score, which weights recall or precision more."
AI/ML,What are the downsides of loss function?,Loss function can mislead if it does not match the real business metric. It is a function that measures how far predictions are from true values. It is used to guide model training by providing a signal to minimize. It uses mean squared error for regression and cross-entropy for classification.
AI/ML,What is tokenization used for?,"Tokenization is used as the first step in NLP pipelines. It is the process of splitting text into units such as words or subwords. It splits unbelievable into subwords such as un, believ, and able. It uses methods such as whitespace splitting, WordPiece, and Byte Pair Encoding."
AI/ML,What are the alternatives or companions of recall?,"Recall is also called sensitivity or true positive rate. It is the fraction of actual positives that the model correctly identifies. It is prioritized when missing a positive is costly, such as disease screening. It equals eight out of ten when the model finds eight of ten real fraud cases."
AI/ML,How would you explain gradient boosting to a beginner?,"Gradient boosting is an ensemble method that builds trees sequentially, each correcting previous errors. It is used for high-accuracy tabular tasks and competitions. It often delivers state-of-the-art accuracy on structured data. It is sensitive to hyperparameters and can overfit noisy data."
AI/ML,Why do developers use feature scaling?,Feature scaling is used before distance-based or gradient-based algorithms. It is the process of putting numeric features on comparable ranges. It speeds up convergence and prevents large-range features dominating. It standardizes age and income to mean zero and unit variance. It uses methods such as min-max scaling and standardization.
AI/ML,Where is PCA commonly applied?,PCA is used for dimensionality reduction and visualization. It is a technique that projects data onto directions of maximum variance. It makes features hard to interpret and captures only linear structure. It compresses fifty correlated features into ten principal components.
AI/ML,Why is ReLU useful?,ReLU is cheap to compute and reduces vanishing gradient problems. It is used in hidden layers of deep networks. It turns negative three into zero and positive five into five. It has variants like Leaky ReLU and GELU that avoid dead neurons.
AI/ML,Define k-nearest neighbors in simple words.,K-nearest neighbors is an algorithm that predicts using the labels of the k closest training points. It is used for simple classification and recommendation tasks. It needs no training phase and is easy to understand. It depends on a distance metric and feature scaling.
AI/ML,What are common pitfalls with loss function?,"Loss function can mislead if it does not match the real business metric. It turns the goal of learning into a number that optimizers can reduce. It uses mean squared error for regression and cross-entropy for classification. It is different from an evaluation metric, which reports performance to humans."
AI/ML,What are the disadvantages of activation function?,Activation function can cause vanishing gradients or dead neurons if chosen poorly. It is a function applied to a neuron's output to introduce non-linearity. It lets stacked layers represent curves rather than only linear mappings. It includes ReLU in hidden layers and sigmoid in binary outputs.
AI/ML,What is the main purpose of loss function?,Loss function is used to guide model training by providing a signal to minimize. It turns the goal of learning into a number that optimizers can reduce. It can mislead if it does not match the real business metric. It uses mean squared error for regression and cross-entropy for classification.
AI/ML,What is the basic idea behind class imbalance?,"Class imbalance is a situation where one class has far more samples than others. It is checked in fraud, medical, and anomaly detection datasets. It can be handled with resampling, class weights, and suitable metrics. It makes accuracy misleading, since predicting the majority class looks good."
AI/ML,How would you explain TF-IDF to a beginner?,"TF-IDF is a weighting scheme that scores words by frequency in a document and rarity across documents. It ignores word order and meaning, so synonyms are treated as unrelated. It gives the word kubernetes a high score in a DevOps article."
AI/ML,Can you illustrate underfitting with an example?,"Underfitting occurs when a straight line is fitted to clearly curved data. It happens when a model is too simple to capture patterns in the data. It is diagnosed when both training and validation errors stay high. It is easy to fix by adding features, complexity, or training longer."
AI/ML,When should you use batch normalization?,Batch normalization is used to stabilize and speed up training of deep networks. It is a technique that normalizes layer inputs across each mini-batch. It allows higher learning rates and reduces sensitivity to initialization. It behaves poorly with very small batches and adds complexity at inference.
AI/ML,Why is confusion matrix considered important?,"Confusion matrix reveals which classes get confused and exposes false positives and negatives. It is used to evaluate classification models beyond plain accuracy. It shows true positives, false positives, true negatives, and false negatives for a spam filter. It is the basis for precision, recall, and F1 score."
AI/ML,What is a practical example of feature scaling?,"Feature scaling standardizes age and income to mean zero and unit variance. It is used before distance-based or gradient-based algorithms. It speeds up convergence and prevents large-range features dominating. It must be fit on training data only, or it leaks information. It uses methods such as min-max scaling and standardization."
AI/ML,What is the basic idea behind k-means clustering?,"K-means clustering is an unsupervised algorithm that groups data into k clusters around centroids. It is simple, fast, and scales to large datasets. It needs k in advance, favors round clusters, and is sensitive to initialization and outliers. It groups shoppers into three segments by spending and visit frequency."
AI/ML,What are the downsides of reinforcement learning?,"Reinforcement learning needs many interactions, and reward design is difficult and unstable. It is used in robotics, game playing, and recommendation or control problems. It trains an agent to play Atari games by maximizing score. It includes Q-learning and policy gradient methods."
AI/ML,What problem does loss function solve?,"Loss function is used to guide model training by providing a signal to minimize. It can mislead if it does not match the real business metric. It uses mean squared error for regression and cross-entropy for classification. It is different from an evaluation metric, which reports performance to humans."
AI/ML,What does attention mechanism mean?,"Attention mechanism is a technique that lets a model weigh the importance of different input parts. It is used in translation, summarization, and transformers. It handles long dependencies and gives some interpretability through attention weights. It is computationally expensive for long sequences. It includes self-attention and multi-head attention."
AI/ML,When should you use hyperparameter tuning?,"Hyperparameter tuning is used to improve model performance before deployment. It is computationally costly and can overfit the validation set. It tries different tree depths and learning rates for a boosting model. It uses grid search, random search, and Bayesian optimization."
AI/ML,Define linear regression in simple words.,"Linear regression is a model that predicts a numeric value as a weighted sum of input features. It is used for forecasting and understanding relationships between variables. It is fast, simple, and highly interpretable. It assumes linearity and is sensitive to outliers and correlated features."
AI/ML,How would you explain dropout to a beginner?,Dropout is a regularization technique that randomly disables neurons during training. It reduces overfitting and acts like training an ensemble of sub-networks. It drops fifty percent of hidden units in each training step. It is often combined with weight decay and batch normalization.
AI/ML,What are the drawbacks of batch normalization?,"Batch normalization behaves poorly with very small batches and adds complexity at inference. It is used to stabilize and speed up training of deep networks. It allows higher learning rates and reduces sensitivity to initialization. It is an alternative to layer normalization, which is common in transformers."
AI/ML,What is decision tree used for?,"Decision tree is used for tabular classification and regression with mixed feature types. It is easy to visualize and needs little preprocessing. It decides loan approval by checking income, then credit history. It is the building block of random forests and gradient boosting."
AI/ML,What are the limitations of tokenization?,"Tokenization can break rare words badly and differs across languages and models. It is used as the first step in NLP pipelines. It converts raw text into units a model can map to IDs. It uses methods such as whitespace splitting, WordPiece, and Byte Pair Encoding."
AI/ML,How is one-hot encoding used in practice?,"One-hot encoding turns color values red, green, and blue into three binary columns. It is a method that represents each category as a binary vector. It avoids implying a false order between categories. It is an alternative to label encoding and target encoding."
AI/ML,List the strengths of underfitting.,"Underfitting is easy to fix by adding features, complexity, or training longer. It is diagnosed when both training and validation errors stay high. It yields poor predictions everywhere because the model never learns the signal. It is linked to high bias, while overfitting is linked to high variance."
AI/ML,What are the advantages of one-hot encoding?,"One-hot encoding avoids implying a false order between categories. It is a method that represents each category as a binary vector. It turns color values red, green, and blue into three binary columns. It is an alternative to label encoding and target encoding."
AI/ML,Where is F1 score commonly applied?,"F1 score is used to evaluate classifiers on imbalanced datasets. It is the harmonic mean of precision and recall. It gives one number that balances false positives and false negatives. It generalizes to the F-beta score, which weights recall or precision more."
AI/ML,What does word embedding mean?,Word embedding is a dense vector representation of words capturing semantic similarity. It is used as input features for NLP models. It places related words close together and reduces dimensionality compared with one-hot vectors. It places king and queen near each other in vector space.
AI/ML,Can you illustrate softmax with an example?,"Softmax turns scores of two, one, and zero into roughly 0.67, 0.24, and 0.09. It is a function that converts raw scores into probabilities summing to one. It is overconfident on out-of-distribution inputs and unsuitable for multi-label tasks. It generalizes the sigmoid function used in binary classification."
AI/ML,What problems can tokenization cause?,"Tokenization can break rare words badly and differs across languages and models. It converts raw text into units a model can map to IDs. It splits unbelievable into subwords such as un, believ, and able. It uses methods such as whitespace splitting, WordPiece, and Byte Pair Encoding."
AI/ML,What are the downsides of LSTM?,"LSTM is slower than transformers and harder to parallelize. It is used for sequences like speech, text, and sensor data. It remembers long-term information better than plain RNNs. It forecasts electricity demand from previous hourly readings. It has a lighter variant called GRU."
AI/ML,Define ROC curve in simple words.,ROC curve is a plot of true positive rate against false positive rate across thresholds. It summarizes performance through the area under the curve. It can look overly optimistic on heavily imbalanced data. It shows a diagonal line for random guessing and a curve toward the top-left for good models.
AI/ML,Explain overfitting.,"Overfitting happens when a model memorizes training noise and performs poorly on unseen data. It is checked by comparing training and validation performance during model development. It makes high training accuracy misleading and leads to failures in production. It is the opposite of underfitting, where a model is too simple."
AI/ML,List the strengths of word embedding.,"Word embedding places related words close together and reduces dimensionality compared with one-hot vectors. It gives one vector per word, so static embeddings cannot separate different meanings. It includes Word2Vec and GloVe, while contextual models like BERT produce context-aware vectors."
AI/ML,Can you give a short overview of TF-IDF?,"TF-IDF is a weighting scheme that scores words by frequency in a document and rarity across documents. It is used to turn text into numeric features for search and classification. It ignores word order and meaning, so synonyms are treated as unrelated."
AI/ML,How is attention mechanism typically used in real projects?,"Attention mechanism is used in translation, summarization, and transformers. It is a technique that lets a model weigh the importance of different input parts. It handles long dependencies and gives some interpretability through attention weights. It is computationally expensive for long sequences. It includes self-attention and multi-head attention."
AI/ML,What is a practical example of transformer?,"Transformer powers models such as BERT, GPT, and T5. It is a neural network architecture based on self-attention rather than recurrence. It processes tokens in parallel and captures long-range dependencies. It needs large compute and memory, since attention cost grows with sequence length squared."
AI/ML,Why do developers use activation function?,"Activation function is used between layers so networks can learn complex patterns. It lets stacked layers represent curves rather than only linear mappings. It includes ReLU in hidden layers and sigmoid in binary outputs. It is chosen among options like tanh, sigmoid, ReLU, and GELU."
AI/ML,Describe a scenario where PCA is applied.,"PCA compresses fifty correlated features into ten principal components. It is a technique that projects data onto directions of maximum variance. It removes redundancy, speeds training, and reduces noise. It makes features hard to interpret and captures only linear structure."
AI/ML,Can you illustrate overfitting with an example?,"Overfitting shows up as ninety-nine percent training accuracy but sixty percent test accuracy. It is checked by comparing training and validation performance during model development. It makes high training accuracy misleading and leads to failures in production. It is the opposite of underfitting, where a model is too simple."
AI/ML,Where have you seen convolutional neural network in action?,Convolutional neural network detects edges in early layers and objects in deeper layers. It is a neural network that uses learnable filters to detect local patterns in grid-like data. It needs large labeled data and struggles with global context compared with transformers.
AI/ML,What should I learn alongside recurrent neural network?,Recurrent neural network is improved by LSTM and GRU and often replaced by transformers. It is a neural network that processes sequences by passing a hidden state forward in time. It is used for time series and text with order dependence.
AI/ML,Give an example of softmax.,"Softmax turns scores of two, one, and zero into roughly 0.67, 0.24, and 0.09. It is used in output layers for multi-class classification. It is overconfident on out-of-distribution inputs and unsuitable for multi-label tasks. It generalizes the sigmoid function used in binary classification."
AI/ML,What do you gain by using PCA?,"PCA removes redundancy, speeds training, and reduces noise. It is a technique that projects data onto directions of maximum variance. It makes features hard to interpret and captures only linear structure. It is an alternative to t-SNE and UMAP for visualization."
AI/ML,List the strengths of backpropagation.,Backpropagation computes all gradients efficiently using the chain rule. It is used to train neural networks by sending errors backward through layers. It suffers from vanishing or exploding gradients in very deep networks. It tells a network how much each weight contributed to a wrong prediction.
AI/ML,In which situations is softmax a good choice?,Softmax is used in output layers for multi-class classification. It is a function that converts raw scores into probabilities summing to one. It gives interpretable class probabilities that work well with cross-entropy loss. It generalizes the sigmoid function used in binary classification.
AI/ML,Can you give a short overview of one-hot encoding?,One-hot encoding is a method that represents each category as a binary vector. It is used to feed categorical features into models. It avoids implying a false order between categories. It is an alternative to label encoding and target encoding.
AI/ML,What is the main purpose of transfer learning?,Transfer learning is used when labeled data is limited. It saves training time and data and often improves accuracy. It can fail when the source and target domains differ too much. It adapts an ImageNet-trained ResNet to classify medical images. It includes feature extraction and fine-tuning.
AI/ML,What are common pitfalls with recurrent neural network?,Recurrent neural network trains slowly because steps are sequential and suffers vanishing gradients. It is a neural network that processes sequences by passing a hidden state forward in time. It handles variable-length sequences with shared weights. It predicts the next character in a sentence from previous characters.
AI/ML,What does gradient descent mean?,"Gradient descent is an optimization algorithm that updates parameters in the direction that reduces loss. It scales to huge datasets and many parameters, especially in stochastic form. It can get stuck in local minima or plateaus and is sensitive to learning rate."
AI/ML,Give an example of decision tree.,"Decision tree decides loan approval by checking income, then credit history. It is a model that splits data using feature-based questions into a tree of decisions. It is easy to visualize and needs little preprocessing. It overfits easily and changes a lot with small data changes."
AI/ML,Give an example of TF-IDF.,"TF-IDF gives the word kubernetes a high score in a DevOps article. It is used to turn text into numeric features for search and classification. It ignores word order and meaning, so synonyms are treated as unrelated. It is a classic alternative to word embeddings and bag-of-words counts."
AI/ML,What makes k-means clustering valuable?,"K-means clustering is simple, fast, and scales to large datasets. It is an unsupervised algorithm that groups data into k clusters around centroids. It is used for customer segmentation and image compression. It groups shoppers into three segments by spending and visit frequency. It differs from hierarchical and DBSCAN clustering."
AI/ML,What problem does k-nearest neighbors solve?,K-nearest neighbors is used for simple classification and recommendation tasks. It is an algorithm that predicts using the labels of the k closest training points. It is slow at prediction on big data and suffers in high dimensions. It depends on a distance metric and feature scaling.
AI/ML,Describe a scenario where attention mechanism is applied.,"Attention mechanism lets a translation model focus on the right source word when producing each target word. It is used in translation, summarization, and transformers. It handles long dependencies and gives some interpretability through attention weights. It is computationally expensive for long sequences."
AI/ML,What problems can learning rate cause?,Learning rate causes divergence if too high and painfully slow training if too low. It is a hyperparameter that controls the step size of each weight update. It is tuned to balance training speed against stability. It can be adjusted over time using schedules or warmup.
AI/ML,Why is tokenization considered important?,Tokenization converts raw text into units a model can map to IDs. It is the process of splitting text into units such as words or subwords. It is used as the first step in NLP pipelines. It can break rare words badly and differs across languages and models.
AI/ML,Show a real-world example of ROC curve.,ROC curve shows a diagonal line for random guessing and a curve toward the top-left for good models. It is a plot of true positive rate against false positive rate across thresholds. It is often replaced by the precision-recall curve for rare positives.
AI/ML,What is a practical example of random forest?,"Random forest predicts customer churn by combining hundreds of trees through majority voting. It is an ensemble of many decision trees trained on random subsets of data and features. It is less interpretable and slower than a single tree. It uses bagging, unlike boosting methods that train trees sequentially."
AI/ML,How is k-nearest neighbors used in practice?,K-nearest neighbors labels a flower by the majority class among its five nearest samples. It is used for simple classification and recommendation tasks. It needs no training phase and is easy to understand. It is slow at prediction on big data and suffers in high dimensions.
AI/ML,In which situations is cross-validation a good choice?,"Cross-validation is used to estimate generalization performance and tune hyperparameters. It is a resampling method that evaluates a model on multiple train-test splits. It uses data efficiently and gives a more stable estimate than one split. It includes k-fold, stratified, and leave-one-out variants."
AI/ML,Describe class imbalance briefly.,"Class imbalance is a situation where one class has far more samples than others. It is checked in fraud, medical, and anomaly detection datasets. It appears when only one percent of transactions are fraudulent. It is addressed with SMOTE, undersampling, and focal loss."
AI/ML,What is related to learning rate?,Learning rate can be adjusted over time using schedules or warmup. It is a hyperparameter that controls the step size of each weight update. It is tuned to balance training speed against stability. It is often set around 0.001 for the Adam optimizer.
AI/ML,What is related to overfitting?,"Overfitting is the opposite of underfitting, where a model is too simple. It is checked by comparing training and validation performance during model development. It becomes manageable once spotted, since fixes like regularization and more data exist. It shows up as ninety-nine percent training accuracy but sixty percent test accuracy."
AI/ML,What are the disadvantages of class imbalance?,"Class imbalance makes accuracy misleading, since predicting the majority class looks good. It is a situation where one class has far more samples than others. It is checked in fraud, medical, and anomaly detection datasets. It is addressed with SMOTE, undersampling, and focal loss."
AI/ML,Describe a scenario where backpropagation is applied.,Backpropagation tells a network how much each weight contributed to a wrong prediction. It is the algorithm that computes gradients of the loss with respect to network weights. It is used to train neural networks by sending errors backward through layers.
AI/ML,Where is word embedding commonly applied?,"Word embedding is used as input features for NLP models. It is a dense vector representation of words capturing semantic similarity. It gives one vector per word, so static embeddings cannot separate different meanings. It includes Word2Vec and GloVe, while contextual models like BERT produce context-aware vectors."
AI/ML,Why do developers use PCA?,PCA is used for dimensionality reduction and visualization. It is a technique that projects data onto directions of maximum variance. It makes features hard to interpret and captures only linear structure. It compresses fifty correlated features into ten principal components. It is an alternative to t-SNE and UMAP for visualization.
AI/ML,What are the downsides of tokenization?,"Tokenization can break rare words badly and differs across languages and models. It is used as the first step in NLP pipelines. It splits unbelievable into subwords such as un, believ, and able. It uses methods such as whitespace splitting, WordPiece, and Byte Pair Encoding."
AI/ML,What are the benefits of using regularization?,"Regularization improves generalization to unseen data. It is a set of techniques that discourage overly complex models. It adds hyperparameters, and too much of it causes underfitting. It adds an L2 penalty on weights to the loss function. It includes L1, L2, dropout, and early stopping."
AI/ML,What are the drawbacks of recall?,"Recall ignores false alarms, so predicting everything positive gives perfect recall. It is the fraction of actual positives that the model correctly identifies. It shows how many real cases the model catches. It is also called sensitivity or true positive rate."
AI/ML,What are the drawbacks of ROC curve?,ROC curve can look overly optimistic on heavily imbalanced data. It is a plot of true positive rate against false positive rate across thresholds. It summarizes performance through the area under the curve. It is often replaced by the precision-recall curve for rare positives.
AI/ML,What is TF-IDF?,"TF-IDF stands for term frequency-inverse document frequency. It scores words by how often they appear in a document, scaled down by how common they are across all documents. Rare but meaningful words receive higher weights, which makes it effective for converting text into numerical features for classification and search."
AI/ML,How does underfitting differ from related concepts?,"Underfitting is linked to high bias, while overfitting is linked to high variance. It happens when a model is too simple to capture patterns in the data. It is diagnosed when both training and validation errors stay high. It yields poor predictions everywhere because the model never learns the signal."
AI/ML,What do you gain by using convolutional neural network?,"Convolutional neural network shares weights, which reduces parameters and captures spatial structure. It is used for image classification, detection, and some audio tasks. It detects edges in early layers and objects in deeper layers. It includes architectures like ResNet, VGG, and EfficientNet."
AI/ML,In which situations is feature scaling a good choice?,"Feature scaling is used before distance-based or gradient-based algorithms. It is the process of putting numeric features on comparable ranges. It must be fit on training data only, or it leaks information. It standardizes age and income to mean zero and unit variance."
AI/ML,Define transformer in simple words.,"Transformer is a neural network architecture based on self-attention rather than recurrence. It processes tokens in parallel and captures long-range dependencies. It needs large compute and memory, since attention cost grows with sequence length squared. It powers models such as BERT, GPT, and T5."
AI/ML,Is there a substitute for underfitting?,"Underfitting is linked to high bias, while overfitting is linked to high variance. It is diagnosed when both training and validation errors stay high. It yields poor predictions everywhere because the model never learns the signal. It occurs when a straight line is fitted to clearly curved data."
AI/ML,Can you give a short overview of LSTM?,"LSTM is a recurrent network unit with gates that control what to remember or forget. It is used for sequences like speech, text, and sensor data. It remembers long-term information better than plain RNNs. It is slower than transformers and harder to parallelize."
AI/ML,What is the basic idea behind reinforcement learning?,"Reinforcement learning is a learning paradigm where an agent learns actions by receiving rewards. It is used in robotics, game playing, and recommendation or control problems. It learns strategies without labeled examples through interaction. It trains an agent to play Atari games by maximizing score."
AI/ML,Walk me through a simple example of reinforcement learning.,"Reinforcement learning trains an agent to play Atari games by maximizing score. It is a learning paradigm where an agent learns actions by receiving rewards. It learns strategies without labeled examples through interaction. It needs many interactions, and reward design is difficult and unstable."
AI/ML,What should you watch out for when using dropout?,Dropout slows convergence and is turned off at inference time. It is a regularization technique that randomly disables neurons during training. It reduces overfitting and acts like training an ensemble of sub-networks. It drops fifty percent of hidden units in each training step.
AI/ML,What are the downsides of fine-tuning?,Fine-tuning can cause catastrophic forgetting and overfit on small datasets. It reaches strong performance with far less data and compute than training from scratch. It trains BERT further on support tickets to classify them. It can be parameter-efficient using methods like LoRA.
AI/ML,What are the benefits of using ROC curve?,ROC curve summarizes performance through the area under the curve. It is a plot of true positive rate against false positive rate across thresholds. It shows a diagonal line for random guessing and a curve toward the top-left for good models.
AI/ML,What are the disadvantages of k-nearest neighbors?,K-nearest neighbors is slow at prediction on big data and suffers in high dimensions. It needs no training phase and is easy to understand. It labels a flower by the majority class among its five nearest samples. It depends on a distance metric and feature scaling.
AI/ML,Can you illustrate F1 score with an example?,F1 score equals 0.67 when precision is 0.75 and recall is 0.60. It is used to evaluate classifiers on imbalanced datasets. It gives one number that balances false positives and false negatives. It ignores true negatives and treats precision and recall as equally important.
AI/ML,In which situations is word embedding a good choice?,"Word embedding is used as input features for NLP models. It is a dense vector representation of words capturing semantic similarity. It places related words close together and reduces dimensionality compared with one-hot vectors. It includes Word2Vec and GloVe, while contextual models like BERT produce context-aware vectors."
AI/ML,What is the basic idea behind attention mechanism?,Attention mechanism is a technique that lets a model weigh the importance of different input parts. It handles long dependencies and gives some interpretability through attention weights. It lets a translation model focus on the right source word when producing each target word.
AI/ML,What is cross-validation used for?,"Cross-validation is used to estimate generalization performance and tune hyperparameters. It uses data efficiently and gives a more stable estimate than one split. It is computationally costly and can leak information with time series or grouped data. It includes k-fold, stratified, and leave-one-out variants."
AI/ML,Can you give a short overview of k-nearest neighbors?,K-nearest neighbors is an algorithm that predicts using the labels of the k closest training points. It is used for simple classification and recommendation tasks. It needs no training phase and is easy to understand. It labels a flower by the majority class among its five nearest samples.
AI/ML,Can you illustrate fine-tuning with an example?,Fine-tuning trains BERT further on support tickets to classify them. It reaches strong performance with far less data and compute than training from scratch. It can cause catastrophic forgetting and overfit on small datasets. It can be parameter-efficient using methods like LoRA.
AI/ML,What should I learn alongside transformer?,"Transformer replaced many RNN and LSTM approaches in NLP. It is a neural network architecture based on self-attention rather than recurrence. It is used for language models, translation, and increasingly vision tasks. It powers models such as BERT, GPT, and T5."
AI/ML,Why is fine-tuning considered important?,Fine-tuning reaches strong performance with far less data and compute than training from scratch. It is continued training of a pretrained model on task-specific data. It is used to adapt general models like BERT to a specific domain. It can be parameter-efficient using methods like LoRA.
AI/ML,Describe a scenario where learning rate is applied.,Learning rate is often set around 0.001 for the Adam optimizer. It is a hyperparameter that controls the step size of each weight update. It is tuned to balance training speed against stability. It causes divergence if too high and painfully slow training if too low.
AI/ML,Describe a scenario where F1 score is applied.,F1 score equals 0.67 when precision is 0.75 and recall is 0.60. It is the harmonic mean of precision and recall. It is used to evaluate classifiers on imbalanced datasets. It ignores true negatives and treats precision and recall as equally important.
AI/ML,What is attention mechanism used for?,"Attention mechanism is used in translation, summarization, and transformers. It is a technique that lets a model weigh the importance of different input parts. It lets a translation model focus on the right source word when producing each target word. It includes self-attention and multi-head attention."
AI/ML,What should I learn alongside support vector machine?,Support vector machine is an alternative to logistic regression and tree-based models. It is a classifier that finds the hyperplane with the largest margin between classes. It works well in high dimensions and supports non-linear kernels. It scales poorly to very large datasets and needs feature scaling.
AI/ML,Why is activation function useful?,Activation function lets stacked layers represent curves rather than only linear mappings. It is a function applied to a neuron's output to introduce non-linearity. It is used between layers so networks can learn complex patterns. It includes ReLU in hidden layers and sigmoid in binary outputs.
AI/ML,Why is linear regression considered important?,"Linear regression is fast, simple, and highly interpretable. It is a model that predicts a numeric value as a weighted sum of input features. It assumes linearity and is sensitive to outliers and correlated features. It extends to ridge, lasso, and polynomial regression."
AI/ML,Where is gradient boosting commonly applied?,"Gradient boosting is used for high-accuracy tabular tasks and competitions. It is an ensemble method that builds trees sequentially, each correcting previous errors. It is implemented by XGBoost, LightGBM, and CatBoost. It differs from random forest, which trains trees independently in parallel."
AI/ML,What are the disadvantages of linear regression?,"Linear regression assumes linearity and is sensitive to outliers and correlated features. It is used for forecasting and understanding relationships between variables. It is fast, simple, and highly interpretable. It predicts house price from area, location score, and number of rooms. It extends to ridge, lasso, and polynomial regression."
AI/ML,What are the limitations of activation function?,Activation function can cause vanishing gradients or dead neurons if chosen poorly. It is a function applied to a neuron's output to introduce non-linearity. It is used between layers so networks can learn complex patterns. It lets stacked layers represent curves rather than only linear mappings.
AI/ML,What other concepts are connected to batch normalization?,"Batch normalization is an alternative to layer normalization, which is common in transformers. It is a technique that normalizes layer inputs across each mini-batch. It allows higher learning rates and reduces sensitivity to initialization. It behaves poorly with very small batches and adds complexity at inference."
AI/ML,Define logistic regression in simple words.,"Logistic regression is a classification model that predicts probabilities using the sigmoid function. It is quick to train, interpretable, and gives calibrated probabilities. It struggles with non-linear boundaries unless features are engineered. It predicts whether a customer will buy based on age and browsing time."
AI/ML,What is the main purpose of decision tree?,Decision tree is used for tabular classification and regression with mixed feature types. It is easy to visualize and needs little preprocessing. It overfits easily and changes a lot with small data changes. It is the building block of random forests and gradient boosting.
AI/ML,How does transfer learning differ from related concepts?,Transfer learning includes feature extraction and fine-tuning. It is the practice of reusing a model trained on one task for another task. It is used when labeled data is limited. It saves training time and data and often improves accuracy. It adapts an ImageNet-trained ResNet to classify medical images.
AI/ML,Explain convolutional neural network.,"Convolutional neural network is a neural network that uses learnable filters to detect local patterns in grid-like data. It needs large labeled data and struggles with global context compared with transformers. It detects edges in early layers and objects in deeper layers. It includes architectures like ResNet, VGG, and EfficientNet."
AI/ML,Where have you seen word embedding in action?,"Word embedding places king and queen near each other in vector space. It is used as input features for NLP models. It places related words close together and reduces dimensionality compared with one-hot vectors. It gives one vector per word, so static embeddings cannot separate different meanings."
AI/ML,In which situations is logistic regression a good choice?,Logistic regression is used for binary outcomes such as churn or spam. It is a classification model that predicts probabilities using the sigmoid function. It struggles with non-linear boundaries unless features are engineered. It generalizes to multi-class problems with softmax.
AI/ML,What is the main purpose of batch normalization?,"Batch normalization is used to stabilize and speed up training of deep networks. It behaves poorly with very small batches and adds complexity at inference. It is placed after a convolution layer before the activation in many CNNs. It is an alternative to layer normalization, which is common in transformers."
AI/ML,Explain support vector machine.,"Support vector machine is a classifier that finds the hyperplane with the largest margin between classes. It is used for medium-sized datasets with clear margins, including text classification. It scales poorly to very large datasets and needs feature scaling. It separates spam from legitimate emails using an RBF kernel."
AI/ML,Where have you seen backpropagation in action?,Backpropagation tells a network how much each weight contributed to a wrong prediction. It is the algorithm that computes gradients of the loss with respect to network weights. It computes all gradients efficiently using the chain rule. It works together with an optimizer like gradient descent.
AI/ML,Describe random forest briefly.,"Random forest is an ensemble of many decision trees trained on random subsets of data and features. It reduces overfitting through averaging and gives feature importance scores. It is less interpretable and slower than a single tree. It uses bagging, unlike boosting methods that train trees sequentially."
AI/ML,What does confusion matrix mean?,"Confusion matrix is a table that compares predicted classes against actual classes. It is used to evaluate classification models beyond plain accuracy. It reveals which classes get confused and exposes false positives and negatives. It is the basis for precision, recall, and F1 score."
AI/ML,When should you avoid tokenization?,"Tokenization can break rare words badly and differs across languages and models. It is the process of splitting text into units such as words or subwords. It splits unbelievable into subwords such as un, believ, and able. It uses methods such as whitespace splitting, WordPiece, and Byte Pair Encoding."
AI/ML,Show a real-world example of loss function.,Loss function uses mean squared error for regression and cross-entropy for classification. It is a function that measures how far predictions are from true values. It is used to guide model training by providing a signal to minimize. It can mislead if it does not match the real business metric.
AI/ML,How is tokenization used in practice?,"Tokenization splits unbelievable into subwords such as un, believ, and able. It is used as the first step in NLP pipelines. It converts raw text into units a model can map to IDs. It uses methods such as whitespace splitting, WordPiece, and Byte Pair Encoding."
AI/ML,What is feature scaling used for?,"Feature scaling is used before distance-based or gradient-based algorithms. It is the process of putting numeric features on comparable ranges. It must be fit on training data only, or it leaks information. It uses methods such as min-max scaling and standardization."
AI/ML,What is the basic idea behind LSTM?,"LSTM is a recurrent network unit with gates that control what to remember or forget. It is used for sequences like speech, text, and sensor data. It remembers long-term information better than plain RNNs. It is slower than transformers and harder to parallelize. It has a lighter variant called GRU."
AI/ML,What are common pitfalls with linear regression?,"Linear regression assumes linearity and is sensitive to outliers and correlated features. It is a model that predicts a numeric value as a weighted sum of input features. It is used for forecasting and understanding relationships between variables. It predicts house price from area, location score, and number of rooms."
AI/ML,Is there a substitute for fine-tuning?,Fine-tuning can be parameter-efficient using methods like LoRA. It is continued training of a pretrained model on task-specific data. It is used to adapt general models like BERT to a specific domain. It trains BERT further on support tickets to classify them.
AI/ML,What is an alternative to fine-tuning?,Fine-tuning can be parameter-efficient using methods like LoRA. It is continued training of a pretrained model on task-specific data. It is used to adapt general models like BERT to a specific domain. It can cause catastrophic forgetting and overfit on small datasets.
AI/ML,How would you explain k-nearest neighbors to a beginner?,K-nearest neighbors is an algorithm that predicts using the labels of the k closest training points. It is used for simple classification and recommendation tasks. It needs no training phase and is easy to understand. It is slow at prediction on big data and suffers in high dimensions.
AI/ML,How would you explain k-means clustering to a beginner?,"K-means clustering is an unsupervised algorithm that groups data into k clusters around centroids. It is used for customer segmentation and image compression. It is simple, fast, and scales to large datasets. It groups shoppers into three segments by spending and visit frequency. It differs from hierarchical and DBSCAN clustering."
AI/ML,Why do developers use backpropagation?,Backpropagation is used to train neural networks by sending errors backward through layers. It is the algorithm that computes gradients of the loss with respect to network weights. It tells a network how much each weight contributed to a wrong prediction. It works together with an optimizer like gradient descent.
AI/ML,Why do developers use convolutional neural network?,"Convolutional neural network is used for image classification, detection, and some audio tasks. It shares weights, which reduces parameters and captures spatial structure. It needs large labeled data and struggles with global context compared with transformers. It detects edges in early layers and objects in deeper layers."
AI/ML,Why do developers use gradient boosting?,"Gradient boosting is used for high-accuracy tabular tasks and competitions. It is an ensemble method that builds trees sequentially, each correcting previous errors. It is sensitive to hyperparameters and can overfit noisy data. It differs from random forest, which trains trees independently in parallel."
AI/ML,Why is fine-tuning useful?,Fine-tuning reaches strong performance with far less data and compute than training from scratch. It is continued training of a pretrained model on task-specific data. It is used to adapt general models like BERT to a specific domain. It can cause catastrophic forgetting and overfit on small datasets.
AI/ML,How is underfitting typically used in real projects?,"Underfitting is diagnosed when both training and validation errors stay high. It is easy to fix by adding features, complexity, or training longer. It occurs when a straight line is fitted to clearly curved data. It is linked to high bias, while overfitting is linked to high variance."
AI/ML,What other concepts are connected to fine-tuning?,Fine-tuning can be parameter-efficient using methods like LoRA. It reaches strong performance with far less data and compute than training from scratch. It can cause catastrophic forgetting and overfit on small datasets. It trains BERT further on support tickets to classify them.
AI/ML,What other concepts are connected to loss function?,"Loss function is different from an evaluation metric, which reports performance to humans. It is a function that measures how far predictions are from true values. It is used to guide model training by providing a signal to minimize. It uses mean squared error for regression and cross-entropy for classification."
AI/ML,What is the main purpose of feature scaling?,"Feature scaling is used before distance-based or gradient-based algorithms. It is the process of putting numeric features on comparable ranges. It speeds up convergence and prevents large-range features dominating. It must be fit on training data only, or it leaks information. It uses methods such as min-max scaling and standardization."
AI/ML,Can you give a short overview of attention mechanism?,Attention mechanism is a technique that lets a model weigh the importance of different input parts. It handles long dependencies and gives some interpretability through attention weights. It is computationally expensive for long sequences. It includes self-attention and multi-head attention.
AI/ML,What makes batch normalization valuable?,Batch normalization allows higher learning rates and reduces sensitivity to initialization. It is used to stabilize and speed up training of deep networks. It behaves poorly with very small batches and adds complexity at inference. It is placed after a convolution layer before the activation in many CNNs.
AI/ML,What are the disadvantages of batch normalization?,"Batch normalization behaves poorly with very small batches and adds complexity at inference. It is used to stabilize and speed up training of deep networks. It is placed after a convolution layer before the activation in many CNNs. It is an alternative to layer normalization, which is common in transformers."
AI/ML,Can you give a short overview of dropout?,Dropout is a regularization technique that randomly disables neurons during training. It slows convergence and is turned off at inference time. It drops fifty percent of hidden units in each training step. It is often combined with weight decay and batch normalization.
AI/ML,What is transfer learning used for?,Transfer learning is used when labeled data is limited. It is the practice of reusing a model trained on one task for another task. It saves training time and data and often improves accuracy. It adapts an ImageNet-trained ResNet to classify medical images. It includes feature extraction and fine-tuning.
AI/ML,Show a real-world example of confusion matrix.,"Confusion matrix shows true positives, false positives, true negatives, and false negatives for a spam filter. It reveals which classes get confused and exposes false positives and negatives. It becomes hard to read with many classes and does not give a single score."
AI/ML,What are the downsides of attention mechanism?,"Attention mechanism is computationally expensive for long sequences. It is used in translation, summarization, and transformers. It handles long dependencies and gives some interpretability through attention weights. It lets a translation model focus on the right source word when producing each target word."
AI/ML,What are the drawbacks of loss function?,Loss function can mislead if it does not match the real business metric. It is used to guide model training by providing a signal to minimize. It turns the goal of learning into a number that optimizers can reduce. It uses mean squared error for regression and cross-entropy for classification.
AI/ML,Why is linear regression useful?,"Linear regression is fast, simple, and highly interpretable. It is a model that predicts a numeric value as a weighted sum of input features. It is used for forecasting and understanding relationships between variables. It assumes linearity and is sensitive to outliers and correlated features."
AI/ML,Where is learning rate commonly applied?,Learning rate is tuned to balance training speed against stability. It gives direct control over convergence behavior when chosen well. It is often set around 0.001 for the Adam optimizer. It can be adjusted over time using schedules or warmup.
AI/ML,What are the benefits of using one-hot encoding?,"One-hot encoding avoids implying a false order between categories. It is a method that represents each category as a binary vector. It is used to feed categorical features into models. It turns color values red, green, and blue into three binary columns."
AI/ML,What is loss function used for?,Loss function is used to guide model training by providing a signal to minimize. It turns the goal of learning into a number that optimizers can reduce. It can mislead if it does not match the real business metric. It uses mean squared error for regression and cross-entropy for classification.
AI/ML,Can you illustrate one-hot encoding with an example?,"One-hot encoding turns color values red, green, and blue into three binary columns. It is a method that represents each category as a binary vector. It creates many columns when a feature has lots of categories. It is an alternative to label encoding and target encoding."
AI/ML,Can you illustrate dropout with an example?,Dropout drops fifty percent of hidden units in each training step. It is used in deep networks to prevent co-adaptation of neurons. It reduces overfitting and acts like training an ensemble of sub-networks. It slows convergence and is turned off at inference time.
AI/ML,Give an example of support vector machine.,"Support vector machine separates spam from legitimate emails using an RBF kernel. It is used for medium-sized datasets with clear margins, including text classification. It scales poorly to very large datasets and needs feature scaling. It is an alternative to logistic regression and tree-based models."
AI/ML,Where have you seen logistic regression in action?,"Logistic regression predicts whether a customer will buy based on age and browsing time. It is a classification model that predicts probabilities using the sigmoid function. It is quick to train, interpretable, and gives calibrated probabilities. It generalizes to multi-class problems with softmax."
AI/ML,What does gradient boosting mean?,"Gradient boosting is an ensemble method that builds trees sequentially, each correcting previous errors. It is used for high-accuracy tabular tasks and competitions. It is implemented by XGBoost, LightGBM, and CatBoost. It differs from random forest, which trains trees independently in parallel."
AI/ML,What are common pitfalls with F1 score?,F1 score ignores true negatives and treats precision and recall as equally important. It is the harmonic mean of precision and recall. It gives one number that balances false positives and false negatives. It equals 0.67 when precision is 0.75 and recall is 0.60.
AI/ML,What are the advantages of tokenization?,"Tokenization converts raw text into units a model can map to IDs. It is the process of splitting text into units such as words or subwords. It can break rare words badly and differs across languages and models. It uses methods such as whitespace splitting, WordPiece, and Byte Pair Encoding."
AI/ML,What should you watch out for when using regularization?,"Regularization adds hyperparameters, and too much of it causes underfitting. It is a set of techniques that discourage overly complex models. It adds an L2 penalty on weights to the loss function. It includes L1, L2, dropout, and early stopping."
AI/ML,What should you watch out for when using ReLU?,ReLU can cause dead neurons that output zero for all inputs. It is used in hidden layers of deep networks. It turns negative three into zero and positive five into five. It has variants like Leaky ReLU and GELU that avoid dead neurons.
AI/ML,Walk me through a simple example of ReLU.,ReLU turns negative three into zero and positive five into five. It is used in hidden layers of deep networks. It is cheap to compute and reduces vanishing gradient problems. It can cause dead neurons that output zero for all inputs.
AI/ML,What other concepts are connected to one-hot encoding?,"One-hot encoding is an alternative to label encoding and target encoding. It is a method that represents each category as a binary vector. It avoids implying a false order between categories. It turns color values red, green, and blue into three binary columns."
AI/ML,Describe a scenario where cross-validation is applied.,"Cross-validation trains five times in five-fold validation, each time holding out a different fold. It uses data efficiently and gives a more stable estimate than one split. It is computationally costly and can leak information with time series or grouped data."
AI/ML,Explain learning rate.,Learning rate is a hyperparameter that controls the step size of each weight update. It is tuned to balance training speed against stability. It gives direct control over convergence behavior when chosen well. It is often set around 0.001 for the Adam optimizer.
AI/ML,How is F1 score typically used in real projects?,"F1 score is used to evaluate classifiers on imbalanced datasets. It is the harmonic mean of precision and recall. It equals 0.67 when precision is 0.75 and recall is 0.60. It generalizes to the F-beta score, which weights recall or precision more."
AI/ML,What are the disadvantages of precision?,"Precision ignores missed positives, so a model can score high by predicting rarely. It is the fraction of predicted positives that are actually positive. It equals eight out of ten when eight of ten flagged emails are truly spam. It is balanced against recall using the F1 score."
AI/ML,What is related to convolutional neural network?,"Convolutional neural network includes architectures like ResNet, VGG, and EfficientNet. It is a neural network that uses learnable filters to detect local patterns in grid-like data. It needs large labeled data and struggles with global context compared with transformers. It detects edges in early layers and objects in deeper layers."
AI/ML,Describe attention mechanism briefly.,"Attention mechanism is a technique that lets a model weigh the importance of different input parts. It is used in translation, summarization, and transformers. It handles long dependencies and gives some interpretability through attention weights. It includes self-attention and multi-head attention."
AI/ML,What should I learn alongside F1 score?,"F1 score generalizes to the F-beta score, which weights recall or precision more. It is the harmonic mean of precision and recall. It is used to evaluate classifiers on imbalanced datasets. It ignores true negatives and treats precision and recall as equally important."
AI/ML,How is convolutional neural network used in practice?,"Convolutional neural network detects edges in early layers and objects in deeper layers. It is a neural network that uses learnable filters to detect local patterns in grid-like data. It shares weights, which reduces parameters and captures spatial structure. It includes architectures like ResNet, VGG, and EfficientNet."
AI/ML,How is learning rate used in practice?,Learning rate is often set around 0.001 for the Adam optimizer. It is a hyperparameter that controls the step size of each weight update. It gives direct control over convergence behavior when chosen well. It causes divergence if too high and painfully slow training if too low.
AI/ML,What is gradient boosting?,"Gradient boosting is an ensemble method that builds trees sequentially, each correcting previous errors. It is used for high-accuracy tabular tasks and competitions. It is sensitive to hyperparameters and can overfit noisy data. It is implemented by XGBoost, LightGBM, and CatBoost."
AI/ML,What are the drawbacks of transfer learning?,Transfer learning can fail when the source and target domains differ too much. It is the practice of reusing a model trained on one task for another task. It saves training time and data and often improves accuracy. It adapts an ImageNet-trained ResNet to classify medical images.
AI/ML,Why is LSTM useful?,"LSTM remembers long-term information better than plain RNNs. It is a recurrent network unit with gates that control what to remember or forget. It is used for sequences like speech, text, and sensor data. It is slower than transformers and harder to parallelize."
AI/ML,Where is ROC curve commonly applied?,ROC curve is used to compare classifiers independent of one chosen threshold. It summarizes performance through the area under the curve. It can look overly optimistic on heavily imbalanced data. It is often replaced by the precision-recall curve for rare positives.
AI/ML,What are the disadvantages of word embedding?,"Word embedding gives one vector per word, so static embeddings cannot separate different meanings. It is used as input features for NLP models. It places king and queen near each other in vector space. It includes Word2Vec and GloVe, while contextual models like BERT produce context-aware vectors."
AI/ML,How would you explain transformer to a beginner?,"Transformer is a neural network architecture based on self-attention rather than recurrence. It is used for language models, translation, and increasingly vision tasks. It needs large compute and memory, since attention cost grows with sequence length squared. It replaced many RNN and LSTM approaches in NLP."
AI/ML,Is there a substitute for hyperparameter tuning?,"Hyperparameter tuning uses grid search, random search, and Bayesian optimization. It is the process of searching for the best training settings that are not learned from data. It is used to improve model performance before deployment. It tries different tree depths and learning rates for a boosting model."
AI/ML,Define loss function in simple words.,Loss function is a function that measures how far predictions are from true values. It is used to guide model training by providing a signal to minimize. It turns the goal of learning into a number that optimizers can reduce.
AI/ML,What are common pitfalls with random forest?,"Random forest is less interpretable and slower than a single tree. It is an ensemble of many decision trees trained on random subsets of data and features. It is used for robust tabular prediction with little tuning. It uses bagging, unlike boosting methods that train trees sequentially."
AI/ML,Why is decision tree useful?,Decision tree is easy to visualize and needs little preprocessing. It is used for tabular classification and regression with mixed feature types. It overfits easily and changes a lot with small data changes. It is the building block of random forests and gradient boosting.
AI/ML,Can you give a short overview of recall?,"Recall is the fraction of actual positives that the model correctly identifies. It is prioritized when missing a positive is costly, such as disease screening. It shows how many real cases the model catches. It equals eight out of ten when the model finds eight of ten real fraud cases."
AI/ML,What should I learn alongside regularization?,"Regularization includes L1, L2, dropout, and early stopping. It is a set of techniques that discourage overly complex models. It improves generalization to unseen data. It adds hyperparameters, and too much of it causes underfitting. It adds an L2 penalty on weights to the loss function."
AI/ML,Can you give a short overview of gradient descent?,"Gradient descent is an optimization algorithm that updates parameters in the direction that reduces loss. It is used to train linear models and neural networks. It can get stuck in local minima or plateaus and is sensitive to learning rate. It has variants such as SGD, mini-batch, Momentum, and Adam."
AI/ML,Can you illustrate feature scaling with an example?,Feature scaling standardizes age and income to mean zero and unit variance. It is the process of putting numeric features on comparable ranges. It is used before distance-based or gradient-based algorithms. It uses methods such as min-max scaling and standardization.
AI/ML,Can you illustrate gradient boosting with an example?,"Gradient boosting is implemented by XGBoost, LightGBM, and CatBoost. It is an ensemble method that builds trees sequentially, each correcting previous errors. It is sensitive to hyperparameters and can overfit noisy data. It differs from random forest, which trains trees independently in parallel."
AI/ML,What is an alternative to logistic regression?,Logistic regression generalizes to multi-class problems with softmax. It is a classification model that predicts probabilities using the sigmoid function. It is used for binary outcomes such as churn or spam. It struggles with non-linear boundaries unless features are engineered.
AI/ML,What is the main purpose of PCA?,"PCA is used for dimensionality reduction and visualization. It is a technique that projects data onto directions of maximum variance. It removes redundancy, speeds training, and reduces noise. It makes features hard to interpret and captures only linear structure. It compresses fifty correlated features into ten principal components."
AI/ML,Why is confusion matrix useful?,"Confusion matrix reveals which classes get confused and exposes false positives and negatives. It is used to evaluate classification models beyond plain accuracy. It becomes hard to read with many classes and does not give a single score. It is the basis for precision, recall, and F1 score."
AI/ML,What is ROC curve?,ROC curve is a plot of true positive rate against false positive rate across thresholds. It is used to compare classifiers independent of one chosen threshold. It summarizes performance through the area under the curve. It can look overly optimistic on heavily imbalanced data.
AI/ML,How does logistic regression differ from related concepts?,"Logistic regression generalizes to multi-class problems with softmax. It is a classification model that predicts probabilities using the sigmoid function. It is used for binary outcomes such as churn or spam. It is quick to train, interpretable, and gives calibrated probabilities."
AI/ML,What should I learn alongside recall?,"Recall is also called sensitivity or true positive rate. It is the fraction of actual positives that the model correctly identifies. It is prioritized when missing a positive is costly, such as disease screening. It ignores false alarms, so predicting everything positive gives perfect recall."
AI/ML,Describe a scenario where class imbalance is applied.,"Class imbalance appears when only one percent of transactions are fraudulent. It is a situation where one class has far more samples than others. It makes accuracy misleading, since predicting the majority class looks good. It is addressed with SMOTE, undersampling, and focal loss."
AI/ML,Define one-hot encoding in simple words.,"One-hot encoding is a method that represents each category as a binary vector. It avoids implying a false order between categories. It creates many columns when a feature has lots of categories. It turns color values red, green, and blue into three binary columns."
AI/ML,Explain k-means clustering.,"K-means clustering is an unsupervised algorithm that groups data into k clusters around centroids. It needs k in advance, favors round clusters, and is sensitive to initialization and outliers. It groups shoppers into three segments by spending and visit frequency."
AI/ML,Show a real-world example of activation function.,"Activation function includes ReLU in hidden layers and sigmoid in binary outputs. It is a function applied to a neuron's output to introduce non-linearity. It is used between layers so networks can learn complex patterns. It is chosen among options like tanh, sigmoid, ReLU, and GELU."
AI/ML,When should you avoid ReLU?,ReLU can cause dead neurons that output zero for all inputs. It is used in hidden layers of deep networks. It is cheap to compute and reduces vanishing gradient problems. It turns negative three into zero and positive five into five.
AI/ML,What are common pitfalls with precision?,"Precision ignores missed positives, so a model can score high by predicting rarely. It is the fraction of predicted positives that are actually positive. It is prioritized when false positives are costly, such as spam filtering. It is balanced against recall using the F1 score."
AI/ML,Describe recall briefly.,Recall is the fraction of actual positives that the model correctly identifies. It shows how many real cases the model catches. It equals eight out of ten when the model finds eight of ten real fraud cases. It is also called sensitivity or true positive rate.
AI/ML,Why is logistic regression useful?,"Logistic regression is quick to train, interpretable, and gives calibrated probabilities. It struggles with non-linear boundaries unless features are engineered. It predicts whether a customer will buy based on age and browsing time. It generalizes to multi-class problems with softmax."
AI/ML,Describe recurrent neural network briefly.,Recurrent neural network is a neural network that processes sequences by passing a hidden state forward in time. It is used for time series and text with order dependence. It predicts the next character in a sentence from previous characters.
AI/ML,What is the basic idea behind support vector machine?,Support vector machine is a classifier that finds the hyperplane with the largest margin between classes. It works well in high dimensions and supports non-linear kernels. It separates spam from legitimate emails using an RBF kernel. It is an alternative to logistic regression and tree-based models.
AI/ML,Is there a substitute for class imbalance?,"Class imbalance is addressed with SMOTE, undersampling, and focal loss. It is a situation where one class has far more samples than others. It can be handled with resampling, class weights, and suitable metrics. It makes accuracy misleading, since predicting the majority class looks good."
AI/ML,How does ReLU differ from related concepts?,ReLU has variants like Leaky ReLU and GELU that avoid dead neurons. It is an activation function that outputs zero for negative inputs and the input otherwise. It is used in hidden layers of deep networks. It is cheap to compute and reduces vanishing gradient problems.
AI/ML,What problems can activation function cause?,Activation function can cause vanishing gradients or dead neurons if chosen poorly. It is a function applied to a neuron's output to introduce non-linearity. It is used between layers so networks can learn complex patterns. It includes ReLU in hidden layers and sigmoid in binary outputs.
AI/ML,What is a practical example of decision tree?,"Decision tree decides loan approval by checking income, then credit history. It is easy to visualize and needs little preprocessing. It overfits easily and changes a lot with small data changes. It is the building block of random forests and gradient boosting."
AI/ML,Define softmax in simple words.,"Softmax is a function that converts raw scores into probabilities summing to one. It is used in output layers for multi-class classification. It is overconfident on out-of-distribution inputs and unsuitable for multi-label tasks. It turns scores of two, one, and zero into roughly 0.67, 0.24, and 0.09."
AI/ML,How does attention mechanism help developers?,Attention mechanism handles long dependencies and gives some interpretability through attention weights. It is a technique that lets a model weigh the importance of different input parts. It lets a translation model focus on the right source word when producing each target word.
AI/ML,What is linear regression used for?,"Linear regression is used for forecasting and understanding relationships between variables. It is a model that predicts a numeric value as a weighted sum of input features. It is fast, simple, and highly interpretable. It extends to ridge, lasso, and polynomial regression."
AI/ML,Describe a scenario where recall is applied.,"Recall equals eight out of ten when the model finds eight of ten real fraud cases. It is the fraction of actual positives that the model correctly identifies. It shows how many real cases the model catches. It ignores false alarms, so predicting everything positive gives perfect recall."
AI/ML,Show a real-world example of class imbalance.,"Class imbalance appears when only one percent of transactions are fraudulent. It is a situation where one class has far more samples than others. It is checked in fraud, medical, and anomaly detection datasets. It can be handled with resampling, class weights, and suitable metrics."
AI/ML,How does one-hot encoding help developers?,One-hot encoding avoids implying a false order between categories. It is a method that represents each category as a binary vector. It creates many columns when a feature has lots of categories. It is an alternative to label encoding and target encoding.
AI/ML,Give an example of PCA.,"PCA compresses fifty correlated features into ten principal components. It is a technique that projects data onto directions of maximum variance. It removes redundancy, speeds training, and reduces noise. It makes features hard to interpret and captures only linear structure. It is an alternative to t-SNE and UMAP for visualization."
AI/ML,Define LSTM in simple words.,LSTM is a recurrent network unit with gates that control what to remember or forget. It remembers long-term information better than plain RNNs. It is slower than transformers and harder to parallelize. It forecasts electricity demand from previous hourly readings. It has a lighter variant called GRU.
AI/ML,How would you explain underfitting to a beginner?,"Underfitting happens when a model is too simple to capture patterns in the data. It is diagnosed when both training and validation errors stay high. It occurs when a straight line is fitted to clearly curved data. It is linked to high bias, while overfitting is linked to high variance."
AI/ML,How does reinforcement learning differ from related concepts?,"Reinforcement learning includes Q-learning and policy gradient methods. It is a learning paradigm where an agent learns actions by receiving rewards. It is used in robotics, game playing, and recommendation or control problems. It trains an agent to play Atari games by maximizing score."
AI/ML,How is k-nearest neighbors typically used in real projects?,K-nearest neighbors is used for simple classification and recommendation tasks. It is an algorithm that predicts using the labels of the k closest training points. It needs no training phase and is easy to understand. It labels a flower by the majority class among its five nearest samples.
AI/ML,Can you illustrate class imbalance with an example?,"Class imbalance appears when only one percent of transactions are fraudulent. It is a situation where one class has far more samples than others. It is checked in fraud, medical, and anomaly detection datasets. It is addressed with SMOTE, undersampling, and focal loss."
AI/ML,What is a practical example of gradient boosting?,"Gradient boosting is implemented by XGBoost, LightGBM, and CatBoost. It is an ensemble method that builds trees sequentially, each correcting previous errors. It is used for high-accuracy tabular tasks and competitions. It differs from random forest, which trains trees independently in parallel."
AI/ML,How is attention mechanism used in practice?,"Attention mechanism lets a translation model focus on the right source word when producing each target word. It is a technique that lets a model weigh the importance of different input parts. It is used in translation, summarization, and transformers."
AI/ML,When should you use F1 score?,"F1 score is used to evaluate classifiers on imbalanced datasets. It is the harmonic mean of precision and recall. It ignores true negatives and treats precision and recall as equally important. It generalizes to the F-beta score, which weights recall or precision more."
AI/ML,What is confusion matrix used for?,"Confusion matrix is used to evaluate classification models beyond plain accuracy. It is a table that compares predicted classes against actual classes. It becomes hard to read with many classes and does not give a single score. It is the basis for precision, recall, and F1 score."
AI/ML,Why is support vector machine useful?,"Support vector machine works well in high dimensions and supports non-linear kernels. It is a classifier that finds the hyperplane with the largest margin between classes. It is used for medium-sized datasets with clear margins, including text classification. It separates spam from legitimate emails using an RBF kernel."
AI/ML,How does hyperparameter tuning help developers?,Hyperparameter tuning can raise accuracy substantially without changing the model type. It is the process of searching for the best training settings that are not learned from data. It is computationally costly and can overfit the validation set. It tries different tree depths and learning rates for a boosting model.
AI/ML,Describe PCA briefly.,"PCA is a technique that projects data onto directions of maximum variance. It removes redundancy, speeds training, and reduces noise. It makes features hard to interpret and captures only linear structure. It compresses fifty correlated features into ten principal components. It is an alternative to t-SNE and UMAP for visualization."
AI/ML,Is there a substitute for support vector machine?,"Support vector machine is an alternative to logistic regression and tree-based models. It is used for medium-sized datasets with clear margins, including text classification. It works well in high dimensions and supports non-linear kernels. It scales poorly to very large datasets and needs feature scaling."
AI/ML,How would you explain feature scaling to a beginner?,Feature scaling is the process of putting numeric features on comparable ranges. It is used before distance-based or gradient-based algorithms. It speeds up convergence and prevents large-range features dominating. It standardizes age and income to mean zero and unit variance.
AI/ML,Is there a substitute for regularization?,"Regularization includes L1, L2, dropout, and early stopping. It is a set of techniques that discourage overly complex models. It is used to reduce overfitting in linear models and neural networks. It adds hyperparameters, and too much of it causes underfitting."
AI/ML,When should you avoid recall?,"Recall ignores false alarms, so predicting everything positive gives perfect recall. It is the fraction of actual positives that the model correctly identifies. It equals eight out of ten when the model finds eight of ten real fraud cases. It is also called sensitivity or true positive rate."
AI/ML,When should you avoid softmax?,"Softmax is overconfident on out-of-distribution inputs and unsuitable for multi-label tasks. It is a function that converts raw scores into probabilities summing to one. It gives interpretable class probabilities that work well with cross-entropy loss. It turns scores of two, one, and zero into roughly 0.67, 0.24, and 0.09."
AI/ML,What should you watch out for when using recurrent neural network?,Recurrent neural network trains slowly because steps are sequential and suffers vanishing gradients. It is used for time series and text with order dependence. It handles variable-length sequences with shared weights. It is improved by LSTM and GRU and often replaced by transformers.
AI/ML,Is there a substitute for learning rate?,Learning rate can be adjusted over time using schedules or warmup. It gives direct control over convergence behavior when chosen well. It causes divergence if too high and painfully slow training if too low. It is often set around 0.001 for the Adam optimizer.
AI/ML,What other concepts are connected to attention mechanism?,Attention mechanism includes self-attention and multi-head attention. It is a technique that lets a model weigh the importance of different input parts. It is computationally expensive for long sequences. It lets a translation model focus on the right source word when producing each target word.
AI/ML,Can you give a short overview of tokenization?,"Tokenization is the process of splitting text into units such as words or subwords. It is used as the first step in NLP pipelines. It converts raw text into units a model can map to IDs. It uses methods such as whitespace splitting, WordPiece, and Byte Pair Encoding."
AI/ML,What is a practical example of softmax?,"Softmax turns scores of two, one, and zero into roughly 0.67, 0.24, and 0.09. It is a function that converts raw scores into probabilities summing to one. It is used in output layers for multi-class classification. It gives interpretable class probabilities that work well with cross-entropy loss."
AI/ML,What problem does convolutional neural network solve?,"Convolutional neural network is used for image classification, detection, and some audio tasks. It shares weights, which reduces parameters and captures spatial structure. It detects edges in early layers and objects in deeper layers. It includes architectures like ResNet, VGG, and EfficientNet."
AI/ML,What other concepts are connected to regularization?,"Regularization includes L1, L2, dropout, and early stopping. It is a set of techniques that discourage overly complex models. It is used to reduce overfitting in linear models and neural networks. It improves generalization to unseen data. It adds hyperparameters, and too much of it causes underfitting."
AI/ML,How does precision compare with similar approaches?,Precision is balanced against recall using the F1 score. It is the fraction of predicted positives that are actually positive. It tells how trustworthy positive predictions are. It equals eight out of ten when eight of ten flagged emails are truly spam.
AI/ML,Describe a scenario where k-means clustering is applied.,"K-means clustering groups shoppers into three segments by spending and visit frequency. It is an unsupervised algorithm that groups data into k clusters around centroids. It is used for customer segmentation and image compression. It is simple, fast, and scales to large datasets."
AI/ML,What should I learn alongside PCA?,"PCA is an alternative to t-SNE and UMAP for visualization. It is a technique that projects data onto directions of maximum variance. It removes redundancy, speeds training, and reduces noise. It makes features hard to interpret and captures only linear structure."
AI/ML,What makes gradient boosting valuable?,"Gradient boosting often delivers state-of-the-art accuracy on structured data. It is an ensemble method that builds trees sequentially, each correcting previous errors. It is used for high-accuracy tabular tasks and competitions. It differs from random forest, which trains trees independently in parallel."
AI/ML,What are the alternatives or companions of F1 score?,"F1 score generalizes to the F-beta score, which weights recall or precision more. It is the harmonic mean of precision and recall. It ignores true negatives and treats precision and recall as equally important. It equals 0.67 when precision is 0.75 and recall is 0.60."
AI/ML,Why is transfer learning considered important?,Transfer learning saves training time and data and often improves accuracy. It is the practice of reusing a model trained on one task for another task. It adapts an ImageNet-trained ResNet to classify medical images. It includes feature extraction and fine-tuning.
AI/ML,What should you watch out for when using one-hot encoding?,"One-hot encoding creates many columns when a feature has lots of categories. It is a method that represents each category as a binary vector. It turns color values red, green, and blue into three binary columns. It is an alternative to label encoding and target encoding."
AI/ML,Can you illustrate attention mechanism with an example?,Attention mechanism lets a translation model focus on the right source word when producing each target word. It handles long dependencies and gives some interpretability through attention weights. It is computationally expensive for long sequences. It includes self-attention and multi-head attention.
AI/ML,What are the advantages of gradient boosting?,"Gradient boosting often delivers state-of-the-art accuracy on structured data. It is an ensemble method that builds trees sequentially, each correcting previous errors. It is sensitive to hyperparameters and can overfit noisy data. It is implemented by XGBoost, LightGBM, and CatBoost."
AI/ML,Why do developers use LSTM?,"LSTM is used for sequences like speech, text, and sensor data. It is a recurrent network unit with gates that control what to remember or forget. It is slower than transformers and harder to parallelize. It has a lighter variant called GRU."
AI/ML,Is there a substitute for softmax?,"Softmax generalizes the sigmoid function used in binary classification. It is used in output layers for multi-class classification. It is overconfident on out-of-distribution inputs and unsuitable for multi-label tasks. It turns scores of two, one, and zero into roughly 0.67, 0.24, and 0.09."
AI/ML,What are the advantages of reinforcement learning?,"Reinforcement learning learns strategies without labeled examples through interaction. It is a learning paradigm where an agent learns actions by receiving rewards. It needs many interactions, and reward design is difficult and unstable. It includes Q-learning and policy gradient methods."
AI/ML,Explain F1 score.,F1 score is the harmonic mean of precision and recall. It is used to evaluate classifiers on imbalanced datasets. It gives one number that balances false positives and false negatives. It ignores true negatives and treats precision and recall as equally important.
AI/ML,Describe k-means clustering briefly.,"K-means clustering is an unsupervised algorithm that groups data into k clusters around centroids. It is used for customer segmentation and image compression. It needs k in advance, favors round clusters, and is sensitive to initialization and outliers. It differs from hierarchical and DBSCAN clustering."
AI/ML,What are the limitations of convolutional neural network?,"Convolutional neural network needs large labeled data and struggles with global context compared with transformers. It is used for image classification, detection, and some audio tasks. It detects edges in early layers and objects in deeper layers. It includes architectures like ResNet, VGG, and EfficientNet."
AI/ML,How would you explain random forest to a beginner?,"Random forest is an ensemble of many decision trees trained on random subsets of data and features. It is used for robust tabular prediction with little tuning. It reduces overfitting through averaging and gives feature importance scores. It uses bagging, unlike boosting methods that train trees sequentially."
AI/ML,Describe a scenario where decision tree is applied.,"Decision tree decides loan approval by checking income, then credit history. It is a model that splits data using feature-based questions into a tree of decisions. It is used for tabular classification and regression with mixed feature types. It is the building block of random forests and gradient boosting."
AI/ML,What is the main purpose of softmax?,Softmax is used in output layers for multi-class classification. It is a function that converts raw scores into probabilities summing to one. It is overconfident on out-of-distribution inputs and unsuitable for multi-label tasks. It generalizes the sigmoid function used in binary classification.
AI/ML,What are the drawbacks of underfitting?,Underfitting yields poor predictions everywhere because the model never learns the signal. It happens when a model is too simple to capture patterns in the data. It is diagnosed when both training and validation errors stay high. It occurs when a straight line is fitted to clearly curved data.
AI/ML,What are the limitations of attention mechanism?,Attention mechanism is computationally expensive for long sequences. It handles long dependencies and gives some interpretability through attention weights. It lets a translation model focus on the right source word when producing each target word. It includes self-attention and multi-head attention.
AI/ML,What is an alternative to random forest?,"Random forest uses bagging, unlike boosting methods that train trees sequentially. It is an ensemble of many decision trees trained on random subsets of data and features. It is used for robust tabular prediction with little tuning. It predicts customer churn by combining hundreds of trees through majority voting."
AI/ML,What problem does fine-tuning solve?,Fine-tuning is used to adapt general models like BERT to a specific domain. It is continued training of a pretrained model on task-specific data. It can cause catastrophic forgetting and overfit on small datasets. It can be parameter-efficient using methods like LoRA.
AI/ML,How is LSTM typically used in real projects?,"LSTM is used for sequences like speech, text, and sensor data. It is a recurrent network unit with gates that control what to remember or forget. It is slower than transformers and harder to parallelize. It forecasts electricity demand from previous hourly readings."
AI/ML,Where is TF-IDF commonly applied?,"TF-IDF is used to turn text into numeric features for search and classification. It is a weighting scheme that scores words by frequency in a document and rarity across documents. It highlights distinctive words and downweights common ones. It ignores word order and meaning, so synonyms are treated as unrelated."
AI/ML,Why do developers use regularization?,"Regularization is used to reduce overfitting in linear models and neural networks. It is a set of techniques that discourage overly complex models. It adds hyperparameters, and too much of it causes underfitting. It adds an L2 penalty on weights to the loss function."
AI/ML,How does ReLU compare with similar approaches?,ReLU has variants like Leaky ReLU and GELU that avoid dead neurons. It is an activation function that outputs zero for negative inputs and the input otherwise. It is cheap to compute and reduces vanishing gradient problems. It can cause dead neurons that output zero for all inputs.
AI/ML,Describe a scenario where softmax is applied.,"Softmax turns scores of two, one, and zero into roughly 0.67, 0.24, and 0.09. It is a function that converts raw scores into probabilities summing to one. It gives interpretable class probabilities that work well with cross-entropy loss. It generalizes the sigmoid function used in binary classification."
AI/ML,Can you illustrate ROC curve with an example?,ROC curve shows a diagonal line for random guessing and a curve toward the top-left for good models. It is a plot of true positive rate against false positive rate across thresholds. It is used to compare classifiers independent of one chosen threshold.
AI/ML,How does softmax compare with similar approaches?,Softmax generalizes the sigmoid function used in binary classification. It is a function that converts raw scores into probabilities summing to one. It is used in output layers for multi-class classification. It is overconfident on out-of-distribution inputs and unsuitable for multi-label tasks.
AI/ML,What is the main purpose of recall?,"Recall is prioritized when missing a positive is costly, such as disease screening. It shows how many real cases the model catches. It ignores false alarms, so predicting everything positive gives perfect recall. It is also called sensitivity or true positive rate."
AI/ML,What is LSTM used for?,"LSTM is used for sequences like speech, text, and sensor data. It is a recurrent network unit with gates that control what to remember or forget. It remembers long-term information better than plain RNNs. It has a lighter variant called GRU."
AI/ML,What are the advantages of fine-tuning?,Fine-tuning reaches strong performance with far less data and compute than training from scratch. It is continued training of a pretrained model on task-specific data. It trains BERT further on support tickets to classify them. It can be parameter-efficient using methods like LoRA.
AI/ML,What is a practical example of PCA?,PCA compresses fifty correlated features into ten principal components. It is a technique that projects data onto directions of maximum variance. It is used for dimensionality reduction and visualization. It makes features hard to interpret and captures only linear structure.
AI/ML,Describe a scenario where regularization is applied.,"Regularization adds an L2 penalty on weights to the loss function. It is a set of techniques that discourage overly complex models. It is used to reduce overfitting in linear models and neural networks. It includes L1, L2, dropout, and early stopping."
AI/ML,How does support vector machine compare with similar approaches?,"Support vector machine is an alternative to logistic regression and tree-based models. It is a classifier that finds the hyperplane with the largest margin between classes. It is used for medium-sized datasets with clear margins, including text classification. It scales poorly to very large datasets and needs feature scaling."
AI/ML,What is batch normalization?,"Batch normalization is a technique that normalizes layer inputs across each mini-batch. It behaves poorly with very small batches and adds complexity at inference. It is placed after a convolution layer before the activation in many CNNs. It is an alternative to layer normalization, which is common in transformers."
AI/ML,What is a practical example of confusion matrix?,"Confusion matrix shows true positives, false positives, true negatives, and false negatives for a spam filter. It is a table that compares predicted classes against actual classes. It becomes hard to read with many classes and does not give a single score."
AI/ML,List the strengths of gradient boosting.,"Gradient boosting often delivers state-of-the-art accuracy on structured data. It is an ensemble method that builds trees sequentially, each correcting previous errors. It is implemented by XGBoost, LightGBM, and CatBoost. It differs from random forest, which trains trees independently in parallel."
AI/ML,How does learning rate compare with similar approaches?,Learning rate can be adjusted over time using schedules or warmup. It is tuned to balance training speed against stability. It causes divergence if too high and painfully slow training if too low. It is often set around 0.001 for the Adam optimizer.
AI/ML,What is an alternative to one-hot encoding?,One-hot encoding is an alternative to label encoding and target encoding. It is a method that represents each category as a binary vector. It avoids implying a false order between categories. It creates many columns when a feature has lots of categories.
AI/ML,Explain feature scaling.,"Feature scaling is the process of putting numeric features on comparable ranges. It is used before distance-based or gradient-based algorithms. It must be fit on training data only, or it leaks information. It uses methods such as min-max scaling and standardization."
AI/ML,What are the advantages of transformer?,"Transformer processes tokens in parallel and captures long-range dependencies. It is used for language models, translation, and increasingly vision tasks. It needs large compute and memory, since attention cost grows with sequence length squared. It powers models such as BERT, GPT, and T5."
AI/ML,Where is gradient descent commonly applied?,Gradient descent is used to train linear models and neural networks. It is an optimization algorithm that updates parameters in the direction that reduces loss. It can get stuck in local minima or plateaus and is sensitive to learning rate.
AI/ML,Why is recall considered important?,"Recall shows how many real cases the model catches. It is the fraction of actual positives that the model correctly identifies. It ignores false alarms, so predicting everything positive gives perfect recall. It equals eight out of ten when the model finds eight of ten real fraud cases."
AI/ML,What are the drawbacks of ReLU?,ReLU can cause dead neurons that output zero for all inputs. It is an activation function that outputs zero for negative inputs and the input otherwise. It is used in hidden layers of deep networks. It has variants like Leaky ReLU and GELU that avoid dead neurons.
AI/ML,Give an example of linear regression.,"Linear regression predicts house price from area, location score, and number of rooms. It is used for forecasting and understanding relationships between variables. It is fast, simple, and highly interpretable. It assumes linearity and is sensitive to outliers and correlated features."
AI/ML,Explain recall.,"Recall is the fraction of actual positives that the model correctly identifies. It is prioritized when missing a positive is costly, such as disease screening. It equals eight out of ten when the model finds eight of ten real fraud cases."
AI/ML,Explain gradient boosting.,"Gradient boosting is an ensemble method that builds trees sequentially, each correcting previous errors. It often delivers state-of-the-art accuracy on structured data. It is sensitive to hyperparameters and can overfit noisy data. It is implemented by XGBoost, LightGBM, and CatBoost."
AI/ML,How does regularization help developers?,"Regularization improves generalization to unseen data. It is used to reduce overfitting in linear models and neural networks. It adds hyperparameters, and too much of it causes underfitting. It adds an L2 penalty on weights to the loss function. It includes L1, L2, dropout, and early stopping."
AI/ML,What other concepts are connected to logistic regression?,Logistic regression generalizes to multi-class problems with softmax. It is a classification model that predicts probabilities using the sigmoid function. It struggles with non-linear boundaries unless features are engineered. It predicts whether a customer will buy based on age and browsing time.
AI/ML,In which situations is PCA a good choice?,"PCA is used for dimensionality reduction and visualization. It removes redundancy, speeds training, and reduces noise. It makes features hard to interpret and captures only linear structure. It compresses fifty correlated features into ten principal components. It is an alternative to t-SNE and UMAP for visualization."
AI/ML,What does underfitting mean?,Underfitting happens when a model is too simple to capture patterns in the data. It is diagnosed when both training and validation errors stay high. It yields poor predictions everywhere because the model never learns the signal. It occurs when a straight line is fitted to clearly curved data.
AI/ML,How does precision differ from related concepts?,"Precision is balanced against recall using the F1 score. It is prioritized when false positives are costly, such as spam filtering. It tells how trustworthy positive predictions are. It equals eight out of ten when eight of ten flagged emails are truly spam."
AI/ML,What other concepts are connected to overfitting?,"Overfitting is the opposite of underfitting, where a model is too simple. It is checked by comparing training and validation performance during model development. It makes high training accuracy misleading and leads to failures in production. It shows up as ninety-nine percent training accuracy but sixty percent test accuracy."
AI/ML,How does TF-IDF compare with similar approaches?,"TF-IDF is a classic alternative to word embeddings and bag-of-words counts. It is used to turn text into numeric features for search and classification. It ignores word order and meaning, so synonyms are treated as unrelated. It gives the word kubernetes a high score in a DevOps article."
AI/ML,What is an alternative to gradient descent?,"Gradient descent has variants such as SGD, mini-batch, Momentum, and Adam. It is used to train linear models and neural networks. It scales to huge datasets and many parameters, especially in stochastic form. It can get stuck in local minima or plateaus and is sensitive to learning rate."
AI/ML,What is an alternative to transfer learning?,Transfer learning includes feature extraction and fine-tuning. It is the practice of reusing a model trained on one task for another task. It saves training time and data and often improves accuracy. It adapts an ImageNet-trained ResNet to classify medical images.
AI/ML,Why is k-means clustering useful?,"K-means clustering is simple, fast, and scales to large datasets. It is an unsupervised algorithm that groups data into k clusters around centroids. It is used for customer segmentation and image compression. It groups shoppers into three segments by spending and visit frequency."
AI/ML,Why is backpropagation useful?,Backpropagation computes all gradients efficiently using the chain rule. It is the algorithm that computes gradients of the loss with respect to network weights. It is used to train neural networks by sending errors backward through layers. It works together with an optimizer like gradient descent.
AI/ML,What other concepts are connected to transfer learning?,Transfer learning includes feature extraction and fine-tuning. It is the practice of reusing a model trained on one task for another task. It is used when labeled data is limited. It saves training time and data and often improves accuracy.
AI/ML,Show a real-world example of LSTM.,"LSTM forecasts electricity demand from previous hourly readings. It is a recurrent network unit with gates that control what to remember or forget. It is used for sequences like speech, text, and sensor data. It has a lighter variant called GRU."
AI/ML,What are the drawbacks of logistic regression?,Logistic regression struggles with non-linear boundaries unless features are engineered. It is a classification model that predicts probabilities using the sigmoid function. It is used for binary outcomes such as churn or spam. It predicts whether a customer will buy based on age and browsing time.
AI/ML,Can you give a short overview of gradient boosting?,"Gradient boosting is an ensemble method that builds trees sequentially, each correcting previous errors. It is used for high-accuracy tabular tasks and competitions. It is sensitive to hyperparameters and can overfit noisy data. It differs from random forest, which trains trees independently in parallel."
AI/ML,Where is one-hot encoding commonly applied?,"One-hot encoding is used to feed categorical features into models. It is a method that represents each category as a binary vector. It turns color values red, green, and blue into three binary columns. It is an alternative to label encoding and target encoding."
AI/ML,Where have you seen one-hot encoding in action?,"One-hot encoding turns color values red, green, and blue into three binary columns. It is a method that represents each category as a binary vector. It is used to feed categorical features into models. It avoids implying a false order between categories."
AI/ML,What does support vector machine mean?,"Support vector machine is a classifier that finds the hyperplane with the largest margin between classes. It is used for medium-sized datasets with clear margins, including text classification. It works well in high dimensions and supports non-linear kernels. It separates spam from legitimate emails using an RBF kernel."
AI/ML,Why do developers use logistic regression?,"Logistic regression is used for binary outcomes such as churn or spam. It is quick to train, interpretable, and gives calibrated probabilities. It predicts whether a customer will buy based on age and browsing time. It generalizes to multi-class problems with softmax."
AI/ML,What are the drawbacks of feature scaling?,"Feature scaling must be fit on training data only, or it leaks information. It is the process of putting numeric features on comparable ranges. It standardizes age and income to mean zero and unit variance. It uses methods such as min-max scaling and standardization."
AI/ML,What are the limitations of TF-IDF?,"TF-IDF ignores word order and meaning, so synonyms are treated as unrelated. It is a weighting scheme that scores words by frequency in a document and rarity across documents. It is used to turn text into numeric features for search and classification."
AI/ML,When should you avoid backpropagation?,Backpropagation suffers from vanishing or exploding gradients in very deep networks. It computes all gradients efficiently using the chain rule. It tells a network how much each weight contributed to a wrong prediction. It works together with an optimizer like gradient descent.
AI/ML,What should I learn alongside linear regression?,"Linear regression extends to ridge, lasso, and polynomial regression. It is a model that predicts a numeric value as a weighted sum of input features. It is used for forecasting and understanding relationships between variables. It assumes linearity and is sensitive to outliers and correlated features."
AI/ML,In which situations is one-hot encoding a good choice?,"One-hot encoding is used to feed categorical features into models. It avoids implying a false order between categories. It creates many columns when a feature has lots of categories. It turns color values red, green, and blue into three binary columns."
AI/ML,Why do developers use tokenization?,"Tokenization is used as the first step in NLP pipelines. It converts raw text into units a model can map to IDs. It can break rare words badly and differs across languages and models. It splits unbelievable into subwords such as un, believ, and able."
AI/ML,What are the drawbacks of decision tree?,Decision tree overfits easily and changes a lot with small data changes. It is a model that splits data using feature-based questions into a tree of decisions. It is used for tabular classification and regression with mixed feature types. It is easy to visualize and needs little preprocessing.
AI/ML,What is the basic idea behind word embedding?,"Word embedding is a dense vector representation of words capturing semantic similarity. It places related words close together and reduces dimensionality compared with one-hot vectors. It places king and queen near each other in vector space. It includes Word2Vec and GloVe, while contextual models like BERT produce context-aware vectors."
AI/ML,How would you explain decision tree to a beginner?,"Decision tree is a model that splits data using feature-based questions into a tree of decisions. It is used for tabular classification and regression with mixed feature types. It overfits easily and changes a lot with small data changes. It decides loan approval by checking income, then credit history."
AI/ML,What does recurrent neural network mean?,Recurrent neural network is a neural network that processes sequences by passing a hidden state forward in time. It predicts the next character in a sentence from previous characters. It is improved by LSTM and GRU and often replaced by transformers.
AI/ML,Describe ReLU briefly.,ReLU is an activation function that outputs zero for negative inputs and the input otherwise. It is used in hidden layers of deep networks. It can cause dead neurons that output zero for all inputs. It has variants like Leaky ReLU and GELU that avoid dead neurons.
AI/ML,Walk me through a simple example of linear regression.,"Linear regression predicts house price from area, location score, and number of rooms. It is a model that predicts a numeric value as a weighted sum of input features. It is used for forecasting and understanding relationships between variables. It is fast, simple, and highly interpretable."
AI/ML,Define F1 score in simple words.,"F1 score is the harmonic mean of precision and recall. It is used to evaluate classifiers on imbalanced datasets. It ignores true negatives and treats precision and recall as equally important. It generalizes to the F-beta score, which weights recall or precision more."
AI/ML,What is an alternative to reinforcement learning?,"Reinforcement learning includes Q-learning and policy gradient methods. It is used in robotics, game playing, and recommendation or control problems. It needs many interactions, and reward design is difficult and unstable. It trains an agent to play Atari games by maximizing score."
AI/ML,What are the limitations of backpropagation?,Backpropagation suffers from vanishing or exploding gradients in very deep networks. It is the algorithm that computes gradients of the loss with respect to network weights. It computes all gradients efficiently using the chain rule. It works together with an optimizer like gradient descent.
AI/ML,How is reinforcement learning typically used in real projects?,"Reinforcement learning is used in robotics, game playing, and recommendation or control problems. It needs many interactions, and reward design is difficult and unstable. It trains an agent to play Atari games by maximizing score. It includes Q-learning and policy gradient methods."
AI/ML,List the strengths of fine-tuning.,Fine-tuning reaches strong performance with far less data and compute than training from scratch. It is used to adapt general models like BERT to a specific domain. It trains BERT further on support tickets to classify them. It can be parameter-efficient using methods like LoRA.
AI/ML,What should I learn alongside learning rate?,Learning rate can be adjusted over time using schedules or warmup. It is tuned to balance training speed against stability. It gives direct control over convergence behavior when chosen well. It causes divergence if too high and painfully slow training if too low.
AI/ML,How is ROC curve typically used in real projects?,ROC curve is used to compare classifiers independent of one chosen threshold. It is a plot of true positive rate against false positive rate across thresholds. It summarizes performance through the area under the curve. It is often replaced by the precision-recall curve for rare positives.
AI/ML,What is the basic idea behind transformer?,"Transformer is a neural network architecture based on self-attention rather than recurrence. It is used for language models, translation, and increasingly vision tasks. It processes tokens in parallel and captures long-range dependencies. It replaced many RNN and LSTM approaches in NLP."
AI/ML,Give an example of recurrent neural network.,Recurrent neural network predicts the next character in a sentence from previous characters. It is used for time series and text with order dependence. It handles variable-length sequences with shared weights. It is improved by LSTM and GRU and often replaced by transformers.
AI/ML,Can you give a short overview of backpropagation?,Backpropagation is the algorithm that computes gradients of the loss with respect to network weights. It is used to train neural networks by sending errors backward through layers. It suffers from vanishing or exploding gradients in very deep networks. It works together with an optimizer like gradient descent.
AI/ML,Why is recurrent neural network considered important?,Recurrent neural network handles variable-length sequences with shared weights. It is a neural network that processes sequences by passing a hidden state forward in time. It predicts the next character in a sentence from previous characters. It is improved by LSTM and GRU and often replaced by transformers.
AI/ML,What are the drawbacks of recurrent neural network?,Recurrent neural network trains slowly because steps are sequential and suffers vanishing gradients. It is a neural network that processes sequences by passing a hidden state forward in time. It predicts the next character in a sentence from previous characters.
AI/ML,What problem does underfitting solve?,Underfitting is diagnosed when both training and validation errors stay high. It happens when a model is too simple to capture patterns in the data. It yields poor predictions everywhere because the model never learns the signal. It occurs when a straight line is fitted to clearly curved data.
AI/ML,When should you use PCA?,PCA is used for dimensionality reduction and visualization. It is a technique that projects data onto directions of maximum variance. It makes features hard to interpret and captures only linear structure. It is an alternative to t-SNE and UMAP for visualization.
AI/ML,What is related to ROC curve?,ROC curve is often replaced by the precision-recall curve for rare positives. It summarizes performance through the area under the curve. It can look overly optimistic on heavily imbalanced data. It shows a diagonal line for random guessing and a curve toward the top-left for good models.
AI/ML,Give an example of reinforcement learning.,"Reinforcement learning trains an agent to play Atari games by maximizing score. It is used in robotics, game playing, and recommendation or control problems. It needs many interactions, and reward design is difficult and unstable. It includes Q-learning and policy gradient methods."
AI/ML,Walk me through a simple example of recurrent neural network.,Recurrent neural network predicts the next character in a sentence from previous characters. It is used for time series and text with order dependence. It trains slowly because steps are sequential and suffers vanishing gradients. It is improved by LSTM and GRU and often replaced by transformers.
AI/ML,What is an alternative to F1 score?,"F1 score generalizes to the F-beta score, which weights recall or precision more. It is the harmonic mean of precision and recall. It gives one number that balances false positives and false negatives. It equals 0.67 when precision is 0.75 and recall is 0.60."
AI/ML,What are the benefits of using PCA?,"PCA removes redundancy, speeds training, and reduces noise. It is a technique that projects data onto directions of maximum variance. It makes features hard to interpret and captures only linear structure. It compresses fifty correlated features into ten principal components. It is an alternative to t-SNE and UMAP for visualization."
AI/ML,Explain backpropagation.,Backpropagation is the algorithm that computes gradients of the loss with respect to network weights. It is used to train neural networks by sending errors backward through layers. It computes all gradients efficiently using the chain rule. It works together with an optimizer like gradient descent.
AI/ML,Why do developers use loss function?,"Loss function is used to guide model training by providing a signal to minimize. It is a function that measures how far predictions are from true values. It uses mean squared error for regression and cross-entropy for classification. It is different from an evaluation metric, which reports performance to humans."
AI/ML,What are the benefits of using precision?,"Precision tells how trustworthy positive predictions are. It is the fraction of predicted positives that are actually positive. It is prioritized when false positives are costly, such as spam filtering. It ignores missed positives, so a model can score high by predicting rarely."
AI/ML,How is transformer typically used in real projects?,"Transformer is used for language models, translation, and increasingly vision tasks. It is a neural network architecture based on self-attention rather than recurrence. It powers models such as BERT, GPT, and T5. It replaced many RNN and LSTM approaches in NLP."
AI/ML,What is an alternative to k-means clustering?,"K-means clustering differs from hierarchical and DBSCAN clustering. It is used for customer segmentation and image compression. It needs k in advance, favors round clusters, and is sensitive to initialization and outliers. It groups shoppers into three segments by spending and visit frequency."
AI/ML,What is the basic idea behind recall?,"Recall is the fraction of actual positives that the model correctly identifies. It shows how many real cases the model catches. It ignores false alarms, so predicting everything positive gives perfect recall. It equals eight out of ten when the model finds eight of ten real fraud cases."
AI/ML,Explain softmax.,Softmax is a function that converts raw scores into probabilities summing to one. It is used in output layers for multi-class classification. It gives interpretable class probabilities that work well with cross-entropy loss. It generalizes the sigmoid function used in binary classification.
AI/ML,Give an example of precision.,"Precision equals eight out of ten when eight of ten flagged emails are truly spam. It is prioritized when false positives are costly, such as spam filtering. It ignores missed positives, so a model can score high by predicting rarely. It is balanced against recall using the F1 score."
AI/ML,What are the disadvantages of convolutional neural network?,"Convolutional neural network needs large labeled data and struggles with global context compared with transformers. It is used for image classification, detection, and some audio tasks. It shares weights, which reduces parameters and captures spatial structure. It includes architectures like ResNet, VGG, and EfficientNet."
AI/ML,How is dropout typically used in real projects?,Dropout is used in deep networks to prevent co-adaptation of neurons. It reduces overfitting and acts like training an ensemble of sub-networks. It slows convergence and is turned off at inference time. It drops fifty percent of hidden units in each training step.
AI/ML,What are the downsides of backpropagation?,Backpropagation suffers from vanishing or exploding gradients in very deep networks. It is used to train neural networks by sending errors backward through layers. It computes all gradients efficiently using the chain rule. It tells a network how much each weight contributed to a wrong prediction.
AI/ML,Define word embedding in simple words.,"Word embedding is a dense vector representation of words capturing semantic similarity. It is used as input features for NLP models. It places related words close together and reduces dimensionality compared with one-hot vectors. It gives one vector per word, so static embeddings cannot separate different meanings."
AI/ML,When should you avoid logistic regression?,"Logistic regression struggles with non-linear boundaries unless features are engineered. It is a classification model that predicts probabilities using the sigmoid function. It is used for binary outcomes such as churn or spam. It is quick to train, interpretable, and gives calibrated probabilities."
AI/ML,What is related to loss function?,"Loss function is different from an evaluation metric, which reports performance to humans. It turns the goal of learning into a number that optimizers can reduce. It can mislead if it does not match the real business metric. It uses mean squared error for regression and cross-entropy for classification."
AI/ML,What does precision mean?,"Precision is the fraction of predicted positives that are actually positive. It is prioritized when false positives are costly, such as spam filtering. It tells how trustworthy positive predictions are. It equals eight out of ten when eight of ten flagged emails are truly spam."
AI/ML,Give an example of backpropagation.,Backpropagation tells a network how much each weight contributed to a wrong prediction. It is used to train neural networks by sending errors backward through layers. It suffers from vanishing or exploding gradients in very deep networks. It works together with an optimizer like gradient descent.
AI/ML,What is the main purpose of activation function?,"Activation function is used between layers so networks can learn complex patterns. It can cause vanishing gradients or dead neurons if chosen poorly. It includes ReLU in hidden layers and sigmoid in binary outputs. It is chosen among options like tanh, sigmoid, ReLU, and GELU."
AI/ML,What are the limitations of underfitting?,"Underfitting yields poor predictions everywhere because the model never learns the signal. It happens when a model is too simple to capture patterns in the data. It is easy to fix by adding features, complexity, or training longer. It occurs when a straight line is fitted to clearly curved data."
AI/ML,What are the downsides of gradient boosting?,"Gradient boosting is sensitive to hyperparameters and can overfit noisy data. It is an ensemble method that builds trees sequentially, each correcting previous errors. It is used for high-accuracy tabular tasks and competitions. It is implemented by XGBoost, LightGBM, and CatBoost."
AI/ML,How is word embedding used in practice?,"Word embedding places king and queen near each other in vector space. It is used as input features for NLP models. It places related words close together and reduces dimensionality compared with one-hot vectors. It includes Word2Vec and GloVe, while contextual models like BERT produce context-aware vectors."
AI/ML,Where is precision commonly applied?,"Precision is prioritized when false positives are costly, such as spam filtering. It tells how trustworthy positive predictions are. It ignores missed positives, so a model can score high by predicting rarely. It is balanced against recall using the F1 score."
AI/ML,How is linear regression used in practice?,"Linear regression predicts house price from area, location score, and number of rooms. It is a model that predicts a numeric value as a weighted sum of input features. It assumes linearity and is sensitive to outliers and correlated features."
AI/ML,What problems can transfer learning cause?,Transfer learning can fail when the source and target domains differ too much. It is the practice of reusing a model trained on one task for another task. It is used when labeled data is limited. It adapts an ImageNet-trained ResNet to classify medical images.
AI/ML,Can you give a short overview of loss function?,Loss function is a function that measures how far predictions are from true values. It turns the goal of learning into a number that optimizers can reduce. It can mislead if it does not match the real business metric. It uses mean squared error for regression and cross-entropy for classification.
AI/ML,Can you give a short overview of class imbalance?,"Class imbalance is a situation where one class has far more samples than others. It makes accuracy misleading, since predicting the majority class looks good. It appears when only one percent of transactions are fraudulent. It is addressed with SMOTE, undersampling, and focal loss."
AI/ML,Why do developers use word embedding?,"Word embedding is used as input features for NLP models. It places related words close together and reduces dimensionality compared with one-hot vectors. It gives one vector per word, so static embeddings cannot separate different meanings. It places king and queen near each other in vector space."
AI/ML,What should I learn alongside cross-validation?,"Cross-validation includes k-fold, stratified, and leave-one-out variants. It is a resampling method that evaluates a model on multiple train-test splits. It uses data efficiently and gives a more stable estimate than one split. It trains five times in five-fold validation, each time holding out a different fold."
AI/ML,How does ROC curve help developers?,ROC curve summarizes performance through the area under the curve. It is a plot of true positive rate against false positive rate across thresholds. It is used to compare classifiers independent of one chosen threshold. It can look overly optimistic on heavily imbalanced data.
AI/ML,What is an alternative to support vector machine?,"Support vector machine is an alternative to logistic regression and tree-based models. It is a classifier that finds the hyperplane with the largest margin between classes. It is used for medium-sized datasets with clear margins, including text classification. It separates spam from legitimate emails using an RBF kernel."
AI/ML,What are the advantages of dropout?,Dropout reduces overfitting and acts like training an ensemble of sub-networks. It is a regularization technique that randomly disables neurons during training. It is used in deep networks to prevent co-adaptation of neurons. It drops fifty percent of hidden units in each training step.
AI/ML,How would you explain PCA to a beginner?,"PCA is a technique that projects data onto directions of maximum variance. It is used for dimensionality reduction and visualization. It removes redundancy, speeds training, and reduces noise. It makes features hard to interpret and captures only linear structure. It compresses fifty correlated features into ten principal components."
AI/ML,Describe decision tree briefly.,Decision tree is a model that splits data using feature-based questions into a tree of decisions. It is used for tabular classification and regression with mixed feature types. It overfits easily and changes a lot with small data changes. It is the building block of random forests and gradient boosting.
AI/ML,How would you explain word embedding to a beginner?,"Word embedding is a dense vector representation of words capturing semantic similarity. It is used as input features for NLP models. It gives one vector per word, so static embeddings cannot separate different meanings. It includes Word2Vec and GloVe, while contextual models like BERT produce context-aware vectors."
AI/ML,What are common pitfalls with k-means clustering?,"K-means clustering needs k in advance, favors round clusters, and is sensitive to initialization and outliers. It is an unsupervised algorithm that groups data into k clusters around centroids. It groups shoppers into three segments by spending and visit frequency. It differs from hierarchical and DBSCAN clustering."
AI/ML,Where is feature scaling commonly applied?,Feature scaling is used before distance-based or gradient-based algorithms. It is the process of putting numeric features on comparable ranges. It speeds up convergence and prevents large-range features dominating. It standardizes age and income to mean zero and unit variance.
AI/ML,What do you gain by using logistic regression?,"Logistic regression is quick to train, interpretable, and gives calibrated probabilities. It is used for binary outcomes such as churn or spam. It predicts whether a customer will buy based on age and browsing time. It generalizes to multi-class problems with softmax."
AI/ML,Show a real-world example of cross-validation.,"Cross-validation trains five times in five-fold validation, each time holding out a different fold. It is used to estimate generalization performance and tune hyperparameters. It uses data efficiently and gives a more stable estimate than one split. It includes k-fold, stratified, and leave-one-out variants."
AI/ML,What problem does overfitting solve?,"Overfitting is checked by comparing training and validation performance during model development. It makes high training accuracy misleading and leads to failures in production. It shows up as ninety-nine percent training accuracy but sixty percent test accuracy. It is the opposite of underfitting, where a model is too simple."
AI/ML,What is class imbalance?,"Class imbalance is a situation where one class has far more samples than others. It can be handled with resampling, class weights, and suitable metrics. It appears when only one percent of transactions are fraudulent. It is addressed with SMOTE, undersampling, and focal loss."
AI/ML,Why is hyperparameter tuning useful?,"Hyperparameter tuning can raise accuracy substantially without changing the model type. It is the process of searching for the best training settings that are not learned from data. It tries different tree depths and learning rates for a boosting model. It uses grid search, random search, and Bayesian optimization."
AI/ML,What is a practical example of transfer learning?,Transfer learning adapts an ImageNet-trained ResNet to classify medical images. It is the practice of reusing a model trained on one task for another task. It is used when labeled data is limited. It can fail when the source and target domains differ too much.
AI/ML,What are the benefits of using F1 score?,"F1 score gives one number that balances false positives and false negatives. It is used to evaluate classifiers on imbalanced datasets. It ignores true negatives and treats precision and recall as equally important. It generalizes to the F-beta score, which weights recall or precision more."
AI/ML,What are the alternatives or companions of softmax?,Softmax generalizes the sigmoid function used in binary classification. It is a function that converts raw scores into probabilities summing to one. It gives interpretable class probabilities that work well with cross-entropy loss. It is overconfident on out-of-distribution inputs and unsuitable for multi-label tasks.
AI/ML,What are the downsides of cross-validation?,"Cross-validation is computationally costly and can leak information with time series or grouped data. It is a resampling method that evaluates a model on multiple train-test splits. It is used to estimate generalization performance and tune hyperparameters. It includes k-fold, stratified, and leave-one-out variants."
AI/ML,What is a practical example of one-hot encoding?,"One-hot encoding turns color values red, green, and blue into three binary columns. It is used to feed categorical features into models. It creates many columns when a feature has lots of categories. It is an alternative to label encoding and target encoding."
AI/ML,What should you watch out for when using k-nearest neighbors?,K-nearest neighbors is slow at prediction on big data and suffers in high dimensions. It is used for simple classification and recommendation tasks. It needs no training phase and is easy to understand. It depends on a distance metric and feature scaling.
AI/ML,What are the disadvantages of backpropagation?,Backpropagation suffers from vanishing or exploding gradients in very deep networks. It is the algorithm that computes gradients of the loss with respect to network weights. It is used to train neural networks by sending errors backward through layers. It works together with an optimizer like gradient descent.
AI/ML,What do you gain by using linear regression?,"Linear regression is fast, simple, and highly interpretable. It is used for forecasting and understanding relationships between variables. It assumes linearity and is sensitive to outliers and correlated features. It predicts house price from area, location score, and number of rooms. It extends to ridge, lasso, and polynomial regression."
AI/ML,What are the advantages of recurrent neural network?,Recurrent neural network handles variable-length sequences with shared weights. It is a neural network that processes sequences by passing a hidden state forward in time. It is used for time series and text with order dependence. It trains slowly because steps are sequential and suffers vanishing gradients.
AI/ML,In which situations is activation function a good choice?,Activation function is used between layers so networks can learn complex patterns. It is a function applied to a neuron's output to introduce non-linearity. It can cause vanishing gradients or dead neurons if chosen poorly. It includes ReLU in hidden layers and sigmoid in binary outputs.
AI/ML,Walk me through a simple example of cross-validation.,"Cross-validation trains five times in five-fold validation, each time holding out a different fold. It uses data efficiently and gives a more stable estimate than one split. It is computationally costly and can leak information with time series or grouped data. It includes k-fold, stratified, and leave-one-out variants."
AI/ML,What are the downsides of hyperparameter tuning?,Hyperparameter tuning is computationally costly and can overfit the validation set. It is the process of searching for the best training settings that are not learned from data. It is used to improve model performance before deployment. It can raise accuracy substantially without changing the model type.
AI/ML,What problem does TF-IDF solve?,"TF-IDF is used to turn text into numeric features for search and classification. It highlights distinctive words and downweights common ones. It ignores word order and meaning, so synonyms are treated as unrelated. It is a classic alternative to word embeddings and bag-of-words counts."
AI/ML,What problem does tokenization solve?,"Tokenization is used as the first step in NLP pipelines. It converts raw text into units a model can map to IDs. It can break rare words badly and differs across languages and models. It uses methods such as whitespace splitting, WordPiece, and Byte Pair Encoding."
AI/ML,What are the limitations of LSTM?,LSTM is slower than transformers and harder to parallelize. It is a recurrent network unit with gates that control what to remember or forget. It remembers long-term information better than plain RNNs. It forecasts electricity demand from previous hourly readings. It has a lighter variant called GRU.
AI/ML,Show a real-world example of one-hot encoding.,"One-hot encoding turns color values red, green, and blue into three binary columns. It is used to feed categorical features into models. It avoids implying a false order between categories. It is an alternative to label encoding and target encoding."
AI/ML,Why do developers use TF-IDF?,TF-IDF is used to turn text into numeric features for search and classification. It is a weighting scheme that scores words by frequency in a document and rarity across documents. It gives the word kubernetes a high score in a DevOps article.
AI/ML,What are the advantages of logistic regression?,"Logistic regression is quick to train, interpretable, and gives calibrated probabilities. It is a classification model that predicts probabilities using the sigmoid function. It predicts whether a customer will buy based on age and browsing time. It generalizes to multi-class problems with softmax."
AI/ML,What are the alternatives or companions of random forest?,"Random forest uses bagging, unlike boosting methods that train trees sequentially. It is an ensemble of many decision trees trained on random subsets of data and features. It is less interpretable and slower than a single tree. It predicts customer churn by combining hundreds of trees through majority voting."
AI/ML,Describe a scenario where one-hot encoding is applied.,"One-hot encoding turns color values red, green, and blue into three binary columns. It is used to feed categorical features into models. It avoids implying a false order between categories. It creates many columns when a feature has lots of categories."
AI/ML,What are the disadvantages of feature scaling?,"Feature scaling must be fit on training data only, or it leaks information. It speeds up convergence and prevents large-range features dominating. It standardizes age and income to mean zero and unit variance. It uses methods such as min-max scaling and standardization."
AI/ML,List the strengths of hyperparameter tuning.,Hyperparameter tuning can raise accuracy substantially without changing the model type. It is used to improve model performance before deployment. It is computationally costly and can overfit the validation set. It tries different tree depths and learning rates for a boosting model.
AI/ML,Why is backpropagation considered important?,Backpropagation computes all gradients efficiently using the chain rule. It is the algorithm that computes gradients of the loss with respect to network weights. It suffers from vanishing or exploding gradients in very deep networks. It tells a network how much each weight contributed to a wrong prediction.
AI/ML,What is related to transfer learning?,Transfer learning includes feature extraction and fine-tuning. It is the practice of reusing a model trained on one task for another task. It is used when labeled data is limited. It can fail when the source and target domains differ too much.
AI/ML,What makes feature scaling valuable?,"Feature scaling speeds up convergence and prevents large-range features dominating. It is the process of putting numeric features on comparable ranges. It must be fit on training data only, or it leaks information. It uses methods such as min-max scaling and standardization."
AI/ML,Walk me through a simple example of logistic regression.,Logistic regression predicts whether a customer will buy based on age and browsing time. It is a classification model that predicts probabilities using the sigmoid function. It is used for binary outcomes such as churn or spam. It struggles with non-linear boundaries unless features are engineered.
AI/ML,What are the limitations of F1 score?,"F1 score ignores true negatives and treats precision and recall as equally important. It is used to evaluate classifiers on imbalanced datasets. It equals 0.67 when precision is 0.75 and recall is 0.60. It generalizes to the F-beta score, which weights recall or precision more."
AI/ML,Why is attention mechanism considered important?,"Attention mechanism handles long dependencies and gives some interpretability through attention weights. It is used in translation, summarization, and transformers. It lets a translation model focus on the right source word when producing each target word. It includes self-attention and multi-head attention."
AI/ML,What is related to fine-tuning?,Fine-tuning can be parameter-efficient using methods like LoRA. It is used to adapt general models like BERT to a specific domain. It can cause catastrophic forgetting and overfit on small datasets. It trains BERT further on support tickets to classify them.
AI/ML,Can you illustrate decision tree with an example?,"Decision tree decides loan approval by checking income, then credit history. It is used for tabular classification and regression with mixed feature types. It is easy to visualize and needs little preprocessing. It overfits easily and changes a lot with small data changes."
AI/ML,What are the downsides of feature scaling?,"Feature scaling must be fit on training data only, or it leaks information. It is used before distance-based or gradient-based algorithms. It standardizes age and income to mean zero and unit variance. It uses methods such as min-max scaling and standardization."
AI/ML,How does ROC curve differ from related concepts?,ROC curve is often replaced by the precision-recall curve for rare positives. It is a plot of true positive rate against false positive rate across thresholds. It summarizes performance through the area under the curve. It can look overly optimistic on heavily imbalanced data.
AI/ML,What is underfitting used for?,"Underfitting is diagnosed when both training and validation errors stay high. It happens when a model is too simple to capture patterns in the data. It occurs when a straight line is fitted to clearly curved data. It is linked to high bias, while overfitting is linked to high variance."
AI/ML,What are common pitfalls with support vector machine?,"Support vector machine scales poorly to very large datasets and needs feature scaling. It is a classifier that finds the hyperplane with the largest margin between classes. It is used for medium-sized datasets with clear margins, including text classification. It works well in high dimensions and supports non-linear kernels."
AI/ML,How is overfitting used in practice?,"Overfitting shows up as ninety-nine percent training accuracy but sixty percent test accuracy. It is checked by comparing training and validation performance during model development. It becomes manageable once spotted, since fixes like regularization and more data exist. It makes high training accuracy misleading and leads to failures in production."
AI/ML,What is the basic idea behind confusion matrix?,"Confusion matrix is a table that compares predicted classes against actual classes. It becomes hard to read with many classes and does not give a single score. It shows true positives, false positives, true negatives, and false negatives for a spam filter."
AI/ML,Why do developers use linear regression?,"Linear regression is used for forecasting and understanding relationships between variables. It is fast, simple, and highly interpretable. It assumes linearity and is sensitive to outliers and correlated features. It predicts house price from area, location score, and number of rooms."
AI/ML,What are the alternatives or companions of TF-IDF?,TF-IDF is a classic alternative to word embeddings and bag-of-words counts. It is used to turn text into numeric features for search and classification. It highlights distinctive words and downweights common ones. It gives the word kubernetes a high score in a DevOps article.
AI/ML,How does TF-IDF help developers?,"TF-IDF highlights distinctive words and downweights common ones. It is a weighting scheme that scores words by frequency in a document and rarity across documents. It ignores word order and meaning, so synonyms are treated as unrelated. It gives the word kubernetes a high score in a DevOps article."
AI/ML,What problems can transformer cause?,"Transformer needs large compute and memory, since attention cost grows with sequence length squared. It is a neural network architecture based on self-attention rather than recurrence. It powers models such as BERT, GPT, and T5. It replaced many RNN and LSTM approaches in NLP."
AI/ML,What are common pitfalls with TF-IDF?,"TF-IDF ignores word order and meaning, so synonyms are treated as unrelated. It is a weighting scheme that scores words by frequency in a document and rarity across documents. It highlights distinctive words and downweights common ones. It gives the word kubernetes a high score in a DevOps article."
AI/ML,What are the benefits of using batch normalization?,Batch normalization allows higher learning rates and reduces sensitivity to initialization. It is a technique that normalizes layer inputs across each mini-batch. It is used to stabilize and speed up training of deep networks. It behaves poorly with very small batches and adds complexity at inference.
AI/ML,What is a practical example of learning rate?,Learning rate is often set around 0.001 for the Adam optimizer. It is tuned to balance training speed against stability. It causes divergence if too high and painfully slow training if too low. It can be adjusted over time using schedules or warmup.
AI/ML,Explain regularization.,"Regularization is a set of techniques that discourage overly complex models. It improves generalization to unseen data. It adds hyperparameters, and too much of it causes underfitting. It adds an L2 penalty on weights to the loss function. It includes L1, L2, dropout, and early stopping."
AI/ML,What is TF-IDF used for?,"TF-IDF is used to turn text into numeric features for search and classification. It ignores word order and meaning, so synonyms are treated as unrelated. It gives the word kubernetes a high score in a DevOps article. It is a classic alternative to word embeddings and bag-of-words counts."
AI/ML,How is PCA typically used in real projects?,"PCA is used for dimensionality reduction and visualization. It is a technique that projects data onto directions of maximum variance. It removes redundancy, speeds training, and reduces noise. It compresses fifty correlated features into ten principal components. It is an alternative to t-SNE and UMAP for visualization."
AI/ML,What are the disadvantages of reinforcement learning?,"Reinforcement learning needs many interactions, and reward design is difficult and unstable. It is used in robotics, game playing, and recommendation or control problems. It learns strategies without labeled examples through interaction. It trains an agent to play Atari games by maximizing score. It includes Q-learning and policy gradient methods."
AI/ML,When should you use recall?,"Recall is prioritized when missing a positive is costly, such as disease screening. It ignores false alarms, so predicting everything positive gives perfect recall. It equals eight out of ten when the model finds eight of ten real fraud cases."
AI/ML,What are the downsides of batch normalization?,"Batch normalization behaves poorly with very small batches and adds complexity at inference. It is a technique that normalizes layer inputs across each mini-batch. It allows higher learning rates and reduces sensitivity to initialization. It is an alternative to layer normalization, which is common in transformers."
AI/ML,Can you give a short overview of random forest?,"Random forest is an ensemble of many decision trees trained on random subsets of data and features. It is less interpretable and slower than a single tree. It predicts customer churn by combining hundreds of trees through majority voting. It uses bagging, unlike boosting methods that train trees sequentially."
AI/ML,Can you give a short overview of reinforcement learning?,Reinforcement learning is a learning paradigm where an agent learns actions by receiving rewards. It learns strategies without labeled examples through interaction. It trains an agent to play Atari games by maximizing score. It includes Q-learning and policy gradient methods.
AI/ML,What problem does hyperparameter tuning solve?,Hyperparameter tuning is used to improve model performance before deployment. It is the process of searching for the best training settings that are not learned from data. It is computationally costly and can overfit the validation set. It tries different tree depths and learning rates for a boosting model.
AI/ML,What is the main purpose of transformer?,"Transformer is used for language models, translation, and increasingly vision tasks. It is a neural network architecture based on self-attention rather than recurrence. It needs large compute and memory, since attention cost grows with sequence length squared. It powers models such as BERT, GPT, and T5."
AI/ML,When should you avoid PCA?,"PCA makes features hard to interpret and captures only linear structure. It is a technique that projects data onto directions of maximum variance. It removes redundancy, speeds training, and reduces noise. It compresses fifty correlated features into ten principal components. It is an alternative to t-SNE and UMAP for visualization."
AI/ML,Describe a scenario where loss function is applied.,Loss function uses mean squared error for regression and cross-entropy for classification. It is used to guide model training by providing a signal to minimize. It turns the goal of learning into a number that optimizers can reduce. It can mislead if it does not match the real business metric.
AI/ML,Why is one-hot encoding useful?,"One-hot encoding avoids implying a false order between categories. It creates many columns when a feature has lots of categories. It turns color values red, green, and blue into three binary columns. It is an alternative to label encoding and target encoding."
AI/ML,What do you gain by using ROC curve?,ROC curve summarizes performance through the area under the curve. It is used to compare classifiers independent of one chosen threshold. It can look overly optimistic on heavily imbalanced data. It is often replaced by the precision-recall curve for rare positives.
AI/ML,What is F1 score used for?,"F1 score is used to evaluate classifiers on imbalanced datasets. It gives one number that balances false positives and false negatives. It equals 0.67 when precision is 0.75 and recall is 0.60. It generalizes to the F-beta score, which weights recall or precision more."
AI/ML,List the strengths of ROC curve.,ROC curve summarizes performance through the area under the curve. It can look overly optimistic on heavily imbalanced data. It shows a diagonal line for random guessing and a curve toward the top-left for good models. It is often replaced by the precision-recall curve for rare positives.
AI/ML,What are the downsides of overfitting?,"Overfitting makes high training accuracy misleading and leads to failures in production. It becomes manageable once spotted, since fixes like regularization and more data exist. It shows up as ninety-nine percent training accuracy but sixty percent test accuracy. It is the opposite of underfitting, where a model is too simple."
AI/ML,Describe feature scaling briefly.,"Feature scaling is the process of putting numeric features on comparable ranges. It is used before distance-based or gradient-based algorithms. It speeds up convergence and prevents large-range features dominating. It must be fit on training data only, or it leaks information."
AI/ML,What is an alternative to hyperparameter tuning?,"Hyperparameter tuning uses grid search, random search, and Bayesian optimization. It is the process of searching for the best training settings that are not learned from data. It is used to improve model performance before deployment. It can raise accuracy substantially without changing the model type."
AI/ML,What are common pitfalls with recall?,"Recall ignores false alarms, so predicting everything positive gives perfect recall. It is the fraction of actual positives that the model correctly identifies. It is prioritized when missing a positive is costly, such as disease screening. It shows how many real cases the model catches."
AI/ML,What is dropout?,Dropout is a regularization technique that randomly disables neurons during training. It is used in deep networks to prevent co-adaptation of neurons. It reduces overfitting and acts like training an ensemble of sub-networks. It slows convergence and is turned off at inference time.
AI/ML,List the strengths of confusion matrix.,"Confusion matrix reveals which classes get confused and exposes false positives and negatives. It is a table that compares predicted classes against actual classes. It is used to evaluate classification models beyond plain accuracy. It is the basis for precision, recall, and F1 score."
AI/ML,What do you gain by using TF-IDF?,"TF-IDF highlights distinctive words and downweights common ones. It ignores word order and meaning, so synonyms are treated as unrelated. It gives the word kubernetes a high score in a DevOps article. It is a classic alternative to word embeddings and bag-of-words counts."
AI/ML,Walk me through a simple example of one-hot encoding.,"One-hot encoding turns color values red, green, and blue into three binary columns. It is a method that represents each category as a binary vector. It is used to feed categorical features into models. It is an alternative to label encoding and target encoding."
AI/ML,Why do developers use softmax?,"Softmax is used in output layers for multi-class classification. It is a function that converts raw scores into probabilities summing to one. It turns scores of two, one, and zero into roughly 0.67, 0.24, and 0.09. It generalizes the sigmoid function used in binary classification."
AI/ML,What are the limitations of hyperparameter tuning?,"Hyperparameter tuning is computationally costly and can overfit the validation set. It can raise accuracy substantially without changing the model type. It tries different tree depths and learning rates for a boosting model. It uses grid search, random search, and Bayesian optimization."
AI/ML,What is class imbalance used for?,"Class imbalance is checked in fraud, medical, and anomaly detection datasets. It is a situation where one class has far more samples than others. It makes accuracy misleading, since predicting the majority class looks good. It is addressed with SMOTE, undersampling, and focal loss."
AI/ML,Explain loss function.,"Loss function is a function that measures how far predictions are from true values. It turns the goal of learning into a number that optimizers can reduce. It uses mean squared error for regression and cross-entropy for classification. It is different from an evaluation metric, which reports performance to humans."
AI/ML,What is an alternative to PCA?,PCA is an alternative to t-SNE and UMAP for visualization. It is a technique that projects data onto directions of maximum variance. It makes features hard to interpret and captures only linear structure. It compresses fifty correlated features into ten principal components.
AI/ML,Why is class imbalance considered important?,"Class imbalance can be handled with resampling, class weights, and suitable metrics. It is checked in fraud, medical, and anomaly detection datasets. It makes accuracy misleading, since predicting the majority class looks good. It appears when only one percent of transactions are fraudulent."
AI/ML,Explain logistic regression.,"Logistic regression is a classification model that predicts probabilities using the sigmoid function. It is used for binary outcomes such as churn or spam. It is quick to train, interpretable, and gives calibrated probabilities. It generalizes to multi-class problems with softmax."
AI/ML,Explain precision.,"Precision is the fraction of predicted positives that are actually positive. It is prioritized when false positives are costly, such as spam filtering. It tells how trustworthy positive predictions are. It ignores missed positives, so a model can score high by predicting rarely."
AI/ML,What is the basic idea behind logistic regression?,Logistic regression is a classification model that predicts probabilities using the sigmoid function. It struggles with non-linear boundaries unless features are engineered. It predicts whether a customer will buy based on age and browsing time. It generalizes to multi-class problems with softmax.
AI/ML,When should you use regularization?,"Regularization is used to reduce overfitting in linear models and neural networks. It is a set of techniques that discourage overly complex models. It improves generalization to unseen data. It adds hyperparameters, and too much of it causes underfitting. It adds an L2 penalty on weights to the loss function."
AI/ML,Define random forest in simple words.,"Random forest is an ensemble of many decision trees trained on random subsets of data and features. It is used for robust tabular prediction with little tuning. It predicts customer churn by combining hundreds of trees through majority voting. It uses bagging, unlike boosting methods that train trees sequentially."
AI/ML,When should you use random forest?,Random forest is used for robust tabular prediction with little tuning. It is an ensemble of many decision trees trained on random subsets of data and features. It reduces overfitting through averaging and gives feature importance scores. It is less interpretable and slower than a single tree.
AI/ML,Give an example of fine-tuning.,Fine-tuning trains BERT further on support tickets to classify them. It is continued training of a pretrained model on task-specific data. It reaches strong performance with far less data and compute than training from scratch. It can cause catastrophic forgetting and overfit on small datasets.
AI/ML,What is learning rate?,Learning rate is a hyperparameter that controls the step size of each weight update. It is tuned to balance training speed against stability. It is often set around 0.001 for the Adam optimizer. It can be adjusted over time using schedules or warmup.
AI/ML,How is ReLU used in practice?,ReLU turns negative three into zero and positive five into five. It is used in hidden layers of deep networks. It is cheap to compute and reduces vanishing gradient problems. It has variants like Leaky ReLU and GELU that avoid dead neurons.
AI/ML,What is the main purpose of one-hot encoding?,One-hot encoding is used to feed categorical features into models. It is a method that represents each category as a binary vector. It avoids implying a false order between categories. It creates many columns when a feature has lots of categories.
AI/ML,How does k-means clustering help developers?,"K-means clustering is simple, fast, and scales to large datasets. It is used for customer segmentation and image compression. It needs k in advance, favors round clusters, and is sensitive to initialization and outliers. It groups shoppers into three segments by spending and visit frequency."
AI/ML,Walk me through a simple example of k-means clustering.,"K-means clustering groups shoppers into three segments by spending and visit frequency. It is an unsupervised algorithm that groups data into k clusters around centroids. It is used for customer segmentation and image compression. It is simple, fast, and scales to large datasets. It differs from hierarchical and DBSCAN clustering."
AI/ML,List the strengths of decision tree.,"Decision tree is easy to visualize and needs little preprocessing. It is used for tabular classification and regression with mixed feature types. It overfits easily and changes a lot with small data changes. It decides loan approval by checking income, then credit history."
AI/ML,Give an example of cross-validation.,"Cross-validation trains five times in five-fold validation, each time holding out a different fold. It is a resampling method that evaluates a model on multiple train-test splits. It is used to estimate generalization performance and tune hyperparameters. It includes k-fold, stratified, and leave-one-out variants."
AI/ML,List the strengths of tokenization.,"Tokenization converts raw text into units a model can map to IDs. It is the process of splitting text into units such as words or subwords. It is used as the first step in NLP pipelines. It splits unbelievable into subwords such as un, believ, and able."
AI/ML,When should you use transformer?,"Transformer is used for language models, translation, and increasingly vision tasks. It is a neural network architecture based on self-attention rather than recurrence. It processes tokens in parallel and captures long-range dependencies. It needs large compute and memory, since attention cost grows with sequence length squared."
AI/ML,What other concepts are connected to dropout?,Dropout is often combined with weight decay and batch normalization. It is used in deep networks to prevent co-adaptation of neurons. It reduces overfitting and acts like training an ensemble of sub-networks. It drops fifty percent of hidden units in each training step.
AI/ML,How is word embedding typically used in real projects?,"Word embedding is used as input features for NLP models. It is a dense vector representation of words capturing semantic similarity. It places king and queen near each other in vector space. It includes Word2Vec and GloVe, while contextual models like BERT produce context-aware vectors."
AI/ML,What are the limitations of cross-validation?,Cross-validation is computationally costly and can leak information with time series or grouped data. It is a resampling method that evaluates a model on multiple train-test splits. It uses data efficiently and gives a more stable estimate than one split.
AI/ML,What is word embedding used for?,"Word embedding is used as input features for NLP models. It gives one vector per word, so static embeddings cannot separate different meanings. It places king and queen near each other in vector space. It includes Word2Vec and GloVe, while contextual models like BERT produce context-aware vectors."
AI/ML,Explain class imbalance.,"Class imbalance is a situation where one class has far more samples than others. It can be handled with resampling, class weights, and suitable metrics. It makes accuracy misleading, since predicting the majority class looks good. It appears when only one percent of transactions are fraudulent."
AI/ML,What are the limitations of ROC curve?,ROC curve can look overly optimistic on heavily imbalanced data. It is a plot of true positive rate against false positive rate across thresholds. It is used to compare classifiers independent of one chosen threshold. It summarizes performance through the area under the curve.
AI/ML,Explain transfer learning.,Transfer learning is the practice of reusing a model trained on one task for another task. It is used when labeled data is limited. It can fail when the source and target domains differ too much. It adapts an ImageNet-trained ResNet to classify medical images.
AI/ML,Can you give a short overview of softmax?,"Softmax is a function that converts raw scores into probabilities summing to one. It gives interpretable class probabilities that work well with cross-entropy loss. It turns scores of two, one, and zero into roughly 0.67, 0.24, and 0.09. It generalizes the sigmoid function used in binary classification."
AI/ML,Is there a substitute for recurrent neural network?,Recurrent neural network is improved by LSTM and GRU and often replaced by transformers. It is used for time series and text with order dependence. It handles variable-length sequences with shared weights. It trains slowly because steps are sequential and suffers vanishing gradients.
AI/ML,What problem does feature scaling solve?,"Feature scaling is used before distance-based or gradient-based algorithms. It speeds up convergence and prevents large-range features dominating. It must be fit on training data only, or it leaks information. It standardizes age and income to mean zero and unit variance."
AI/ML,How does underfitting compare with similar approaches?,"Underfitting is linked to high bias, while overfitting is linked to high variance. It happens when a model is too simple to capture patterns in the data. It is diagnosed when both training and validation errors stay high. It is easy to fix by adding features, complexity, or training longer."
AI/ML,Give an example of k-nearest neighbors.,K-nearest neighbors labels a flower by the majority class among its five nearest samples. It is an algorithm that predicts using the labels of the k closest training points. It is used for simple classification and recommendation tasks. It depends on a distance metric and feature scaling.
AI/ML,Define cross-validation in simple words.,"Cross-validation is a resampling method that evaluates a model on multiple train-test splits. It uses data efficiently and gives a more stable estimate than one split. It trains five times in five-fold validation, each time holding out a different fold. It includes k-fold, stratified, and leave-one-out variants."
AI/ML,How is activation function used in practice?,"Activation function includes ReLU in hidden layers and sigmoid in binary outputs. It is a function applied to a neuron's output to introduce non-linearity. It can cause vanishing gradients or dead neurons if chosen poorly. It is chosen among options like tanh, sigmoid, ReLU, and GELU."
AI/ML,What is the main purpose of hyperparameter tuning?,"Hyperparameter tuning is used to improve model performance before deployment. It is the process of searching for the best training settings that are not learned from data. It is computationally costly and can overfit the validation set. It uses grid search, random search, and Bayesian optimization."
AI/ML,Why is ROC curve useful?,ROC curve summarizes performance through the area under the curve. It is a plot of true positive rate against false positive rate across thresholds. It can look overly optimistic on heavily imbalanced data. It shows a diagonal line for random guessing and a curve toward the top-left for good models.
AI/ML,What is hyperparameter tuning used for?,"Hyperparameter tuning is used to improve model performance before deployment. It is the process of searching for the best training settings that are not learned from data. It tries different tree depths and learning rates for a boosting model. It uses grid search, random search, and Bayesian optimization."
AI/ML,Why is feature scaling considered important?,"Feature scaling speeds up convergence and prevents large-range features dominating. It is the process of putting numeric features on comparable ranges. It is used before distance-based or gradient-based algorithms. It must be fit on training data only, or it leaks information. It uses methods such as min-max scaling and standardization."
AI/ML,What do you gain by using loss function?,Loss function turns the goal of learning into a number that optimizers can reduce. It is a function that measures how far predictions are from true values. It is used to guide model training by providing a signal to minimize.
AI/ML,How does k-nearest neighbors compare with similar approaches?,K-nearest neighbors depends on a distance metric and feature scaling. It needs no training phase and is easy to understand. It is slow at prediction on big data and suffers in high dimensions. It labels a flower by the majority class among its five nearest samples.
AI/ML,How is transformer used in practice?,"Transformer powers models such as BERT, GPT, and T5. It is a neural network architecture based on self-attention rather than recurrence. It is used for language models, translation, and increasingly vision tasks. It processes tokens in parallel and captures long-range dependencies."
AI/ML,What other concepts are connected to F1 score?,"F1 score generalizes to the F-beta score, which weights recall or precision more. It is used to evaluate classifiers on imbalanced datasets. It gives one number that balances false positives and false negatives. It equals 0.67 when precision is 0.75 and recall is 0.60."
AI/ML,Describe transfer learning briefly.,Transfer learning is the practice of reusing a model trained on one task for another task. It saves training time and data and often improves accuracy. It adapts an ImageNet-trained ResNet to classify medical images. It includes feature extraction and fine-tuning.
AI/ML,Describe transformer briefly.,"Transformer is a neural network architecture based on self-attention rather than recurrence. It processes tokens in parallel and captures long-range dependencies. It needs large compute and memory, since attention cost grows with sequence length squared. It replaced many RNN and LSTM approaches in NLP."
AI/ML,What is a practical example of recall?,"Recall equals eight out of ten when the model finds eight of ten real fraud cases. It is prioritized when missing a positive is costly, such as disease screening. It ignores false alarms, so predicting everything positive gives perfect recall."
AI/ML,What other concepts are connected to word embedding?,"Word embedding includes Word2Vec and GloVe, while contextual models like BERT produce context-aware vectors. It is used as input features for NLP models. It gives one vector per word, so static embeddings cannot separate different meanings. It places king and queen near each other in vector space."
AI/ML,What is the main purpose of confusion matrix?,"Confusion matrix is used to evaluate classification models beyond plain accuracy. It becomes hard to read with many classes and does not give a single score. It shows true positives, false positives, true negatives, and false negatives for a spam filter."
AI/ML,What should you watch out for when using random forest?,Random forest is less interpretable and slower than a single tree. It is used for robust tabular prediction with little tuning. It reduces overfitting through averaging and gives feature importance scores. It predicts customer churn by combining hundreds of trees through majority voting.
AI/ML,List the strengths of linear regression.,"Linear regression is fast, simple, and highly interpretable. It is a model that predicts a numeric value as a weighted sum of input features. It assumes linearity and is sensitive to outliers and correlated features. It predicts house price from area, location score, and number of rooms."
AI/ML,What is the basic idea behind batch normalization?,"Batch normalization is a technique that normalizes layer inputs across each mini-batch. It is used to stabilize and speed up training of deep networks. It is placed after a convolution layer before the activation in many CNNs. It is an alternative to layer normalization, which is common in transformers."
AI/ML,List the strengths of dropout.,Dropout reduces overfitting and acts like training an ensemble of sub-networks. It is used in deep networks to prevent co-adaptation of neurons. It slows convergence and is turned off at inference time. It is often combined with weight decay and batch normalization.
AI/ML,What problems can fine-tuning cause?,Fine-tuning can cause catastrophic forgetting and overfit on small datasets. It is continued training of a pretrained model on task-specific data. It is used to adapt general models like BERT to a specific domain. It trains BERT further on support tickets to classify them.
AI/ML,What are the limitations of fine-tuning?,Fine-tuning can cause catastrophic forgetting and overfit on small datasets. It is continued training of a pretrained model on task-specific data. It reaches strong performance with far less data and compute than training from scratch. It can be parameter-efficient using methods like LoRA.
AI/ML,What are the alternatives or companions of underfitting?,"Underfitting is linked to high bias, while overfitting is linked to high variance. It is diagnosed when both training and validation errors stay high. It is easy to fix by adding features, complexity, or training longer. It yields poor predictions everywhere because the model never learns the signal."
AI/ML,What is the basic idea behind backpropagation?,Backpropagation is the algorithm that computes gradients of the loss with respect to network weights. It is used to train neural networks by sending errors backward through layers. It computes all gradients efficiently using the chain rule. It suffers from vanishing or exploding gradients in very deep networks.
AI/ML,Describe a scenario where batch normalization is applied.,Batch normalization is placed after a convolution layer before the activation in many CNNs. It is used to stabilize and speed up training of deep networks. It allows higher learning rates and reduces sensitivity to initialization. It behaves poorly with very small batches and adds complexity at inference.
AI/ML,How does hyperparameter tuning compare with similar approaches?,"Hyperparameter tuning uses grid search, random search, and Bayesian optimization. It is used to improve model performance before deployment. It can raise accuracy substantially without changing the model type. It tries different tree depths and learning rates for a boosting model."
AI/ML,What are common pitfalls with batch normalization?,"Batch normalization behaves poorly with very small batches and adds complexity at inference. It allows higher learning rates and reduces sensitivity to initialization. It is placed after a convolution layer before the activation in many CNNs. It is an alternative to layer normalization, which is common in transformers."
AI/ML,Can you give a short overview of linear regression?,"Linear regression is a model that predicts a numeric value as a weighted sum of input features. It is fast, simple, and highly interpretable. It predicts house price from area, location score, and number of rooms. It extends to ridge, lasso, and polynomial regression."
AI/ML,What problems can PCA cause?,"PCA makes features hard to interpret and captures only linear structure. It is a technique that projects data onto directions of maximum variance. It removes redundancy, speeds training, and reduces noise. It compresses fifty correlated features into ten principal components."
AI/ML,What is a practical example of recurrent neural network?,Recurrent neural network predicts the next character in a sentence from previous characters. It is a neural network that processes sequences by passing a hidden state forward in time. It is used for time series and text with order dependence.
AI/ML,What do you gain by using F1 score?,"F1 score gives one number that balances false positives and false negatives. It is the harmonic mean of precision and recall. It ignores true negatives and treats precision and recall as equally important. It generalizes to the F-beta score, which weights recall or precision more."
AI/ML,What are the disadvantages of F1 score?,"F1 score ignores true negatives and treats precision and recall as equally important. It is the harmonic mean of precision and recall. It equals 0.67 when precision is 0.75 and recall is 0.60. It generalizes to the F-beta score, which weights recall or precision more."
AI/ML,What is one-hot encoding used for?,"One-hot encoding is used to feed categorical features into models. It creates many columns when a feature has lots of categories. It turns color values red, green, and blue into three binary columns. It is an alternative to label encoding and target encoding."
AI/ML,How is class imbalance used in practice?,"Class imbalance appears when only one percent of transactions are fraudulent. It is checked in fraud, medical, and anomaly detection datasets. It can be handled with resampling, class weights, and suitable metrics. It is addressed with SMOTE, undersampling, and focal loss."
AI/ML,What problem does attention mechanism solve?,"Attention mechanism is used in translation, summarization, and transformers. It handles long dependencies and gives some interpretability through attention weights. It lets a translation model focus on the right source word when producing each target word. It includes self-attention and multi-head attention."
AI/ML,What is the main purpose of k-nearest neighbors?,K-nearest neighbors is used for simple classification and recommendation tasks. It is slow at prediction on big data and suffers in high dimensions. It labels a flower by the majority class among its five nearest samples. It depends on a distance metric and feature scaling.
AI/ML,What other concepts are connected to reinforcement learning?,"Reinforcement learning includes Q-learning and policy gradient methods. It is used in robotics, game playing, and recommendation or control problems. It learns strategies without labeled examples through interaction. It needs many interactions, and reward design is difficult and unstable. It trains an agent to play Atari games by maximizing score."
AI/ML,How does transformer compare with similar approaches?,"Transformer replaced many RNN and LSTM approaches in NLP. It is a neural network architecture based on self-attention rather than recurrence. It processes tokens in parallel and captures long-range dependencies. It needs large compute and memory, since attention cost grows with sequence length squared."
AI/ML,How does LSTM help developers?,LSTM remembers long-term information better than plain RNNs. It is a recurrent network unit with gates that control what to remember or forget. It is slower than transformers and harder to parallelize. It forecasts electricity demand from previous hourly readings.
AI/ML,How would you explain attention mechanism to a beginner?,Attention mechanism is a technique that lets a model weigh the importance of different input parts. It handles long dependencies and gives some interpretability through attention weights. It is computationally expensive for long sequences. It lets a translation model focus on the right source word when producing each target word.
AI/ML,Can you illustrate transformer with an example?,"Transformer powers models such as BERT, GPT, and T5. It is a neural network architecture based on self-attention rather than recurrence. It is used for language models, translation, and increasingly vision tasks. It needs large compute and memory, since attention cost grows with sequence length squared."
AI/ML,Give an example of confusion matrix.,"Confusion matrix shows true positives, false positives, true negatives, and false negatives for a spam filter. It is used to evaluate classification models beyond plain accuracy. It becomes hard to read with many classes and does not give a single score."
AI/ML,When should you avoid LSTM?,"LSTM is slower than transformers and harder to parallelize. It is a recurrent network unit with gates that control what to remember or forget. It is used for sequences like speech, text, and sensor data. It remembers long-term information better than plain RNNs."
AI/ML,What are the disadvantages of transformer?,"Transformer needs large compute and memory, since attention cost grows with sequence length squared. It is a neural network architecture based on self-attention rather than recurrence. It is used for language models, translation, and increasingly vision tasks. It replaced many RNN and LSTM approaches in NLP."
AI/ML,How does backpropagation differ from related concepts?,Backpropagation works together with an optimizer like gradient descent. It is the algorithm that computes gradients of the loss with respect to network weights. It suffers from vanishing or exploding gradients in very deep networks. It tells a network how much each weight contributed to a wrong prediction.
AI/ML,Why do developers use transfer learning?,Transfer learning is used when labeled data is limited. It is the practice of reusing a model trained on one task for another task. It saves training time and data and often improves accuracy. It adapts an ImageNet-trained ResNet to classify medical images.
AI/ML,What should you watch out for when using fine-tuning?,Fine-tuning can cause catastrophic forgetting and overfit on small datasets. It is continued training of a pretrained model on task-specific data. It is used to adapt general models like BERT to a specific domain. It can be parameter-efficient using methods like LoRA.
AI/ML,What are the drawbacks of LSTM?,"LSTM is slower than transformers and harder to parallelize. It is a recurrent network unit with gates that control what to remember or forget. It is used for sequences like speech, text, and sensor data. It has a lighter variant called GRU."
AI/ML,What are the disadvantages of ROC curve?,ROC curve can look overly optimistic on heavily imbalanced data. It is used to compare classifiers independent of one chosen threshold. It shows a diagonal line for random guessing and a curve toward the top-left for good models. It is often replaced by the precision-recall curve for rare positives.
AI/ML,Where have you seen activation function in action?,Activation function includes ReLU in hidden layers and sigmoid in binary outputs. It is a function applied to a neuron's output to introduce non-linearity. It is used between layers so networks can learn complex patterns. It lets stacked layers represent curves rather than only linear mappings.
AI/ML,How is cross-validation used in practice?,"Cross-validation trains five times in five-fold validation, each time holding out a different fold. It is a resampling method that evaluates a model on multiple train-test splits. It is used to estimate generalization performance and tune hyperparameters. It uses data efficiently and gives a more stable estimate than one split."
AI/ML,How would you explain ROC curve to a beginner?,ROC curve is a plot of true positive rate against false positive rate across thresholds. It summarizes performance through the area under the curve. It shows a diagonal line for random guessing and a curve toward the top-left for good models.
AI/ML,What does logistic regression mean?,Logistic regression is a classification model that predicts probabilities using the sigmoid function. It is used for binary outcomes such as churn or spam. It predicts whether a customer will buy based on age and browsing time. It generalizes to multi-class problems with softmax.
AI/ML,Walk me through a simple example of decision tree.,"Decision tree decides loan approval by checking income, then credit history. It is a model that splits data using feature-based questions into a tree of decisions. It is used for tabular classification and regression with mixed feature types. It is easy to visualize and needs little preprocessing."
AI/ML,How does TF-IDF differ from related concepts?,"TF-IDF is a classic alternative to word embeddings and bag-of-words counts. It is a weighting scheme that scores words by frequency in a document and rarity across documents. It highlights distinctive words and downweights common ones. It ignores word order and meaning, so synonyms are treated as unrelated."
AI/ML,What do you gain by using LSTM?,LSTM remembers long-term information better than plain RNNs. It is a recurrent network unit with gates that control what to remember or forget. It is slower than transformers and harder to parallelize. It forecasts electricity demand from previous hourly readings. It has a lighter variant called GRU.
AI/ML,What is an alternative to overfitting?,"Overfitting is the opposite of underfitting, where a model is too simple. It happens when a model memorizes training noise and performs poorly on unseen data. It is checked by comparing training and validation performance during model development. It makes high training accuracy misleading and leads to failures in production."
AI/ML,What are common pitfalls with one-hot encoding?,One-hot encoding creates many columns when a feature has lots of categories. It is a method that represents each category as a binary vector. It is used to feed categorical features into models. It is an alternative to label encoding and target encoding.
AI/ML,When should you avoid decision tree?,Decision tree overfits easily and changes a lot with small data changes. It is used for tabular classification and regression with mixed feature types. It is easy to visualize and needs little preprocessing. It is the building block of random forests and gradient boosting.
AI/ML,What does random forest mean?,Random forest is an ensemble of many decision trees trained on random subsets of data and features. It reduces overfitting through averaging and gives feature importance scores. It is less interpretable and slower than a single tree. It predicts customer churn by combining hundreds of trees through majority voting.
AI/ML,Give an example of regularization.,"Regularization adds an L2 penalty on weights to the loss function. It is a set of techniques that discourage overly complex models. It is used to reduce overfitting in linear models and neural networks. It improves generalization to unseen data. It includes L1, L2, dropout, and early stopping."
AI/ML,How does recall help developers?,"Recall shows how many real cases the model catches. It ignores false alarms, so predicting everything positive gives perfect recall. It equals eight out of ten when the model finds eight of ten real fraud cases. It is also called sensitivity or true positive rate."
AI/ML,What problems can backpropagation cause?,Backpropagation suffers from vanishing or exploding gradients in very deep networks. It is used to train neural networks by sending errors backward through layers. It tells a network how much each weight contributed to a wrong prediction. It works together with an optimizer like gradient descent.
AI/ML,Define transfer learning in simple words.,Transfer learning is the practice of reusing a model trained on one task for another task. It can fail when the source and target domains differ too much. It adapts an ImageNet-trained ResNet to classify medical images. It includes feature extraction and fine-tuning.
AI/ML,What are the limitations of random forest?,"Random forest is less interpretable and slower than a single tree. It is an ensemble of many decision trees trained on random subsets of data and features. It reduces overfitting through averaging and gives feature importance scores. It uses bagging, unlike boosting methods that train trees sequentially."
AI/ML,Why is activation function considered important?,"Activation function lets stacked layers represent curves rather than only linear mappings. It is used between layers so networks can learn complex patterns. It can cause vanishing gradients or dead neurons if chosen poorly. It is chosen among options like tanh, sigmoid, ReLU, and GELU."
AI/ML,What is recall used for?,"Recall is prioritized when missing a positive is costly, such as disease screening. It is the fraction of actual positives that the model correctly identifies. It shows how many real cases the model catches. It ignores false alarms, so predicting everything positive gives perfect recall."
AI/ML,Describe fine-tuning briefly.,Fine-tuning is continued training of a pretrained model on task-specific data. It is used to adapt general models like BERT to a specific domain. It reaches strong performance with far less data and compute than training from scratch. It can cause catastrophic forgetting and overfit on small datasets.
AI/ML,When should you use gradient boosting?,"Gradient boosting is used for high-accuracy tabular tasks and competitions. It is an ensemble method that builds trees sequentially, each correcting previous errors. It is sensitive to hyperparameters and can overfit noisy data. It is implemented by XGBoost, LightGBM, and CatBoost."
AI/ML,What is related to activation function?,"Activation function is chosen among options like tanh, sigmoid, ReLU, and GELU. It is a function applied to a neuron's output to introduce non-linearity. It lets stacked layers represent curves rather than only linear mappings. It can cause vanishing gradients or dead neurons if chosen poorly."
AI/ML,What are the downsides of learning rate?,Learning rate causes divergence if too high and painfully slow training if too low. It is a hyperparameter that controls the step size of each weight update. It is tuned to balance training speed against stability. It is often set around 0.001 for the Adam optimizer.
AI/ML,What should you watch out for when using k-means clustering?,"K-means clustering needs k in advance, favors round clusters, and is sensitive to initialization and outliers. It is an unsupervised algorithm that groups data into k clusters around centroids. It is used for customer segmentation and image compression. It is simple, fast, and scales to large datasets."
AI/ML,What are the drawbacks of reinforcement learning?,"Reinforcement learning needs many interactions, and reward design is difficult and unstable. It is a learning paradigm where an agent learns actions by receiving rewards. It learns strategies without labeled examples through interaction. It trains an agent to play Atari games by maximizing score."
AI/ML,Walk me through a simple example of loss function.,"Loss function uses mean squared error for regression and cross-entropy for classification. It is a function that measures how far predictions are from true values. It can mislead if it does not match the real business metric. It is different from an evaluation metric, which reports performance to humans."
AI/ML,What is a practical example of loss function?,Loss function uses mean squared error for regression and cross-entropy for classification. It is a function that measures how far predictions are from true values. It turns the goal of learning into a number that optimizers can reduce. It can mislead if it does not match the real business metric.
AI/ML,What are the advantages of F1 score?,"F1 score gives one number that balances false positives and false negatives. It ignores true negatives and treats precision and recall as equally important. It equals 0.67 when precision is 0.75 and recall is 0.60. It generalizes to the F-beta score, which weights recall or precision more."
AI/ML,What should I learn alongside LSTM?,"LSTM has a lighter variant called GRU. It is a recurrent network unit with gates that control what to remember or forget. It is used for sequences like speech, text, and sensor data. It forecasts electricity demand from previous hourly readings."
AI/ML,What is logistic regression?,Logistic regression is a classification model that predicts probabilities using the sigmoid function. It is used for binary outcomes such as churn or spam. It struggles with non-linear boundaries unless features are engineered. It generalizes to multi-class problems with softmax.
AI/ML,What should you watch out for when using word embedding?,"Word embedding gives one vector per word, so static embeddings cannot separate different meanings. It places related words close together and reduces dimensionality compared with one-hot vectors. It includes Word2Vec and GloVe, while contextual models like BERT produce context-aware vectors."
AI/ML,What does learning rate mean?,Learning rate is a hyperparameter that controls the step size of each weight update. It causes divergence if too high and painfully slow training if too low. It is often set around 0.001 for the Adam optimizer. It can be adjusted over time using schedules or warmup.
AI/ML,What is related to LSTM?,"LSTM has a lighter variant called GRU. It is a recurrent network unit with gates that control what to remember or forget. It is used for sequences like speech, text, and sensor data. It remembers long-term information better than plain RNNs. It forecasts electricity demand from previous hourly readings."
AI/ML,When should you use tokenization?,Tokenization is used as the first step in NLP pipelines. It is the process of splitting text into units such as words or subwords. It converts raw text into units a model can map to IDs. It can break rare words badly and differs across languages and models.
AI/ML,What are the limitations of overfitting?,"Overfitting makes high training accuracy misleading and leads to failures in production. It happens when a model memorizes training noise and performs poorly on unseen data. It is checked by comparing training and validation performance during model development. It is the opposite of underfitting, where a model is too simple."
AI/ML,What is decision tree?,"Decision tree is a model that splits data using feature-based questions into a tree of decisions. It is used for tabular classification and regression with mixed feature types. It is easy to visualize and needs little preprocessing. It decides loan approval by checking income, then credit history."
AI/ML,What is the main purpose of fine-tuning?,Fine-tuning is used to adapt general models like BERT to a specific domain. It is continued training of a pretrained model on task-specific data. It reaches strong performance with far less data and compute than training from scratch. It trains BERT further on support tickets to classify them.
AI/ML,What should I learn alongside transfer learning?,Transfer learning includes feature extraction and fine-tuning. It is the practice of reusing a model trained on one task for another task. It saves training time and data and often improves accuracy. It can fail when the source and target domains differ too much.
AI/ML,What are the alternatives or companions of attention mechanism?,"Attention mechanism includes self-attention and multi-head attention. It is a technique that lets a model weigh the importance of different input parts. It is used in translation, summarization, and transformers. It lets a translation model focus on the right source word when producing each target word."
AI/ML,Why do developers use support vector machine?,"Support vector machine is used for medium-sized datasets with clear margins, including text classification. It is a classifier that finds the hyperplane with the largest margin between classes. It scales poorly to very large datasets and needs feature scaling. It separates spam from legitimate emails using an RBF kernel."
AI/ML,What is related to backpropagation?,Backpropagation works together with an optimizer like gradient descent. It computes all gradients efficiently using the chain rule. It suffers from vanishing or exploding gradients in very deep networks. It tells a network how much each weight contributed to a wrong prediction.
AI/ML,Can you illustrate logistic regression with an example?,Logistic regression predicts whether a customer will buy based on age and browsing time. It is a classification model that predicts probabilities using the sigmoid function. It is used for binary outcomes such as churn or spam. It generalizes to multi-class problems with softmax.
AI/ML,What are the benefits of using fine-tuning?,Fine-tuning reaches strong performance with far less data and compute than training from scratch. It is continued training of a pretrained model on task-specific data. It is used to adapt general models like BERT to a specific domain. It trains BERT further on support tickets to classify them.
AI/ML,What are the downsides of logistic regression?,Logistic regression struggles with non-linear boundaries unless features are engineered. It is used for binary outcomes such as churn or spam. It predicts whether a customer will buy based on age and browsing time. It generalizes to multi-class problems with softmax.
AI/ML,What are the alternatives or companions of batch normalization?,"Batch normalization is an alternative to layer normalization, which is common in transformers. It is a technique that normalizes layer inputs across each mini-batch. It behaves poorly with very small batches and adds complexity at inference. It is placed after a convolution layer before the activation in many CNNs."
AI/ML,What makes fine-tuning valuable?,Fine-tuning reaches strong performance with far less data and compute than training from scratch. It can cause catastrophic forgetting and overfit on small datasets. It trains BERT further on support tickets to classify them. It can be parameter-efficient using methods like LoRA.
AI/ML,What problem does cross-validation solve?,"Cross-validation is used to estimate generalization performance and tune hyperparameters. It is a resampling method that evaluates a model on multiple train-test splits. It uses data efficiently and gives a more stable estimate than one split. It trains five times in five-fold validation, each time holding out a different fold."
AI/ML,What makes PCA valuable?,"PCA removes redundancy, speeds training, and reduces noise. It is a technique that projects data onto directions of maximum variance. It is used for dimensionality reduction and visualization. It makes features hard to interpret and captures only linear structure. It is an alternative to t-SNE and UMAP for visualization."
AI/ML,Can you give a short overview of regularization?,"Regularization is a set of techniques that discourage overly complex models. It is used to reduce overfitting in linear models and neural networks. It adds an L2 penalty on weights to the loss function. It includes L1, L2, dropout, and early stopping."
AI/ML,Define backpropagation in simple words.,Backpropagation is the algorithm that computes gradients of the loss with respect to network weights. It suffers from vanishing or exploding gradients in very deep networks. It tells a network how much each weight contributed to a wrong prediction. It works together with an optimizer like gradient descent.
AI/ML,What is word embedding?,"Word embedding is a dense vector representation of words capturing semantic similarity. It is used as input features for NLP models. It gives one vector per word, so static embeddings cannot separate different meanings. It places king and queen near each other in vector space."
AI/ML,What are common pitfalls with decision tree?,"Decision tree overfits easily and changes a lot with small data changes. It is used for tabular classification and regression with mixed feature types. It is easy to visualize and needs little preprocessing. It decides loan approval by checking income, then credit history."
AI/ML,When should you avoid transfer learning?,Transfer learning can fail when the source and target domains differ too much. It is the practice of reusing a model trained on one task for another task. It is used when labeled data is limited. It saves training time and data and often improves accuracy.
AI/ML,How does decision tree help developers?,"Decision tree is easy to visualize and needs little preprocessing. It is a model that splits data using feature-based questions into a tree of decisions. It overfits easily and changes a lot with small data changes. It decides loan approval by checking income, then credit history."
AI/ML,How is overfitting typically used in real projects?,"Overfitting is checked by comparing training and validation performance during model development. It happens when a model memorizes training noise and performs poorly on unseen data. It makes high training accuracy misleading and leads to failures in production. It is the opposite of underfitting, where a model is too simple."
AI/ML,What are the drawbacks of activation function?,"Activation function can cause vanishing gradients or dead neurons if chosen poorly. It lets stacked layers represent curves rather than only linear mappings. It includes ReLU in hidden layers and sigmoid in binary outputs. It is chosen among options like tanh, sigmoid, ReLU, and GELU."
AI/ML,Define k-means clustering in simple words.,"K-means clustering is an unsupervised algorithm that groups data into k clusters around centroids. It is simple, fast, and scales to large datasets. It groups shoppers into three segments by spending and visit frequency. It differs from hierarchical and DBSCAN clustering."
AI/ML,Where have you seen transfer learning in action?,Transfer learning adapts an ImageNet-trained ResNet to classify medical images. It is the practice of reusing a model trained on one task for another task. It can fail when the source and target domains differ too much. It includes feature extraction and fine-tuning.
AI/ML,What are the downsides of dropout?,Dropout slows convergence and is turned off at inference time. It is a regularization technique that randomly disables neurons during training. It is used in deep networks to prevent co-adaptation of neurons. It is often combined with weight decay and batch normalization.
AI/ML,What are the alternatives or companions of confusion matrix?,"Confusion matrix is the basis for precision, recall, and F1 score. It is a table that compares predicted classes against actual classes. It is used to evaluate classification models beyond plain accuracy. It shows true positives, false positives, true negatives, and false negatives for a spam filter."
AI/ML,Can you give a short overview of ReLU?,ReLU is an activation function that outputs zero for negative inputs and the input otherwise. It is used in hidden layers of deep networks. It can cause dead neurons that output zero for all inputs. It turns negative three into zero and positive five into five.
AI/ML,What makes k-nearest neighbors valuable?,K-nearest neighbors needs no training phase and is easy to understand. It is slow at prediction on big data and suffers in high dimensions. It labels a flower by the majority class among its five nearest samples. It depends on a distance metric and feature scaling.
AI/ML,What are the downsides of one-hot encoding?,"One-hot encoding creates many columns when a feature has lots of categories. It is a method that represents each category as a binary vector. It is used to feed categorical features into models. It turns color values red, green, and blue into three binary columns."
AI/ML,How would you explain tokenization to a beginner?,"Tokenization is the process of splitting text into units such as words or subwords. It is used as the first step in NLP pipelines. It can break rare words badly and differs across languages and models. It uses methods such as whitespace splitting, WordPiece, and Byte Pair Encoding."
AI/ML,How would you explain hyperparameter tuning to a beginner?,"Hyperparameter tuning is the process of searching for the best training settings that are not learned from data. It is computationally costly and can overfit the validation set. It tries different tree depths and learning rates for a boosting model. It uses grid search, random search, and Bayesian optimization."
AI/ML,What should you watch out for when using feature scaling?,"Feature scaling must be fit on training data only, or it leaks information. It is used before distance-based or gradient-based algorithms. It speeds up convergence and prevents large-range features dominating. It standardizes age and income to mean zero and unit variance."
AI/ML,What are common pitfalls with LSTM?,"LSTM is slower than transformers and harder to parallelize. It is a recurrent network unit with gates that control what to remember or forget. It is used for sequences like speech, text, and sensor data. It remembers long-term information better than plain RNNs. It has a lighter variant called GRU."
AI/ML,Can you give a short overview of learning rate?,Learning rate is a hyperparameter that controls the step size of each weight update. It is tuned to balance training speed against stability. It causes divergence if too high and painfully slow training if too low. It can be adjusted over time using schedules or warmup.
AI/ML,What is the basic idea behind F1 score?,"F1 score is the harmonic mean of precision and recall. It gives one number that balances false positives and false negatives. It equals 0.67 when precision is 0.75 and recall is 0.60. It generalizes to the F-beta score, which weights recall or precision more."
AI/ML,How is feature scaling used in practice?,"Feature scaling standardizes age and income to mean zero and unit variance. It speeds up convergence and prevents large-range features dominating. It must be fit on training data only, or it leaks information. It uses methods such as min-max scaling and standardization."
AI/ML,Why is logistic regression considered important?,"Logistic regression is quick to train, interpretable, and gives calibrated probabilities. It is used for binary outcomes such as churn or spam. It struggles with non-linear boundaries unless features are engineered. It predicts whether a customer will buy based on age and browsing time."
AI/ML,What does feature scaling mean?,Feature scaling is the process of putting numeric features on comparable ranges. It is used before distance-based or gradient-based algorithms. It speeds up convergence and prevents large-range features dominating. It standardizes age and income to mean zero and unit variance. It uses methods such as min-max scaling and standardization.
AI/ML,Explain fine-tuning.,Fine-tuning is continued training of a pretrained model on task-specific data. It is used to adapt general models like BERT to a specific domain. It reaches strong performance with far less data and compute than training from scratch. It trains BERT further on support tickets to classify them.
AI/ML,Where have you seen regularization in action?,"Regularization adds an L2 penalty on weights to the loss function. It is a set of techniques that discourage overly complex models. It improves generalization to unseen data. It adds hyperparameters, and too much of it causes underfitting. It includes L1, L2, dropout, and early stopping."
AI/ML,What are the benefits of using transformer?,"Transformer processes tokens in parallel and captures long-range dependencies. It is a neural network architecture based on self-attention rather than recurrence. It is used for language models, translation, and increasingly vision tasks. It powers models such as BERT, GPT, and T5."
AI/ML,What are the alternatives or companions of gradient descent?,"Gradient descent has variants such as SGD, mini-batch, Momentum, and Adam. It is an optimization algorithm that updates parameters in the direction that reduces loss. It scales to huge datasets and many parameters, especially in stochastic form. It adjusts weights step by step until the loss stops decreasing."
AI/ML,When should you avoid fine-tuning?,Fine-tuning can cause catastrophic forgetting and overfit on small datasets. It is used to adapt general models like BERT to a specific domain. It reaches strong performance with far less data and compute than training from scratch. It can be parameter-efficient using methods like LoRA.
AI/ML,What problem does one-hot encoding solve?,One-hot encoding is used to feed categorical features into models. It is a method that represents each category as a binary vector. It avoids implying a false order between categories. It is an alternative to label encoding and target encoding.
AI/ML,What should you watch out for when using gradient descent?,"Gradient descent can get stuck in local minima or plateaus and is sensitive to learning rate. It is an optimization algorithm that updates parameters in the direction that reduces loss. It is used to train linear models and neural networks. It has variants such as SGD, mini-batch, Momentum, and Adam."
AI/ML,In which situations is gradient boosting a good choice?,"Gradient boosting is used for high-accuracy tabular tasks and competitions. It often delivers state-of-the-art accuracy on structured data. It is sensitive to hyperparameters and can overfit noisy data. It is implemented by XGBoost, LightGBM, and CatBoost. It differs from random forest, which trains trees independently in parallel."
AI/ML,Where have you seen transformer in action?,"Transformer powers models such as BERT, GPT, and T5. It is a neural network architecture based on self-attention rather than recurrence. It needs large compute and memory, since attention cost grows with sequence length squared. It replaced many RNN and LSTM approaches in NLP."
AI/ML,Give an example of gradient boosting.,"Gradient boosting is implemented by XGBoost, LightGBM, and CatBoost. It is used for high-accuracy tabular tasks and competitions. It often delivers state-of-the-art accuracy on structured data. It is sensitive to hyperparameters and can overfit noisy data. It differs from random forest, which trains trees independently in parallel."
AI/ML,What is the main purpose of random forest?,Random forest is used for robust tabular prediction with little tuning. It is an ensemble of many decision trees trained on random subsets of data and features. It reduces overfitting through averaging and gives feature importance scores. It predicts customer churn by combining hundreds of trees through majority voting.
AI/ML,When should you avoid hyperparameter tuning?,Hyperparameter tuning is computationally costly and can overfit the validation set. It is used to improve model performance before deployment. It can raise accuracy substantially without changing the model type. It tries different tree depths and learning rates for a boosting model.
AI/ML,How does reinforcement learning help developers?,Reinforcement learning learns strategies without labeled examples through interaction. It is a learning paradigm where an agent learns actions by receiving rewards. It trains an agent to play Atari games by maximizing score. It includes Q-learning and policy gradient methods.
AI/ML,What is a transformer model?,"A transformer is a neural architecture built on self-attention, which lets every token weigh its relationship with all other tokens in a sequence. It processes sequences in parallel rather than step by step, captures long-range dependencies, and powers modern language models such as BERT and GPT."
AI/ML,What does batch normalization mean?,Batch normalization is a technique that normalizes layer inputs across each mini-batch. It is used to stabilize and speed up training of deep networks. It allows higher learning rates and reduces sensitivity to initialization. It is placed after a convolution layer before the activation in many CNNs.
AI/ML,How is decision tree used in practice?,"Decision tree decides loan approval by checking income, then credit history. It is a model that splits data using feature-based questions into a tree of decisions. It is used for tabular classification and regression with mixed feature types. It overfits easily and changes a lot with small data changes."
AI/ML,Where have you seen recurrent neural network in action?,Recurrent neural network predicts the next character in a sentence from previous characters. It is a neural network that processes sequences by passing a hidden state forward in time. It is improved by LSTM and GRU and often replaced by transformers.
AI/ML,What do you gain by using class imbalance?,"Class imbalance can be handled with resampling, class weights, and suitable metrics. It is a situation where one class has far more samples than others. It is checked in fraud, medical, and anomaly detection datasets. It is addressed with SMOTE, undersampling, and focal loss."
AI/ML,Walk me through a simple example of convolutional neural network.,"Convolutional neural network detects edges in early layers and objects in deeper layers. It is used for image classification, detection, and some audio tasks. It needs large labeled data and struggles with global context compared with transformers. It includes architectures like ResNet, VGG, and EfficientNet."
AI/ML,Why is tokenization useful?,"Tokenization converts raw text into units a model can map to IDs. It is the process of splitting text into units such as words or subwords. It can break rare words badly and differs across languages and models. It splits unbelievable into subwords such as un, believ, and able."
AI/ML,What are the downsides of support vector machine?,"Support vector machine scales poorly to very large datasets and needs feature scaling. It is a classifier that finds the hyperplane with the largest margin between classes. It is used for medium-sized datasets with clear margins, including text classification. It is an alternative to logistic regression and tree-based models."
AI/ML,Can you give a short overview of logistic regression?,"Logistic regression is a classification model that predicts probabilities using the sigmoid function. It is used for binary outcomes such as churn or spam. It is quick to train, interpretable, and gives calibrated probabilities. It struggles with non-linear boundaries unless features are engineered. It generalizes to multi-class problems with softmax."
AI/ML,What other concepts are connected to recall?,"Recall is also called sensitivity or true positive rate. It shows how many real cases the model catches. It ignores false alarms, so predicting everything positive gives perfect recall. It equals eight out of ten when the model finds eight of ten real fraud cases."
AI/ML,What should I learn alongside feature scaling?,"Feature scaling uses methods such as min-max scaling and standardization. It is used before distance-based or gradient-based algorithms. It must be fit on training data only, or it leaks information. It standardizes age and income to mean zero and unit variance."
AI/ML,Where is recall commonly applied?,"Recall is prioritized when missing a positive is costly, such as disease screening. It is the fraction of actual positives that the model correctly identifies. It equals eight out of ten when the model finds eight of ten real fraud cases."
AI/ML,What does hyperparameter tuning mean?,Hyperparameter tuning is the process of searching for the best training settings that are not learned from data. It can raise accuracy substantially without changing the model type. It is computationally costly and can overfit the validation set. It tries different tree depths and learning rates for a boosting model.
AI/ML,Why is TF-IDF useful?,TF-IDF highlights distinctive words and downweights common ones. It is a weighting scheme that scores words by frequency in a document and rarity across documents. It is used to turn text into numeric features for search and classification. It is a classic alternative to word embeddings and bag-of-words counts.
AI/ML,Describe underfitting briefly.,"Underfitting happens when a model is too simple to capture patterns in the data. It is diagnosed when both training and validation errors stay high. It is easy to fix by adding features, complexity, or training longer. It occurs when a straight line is fitted to clearly curved data."
AI/ML,List the strengths of learning rate.,Learning rate gives direct control over convergence behavior when chosen well. It is tuned to balance training speed against stability. It is often set around 0.001 for the Adam optimizer. It can be adjusted over time using schedules or warmup.
AI/ML,When should you avoid word embedding?,"Word embedding gives one vector per word, so static embeddings cannot separate different meanings. It is a dense vector representation of words capturing semantic similarity. It places related words close together and reduces dimensionality compared with one-hot vectors. It places king and queen near each other in vector space."
AI/ML,What is a practical example of k-means clustering?,"K-means clustering groups shoppers into three segments by spending and visit frequency. It is an unsupervised algorithm that groups data into k clusters around centroids. It needs k in advance, favors round clusters, and is sensitive to initialization and outliers."
AI/ML,Why is overfitting considered important?,"Overfitting becomes manageable once spotted, since fixes like regularization and more data exist. It is checked by comparing training and validation performance during model development. It shows up as ninety-nine percent training accuracy but sixty percent test accuracy. It is the opposite of underfitting, where a model is too simple."
AI/ML,Can you give a short overview of k-means clustering?,K-means clustering is an unsupervised algorithm that groups data into k clusters around centroids. It is used for customer segmentation and image compression. It groups shoppers into three segments by spending and visit frequency. It differs from hierarchical and DBSCAN clustering.
AI/ML,What are the advantages of random forest?,"Random forest reduces overfitting through averaging and gives feature importance scores. It is an ensemble of many decision trees trained on random subsets of data and features. It is used for robust tabular prediction with little tuning. It uses bagging, unlike boosting methods that train trees sequentially."
AI/ML,What is an alternative to convolutional neural network?,"Convolutional neural network includes architectures like ResNet, VGG, and EfficientNet. It is a neural network that uses learnable filters to detect local patterns in grid-like data. It is used for image classification, detection, and some audio tasks. It detects edges in early layers and objects in deeper layers."
AI/ML,List the strengths of recurrent neural network.,Recurrent neural network handles variable-length sequences with shared weights. It is used for time series and text with order dependence. It trains slowly because steps are sequential and suffers vanishing gradients. It is improved by LSTM and GRU and often replaced by transformers.
AI/ML,What is related to class imbalance?,"Class imbalance is addressed with SMOTE, undersampling, and focal loss. It is a situation where one class has far more samples than others. It is checked in fraud, medical, and anomaly detection datasets. It appears when only one percent of transactions are fraudulent."
AI/ML,What is the basic idea behind linear regression?,"Linear regression is a model that predicts a numeric value as a weighted sum of input features. It is used for forecasting and understanding relationships between variables. It assumes linearity and is sensitive to outliers and correlated features. It extends to ridge, lasso, and polynomial regression."
AI/ML,How is hyperparameter tuning typically used in real projects?,Hyperparameter tuning is used to improve model performance before deployment. It is the process of searching for the best training settings that are not learned from data. It can raise accuracy substantially without changing the model type. It tries different tree depths and learning rates for a boosting model.
AI/ML,How is random forest used in practice?,"Random forest predicts customer churn by combining hundreds of trees through majority voting. It is used for robust tabular prediction with little tuning. It reduces overfitting through averaging and gives feature importance scores. It uses bagging, unlike boosting methods that train trees sequentially."
AI/ML,What are the downsides of underfitting?,"Underfitting yields poor predictions everywhere because the model never learns the signal. It is diagnosed when both training and validation errors stay high. It occurs when a straight line is fitted to clearly curved data. It is linked to high bias, while overfitting is linked to high variance."
AI/ML,What are the alternatives or companions of activation function?,"Activation function is chosen among options like tanh, sigmoid, ReLU, and GELU. It is a function applied to a neuron's output to introduce non-linearity. It is used between layers so networks can learn complex patterns. It can cause vanishing gradients or dead neurons if chosen poorly."
AI/ML,What problems can convolutional neural network cause?,Convolutional neural network needs large labeled data and struggles with global context compared with transformers. It is a neural network that uses learnable filters to detect local patterns in grid-like data. It detects edges in early layers and objects in deeper layers.
AI/ML,Is there a substitute for batch normalization?,"Batch normalization is an alternative to layer normalization, which is common in transformers. It is a technique that normalizes layer inputs across each mini-batch. It allows higher learning rates and reduces sensitivity to initialization. It is placed after a convolution layer before the activation in many CNNs."
AI/ML,Show a real-world example of convolutional neural network.,"Convolutional neural network detects edges in early layers and objects in deeper layers. It shares weights, which reduces parameters and captures spatial structure. It needs large labeled data and struggles with global context compared with transformers. It includes architectures like ResNet, VGG, and EfficientNet."
AI/ML,Can you give a short overview of transformer?,"Transformer is a neural network architecture based on self-attention rather than recurrence. It is used for language models, translation, and increasingly vision tasks. It processes tokens in parallel and captures long-range dependencies. It powers models such as BERT, GPT, and T5."
AI/ML,What are the drawbacks of convolutional neural network?,"Convolutional neural network needs large labeled data and struggles with global context compared with transformers. It is used for image classification, detection, and some audio tasks. It shares weights, which reduces parameters and captures spatial structure. It detects edges in early layers and objects in deeper layers."
AI/ML,List the strengths of F1 score.,"F1 score gives one number that balances false positives and false negatives. It is the harmonic mean of precision and recall. It is used to evaluate classifiers on imbalanced datasets. It generalizes to the F-beta score, which weights recall or precision more."
AI/ML,In which situations is k-nearest neighbors a good choice?,K-nearest neighbors is used for simple classification and recommendation tasks. It is an algorithm that predicts using the labels of the k closest training points. It labels a flower by the majority class among its five nearest samples. It depends on a distance metric and feature scaling.
AI/ML,What makes ReLU valuable?,ReLU is cheap to compute and reduces vanishing gradient problems. It can cause dead neurons that output zero for all inputs. It turns negative three into zero and positive five into five. It has variants like Leaky ReLU and GELU that avoid dead neurons.
AI/ML,How does gradient boosting help developers?,"Gradient boosting often delivers state-of-the-art accuracy on structured data. It is an ensemble method that builds trees sequentially, each correcting previous errors. It is used for high-accuracy tabular tasks and competitions. It is implemented by XGBoost, LightGBM, and CatBoost. It differs from random forest, which trains trees independently in parallel."
AI/ML,What are the benefits of using class imbalance?,"Class imbalance can be handled with resampling, class weights, and suitable metrics. It is checked in fraud, medical, and anomaly detection datasets. It makes accuracy misleading, since predicting the majority class looks good. It is addressed with SMOTE, undersampling, and focal loss."
AI/ML,What problem does word embedding solve?,"Word embedding is used as input features for NLP models. It places related words close together and reduces dimensionality compared with one-hot vectors. It gives one vector per word, so static embeddings cannot separate different meanings. It includes Word2Vec and GloVe, while contextual models like BERT produce context-aware vectors."
AI/ML,Can you illustrate regularization with an example?,"Regularization adds an L2 penalty on weights to the loss function. It is used to reduce overfitting in linear models and neural networks. It adds hyperparameters, and too much of it causes underfitting. It includes L1, L2, dropout, and early stopping."
AI/ML,Show a real-world example of PCA.,PCA compresses fifty correlated features into ten principal components. It is a technique that projects data onto directions of maximum variance. It makes features hard to interpret and captures only linear structure. It is an alternative to t-SNE and UMAP for visualization.
AI/ML,Where have you seen cross-validation in action?,"Cross-validation trains five times in five-fold validation, each time holding out a different fold. It is a resampling method that evaluates a model on multiple train-test splits. It uses data efficiently and gives a more stable estimate than one split. It includes k-fold, stratified, and leave-one-out variants."
AI/ML,How does hyperparameter tuning differ from related concepts?,"Hyperparameter tuning uses grid search, random search, and Bayesian optimization. It is the process of searching for the best training settings that are not learned from data. It is computationally costly and can overfit the validation set. It tries different tree depths and learning rates for a boosting model."
AI/ML,What is an alternative to feature scaling?,"Feature scaling uses methods such as min-max scaling and standardization. It is the process of putting numeric features on comparable ranges. It is used before distance-based or gradient-based algorithms. It must be fit on training data only, or it leaks information."
AI/ML,What should you watch out for when using F1 score?,F1 score ignores true negatives and treats precision and recall as equally important. It is the harmonic mean of precision and recall. It is used to evaluate classifiers on imbalanced datasets. It equals 0.67 when precision is 0.75 and recall is 0.60.
AI/ML,When should you avoid underfitting?,"Underfitting yields poor predictions everywhere because the model never learns the signal. It happens when a model is too simple to capture patterns in the data. It is diagnosed when both training and validation errors stay high. It is easy to fix by adding features, complexity, or training longer."
AI/ML,Where is recurrent neural network commonly applied?,Recurrent neural network is used for time series and text with order dependence. It is a neural network that processes sequences by passing a hidden state forward in time. It handles variable-length sequences with shared weights. It predicts the next character in a sentence from previous characters.
AI/ML,How does F1 score compare with similar approaches?,"F1 score generalizes to the F-beta score, which weights recall or precision more. It is the harmonic mean of precision and recall. It gives one number that balances false positives and false negatives. It ignores true negatives and treats precision and recall as equally important."
AI/ML,What should I learn alongside activation function?,"Activation function is chosen among options like tanh, sigmoid, ReLU, and GELU. It lets stacked layers represent curves rather than only linear mappings. It can cause vanishing gradients or dead neurons if chosen poorly. It includes ReLU in hidden layers and sigmoid in binary outputs."
AI/ML,Explain transformer.,"Transformer is a neural network architecture based on self-attention rather than recurrence. It is used for language models, translation, and increasingly vision tasks. It processes tokens in parallel and captures long-range dependencies. It powers models such as BERT, GPT, and T5. It replaced many RNN and LSTM approaches in NLP."
AI/ML,Show a real-world example of tokenization.,"Tokenization splits unbelievable into subwords such as un, believ, and able. It is the process of splitting text into units such as words or subwords. It converts raw text into units a model can map to IDs. It uses methods such as whitespace splitting, WordPiece, and Byte Pair Encoding."
AI/ML,Walk me through a simple example of transfer learning.,Transfer learning adapts an ImageNet-trained ResNet to classify medical images. It is the practice of reusing a model trained on one task for another task. It saves training time and data and often improves accuracy. It can fail when the source and target domains differ too much.
AI/ML,What is overfitting?,"Overfitting happens when a model memorizes training noise and performs poorly on unseen data. It becomes manageable once spotted, since fixes like regularization and more data exist. It shows up as ninety-nine percent training accuracy but sixty percent test accuracy."
AI/ML,Why is random forest useful?,Random forest reduces overfitting through averaging and gives feature importance scores. It is used for robust tabular prediction with little tuning. It is less interpretable and slower than a single tree. It predicts customer churn by combining hundreds of trees through majority voting.
AI/ML,How is convolutional neural network typically used in real projects?,"Convolutional neural network is used for image classification, detection, and some audio tasks. It is a neural network that uses learnable filters to detect local patterns in grid-like data. It needs large labeled data and struggles with global context compared with transformers. It includes architectures like ResNet, VGG, and EfficientNet."
AI/ML,What are the benefits of using loss function?,Loss function turns the goal of learning into a number that optimizers can reduce. It is a function that measures how far predictions are from true values. It can mislead if it does not match the real business metric. It uses mean squared error for regression and cross-entropy for classification.
AI/ML,What are common pitfalls with transfer learning?,Transfer learning can fail when the source and target domains differ too much. It is the practice of reusing a model trained on one task for another task. It saves training time and data and often improves accuracy. It includes feature extraction and fine-tuning.
AI/ML,What is transformer?,"Transformer is a neural network architecture based on self-attention rather than recurrence. It is used for language models, translation, and increasingly vision tasks. It processes tokens in parallel and captures long-range dependencies. It needs large compute and memory, since attention cost grows with sequence length squared."
AI/ML,What is related to word embedding?,"Word embedding includes Word2Vec and GloVe, while contextual models like BERT produce context-aware vectors. It is a dense vector representation of words capturing semantic similarity. It is used as input features for NLP models. It places king and queen near each other in vector space."
AI/ML,Describe one-hot encoding briefly.,"One-hot encoding is a method that represents each category as a binary vector. It creates many columns when a feature has lots of categories. It turns color values red, green, and blue into three binary columns. It is an alternative to label encoding and target encoding."
AI/ML,Describe F1 score briefly.,F1 score is the harmonic mean of precision and recall. It is used to evaluate classifiers on imbalanced datasets. It gives one number that balances false positives and false negatives. It equals 0.67 when precision is 0.75 and recall is 0.60.
AI/ML,How would you explain precision to a beginner?,"Precision is the fraction of predicted positives that are actually positive. It tells how trustworthy positive predictions are. It ignores missed positives, so a model can score high by predicting rarely. It is balanced against recall using the F1 score."
AI/ML,What is gradient descent?,"Gradient descent is an optimization algorithm that minimizes a loss function by iteratively adjusting model parameters in the direction opposite to the gradient. The learning rate controls step size: too large causes divergence, too small slows training. Variants include batch, stochastic, and mini-batch gradient descent, plus optimizers like Adam."
AI/ML,What problems can softmax cause?,Softmax is overconfident on out-of-distribution inputs and unsuitable for multi-label tasks. It is a function that converts raw scores into probabilities summing to one. It gives interpretable class probabilities that work well with cross-entropy loss. It generalizes the sigmoid function used in binary classification.
AI/ML,What is related to transformer?,"Transformer replaced many RNN and LSTM approaches in NLP. It is a neural network architecture based on self-attention rather than recurrence. It needs large compute and memory, since attention cost grows with sequence length squared. It powers models such as BERT, GPT, and T5."
AI/ML,How is hyperparameter tuning used in practice?,Hyperparameter tuning tries different tree depths and learning rates for a boosting model. It is the process of searching for the best training settings that are not learned from data. It can raise accuracy substantially without changing the model type. It is computationally costly and can overfit the validation set.
AI/ML,Explain confusion matrix.,"Confusion matrix is a table that compares predicted classes against actual classes. It is used to evaluate classification models beyond plain accuracy. It reveals which classes get confused and exposes false positives and negatives. It shows true positives, false positives, true negatives, and false negatives for a spam filter."
AI/ML,Why do developers use underfitting?,"Underfitting is diagnosed when both training and validation errors stay high. It happens when a model is too simple to capture patterns in the data. It is easy to fix by adding features, complexity, or training longer. It yields poor predictions everywhere because the model never learns the signal."
AI/ML,What problem does dropout solve?,Dropout is used in deep networks to prevent co-adaptation of neurons. It reduces overfitting and acts like training an ensemble of sub-networks. It slows convergence and is turned off at inference time. It is often combined with weight decay and batch normalization.
AI/ML,What should you watch out for when using confusion matrix?,Confusion matrix becomes hard to read with many classes and does not give a single score. It is a table that compares predicted classes against actual classes. It is used to evaluate classification models beyond plain accuracy. It reveals which classes get confused and exposes false positives and negatives.
AI/ML,What is support vector machine used for?,"Support vector machine is used for medium-sized datasets with clear margins, including text classification. It is a classifier that finds the hyperplane with the largest margin between classes. It scales poorly to very large datasets and needs feature scaling. It is an alternative to logistic regression and tree-based models."
AI/ML,What is related to confusion matrix?,"Confusion matrix is the basis for precision, recall, and F1 score. It is a table that compares predicted classes against actual classes. It reveals which classes get confused and exposes false positives and negatives. It shows true positives, false positives, true negatives, and false negatives for a spam filter."
AI/ML,What are the advantages of feature scaling?,Feature scaling speeds up convergence and prevents large-range features dominating. It is the process of putting numeric features on comparable ranges. It is used before distance-based or gradient-based algorithms. It standardizes age and income to mean zero and unit variance. It uses methods such as min-max scaling and standardization.
AI/ML,Define batch normalization in simple words.,"Batch normalization is a technique that normalizes layer inputs across each mini-batch. It allows higher learning rates and reduces sensitivity to initialization. It is placed after a convolution layer before the activation in many CNNs. It is an alternative to layer normalization, which is common in transformers."
AI/ML,What is the bias-variance tradeoff?,"Bias is error from overly simple assumptions causing underfitting, while variance is error from sensitivity to training data causing overfitting. Reducing one typically increases the other. The goal is finding a model complexity that minimizes total error, which techniques like cross-validation, regularization, and ensemble methods help achieve."
AI/ML,What is related to linear regression?,"Linear regression extends to ridge, lasso, and polynomial regression. It is a model that predicts a numeric value as a weighted sum of input features. It is used for forecasting and understanding relationships between variables. It predicts house price from area, location score, and number of rooms."
AI/ML,How does tokenization compare with similar approaches?,"Tokenization uses methods such as whitespace splitting, WordPiece, and Byte Pair Encoding. It is the process of splitting text into units such as words or subwords. It converts raw text into units a model can map to IDs. It splits unbelievable into subwords such as un, believ, and able."
AI/ML,What are the limitations of ReLU?,ReLU can cause dead neurons that output zero for all inputs. It is an activation function that outputs zero for negative inputs and the input otherwise. It is used in hidden layers of deep networks. It is cheap to compute and reduces vanishing gradient problems.
AI/ML,How is softmax used in practice?,"Softmax turns scores of two, one, and zero into roughly 0.67, 0.24, and 0.09. It is a function that converts raw scores into probabilities summing to one. It is used in output layers for multi-class classification. It generalizes the sigmoid function used in binary classification."
AI/ML,What makes logistic regression valuable?,"Logistic regression is quick to train, interpretable, and gives calibrated probabilities. It is a classification model that predicts probabilities using the sigmoid function. It is used for binary outcomes such as churn or spam. It predicts whether a customer will buy based on age and browsing time."
AI/ML,How is underfitting used in practice?,"Underfitting occurs when a straight line is fitted to clearly curved data. It is diagnosed when both training and validation errors stay high. It yields poor predictions everywhere because the model never learns the signal. It is linked to high bias, while overfitting is linked to high variance."
AI/ML,What are the advantages of cross-validation?,"Cross-validation uses data efficiently and gives a more stable estimate than one split. It is a resampling method that evaluates a model on multiple train-test splits. It trains five times in five-fold validation, each time holding out a different fold. It includes k-fold, stratified, and leave-one-out variants."
AI/ML,What is the basic idea behind dropout?,Dropout is a regularization technique that randomly disables neurons during training. It reduces overfitting and acts like training an ensemble of sub-networks. It slows convergence and is turned off at inference time. It is often combined with weight decay and batch normalization.
AI/ML,What are the benefits of using k-nearest neighbors?,K-nearest neighbors needs no training phase and is easy to understand. It is an algorithm that predicts using the labels of the k closest training points. It is used for simple classification and recommendation tasks. It is slow at prediction on big data and suffers in high dimensions.
AI/ML,Describe a scenario where reinforcement learning is applied.,"Reinforcement learning trains an agent to play Atari games by maximizing score. It is a learning paradigm where an agent learns actions by receiving rewards. It is used in robotics, game playing, and recommendation or control problems. It includes Q-learning and policy gradient methods."
AI/ML,What makes random forest valuable?,Random forest reduces overfitting through averaging and gives feature importance scores. It is an ensemble of many decision trees trained on random subsets of data and features. It is less interpretable and slower than a single tree. It predicts customer churn by combining hundreds of trees through majority voting.
AI/ML,Can you give a short overview of F1 score?,F1 score is the harmonic mean of precision and recall. It is used to evaluate classifiers on imbalanced datasets. It ignores true negatives and treats precision and recall as equally important. It equals 0.67 when precision is 0.75 and recall is 0.60.
AI/ML,What is LSTM?,"LSTM is a recurrent network unit with gates that control what to remember or forget. It is used for sequences like speech, text, and sensor data. It is slower than transformers and harder to parallelize. It forecasts electricity demand from previous hourly readings."
AI/ML,What is gradient descent used for?,"Gradient descent is used to train linear models and neural networks. It is an optimization algorithm that updates parameters in the direction that reduces loss. It adjusts weights step by step until the loss stops decreasing. It has variants such as SGD, mini-batch, Momentum, and Adam."
AI/ML,Describe a scenario where ReLU is applied.,ReLU turns negative three into zero and positive five into five. It is cheap to compute and reduces vanishing gradient problems. It can cause dead neurons that output zero for all inputs. It has variants like Leaky ReLU and GELU that avoid dead neurons.
AI/ML,Where is linear regression commonly applied?,"Linear regression is used for forecasting and understanding relationships between variables. It assumes linearity and is sensitive to outliers and correlated features. It predicts house price from area, location score, and number of rooms. It extends to ridge, lasso, and polynomial regression."
AI/ML,How is dropout used in practice?,Dropout drops fifty percent of hidden units in each training step. It is a regularization technique that randomly disables neurons during training. It reduces overfitting and acts like training an ensemble of sub-networks. It slows convergence and is turned off at inference time.
AI/ML,What are the drawbacks of PCA?,PCA makes features hard to interpret and captures only linear structure. It is a technique that projects data onto directions of maximum variance. It is used for dimensionality reduction and visualization. It compresses fifty correlated features into ten principal components.
AI/ML,Show a real-world example of fine-tuning.,Fine-tuning trains BERT further on support tickets to classify them. It is continued training of a pretrained model on task-specific data. It reaches strong performance with far less data and compute than training from scratch. It can be parameter-efficient using methods like LoRA.
AI/ML,What does transfer learning mean?,Transfer learning is the practice of reusing a model trained on one task for another task. It saves training time and data and often improves accuracy. It can fail when the source and target domains differ too much. It adapts an ImageNet-trained ResNet to classify medical images.
AI/ML,In which situations is transformer a good choice?,"Transformer is used for language models, translation, and increasingly vision tasks. It is a neural network architecture based on self-attention rather than recurrence. It needs large compute and memory, since attention cost grows with sequence length squared. It replaced many RNN and LSTM approaches in NLP."
AI/ML,How would you explain gradient descent to a beginner?,"Gradient descent is an optimization algorithm that updates parameters in the direction that reduces loss. It is used to train linear models and neural networks. It scales to huge datasets and many parameters, especially in stochastic form. It adjusts weights step by step until the loss stops decreasing."
AI/ML,What are common pitfalls with fine-tuning?,Fine-tuning can cause catastrophic forgetting and overfit on small datasets. It is used to adapt general models like BERT to a specific domain. It trains BERT further on support tickets to classify them. It can be parameter-efficient using methods like LoRA.
AI/ML,Can you give a short overview of ROC curve?,ROC curve is a plot of true positive rate against false positive rate across thresholds. It summarizes performance through the area under the curve. It can look overly optimistic on heavily imbalanced data. It is often replaced by the precision-recall curve for rare positives.
AI/ML,Describe a scenario where activation function is applied.,"Activation function includes ReLU in hidden layers and sigmoid in binary outputs. It lets stacked layers represent curves rather than only linear mappings. It can cause vanishing gradients or dead neurons if chosen poorly. It is chosen among options like tanh, sigmoid, ReLU, and GELU."
AI/ML,When should you use LSTM?,"LSTM is used for sequences like speech, text, and sensor data. It remembers long-term information better than plain RNNs. It is slower than transformers and harder to parallelize. It forecasts electricity demand from previous hourly readings. It has a lighter variant called GRU."
AI/ML,In which situations is loss function a good choice?,Loss function is used to guide model training by providing a signal to minimize. It is a function that measures how far predictions are from true values. It turns the goal of learning into a number that optimizers can reduce.
AI/ML,Where is fine-tuning commonly applied?,Fine-tuning is used to adapt general models like BERT to a specific domain. It is continued training of a pretrained model on task-specific data. It reaches strong performance with far less data and compute than training from scratch. It can be parameter-efficient using methods like LoRA.
AI/ML,What problems can regularization cause?,"Regularization adds hyperparameters, and too much of it causes underfitting. It is a set of techniques that discourage overly complex models. It improves generalization to unseen data. It adds an L2 penalty on weights to the loss function. It includes L1, L2, dropout, and early stopping."
AI/ML,What are the alternatives or companions of loss function?,"Loss function is different from an evaluation metric, which reports performance to humans. It turns the goal of learning into a number that optimizers can reduce. It can mislead if it does not match the real business metric. It uses mean squared error for regression and cross-entropy for classification."
AI/ML,How does cross-validation differ from related concepts?,"Cross-validation includes k-fold, stratified, and leave-one-out variants. It is a resampling method that evaluates a model on multiple train-test splits. It is computationally costly and can leak information with time series or grouped data. It trains five times in five-fold validation, each time holding out a different fold."
AI/ML,List the strengths of random forest.,Random forest reduces overfitting through averaging and gives feature importance scores. It is an ensemble of many decision trees trained on random subsets of data and features. It is used for robust tabular prediction with little tuning. It is less interpretable and slower than a single tree.
AI/ML,What problems can F1 score cause?,"F1 score ignores true negatives and treats precision and recall as equally important. It is the harmonic mean of precision and recall. It is used to evaluate classifiers on imbalanced datasets. It generalizes to the F-beta score, which weights recall or precision more."
AI/ML,How would you explain support vector machine to a beginner?,"Support vector machine is a classifier that finds the hyperplane with the largest margin between classes. It is used for medium-sized datasets with clear margins, including text classification. It works well in high dimensions and supports non-linear kernels. It is an alternative to logistic regression and tree-based models."
AI/ML,What does class imbalance mean?,"Class imbalance is a situation where one class has far more samples than others. It is checked in fraud, medical, and anomaly detection datasets. It can be handled with resampling, class weights, and suitable metrics. It appears when only one percent of transactions are fraudulent."
AI/ML,What is related to TF-IDF?,TF-IDF is a classic alternative to word embeddings and bag-of-words counts. It is a weighting scheme that scores words by frequency in a document and rarity across documents. It is used to turn text into numeric features for search and classification.
AI/ML,In which situations is linear regression a good choice?,"Linear regression is used for forecasting and understanding relationships between variables. It is a model that predicts a numeric value as a weighted sum of input features. It is fast, simple, and highly interpretable. It predicts house price from area, location score, and number of rooms."
AI/ML,What are the disadvantages of TF-IDF?,"TF-IDF ignores word order and meaning, so synonyms are treated as unrelated. It is a weighting scheme that scores words by frequency in a document and rarity across documents. It highlights distinctive words and downweights common ones. It is a classic alternative to word embeddings and bag-of-words counts."
AI/ML,What should I learn alongside reinforcement learning?,"Reinforcement learning includes Q-learning and policy gradient methods. It is a learning paradigm where an agent learns actions by receiving rewards. It needs many interactions, and reward design is difficult and unstable. It trains an agent to play Atari games by maximizing score."
AI/ML,What are the benefits of using convolutional neural network?,"Convolutional neural network shares weights, which reduces parameters and captures spatial structure. It is a neural network that uses learnable filters to detect local patterns in grid-like data. It needs large labeled data and struggles with global context compared with transformers."
AI/ML,What other concepts are connected to LSTM?,"LSTM has a lighter variant called GRU. It is a recurrent network unit with gates that control what to remember or forget. It is used for sequences like speech, text, and sensor data. It is slower than transformers and harder to parallelize."
AI/ML,What is the main purpose of dropout?,Dropout is used in deep networks to prevent co-adaptation of neurons. It is a regularization technique that randomly disables neurons during training. It slows convergence and is turned off at inference time. It drops fifty percent of hidden units in each training step.
AI/ML,Can you give a short overview of decision tree?,Decision tree is a model that splits data using feature-based questions into a tree of decisions. It is used for tabular classification and regression with mixed feature types. It is easy to visualize and needs little preprocessing. It overfits easily and changes a lot with small data changes.
AI/ML,Describe a scenario where random forest is applied.,"Random forest predicts customer churn by combining hundreds of trees through majority voting. It reduces overfitting through averaging and gives feature importance scores. It is less interpretable and slower than a single tree. It uses bagging, unlike boosting methods that train trees sequentially."
AI/ML,What other concepts are connected to softmax?,"Softmax generalizes the sigmoid function used in binary classification. It is a function that converts raw scores into probabilities summing to one. It is used in output layers for multi-class classification. It turns scores of two, one, and zero into roughly 0.67, 0.24, and 0.09."
AI/ML,What are the drawbacks of hyperparameter tuning?,Hyperparameter tuning is computationally costly and can overfit the validation set. It is the process of searching for the best training settings that are not learned from data. It tries different tree depths and learning rates for a boosting model.
AI/ML,Define convolutional neural network in simple words.,"Convolutional neural network is a neural network that uses learnable filters to detect local patterns in grid-like data. It is used for image classification, detection, and some audio tasks. It shares weights, which reduces parameters and captures spatial structure. It detects edges in early layers and objects in deeper layers."
AI/ML,Define tokenization in simple words.,Tokenization is the process of splitting text into units such as words or subwords. It is used as the first step in NLP pipelines. It converts raw text into units a model can map to IDs. It can break rare words badly and differs across languages and models.
AI/ML,List the strengths of overfitting.,"Overfitting becomes manageable once spotted, since fixes like regularization and more data exist. It is checked by comparing training and validation performance during model development. It makes high training accuracy misleading and leads to failures in production. It shows up as ninety-nine percent training accuracy but sixty percent test accuracy."
AI/ML,Why is underfitting useful?,"Underfitting is easy to fix by adding features, complexity, or training longer. It yields poor predictions everywhere because the model never learns the signal. It occurs when a straight line is fitted to clearly curved data. It is linked to high bias, while overfitting is linked to high variance."
AI/ML,What do you gain by using dropout?,Dropout reduces overfitting and acts like training an ensemble of sub-networks. It is a regularization technique that randomly disables neurons during training. It slows convergence and is turned off at inference time. It is often combined with weight decay and batch normalization.
AI/ML,What should you watch out for when using transformer?,"Transformer needs large compute and memory, since attention cost grows with sequence length squared. It is used for language models, translation, and increasingly vision tasks. It powers models such as BERT, GPT, and T5. It replaced many RNN and LSTM approaches in NLP."
AI/ML,What is related to feature scaling?,"Feature scaling uses methods such as min-max scaling and standardization. It is the process of putting numeric features on comparable ranges. It speeds up convergence and prevents large-range features dominating. It must be fit on training data only, or it leaks information."
AI/ML,Why is batch normalization useful?,Batch normalization allows higher learning rates and reduces sensitivity to initialization. It is a technique that normalizes layer inputs across each mini-batch. It is used to stabilize and speed up training of deep networks. It is placed after a convolution layer before the activation in many CNNs.
AI/ML,How does softmax help developers?,Softmax gives interpretable class probabilities that work well with cross-entropy loss. It is a function that converts raw scores into probabilities summing to one. It is overconfident on out-of-distribution inputs and unsuitable for multi-label tasks. It generalizes the sigmoid function used in binary classification.
AI/ML,What are the limitations of word embedding?,"Word embedding gives one vector per word, so static embeddings cannot separate different meanings. It is used as input features for NLP models. It places related words close together and reduces dimensionality compared with one-hot vectors. It places king and queen near each other in vector space."
AI/ML,What is random forest used for?,"Random forest is used for robust tabular prediction with little tuning. It reduces overfitting through averaging and gives feature importance scores. It predicts customer churn by combining hundreds of trees through majority voting. It uses bagging, unlike boosting methods that train trees sequentially."
AI/ML,What are the alternatives or companions of feature scaling?,Feature scaling uses methods such as min-max scaling and standardization. It is the process of putting numeric features on comparable ranges. It is used before distance-based or gradient-based algorithms. It speeds up convergence and prevents large-range features dominating. It standardizes age and income to mean zero and unit variance.
AI/ML,Define hyperparameter tuning in simple words.,"Hyperparameter tuning is the process of searching for the best training settings that are not learned from data. It is used to improve model performance before deployment. It tries different tree depths and learning rates for a boosting model. It uses grid search, random search, and Bayesian optimization."
AI/ML,What are common pitfalls with class imbalance?,"Class imbalance makes accuracy misleading, since predicting the majority class looks good. It is checked in fraud, medical, and anomaly detection datasets. It can be handled with resampling, class weights, and suitable metrics. It appears when only one percent of transactions are fraudulent."
AI/ML,What do you gain by using gradient boosting?,"Gradient boosting often delivers state-of-the-art accuracy on structured data. It is an ensemble method that builds trees sequentially, each correcting previous errors. It is used for high-accuracy tabular tasks and competitions. It is sensitive to hyperparameters and can overfit noisy data. It is implemented by XGBoost, LightGBM, and CatBoost."
AI/ML,What is an alternative to cross-validation?,"Cross-validation includes k-fold, stratified, and leave-one-out variants. It is used to estimate generalization performance and tune hyperparameters. It uses data efficiently and gives a more stable estimate than one split. It trains five times in five-fold validation, each time holding out a different fold."
AI/ML,What are the downsides of PCA?,"PCA makes features hard to interpret and captures only linear structure. It is a technique that projects data onto directions of maximum variance. It is used for dimensionality reduction and visualization. It removes redundancy, speeds training, and reduces noise. It compresses fifty correlated features into ten principal components."
AI/ML,How is fine-tuning typically used in real projects?,Fine-tuning is used to adapt general models like BERT to a specific domain. It can cause catastrophic forgetting and overfit on small datasets. It trains BERT further on support tickets to classify them. It can be parameter-efficient using methods like LoRA.
AI/ML,What makes loss function valuable?,"Loss function turns the goal of learning into a number that optimizers can reduce. It can mislead if it does not match the real business metric. It uses mean squared error for regression and cross-entropy for classification. It is different from an evaluation metric, which reports performance to humans."
AI/ML,What is an alternative to class imbalance?,"Class imbalance is addressed with SMOTE, undersampling, and focal loss. It is a situation where one class has far more samples than others. It is checked in fraud, medical, and anomaly detection datasets. It makes accuracy misleading, since predicting the majority class looks good."
AI/ML,What should I learn alongside underfitting?,"Underfitting is linked to high bias, while overfitting is linked to high variance. It is easy to fix by adding features, complexity, or training longer. It yields poor predictions everywhere because the model never learns the signal. It occurs when a straight line is fitted to clearly curved data."
AI/ML,What are the alternatives or companions of dropout?,Dropout is often combined with weight decay and batch normalization. It is a regularization technique that randomly disables neurons during training. It reduces overfitting and acts like training an ensemble of sub-networks. It drops fifty percent of hidden units in each training step.
AI/ML,Explain attention mechanism.,Attention mechanism is a technique that lets a model weigh the importance of different input parts. It is computationally expensive for long sequences. It lets a translation model focus on the right source word when producing each target word. It includes self-attention and multi-head attention.
AI/ML,What do you gain by using backpropagation?,Backpropagation computes all gradients efficiently using the chain rule. It is the algorithm that computes gradients of the loss with respect to network weights. It is used to train neural networks by sending errors backward through layers. It suffers from vanishing or exploding gradients in very deep networks.
AI/ML,What are the alternatives or companions of regularization?,"Regularization includes L1, L2, dropout, and early stopping. It is a set of techniques that discourage overly complex models. It is used to reduce overfitting in linear models and neural networks. It improves generalization to unseen data. It adds an L2 penalty on weights to the loss function."
AI/ML,How is gradient boosting typically used in real projects?,"Gradient boosting is used for high-accuracy tabular tasks and competitions. It is an ensemble method that builds trees sequentially, each correcting previous errors. It often delivers state-of-the-art accuracy on structured data. It differs from random forest, which trains trees independently in parallel."
AI/ML,What should you watch out for when using underfitting?,"Underfitting yields poor predictions everywhere because the model never learns the signal. It is diagnosed when both training and validation errors stay high. It is easy to fix by adding features, complexity, or training longer. It is linked to high bias, while overfitting is linked to high variance."
AI/ML,What problems can feature scaling cause?,"Feature scaling must be fit on training data only, or it leaks information. It is the process of putting numeric features on comparable ranges. It speeds up convergence and prevents large-range features dominating. It standardizes age and income to mean zero and unit variance."
AI/ML,Why is PCA useful?,"PCA removes redundancy, speeds training, and reduces noise. It is a technique that projects data onto directions of maximum variance. It is used for dimensionality reduction and visualization. It makes features hard to interpret and captures only linear structure. It compresses fifty correlated features into ten principal components."
AI/ML,What problem does batch normalization solve?,"Batch normalization is used to stabilize and speed up training of deep networks. It is a technique that normalizes layer inputs across each mini-batch. It behaves poorly with very small batches and adds complexity at inference. It is an alternative to layer normalization, which is common in transformers."
AI/ML,What are the downsides of ROC curve?,ROC curve can look overly optimistic on heavily imbalanced data. It is a plot of true positive rate against false positive rate across thresholds. It is used to compare classifiers independent of one chosen threshold. It is often replaced by the precision-recall curve for rare positives.
AI/ML,What makes support vector machine valuable?,Support vector machine works well in high dimensions and supports non-linear kernels. It is a classifier that finds the hyperplane with the largest margin between classes. It separates spam from legitimate emails using an RBF kernel. It is an alternative to logistic regression and tree-based models.
AI/ML,Is there a substitute for transformer?,"Transformer replaced many RNN and LSTM approaches in NLP. It is used for language models, translation, and increasingly vision tasks. It needs large compute and memory, since attention cost grows with sequence length squared. It powers models such as BERT, GPT, and T5."
AI/ML,In which situations is overfitting a good choice?,"Overfitting is checked by comparing training and validation performance during model development. It becomes manageable once spotted, since fixes like regularization and more data exist. It shows up as ninety-nine percent training accuracy but sixty percent test accuracy. It is the opposite of underfitting, where a model is too simple."
AI/ML,When should you use logistic regression?,"Logistic regression is used for binary outcomes such as churn or spam. It is a classification model that predicts probabilities using the sigmoid function. It is quick to train, interpretable, and gives calibrated probabilities. It struggles with non-linear boundaries unless features are engineered. It generalizes to multi-class problems with softmax."
AI/ML,What should you watch out for when using attention mechanism?,"Attention mechanism is computationally expensive for long sequences. It is a technique that lets a model weigh the importance of different input parts. It is used in translation, summarization, and transformers. It lets a translation model focus on the right source word when producing each target word."
AI/ML,Can you give a short overview of batch normalization?,Batch normalization is a technique that normalizes layer inputs across each mini-batch. It is used to stabilize and speed up training of deep networks. It allows higher learning rates and reduces sensitivity to initialization. It behaves poorly with very small batches and adds complexity at inference.
AI/ML,What are the downsides of gradient descent?,"Gradient descent can get stuck in local minima or plateaus and is sensitive to learning rate. It is used to train linear models and neural networks. It scales to huge datasets and many parameters, especially in stochastic form. It adjusts weights step by step until the loss stops decreasing."
AI/ML,What is the main purpose of regularization?,"Regularization is used to reduce overfitting in linear models and neural networks. It is a set of techniques that discourage overly complex models. It improves generalization to unseen data. It adds hyperparameters, and too much of it causes underfitting. It includes L1, L2, dropout, and early stopping."
AI/ML,Describe a scenario where k-nearest neighbors is applied.,K-nearest neighbors labels a flower by the majority class among its five nearest samples. It is an algorithm that predicts using the labels of the k closest training points. It needs no training phase and is easy to understand. It depends on a distance metric and feature scaling.
AI/ML,What are the benefits of using learning rate?,Learning rate gives direct control over convergence behavior when chosen well. It causes divergence if too high and painfully slow training if too low. It is often set around 0.001 for the Adam optimizer. It can be adjusted over time using schedules or warmup.
AI/ML,Is there a substitute for dropout?,Dropout is often combined with weight decay and batch normalization. It is used in deep networks to prevent co-adaptation of neurons. It slows convergence and is turned off at inference time. It drops fifty percent of hidden units in each training step.
AI/ML,What are the disadvantages of learning rate?,Learning rate causes divergence if too high and painfully slow training if too low. It is a hyperparameter that controls the step size of each weight update. It is tuned to balance training speed against stability. It gives direct control over convergence behavior when chosen well.
AI/ML,What are the disadvantages of fine-tuning?,Fine-tuning can cause catastrophic forgetting and overfit on small datasets. It is continued training of a pretrained model on task-specific data. It reaches strong performance with far less data and compute than training from scratch. It trains BERT further on support tickets to classify them.
AI/ML,What are the drawbacks of overfitting?,"Overfitting makes high training accuracy misleading and leads to failures in production. It is checked by comparing training and validation performance during model development. It becomes manageable once spotted, since fixes like regularization and more data exist. It shows up as ninety-nine percent training accuracy but sixty percent test accuracy."
AI/ML,In which situations is batch normalization a good choice?,"Batch normalization is used to stabilize and speed up training of deep networks. It allows higher learning rates and reduces sensitivity to initialization. It is placed after a convolution layer before the activation in many CNNs. It is an alternative to layer normalization, which is common in transformers."
AI/ML,What are common pitfalls with attention mechanism?,Attention mechanism is computationally expensive for long sequences. It is a technique that lets a model weigh the importance of different input parts. It lets a translation model focus on the right source word when producing each target word. It includes self-attention and multi-head attention.
AI/ML,What are the alternatives or companions of ROC curve?,ROC curve is often replaced by the precision-recall curve for rare positives. It is a plot of true positive rate against false positive rate across thresholds. It shows a diagonal line for random guessing and a curve toward the top-left for good models.
AI/ML,What is a practical example of convolutional neural network?,"Convolutional neural network detects edges in early layers and objects in deeper layers. It is used for image classification, detection, and some audio tasks. It shares weights, which reduces parameters and captures spatial structure. It needs large labeled data and struggles with global context compared with transformers."
AI/ML,Where is tokenization commonly applied?,"Tokenization is used as the first step in NLP pipelines. It is the process of splitting text into units such as words or subwords. It can break rare words badly and differs across languages and models. It uses methods such as whitespace splitting, WordPiece, and Byte Pair Encoding."
AI/ML,Why do developers use gradient descent?,"Gradient descent is used to train linear models and neural networks. It is an optimization algorithm that updates parameters in the direction that reduces loss. It scales to huge datasets and many parameters, especially in stochastic form. It adjusts weights step by step until the loss stops decreasing."
AI/ML,How is batch normalization used in practice?,Batch normalization is placed after a convolution layer before the activation in many CNNs. It is a technique that normalizes layer inputs across each mini-batch. It is used to stabilize and speed up training of deep networks. It behaves poorly with very small batches and adds complexity at inference.
AI/ML,What should you watch out for when using learning rate?,Learning rate causes divergence if too high and painfully slow training if too low. It is a hyperparameter that controls the step size of each weight update. It gives direct control over convergence behavior when chosen well. It is often set around 0.001 for the Adam optimizer.
AI/ML,Describe a scenario where confusion matrix is applied.,"Confusion matrix shows true positives, false positives, true negatives, and false negatives for a spam filter. It is used to evaluate classification models beyond plain accuracy. It reveals which classes get confused and exposes false positives and negatives. It is the basis for precision, recall, and F1 score."
AI/ML,Can you illustrate tokenization with an example?,"Tokenization splits unbelievable into subwords such as un, believ, and able. It is the process of splitting text into units such as words or subwords. It can break rare words badly and differs across languages and models. It uses methods such as whitespace splitting, WordPiece, and Byte Pair Encoding."
AI/ML,Is there a substitute for decision tree?,"Decision tree is the building block of random forests and gradient boosting. It is a model that splits data using feature-based questions into a tree of decisions. It is easy to visualize and needs little preprocessing. It decides loan approval by checking income, then credit history."
AI/ML,What is k-means clustering used for?,"K-means clustering is used for customer segmentation and image compression. It is simple, fast, and scales to large datasets. It needs k in advance, favors round clusters, and is sensitive to initialization and outliers. It differs from hierarchical and DBSCAN clustering."
AI/ML,Walk me through a simple example of random forest.,"Random forest predicts customer churn by combining hundreds of trees through majority voting. It is an ensemble of many decision trees trained on random subsets of data and features. It reduces overfitting through averaging and gives feature importance scores. It uses bagging, unlike boosting methods that train trees sequentially."
AI/ML,Walk me through a simple example of fine-tuning.,Fine-tuning trains BERT further on support tickets to classify them. It is used to adapt general models like BERT to a specific domain. It can cause catastrophic forgetting and overfit on small datasets. It can be parameter-efficient using methods like LoRA.
AI/ML,What is ReLU used for?,ReLU is used in hidden layers of deep networks. It is an activation function that outputs zero for negative inputs and the input otherwise. It is cheap to compute and reduces vanishing gradient problems. It has variants like Leaky ReLU and GELU that avoid dead neurons.
AI/ML,What is the basic idea behind ROC curve?,ROC curve is a plot of true positive rate against false positive rate across thresholds. It is used to compare classifiers independent of one chosen threshold. It can look overly optimistic on heavily imbalanced data. It is often replaced by the precision-recall curve for rare positives.
AI/ML,What is an alternative to dropout?,Dropout is often combined with weight decay and batch normalization. It is used in deep networks to prevent co-adaptation of neurons. It reduces overfitting and acts like training an ensemble of sub-networks. It slows convergence and is turned off at inference time.
AI/ML,Why is reinforcement learning considered important?,"Reinforcement learning learns strategies without labeled examples through interaction. It is used in robotics, game playing, and recommendation or control problems. It needs many interactions, and reward design is difficult and unstable. It trains an agent to play Atari games by maximizing score. It includes Q-learning and policy gradient methods."
AI/ML,What is an alternative to ROC curve?,ROC curve is often replaced by the precision-recall curve for rare positives. It is a plot of true positive rate against false positive rate across thresholds. It is used to compare classifiers independent of one chosen threshold. It summarizes performance through the area under the curve.
AI/ML,What are the advantages of activation function?,"Activation function lets stacked layers represent curves rather than only linear mappings. It is a function applied to a neuron's output to introduce non-linearity. It can cause vanishing gradients or dead neurons if chosen poorly. It is chosen among options like tanh, sigmoid, ReLU, and GELU."
AI/ML,What are the advantages of batch normalization?,"Batch normalization allows higher learning rates and reduces sensitivity to initialization. It is a technique that normalizes layer inputs across each mini-batch. It is placed after a convolution layer before the activation in many CNNs. It is an alternative to layer normalization, which is common in transformers."
AI/ML,What are common pitfalls with softmax?,Softmax is overconfident on out-of-distribution inputs and unsuitable for multi-label tasks. It is a function that converts raw scores into probabilities summing to one. It is used in output layers for multi-class classification. It generalizes the sigmoid function used in binary classification.
AI/ML,What do you gain by using underfitting?,"Underfitting is easy to fix by adding features, complexity, or training longer. It is diagnosed when both training and validation errors stay high. It yields poor predictions everywhere because the model never learns the signal. It occurs when a straight line is fitted to clearly curved data."
AI/ML,How does batch normalization help developers?,"Batch normalization allows higher learning rates and reduces sensitivity to initialization. It behaves poorly with very small batches and adds complexity at inference. It is placed after a convolution layer before the activation in many CNNs. It is an alternative to layer normalization, which is common in transformers."
AI/ML,How would you explain batch normalization to a beginner?,"Batch normalization is a technique that normalizes layer inputs across each mini-batch. It is used to stabilize and speed up training of deep networks. It allows higher learning rates and reduces sensitivity to initialization. It is an alternative to layer normalization, which is common in transformers."
AI/ML,How does learning rate help developers?,Learning rate gives direct control over convergence behavior when chosen well. It is a hyperparameter that controls the step size of each weight update. It is tuned to balance training speed against stability. It causes divergence if too high and painfully slow training if too low.
AI/ML,In which situations is backpropagation a good choice?,Backpropagation is used to train neural networks by sending errors backward through layers. It is the algorithm that computes gradients of the loss with respect to network weights. It computes all gradients efficiently using the chain rule. It works together with an optimizer like gradient descent.
AI/ML,When should you avoid regularization?,"Regularization adds hyperparameters, and too much of it causes underfitting. It is a set of techniques that discourage overly complex models. It is used to reduce overfitting in linear models and neural networks. It adds an L2 penalty on weights to the loss function."
AI/ML,What should you watch out for when using backpropagation?,Backpropagation suffers from vanishing or exploding gradients in very deep networks. It is the algorithm that computes gradients of the loss with respect to network weights. It computes all gradients efficiently using the chain rule. It tells a network how much each weight contributed to a wrong prediction.
AI/ML,What are common pitfalls with gradient descent?,Gradient descent can get stuck in local minima or plateaus and is sensitive to learning rate. It is an optimization algorithm that updates parameters in the direction that reduces loss. It is used to train linear models and neural networks.
AI/ML,Show a real-world example of random forest.,Random forest predicts customer churn by combining hundreds of trees through majority voting. It is an ensemble of many decision trees trained on random subsets of data and features. It is used for robust tabular prediction with little tuning. It is less interpretable and slower than a single tree.
AI/ML,List the strengths of cross-validation.,"Cross-validation uses data efficiently and gives a more stable estimate than one split. It is a resampling method that evaluates a model on multiple train-test splits. It is used to estimate generalization performance and tune hyperparameters. It includes k-fold, stratified, and leave-one-out variants."
AI/ML,List the strengths of PCA.,"PCA removes redundancy, speeds training, and reduces noise. It is a technique that projects data onto directions of maximum variance. It is used for dimensionality reduction and visualization. It compresses fifty correlated features into ten principal components. It is an alternative to t-SNE and UMAP for visualization."
AI/ML,What other concepts are connected to random forest?,"Random forest uses bagging, unlike boosting methods that train trees sequentially. It is an ensemble of many decision trees trained on random subsets of data and features. It is used for robust tabular prediction with little tuning. It reduces overfitting through averaging and gives feature importance scores."
AI/ML,How does confusion matrix differ from related concepts?,"Confusion matrix is the basis for precision, recall, and F1 score. It becomes hard to read with many classes and does not give a single score. It shows true positives, false positives, true negatives, and false negatives for a spam filter."
AI/ML,What problem does F1 score solve?,F1 score is used to evaluate classifiers on imbalanced datasets. It gives one number that balances false positives and false negatives. It ignores true negatives and treats precision and recall as equally important. It equals 0.67 when precision is 0.75 and recall is 0.60.
AI/ML,When should you avoid overfitting?,"Overfitting makes high training accuracy misleading and leads to failures in production. It is checked by comparing training and validation performance during model development. It shows up as ninety-nine percent training accuracy but sixty percent test accuracy. It is the opposite of underfitting, where a model is too simple."
AI/ML,What is related to tokenization?,"Tokenization uses methods such as whitespace splitting, WordPiece, and Byte Pair Encoding. It is the process of splitting text into units such as words or subwords. It is used as the first step in NLP pipelines. It splits unbelievable into subwords such as un, believ, and able."
AI/ML,What are the benefits of using reinforcement learning?,"Reinforcement learning learns strategies without labeled examples through interaction. It is a learning paradigm where an agent learns actions by receiving rewards. It is used in robotics, game playing, and recommendation or control problems. It includes Q-learning and policy gradient methods."
AI/ML,How does logistic regression help developers?,"Logistic regression is quick to train, interpretable, and gives calibrated probabilities. It is a classification model that predicts probabilities using the sigmoid function. It is used for binary outcomes such as churn or spam. It generalizes to multi-class problems with softmax."
AI/ML,Why is support vector machine considered important?,Support vector machine works well in high dimensions and supports non-linear kernels. It is a classifier that finds the hyperplane with the largest margin between classes. It scales poorly to very large datasets and needs feature scaling. It is an alternative to logistic regression and tree-based models.
AI/ML,Why do developers use precision?,"Precision is prioritized when false positives are costly, such as spam filtering. It ignores missed positives, so a model can score high by predicting rarely. It equals eight out of ten when eight of ten flagged emails are truly spam."
AI/ML,What problems can overfitting cause?,"Overfitting makes high training accuracy misleading and leads to failures in production. It is checked by comparing training and validation performance during model development. It becomes manageable once spotted, since fixes like regularization and more data exist. It shows up as ninety-nine percent training accuracy but sixty percent test accuracy."
AI/ML,In which situations is attention mechanism a good choice?,"Attention mechanism is used in translation, summarization, and transformers. It handles long dependencies and gives some interpretability through attention weights. It is computationally expensive for long sequences. It lets a translation model focus on the right source word when producing each target word."
AI/ML,Describe LSTM briefly.,"LSTM is a recurrent network unit with gates that control what to remember or forget. It is used for sequences like speech, text, and sensor data. It remembers long-term information better than plain RNNs. It forecasts electricity demand from previous hourly readings."
AI/ML,Can you illustrate learning rate with an example?,Learning rate is often set around 0.001 for the Adam optimizer. It is a hyperparameter that controls the step size of each weight update. It is tuned to balance training speed against stability. It can be adjusted over time using schedules or warmup.
AI/ML,What problems can reinforcement learning cause?,"Reinforcement learning needs many interactions, and reward design is difficult and unstable. It is a learning paradigm where an agent learns actions by receiving rewards. It trains an agent to play Atari games by maximizing score. It includes Q-learning and policy gradient methods."
AI/ML,Define recall in simple words.,"Recall is the fraction of actual positives that the model correctly identifies. It is prioritized when missing a positive is costly, such as disease screening. It shows how many real cases the model catches. It ignores false alarms, so predicting everything positive gives perfect recall."
AI/ML,What is the basic idea behind loss function?,"Loss function is a function that measures how far predictions are from true values. It turns the goal of learning into a number that optimizers can reduce. It uses mean squared error for regression and cross-entropy for classification. It is different from an evaluation metric, which reports performance to humans."
AI/ML,Walk me through a simple example of ROC curve.,ROC curve shows a diagonal line for random guessing and a curve toward the top-left for good models. It is a plot of true positive rate against false positive rate across thresholds. It summarizes performance through the area under the curve.
AI/ML,What is the main purpose of precision?,"Precision is prioritized when false positives are costly, such as spam filtering. It tells how trustworthy positive predictions are. It ignores missed positives, so a model can score high by predicting rarely. It equals eight out of ten when eight of ten flagged emails are truly spam."
AI/ML,What does ROC curve mean?,ROC curve is a plot of true positive rate against false positive rate across thresholds. It can look overly optimistic on heavily imbalanced data. It shows a diagonal line for random guessing and a curve toward the top-left for good models.
AI/ML,What are the limitations of reinforcement learning?,"Reinforcement learning needs many interactions, and reward design is difficult and unstable. It is a learning paradigm where an agent learns actions by receiving rewards. It learns strategies without labeled examples through interaction. It includes Q-learning and policy gradient methods."
AI/ML,What problem does linear regression solve?,"Linear regression is used for forecasting and understanding relationships between variables. It is a model that predicts a numeric value as a weighted sum of input features. It assumes linearity and is sensitive to outliers and correlated features. It predicts house price from area, location score, and number of rooms."
AI/ML,When should you use feature scaling?,"Feature scaling is used before distance-based or gradient-based algorithms. It must be fit on training data only, or it leaks information. It standardizes age and income to mean zero and unit variance. It uses methods such as min-max scaling and standardization."
AI/ML,Can you give a short overview of fine-tuning?,Fine-tuning is continued training of a pretrained model on task-specific data. It is used to adapt general models like BERT to a specific domain. It trains BERT further on support tickets to classify them. It can be parameter-efficient using methods like LoRA.
AI/ML,Why is regularization useful?,"Regularization improves generalization to unseen data. It is a set of techniques that discourage overly complex models. It is used to reduce overfitting in linear models and neural networks. It adds hyperparameters, and too much of it causes underfitting. It includes L1, L2, dropout, and early stopping."
AI/ML,What are the advantages of word embedding?,"Word embedding places related words close together and reduces dimensionality compared with one-hot vectors. It is used as input features for NLP models. It gives one vector per word, so static embeddings cannot separate different meanings. It places king and queen near each other in vector space."
AI/ML,What is a practical example of ReLU?,ReLU turns negative three into zero and positive five into five. It is an activation function that outputs zero for negative inputs and the input otherwise. It is cheap to compute and reduces vanishing gradient problems. It can cause dead neurons that output zero for all inputs.
AI/ML,What problems can decision tree cause?,"Decision tree overfits easily and changes a lot with small data changes. It is used for tabular classification and regression with mixed feature types. It decides loan approval by checking income, then credit history. It is the building block of random forests and gradient boosting."
AI/ML,What problem does reinforcement learning solve?,"Reinforcement learning is used in robotics, game playing, and recommendation or control problems. It is a learning paradigm where an agent learns actions by receiving rewards. It learns strategies without labeled examples through interaction. It needs many interactions, and reward design is difficult and unstable."
AI/ML,Walk me through a simple example of hyperparameter tuning.,"Hyperparameter tuning tries different tree depths and learning rates for a boosting model. It is used to improve model performance before deployment. It can raise accuracy substantially without changing the model type. It uses grid search, random search, and Bayesian optimization."
AI/ML,What is regularization used for?,Regularization is used to reduce overfitting in linear models and neural networks. It is a set of techniques that discourage overly complex models. It improves generalization to unseen data. It adds an L2 penalty on weights to the loss function.
AI/ML,Describe a scenario where logistic regression is applied.,"Logistic regression predicts whether a customer will buy based on age and browsing time. It is a classification model that predicts probabilities using the sigmoid function. It is used for binary outcomes such as churn or spam. It is quick to train, interpretable, and gives calibrated probabilities."
AI/ML,Give an example of activation function.,"Activation function includes ReLU in hidden layers and sigmoid in binary outputs. It is a function applied to a neuron's output to introduce non-linearity. It lets stacked layers represent curves rather than only linear mappings. It is chosen among options like tanh, sigmoid, ReLU, and GELU."
AI/ML,What problems can dropout cause?,Dropout slows convergence and is turned off at inference time. It is a regularization technique that randomly disables neurons during training. It is used in deep networks to prevent co-adaptation of neurons. It drops fifty percent of hidden units in each training step.
AI/ML,What other concepts are connected to activation function?,"Activation function is chosen among options like tanh, sigmoid, ReLU, and GELU. It is a function applied to a neuron's output to introduce non-linearity. It can cause vanishing gradients or dead neurons if chosen poorly. It includes ReLU in hidden layers and sigmoid in binary outputs."
AI/ML,List the strengths of recall.,Recall shows how many real cases the model catches. It is the fraction of actual positives that the model correctly identifies. It equals eight out of ten when the model finds eight of ten real fraud cases. It is also called sensitivity or true positive rate.
AI/ML,What makes LSTM valuable?,"LSTM remembers long-term information better than plain RNNs. It is a recurrent network unit with gates that control what to remember or forget. It is used for sequences like speech, text, and sensor data. It forecasts electricity demand from previous hourly readings. It has a lighter variant called GRU."
AI/ML,List the strengths of transfer learning.,Transfer learning saves training time and data and often improves accuracy. It is the practice of reusing a model trained on one task for another task. It is used when labeled data is limited. It adapts an ImageNet-trained ResNet to classify medical images.
AI/ML,How does transformer help developers?,"Transformer processes tokens in parallel and captures long-range dependencies. It is used for language models, translation, and increasingly vision tasks. It needs large compute and memory, since attention cost grows with sequence length squared. It replaced many RNN and LSTM approaches in NLP."
AI/ML,How does ReLU help developers?,ReLU is cheap to compute and reduces vanishing gradient problems. It is an activation function that outputs zero for negative inputs and the input otherwise. It is used in hidden layers of deep networks. It turns negative three into zero and positive five into five.
AI/ML,Explain activation function.,"Activation function is a function applied to a neuron's output to introduce non-linearity. It is used between layers so networks can learn complex patterns. It includes ReLU in hidden layers and sigmoid in binary outputs. It is chosen among options like tanh, sigmoid, ReLU, and GELU."
AI/ML,What is a practical example of cross-validation?,"Cross-validation trains five times in five-fold validation, each time holding out a different fold. It is a resampling method that evaluates a model on multiple train-test splits. It is computationally costly and can leak information with time series or grouped data. It includes k-fold, stratified, and leave-one-out variants."
AI/ML,What makes word embedding valuable?,Word embedding places related words close together and reduces dimensionality compared with one-hot vectors. It is a dense vector representation of words capturing semantic similarity. It is used as input features for NLP models. It places king and queen near each other in vector space.
AI/ML,How is recurrent neural network typically used in real projects?,Recurrent neural network is used for time series and text with order dependence. It is a neural network that processes sequences by passing a hidden state forward in time. It handles variable-length sequences with shared weights. It trains slowly because steps are sequential and suffers vanishing gradients.
AI/ML,Is there a substitute for one-hot encoding?,"One-hot encoding is an alternative to label encoding and target encoding. It is used to feed categorical features into models. It avoids implying a false order between categories. It turns color values red, green, and blue into three binary columns."
AI/ML,Describe linear regression briefly.,"Linear regression is a model that predicts a numeric value as a weighted sum of input features. It is used for forecasting and understanding relationships between variables. It assumes linearity and is sensitive to outliers and correlated features. It predicts house price from area, location score, and number of rooms."
AI/ML,Why do developers use recurrent neural network?,Recurrent neural network is used for time series and text with order dependence. It is a neural network that processes sequences by passing a hidden state forward in time. It predicts the next character in a sentence from previous characters.
AI/ML,What do you gain by using word embedding?,"Word embedding places related words close together and reduces dimensionality compared with one-hot vectors. It is a dense vector representation of words capturing semantic similarity. It is used as input features for NLP models. It includes Word2Vec and GloVe, while contextual models like BERT produce context-aware vectors."
AI/ML,What is related to hyperparameter tuning?,"Hyperparameter tuning uses grid search, random search, and Bayesian optimization. It is the process of searching for the best training settings that are not learned from data. It can raise accuracy substantially without changing the model type. It is computationally costly and can overfit the validation set."
AI/ML,How is confusion matrix typically used in real projects?,"Confusion matrix is used to evaluate classification models beyond plain accuracy. It reveals which classes get confused and exposes false positives and negatives. It shows true positives, false positives, true negatives, and false negatives for a spam filter. It is the basis for precision, recall, and F1 score."
AI/ML,Show a real-world example of linear regression.,"Linear regression predicts house price from area, location score, and number of rooms. It is used for forecasting and understanding relationships between variables. It assumes linearity and is sensitive to outliers and correlated features. It extends to ridge, lasso, and polynomial regression."
AI/ML,Why do developers use reinforcement learning?,"Reinforcement learning is used in robotics, game playing, and recommendation or control problems. It is a learning paradigm where an agent learns actions by receiving rewards. It trains an agent to play Atari games by maximizing score. It includes Q-learning and policy gradient methods."
AI/ML,What is activation function?,"Activation function is a function applied to a neuron's output to introduce non-linearity. It is used between layers so networks can learn complex patterns. It lets stacked layers represent curves rather than only linear mappings. It is chosen among options like tanh, sigmoid, ReLU, and GELU."
AI/ML,What problems can ROC curve cause?,ROC curve can look overly optimistic on heavily imbalanced data. It is a plot of true positive rate against false positive rate across thresholds. It summarizes performance through the area under the curve. It shows a diagonal line for random guessing and a curve toward the top-left for good models.
AI/ML,How is feature scaling typically used in real projects?,"Feature scaling is used before distance-based or gradient-based algorithms. It is the process of putting numeric features on comparable ranges. It speeds up convergence and prevents large-range features dominating. It must be fit on training data only, or it leaks information."
AI/ML,Is there a substitute for linear regression?,"Linear regression extends to ridge, lasso, and polynomial regression. It is a model that predicts a numeric value as a weighted sum of input features. It is fast, simple, and highly interpretable. It predicts house price from area, location score, and number of rooms."
AI/ML,List the strengths of loss function.,"Loss function turns the goal of learning into a number that optimizers can reduce. It is a function that measures how far predictions are from true values. It uses mean squared error for regression and cross-entropy for classification. It is different from an evaluation metric, which reports performance to humans."
AI/ML,In which situations is reinforcement learning a good choice?,"Reinforcement learning is used in robotics, game playing, and recommendation or control problems. It learns strategies without labeled examples through interaction. It needs many interactions, and reward design is difficult and unstable. It trains an agent to play Atari games by maximizing score. It includes Q-learning and policy gradient methods."
AI/ML,What is recurrent neural network used for?,Recurrent neural network is used for time series and text with order dependence. It handles variable-length sequences with shared weights. It trains slowly because steps are sequential and suffers vanishing gradients. It is improved by LSTM and GRU and often replaced by transformers.
AI/ML,What is the basic idea behind gradient boosting?,"Gradient boosting is an ensemble method that builds trees sequentially, each correcting previous errors. It is used for high-accuracy tabular tasks and competitions. It often delivers state-of-the-art accuracy on structured data. It differs from random forest, which trains trees independently in parallel."
AI/ML,Where is class imbalance commonly applied?,"Class imbalance is checked in fraud, medical, and anomaly detection datasets. It can be handled with resampling, class weights, and suitable metrics. It makes accuracy misleading, since predicting the majority class looks good. It is addressed with SMOTE, undersampling, and focal loss."
AI/ML,When should you avoid feature scaling?,"Feature scaling must be fit on training data only, or it leaks information. It is the process of putting numeric features on comparable ranges. It is used before distance-based or gradient-based algorithms. It speeds up convergence and prevents large-range features dominating."
AI/ML,How does transfer learning help developers?,Transfer learning saves training time and data and often improves accuracy. It is the practice of reusing a model trained on one task for another task. It is used when labeled data is limited. It includes feature extraction and fine-tuning.
AI/ML,In which situations is LSTM a good choice?,"LSTM is used for sequences like speech, text, and sensor data. It is a recurrent network unit with gates that control what to remember or forget. It remembers long-term information better than plain RNNs. It forecasts electricity demand from previous hourly readings."
AI/ML,What are the disadvantages of gradient boosting?,"Gradient boosting is sensitive to hyperparameters and can overfit noisy data. It is an ensemble method that builds trees sequentially, each correcting previous errors. It often delivers state-of-the-art accuracy on structured data. It differs from random forest, which trains trees independently in parallel."
AI/ML,What are the drawbacks of random forest?,"Random forest is less interpretable and slower than a single tree. It reduces overfitting through averaging and gives feature importance scores. It predicts customer churn by combining hundreds of trees through majority voting. It uses bagging, unlike boosting methods that train trees sequentially."
AI/ML,How does transfer learning compare with similar approaches?,Transfer learning includes feature extraction and fine-tuning. It is used when labeled data is limited. It saves training time and data and often improves accuracy. It can fail when the source and target domains differ too much. It adapts an ImageNet-trained ResNet to classify medical images.
AI/ML,In which situations is convolutional neural network a good choice?,"Convolutional neural network is used for image classification, detection, and some audio tasks. It is a neural network that uses learnable filters to detect local patterns in grid-like data. It shares weights, which reduces parameters and captures spatial structure. It includes architectures like ResNet, VGG, and EfficientNet."
AI/ML,How does LSTM differ from related concepts?,LSTM has a lighter variant called GRU. It is a recurrent network unit with gates that control what to remember or forget. It remembers long-term information better than plain RNNs. It is slower than transformers and harder to parallelize. It forecasts electricity demand from previous hourly readings.
AI/ML,What is the main purpose of LSTM?,"LSTM is used for sequences like speech, text, and sensor data. It is a recurrent network unit with gates that control what to remember or forget. It is slower than transformers and harder to parallelize. It forecasts electricity demand from previous hourly readings. It has a lighter variant called GRU."
AI/ML,How does one-hot encoding compare with similar approaches?,"One-hot encoding is an alternative to label encoding and target encoding. It is used to feed categorical features into models. It creates many columns when a feature has lots of categories. It turns color values red, green, and blue into three binary columns."
AI/ML,Show a real-world example of k-nearest neighbors.,K-nearest neighbors labels a flower by the majority class among its five nearest samples. It is an algorithm that predicts using the labels of the k closest training points. It is slow at prediction on big data and suffers in high dimensions.
AI/ML,How does random forest help developers?,"Random forest reduces overfitting through averaging and gives feature importance scores. It is used for robust tabular prediction with little tuning. It predicts customer churn by combining hundreds of trees through majority voting. It uses bagging, unlike boosting methods that train trees sequentially."
AI/ML,How does k-nearest neighbors differ from related concepts?,K-nearest neighbors depends on a distance metric and feature scaling. It is used for simple classification and recommendation tasks. It needs no training phase and is easy to understand. It labels a flower by the majority class among its five nearest samples.
AI/ML,How is confusion matrix used in practice?,"Confusion matrix shows true positives, false positives, true negatives, and false negatives for a spam filter. It is a table that compares predicted classes against actual classes. It reveals which classes get confused and exposes false positives and negatives. It is the basis for precision, recall, and F1 score."
AI/ML,Can you illustrate linear regression with an example?,"Linear regression predicts house price from area, location score, and number of rooms. It is a model that predicts a numeric value as a weighted sum of input features. It is fast, simple, and highly interpretable. It assumes linearity and is sensitive to outliers and correlated features."
AI/ML,What are the drawbacks of gradient descent?,Gradient descent can get stuck in local minima or plateaus and is sensitive to learning rate. It is an optimization algorithm that updates parameters in the direction that reduces loss. It adjusts weights step by step until the loss stops decreasing.
AI/ML,Why is recurrent neural network useful?,Recurrent neural network handles variable-length sequences with shared weights. It trains slowly because steps are sequential and suffers vanishing gradients. It predicts the next character in a sentence from previous characters. It is improved by LSTM and GRU and often replaced by transformers.
AI/ML,Walk me through a simple example of support vector machine.,"Support vector machine separates spam from legitimate emails using an RBF kernel. It is a classifier that finds the hyperplane with the largest margin between classes. It is used for medium-sized datasets with clear margins, including text classification. It is an alternative to logistic regression and tree-based models."
AI/ML,How would you explain logistic regression to a beginner?,Logistic regression is a classification model that predicts probabilities using the sigmoid function. It is used for binary outcomes such as churn or spam. It struggles with non-linear boundaries unless features are engineered. It predicts whether a customer will buy based on age and browsing time.
AI/ML,Show a real-world example of hyperparameter tuning.,Hyperparameter tuning tries different tree depths and learning rates for a boosting model. It is the process of searching for the best training settings that are not learned from data. It is computationally costly and can overfit the validation set.
AI/ML,What are the alternatives or companions of learning rate?,Learning rate can be adjusted over time using schedules or warmup. It is a hyperparameter that controls the step size of each weight update. It gives direct control over convergence behavior when chosen well. It causes divergence if too high and painfully slow training if too low.
AI/ML,What are the disadvantages of underfitting?,"Underfitting yields poor predictions everywhere because the model never learns the signal. It happens when a model is too simple to capture patterns in the data. It is diagnosed when both training and validation errors stay high. It is linked to high bias, while overfitting is linked to high variance."
AI/ML,What should you watch out for when using batch normalization?,"Batch normalization behaves poorly with very small batches and adds complexity at inference. It is a technique that normalizes layer inputs across each mini-batch. It is used to stabilize and speed up training of deep networks. It is an alternative to layer normalization, which is common in transformers."
AI/ML,How does softmax differ from related concepts?,"Softmax generalizes the sigmoid function used in binary classification. It is a function that converts raw scores into probabilities summing to one. It gives interpretable class probabilities that work well with cross-entropy loss. It turns scores of two, one, and zero into roughly 0.67, 0.24, and 0.09."
AI/ML,In which situations is hyperparameter tuning a good choice?,"Hyperparameter tuning is used to improve model performance before deployment. It is the process of searching for the best training settings that are not learned from data. It can raise accuracy substantially without changing the model type. It uses grid search, random search, and Bayesian optimization."
AI/ML,What problem does gradient descent solve?,"Gradient descent is used to train linear models and neural networks. It scales to huge datasets and many parameters, especially in stochastic form. It can get stuck in local minima or plateaus and is sensitive to learning rate. It has variants such as SGD, mini-batch, Momentum, and Adam."
AI/ML,What other concepts are connected to class imbalance?,"Class imbalance is addressed with SMOTE, undersampling, and focal loss. It is a situation where one class has far more samples than others. It can be handled with resampling, class weights, and suitable metrics. It appears when only one percent of transactions are fraudulent."
AI/ML,What are the advantages of backpropagation?,Backpropagation computes all gradients efficiently using the chain rule. It suffers from vanishing or exploding gradients in very deep networks. It tells a network how much each weight contributed to a wrong prediction. It works together with an optimizer like gradient descent.
AI/ML,What should you watch out for when using LSTM?,"LSTM is slower than transformers and harder to parallelize. It is a recurrent network unit with gates that control what to remember or forget. It is used for sequences like speech, text, and sensor data. It forecasts electricity demand from previous hourly readings."
AI/ML,What are the limitations of support vector machine?,"Support vector machine scales poorly to very large datasets and needs feature scaling. It is used for medium-sized datasets with clear margins, including text classification. It works well in high dimensions and supports non-linear kernels. It separates spam from legitimate emails using an RBF kernel."
AI/ML,Why is gradient boosting considered important?,"Gradient boosting often delivers state-of-the-art accuracy on structured data. It is an ensemble method that builds trees sequentially, each correcting previous errors. It is used for high-accuracy tabular tasks and competitions. It is sensitive to hyperparameters and can overfit noisy data."
AI/ML,Can you illustrate transfer learning with an example?,Transfer learning adapts an ImageNet-trained ResNet to classify medical images. It is the practice of reusing a model trained on one task for another task. It is used when labeled data is limited. It saves training time and data and often improves accuracy. It includes feature extraction and fine-tuning.
AI/ML,How does word embedding differ from related concepts?,"Word embedding includes Word2Vec and GloVe, while contextual models like BERT produce context-aware vectors. It is a dense vector representation of words capturing semantic similarity. It is used as input features for NLP models. It places related words close together and reduces dimensionality compared with one-hot vectors."
AI/ML,When should you use recurrent neural network?,Recurrent neural network is used for time series and text with order dependence. It is a neural network that processes sequences by passing a hidden state forward in time. It handles variable-length sequences with shared weights. It is improved by LSTM and GRU and often replaced by transformers.
AI/ML,Why do developers use hyperparameter tuning?,Hyperparameter tuning is used to improve model performance before deployment. It is the process of searching for the best training settings that are not learned from data. It can raise accuracy substantially without changing the model type. It is computationally costly and can overfit the validation set.
AI/ML,When should you avoid support vector machine?,"Support vector machine scales poorly to very large datasets and needs feature scaling. It is a classifier that finds the hyperplane with the largest margin between classes. It is used for medium-sized datasets with clear margins, including text classification. It separates spam from legitimate emails using an RBF kernel."
AI/ML,What should I learn alongside backpropagation?,Backpropagation works together with an optimizer like gradient descent. It is used to train neural networks by sending errors backward through layers. It computes all gradients efficiently using the chain rule. It tells a network how much each weight contributed to a wrong prediction.
AI/ML,Walk me through a simple example of transformer.,"Transformer powers models such as BERT, GPT, and T5. It is used for language models, translation, and increasingly vision tasks. It processes tokens in parallel and captures long-range dependencies. It needs large compute and memory, since attention cost grows with sequence length squared."
AI/ML,When should you avoid class imbalance?,"Class imbalance makes accuracy misleading, since predicting the majority class looks good. It is a situation where one class has far more samples than others. It can be handled with resampling, class weights, and suitable metrics. It appears when only one percent of transactions are fraudulent."
AI/ML,Explain decision tree.,"Decision tree is a model that splits data using feature-based questions into a tree of decisions. It is easy to visualize and needs little preprocessing. It decides loan approval by checking income, then credit history. It is the building block of random forests and gradient boosting."
AI/ML,What is an alternative to activation function?,"Activation function is chosen among options like tanh, sigmoid, ReLU, and GELU. It is a function applied to a neuron's output to introduce non-linearity. It is used between layers so networks can learn complex patterns. It lets stacked layers represent curves rather than only linear mappings."
AI/ML,What is the basic idea behind softmax?,Softmax is a function that converts raw scores into probabilities summing to one. It is used in output layers for multi-class classification. It is overconfident on out-of-distribution inputs and unsuitable for multi-label tasks. It generalizes the sigmoid function used in binary classification.
AI/ML,When should you use ReLU?,ReLU is used in hidden layers of deep networks. It is an activation function that outputs zero for negative inputs and the input otherwise. It turns negative three into zero and positive five into five. It has variants like Leaky ReLU and GELU that avoid dead neurons.
AI/ML,What is a practical example of reinforcement learning?,"Reinforcement learning trains an agent to play Atari games by maximizing score. It is a learning paradigm where an agent learns actions by receiving rewards. It is used in robotics, game playing, and recommendation or control problems. It needs many interactions, and reward design is difficult and unstable."
AI/ML,Walk me through a simple example of k-nearest neighbors.,K-nearest neighbors labels a flower by the majority class among its five nearest samples. It needs no training phase and is easy to understand. It is slow at prediction on big data and suffers in high dimensions. It depends on a distance metric and feature scaling.
AI/ML,What should you watch out for when using softmax?,Softmax is overconfident on out-of-distribution inputs and unsuitable for multi-label tasks. It is used in output layers for multi-class classification. It gives interpretable class probabilities that work well with cross-entropy loss. It generalizes the sigmoid function used in binary classification.
AI/ML,What problems can linear regression cause?,"Linear regression assumes linearity and is sensitive to outliers and correlated features. It is used for forecasting and understanding relationships between variables. It is fast, simple, and highly interpretable. It predicts house price from area, location score, and number of rooms."
AI/ML,What are the disadvantages of overfitting?,"Overfitting makes high training accuracy misleading and leads to failures in production. It is checked by comparing training and validation performance during model development. It becomes manageable once spotted, since fixes like regularization and more data exist. It is the opposite of underfitting, where a model is too simple."
AI/ML,What problems can random forest cause?,Random forest is less interpretable and slower than a single tree. It is an ensemble of many decision trees trained on random subsets of data and features. It reduces overfitting through averaging and gives feature importance scores. It predicts customer churn by combining hundreds of trees through majority voting.
AI/ML,What is gradient boosting used for?,"Gradient boosting is used for high-accuracy tabular tasks and competitions. It is an ensemble method that builds trees sequentially, each correcting previous errors. It often delivers state-of-the-art accuracy on structured data. It is implemented by XGBoost, LightGBM, and CatBoost. It differs from random forest, which trains trees independently in parallel."
AI/ML,In which situations is ReLU a good choice?,ReLU is used in hidden layers of deep networks. It is an activation function that outputs zero for negative inputs and the input otherwise. It is cheap to compute and reduces vanishing gradient problems. It turns negative three into zero and positive five into five.
AI/ML,What are the limitations of gradient boosting?,"Gradient boosting is sensitive to hyperparameters and can overfit noisy data. It is used for high-accuracy tabular tasks and competitions. It often delivers state-of-the-art accuracy on structured data. It is implemented by XGBoost, LightGBM, and CatBoost. It differs from random forest, which trains trees independently in parallel."
AI/ML,What are the benefits of using activation function?,Activation function lets stacked layers represent curves rather than only linear mappings. It is a function applied to a neuron's output to introduce non-linearity. It can cause vanishing gradients or dead neurons if chosen poorly. It includes ReLU in hidden layers and sigmoid in binary outputs.
AI/ML,What problem does random forest solve?,Random forest is used for robust tabular prediction with little tuning. It reduces overfitting through averaging and gives feature importance scores. It is less interpretable and slower than a single tree. It predicts customer churn by combining hundreds of trees through majority voting.
AI/ML,Describe a scenario where ROC curve is applied.,ROC curve shows a diagonal line for random guessing and a curve toward the top-left for good models. It is used to compare classifiers independent of one chosen threshold. It can look overly optimistic on heavily imbalanced data. It is often replaced by the precision-recall curve for rare positives.
AI/ML,How does random forest compare with similar approaches?,"Random forest uses bagging, unlike boosting methods that train trees sequentially. It is an ensemble of many decision trees trained on random subsets of data and features. It reduces overfitting through averaging and gives feature importance scores. It predicts customer churn by combining hundreds of trees through majority voting."
AI/ML,How is k-means clustering used in practice?,"K-means clustering groups shoppers into three segments by spending and visit frequency. It is an unsupervised algorithm that groups data into k clusters around centroids. It needs k in advance, favors round clusters, and is sensitive to initialization and outliers. It differs from hierarchical and DBSCAN clustering."
AI/ML,Describe word embedding briefly.,"Word embedding is a dense vector representation of words capturing semantic similarity. It gives one vector per word, so static embeddings cannot separate different meanings. It places king and queen near each other in vector space. It includes Word2Vec and GloVe, while contextual models like BERT produce context-aware vectors."
AI/ML,What are the benefits of using logistic regression?,"Logistic regression is quick to train, interpretable, and gives calibrated probabilities. It is a classification model that predicts probabilities using the sigmoid function. It is used for binary outcomes such as churn or spam. It struggles with non-linear boundaries unless features are engineered. It generalizes to multi-class problems with softmax."
AI/ML,Is there a substitute for precision?,"Precision is balanced against recall using the F1 score. It is prioritized when false positives are costly, such as spam filtering. It tells how trustworthy positive predictions are. It ignores missed positives, so a model can score high by predicting rarely."
AI/ML,In which situations is transfer learning a good choice?,Transfer learning is used when labeled data is limited. It is the practice of reusing a model trained on one task for another task. It can fail when the source and target domains differ too much. It includes feature extraction and fine-tuning.
AI/ML,What is the basic idea behind one-hot encoding?,One-hot encoding is a method that represents each category as a binary vector. It is used to feed categorical features into models. It creates many columns when a feature has lots of categories. It is an alternative to label encoding and target encoding.
AI/ML,What problems can recurrent neural network cause?,Recurrent neural network trains slowly because steps are sequential and suffers vanishing gradients. It is a neural network that processes sequences by passing a hidden state forward in time. It handles variable-length sequences with shared weights. It is improved by LSTM and GRU and often replaced by transformers.
AI/ML,How is reinforcement learning used in practice?,"Reinforcement learning trains an agent to play Atari games by maximizing score. It is a learning paradigm where an agent learns actions by receiving rewards. It needs many interactions, and reward design is difficult and unstable. It includes Q-learning and policy gradient methods."
AI/ML,Define support vector machine in simple words.,Support vector machine is a classifier that finds the hyperplane with the largest margin between classes. It works well in high dimensions and supports non-linear kernels. It scales poorly to very large datasets and needs feature scaling. It separates spam from legitimate emails using an RBF kernel.
AI/ML,How does dropout compare with similar approaches?,Dropout is often combined with weight decay and batch normalization. It is a regularization technique that randomly disables neurons during training. It slows convergence and is turned off at inference time. It drops fifty percent of hidden units in each training step.
AI/ML,Can you illustrate confusion matrix with an example?,"Confusion matrix shows true positives, false positives, true negatives, and false negatives for a spam filter. It is a table that compares predicted classes against actual classes. It is used to evaluate classification models beyond plain accuracy. It reveals which classes get confused and exposes false positives and negatives."
AI/ML,What is related to k-means clustering?,"K-means clustering differs from hierarchical and DBSCAN clustering. It is an unsupervised algorithm that groups data into k clusters around centroids. It is used for customer segmentation and image compression. It needs k in advance, favors round clusters, and is sensitive to initialization and outliers."
AI/ML,List the strengths of convolutional neural network.,"Convolutional neural network shares weights, which reduces parameters and captures spatial structure. It is used for image classification, detection, and some audio tasks. It needs large labeled data and struggles with global context compared with transformers. It includes architectures like ResNet, VGG, and EfficientNet."
AI/ML,What are common pitfalls with hyperparameter tuning?,"Hyperparameter tuning is computationally costly and can overfit the validation set. It is the process of searching for the best training settings that are not learned from data. It tries different tree depths and learning rates for a boosting model. It uses grid search, random search, and Bayesian optimization."
AI/ML,Where is random forest commonly applied?,Random forest is used for robust tabular prediction with little tuning. It is an ensemble of many decision trees trained on random subsets of data and features. It is less interpretable and slower than a single tree. It predicts customer churn by combining hundreds of trees through majority voting.
AI/ML,How is cross-validation typically used in real projects?,"Cross-validation is used to estimate generalization performance and tune hyperparameters. It is a resampling method that evaluates a model on multiple train-test splits. It is computationally costly and can leak information with time series or grouped data. It includes k-fold, stratified, and leave-one-out variants."
AI/ML,How does loss function compare with similar approaches?,"Loss function is different from an evaluation metric, which reports performance to humans. It is used to guide model training by providing a signal to minimize. It turns the goal of learning into a number that optimizers can reduce. It uses mean squared error for regression and cross-entropy for classification."
AI/ML,What are common pitfalls with dropout?,Dropout slows convergence and is turned off at inference time. It is used in deep networks to prevent co-adaptation of neurons. It reduces overfitting and acts like training an ensemble of sub-networks. It drops fifty percent of hidden units in each training step.
AI/ML,Can you give a short overview of transfer learning?,Transfer learning is the practice of reusing a model trained on one task for another task. It is used when labeled data is limited. It saves training time and data and often improves accuracy. It can fail when the source and target domains differ too much.
AI/ML,Where have you seen loss function in action?,"Loss function uses mean squared error for regression and cross-entropy for classification. It is a function that measures how far predictions are from true values. It turns the goal of learning into a number that optimizers can reduce. It is different from an evaluation metric, which reports performance to humans."
AI/ML,Describe loss function briefly.,Loss function is a function that measures how far predictions are from true values. It is used to guide model training by providing a signal to minimize. It can mislead if it does not match the real business metric. It uses mean squared error for regression and cross-entropy for classification.
AI/ML,Why is transfer learning useful?,Transfer learning saves training time and data and often improves accuracy. It is used when labeled data is limited. It can fail when the source and target domains differ too much. It adapts an ImageNet-trained ResNet to classify medical images. It includes feature extraction and fine-tuning.
AI/ML,What is a practical example of activation function?,Activation function includes ReLU in hidden layers and sigmoid in binary outputs. It is used between layers so networks can learn complex patterns. It lets stacked layers represent curves rather than only linear mappings. It can cause vanishing gradients or dead neurons if chosen poorly.
AI/ML,Where have you seen attention mechanism in action?,Attention mechanism lets a translation model focus on the right source word when producing each target word. It is a technique that lets a model weigh the importance of different input parts. It handles long dependencies and gives some interpretability through attention weights.
AI/ML,What is the main purpose of gradient boosting?,"Gradient boosting is used for high-accuracy tabular tasks and competitions. It is an ensemble method that builds trees sequentially, each correcting previous errors. It often delivers state-of-the-art accuracy on structured data. It is sensitive to hyperparameters and can overfit noisy data. It is implemented by XGBoost, LightGBM, and CatBoost."
AI/ML,When should you use backpropagation?,Backpropagation is used to train neural networks by sending errors backward through layers. It is the algorithm that computes gradients of the loss with respect to network weights. It computes all gradients efficiently using the chain rule. It suffers from vanishing or exploding gradients in very deep networks.
AI/ML,When should you avoid TF-IDF?,"TF-IDF ignores word order and meaning, so synonyms are treated as unrelated. It highlights distinctive words and downweights common ones. It gives the word kubernetes a high score in a DevOps article. It is a classic alternative to word embeddings and bag-of-words counts."
AI/ML,What is an alternative to transformer?,"Transformer replaced many RNN and LSTM approaches in NLP. It is a neural network architecture based on self-attention rather than recurrence. It is used for language models, translation, and increasingly vision tasks. It processes tokens in parallel and captures long-range dependencies."
AI/ML,How does overfitting help developers?,"Overfitting becomes manageable once spotted, since fixes like regularization and more data exist. It happens when a model memorizes training noise and performs poorly on unseen data. It shows up as ninety-nine percent training accuracy but sixty percent test accuracy."
AI/ML,Show a real-world example of overfitting.,"Overfitting shows up as ninety-nine percent training accuracy but sixty percent test accuracy. It happens when a model memorizes training noise and performs poorly on unseen data. It becomes manageable once spotted, since fixes like regularization and more data exist."
AI/ML,How does activation function help developers?,Activation function lets stacked layers represent curves rather than only linear mappings. It is used between layers so networks can learn complex patterns. It can cause vanishing gradients or dead neurons if chosen poorly. It includes ReLU in hidden layers and sigmoid in binary outputs.
AI/ML,Where is support vector machine commonly applied?,"Support vector machine is used for medium-sized datasets with clear margins, including text classification. It is a classifier that finds the hyperplane with the largest margin between classes. It works well in high dimensions and supports non-linear kernels. It separates spam from legitimate emails using an RBF kernel."
AI/ML,What problem does support vector machine solve?,"Support vector machine is used for medium-sized datasets with clear margins, including text classification. It is a classifier that finds the hyperplane with the largest margin between classes. It separates spam from legitimate emails using an RBF kernel. It is an alternative to logistic regression and tree-based models."
AI/ML,Why is ReLU considered important?,ReLU is cheap to compute and reduces vanishing gradient problems. It is an activation function that outputs zero for negative inputs and the input otherwise. It turns negative three into zero and positive five into five. It has variants like Leaky ReLU and GELU that avoid dead neurons.
AI/ML,List the strengths of one-hot encoding.,"One-hot encoding avoids implying a false order between categories. It is used to feed categorical features into models. It turns color values red, green, and blue into three binary columns. It is an alternative to label encoding and target encoding."
AI/ML,What other concepts are connected to TF-IDF?,TF-IDF is a classic alternative to word embeddings and bag-of-words counts. It is a weighting scheme that scores words by frequency in a document and rarity across documents. It gives the word kubernetes a high score in a DevOps article.
AI/ML,Can you give a short overview of hyperparameter tuning?,"Hyperparameter tuning is the process of searching for the best training settings that are not learned from data. It is used to improve model performance before deployment. It is computationally costly and can overfit the validation set. It uses grid search, random search, and Bayesian optimization."
AI/ML,Why do developers use k-nearest neighbors?,K-nearest neighbors is used for simple classification and recommendation tasks. It needs no training phase and is easy to understand. It is slow at prediction on big data and suffers in high dimensions. It depends on a distance metric and feature scaling.
AI/ML,Is there a substitute for k-nearest neighbors?,K-nearest neighbors depends on a distance metric and feature scaling. It is an algorithm that predicts using the labels of the k closest training points. It needs no training phase and is easy to understand. It labels a flower by the majority class among its five nearest samples.
AI/ML,Define ReLU in simple words.,ReLU is an activation function that outputs zero for negative inputs and the input otherwise. It is cheap to compute and reduces vanishing gradient problems. It can cause dead neurons that output zero for all inputs. It turns negative three into zero and positive five into five.
AI/ML,What is an alternative to TF-IDF?,"TF-IDF is a classic alternative to word embeddings and bag-of-words counts. It is a weighting scheme that scores words by frequency in a document and rarity across documents. It ignores word order and meaning, so synonyms are treated as unrelated."
AI/ML,How does class imbalance help developers?,"Class imbalance can be handled with resampling, class weights, and suitable metrics. It is a situation where one class has far more samples than others. It appears when only one percent of transactions are fraudulent. It is addressed with SMOTE, undersampling, and focal loss."
AI/ML,Explain k-nearest neighbors.,K-nearest neighbors is an algorithm that predicts using the labels of the k closest training points. It is used for simple classification and recommendation tasks. It labels a flower by the majority class among its five nearest samples. It depends on a distance metric and feature scaling.
AI/ML,Where have you seen fine-tuning in action?,Fine-tuning trains BERT further on support tickets to classify them. It is continued training of a pretrained model on task-specific data. It is used to adapt general models like BERT to a specific domain. It reaches strong performance with far less data and compute than training from scratch.
AI/ML,How does overfitting differ from related concepts?,"Overfitting is the opposite of underfitting, where a model is too simple. It is checked by comparing training and validation performance during model development. It becomes manageable once spotted, since fixes like regularization and more data exist. It shows up as ninety-nine percent training accuracy but sixty percent test accuracy."
AI/ML,What problem does activation function solve?,Activation function is used between layers so networks can learn complex patterns. It is a function applied to a neuron's output to introduce non-linearity. It lets stacked layers represent curves rather than only linear mappings. It includes ReLU in hidden layers and sigmoid in binary outputs.
AI/ML,What does softmax mean?,"Softmax is a function that converts raw scores into probabilities summing to one. It is used in output layers for multi-class classification. It turns scores of two, one, and zero into roughly 0.67, 0.24, and 0.09. It generalizes the sigmoid function used in binary classification."
AI/ML,What are the disadvantages of ReLU?,ReLU can cause dead neurons that output zero for all inputs. It is an activation function that outputs zero for negative inputs and the input otherwise. It is used in hidden layers of deep networks. It turns negative three into zero and positive five into five.
AI/ML,Describe a scenario where transformer is applied.,"Transformer powers models such as BERT, GPT, and T5. It is a neural network architecture based on self-attention rather than recurrence. It is used for language models, translation, and increasingly vision tasks. It replaced many RNN and LSTM approaches in NLP."
AI/ML,List the strengths of LSTM.,"LSTM remembers long-term information better than plain RNNs. It is a recurrent network unit with gates that control what to remember or forget. It is used for sequences like speech, text, and sensor data. It forecasts electricity demand from previous hourly readings."
AI/ML,When should you avoid attention mechanism?,"Attention mechanism is computationally expensive for long sequences. It is used in translation, summarization, and transformers. It handles long dependencies and gives some interpretability through attention weights. It lets a translation model focus on the right source word when producing each target word. It includes self-attention and multi-head attention."
AI/ML,How does feature scaling help developers?,"Feature scaling speeds up convergence and prevents large-range features dominating. It is used before distance-based or gradient-based algorithms. It must be fit on training data only, or it leaks information. It standardizes age and income to mean zero and unit variance."
AI/ML,What are the disadvantages of logistic regression?,Logistic regression struggles with non-linear boundaries unless features are engineered. It is a classification model that predicts probabilities using the sigmoid function. It predicts whether a customer will buy based on age and browsing time. It generalizes to multi-class problems with softmax.
AI/ML,How is F1 score used in practice?,"F1 score equals 0.67 when precision is 0.75 and recall is 0.60. It is the harmonic mean of precision and recall. It ignores true negatives and treats precision and recall as equally important. It generalizes to the F-beta score, which weights recall or precision more."
AI/ML,What are the downsides of transformer?,"Transformer needs large compute and memory, since attention cost grows with sequence length squared. It is a neural network architecture based on self-attention rather than recurrence. It is used for language models, translation, and increasingly vision tasks. It processes tokens in parallel and captures long-range dependencies."
AI/ML,Explain LSTM.,"LSTM is a recurrent network unit with gates that control what to remember or forget. It is used for sequences like speech, text, and sensor data. It is slower than transformers and harder to parallelize. It has a lighter variant called GRU."
AI/ML,What are the drawbacks of learning rate?,Learning rate causes divergence if too high and painfully slow training if too low. It is a hyperparameter that controls the step size of each weight update. It gives direct control over convergence behavior when chosen well. It can be adjusted over time using schedules or warmup.
AI/ML,What is precision?,"Precision is the fraction of predicted positives that are actually positive. It is prioritized when false positives are costly, such as spam filtering. It ignores missed positives, so a model can score high by predicting rarely. It is balanced against recall using the F1 score."
AI/ML,How does PCA differ from related concepts?,PCA is an alternative to t-SNE and UMAP for visualization. It is a technique that projects data onto directions of maximum variance. It is used for dimensionality reduction and visualization. It makes features hard to interpret and captures only linear structure. It compresses fifty correlated features into ten principal components.
AI/ML,When should you avoid one-hot encoding?,"One-hot encoding creates many columns when a feature has lots of categories. It is used to feed categorical features into models. It avoids implying a false order between categories. It turns color values red, green, and blue into three binary columns."
AI/ML,What problems can hyperparameter tuning cause?,"Hyperparameter tuning is computationally costly and can overfit the validation set. It is the process of searching for the best training settings that are not learned from data. It is used to improve model performance before deployment. It uses grid search, random search, and Bayesian optimization."
AI/ML,What makes softmax valuable?,"Softmax gives interpretable class probabilities that work well with cross-entropy loss. It is overconfident on out-of-distribution inputs and unsuitable for multi-label tasks. It turns scores of two, one, and zero into roughly 0.67, 0.24, and 0.09. It generalizes the sigmoid function used in binary classification."
AI/ML,What problem does decision tree solve?,"Decision tree is used for tabular classification and regression with mixed feature types. It overfits easily and changes a lot with small data changes. It decides loan approval by checking income, then credit history. It is the building block of random forests and gradient boosting."
AI/ML,How is loss function typically used in real projects?,Loss function is used to guide model training by providing a signal to minimize. It is a function that measures how far predictions are from true values. It can mislead if it does not match the real business metric. It uses mean squared error for regression and cross-entropy for classification.
AI/ML,What is related to attention mechanism?,"Attention mechanism includes self-attention and multi-head attention. It is a technique that lets a model weigh the importance of different input parts. It is used in translation, summarization, and transformers. It handles long dependencies and gives some interpretability through attention weights."
AI/ML,Where is transformer commonly applied?,"Transformer is used for language models, translation, and increasingly vision tasks. It processes tokens in parallel and captures long-range dependencies. It needs large compute and memory, since attention cost grows with sequence length squared. It powers models such as BERT, GPT, and T5."
AI/ML,What problem does recurrent neural network solve?,Recurrent neural network is used for time series and text with order dependence. It trains slowly because steps are sequential and suffers vanishing gradients. It predicts the next character in a sentence from previous characters. It is improved by LSTM and GRU and often replaced by transformers.
AI/ML,How does F1 score help developers?,"F1 score gives one number that balances false positives and false negatives. It is used to evaluate classifiers on imbalanced datasets. It equals 0.67 when precision is 0.75 and recall is 0.60. It generalizes to the F-beta score, which weights recall or precision more."
AI/ML,Is there a substitute for backpropagation?,Backpropagation works together with an optimizer like gradient descent. It is the algorithm that computes gradients of the loss with respect to network weights. It is used to train neural networks by sending errors backward through layers. It suffers from vanishing or exploding gradients in very deep networks.
AI/ML,Explain word embedding.,"Word embedding is a dense vector representation of words capturing semantic similarity. It places related words close together and reduces dimensionality compared with one-hot vectors. It gives one vector per word, so static embeddings cannot separate different meanings. It places king and queen near each other in vector space."
AI/ML,What makes learning rate valuable?,Learning rate gives direct control over convergence behavior when chosen well. It is a hyperparameter that controls the step size of each weight update. It causes divergence if too high and painfully slow training if too low. It can be adjusted over time using schedules or warmup.
AI/ML,What is the main purpose of TF-IDF?,TF-IDF is used to turn text into numeric features for search and classification. It is a weighting scheme that scores words by frequency in a document and rarity across documents. It highlights distinctive words and downweights common ones. It gives the word kubernetes a high score in a DevOps article.
AI/ML,How does recurrent neural network differ from related concepts?,Recurrent neural network is improved by LSTM and GRU and often replaced by transformers. It is a neural network that processes sequences by passing a hidden state forward in time. It is used for time series and text with order dependence. It handles variable-length sequences with shared weights.
AI/ML,What are the drawbacks of precision?,"Precision ignores missed positives, so a model can score high by predicting rarely. It is the fraction of predicted positives that are actually positive. It is prioritized when false positives are costly, such as spam filtering. It tells how trustworthy positive predictions are."
AI/ML,How is TF-IDF used in practice?,TF-IDF gives the word kubernetes a high score in a DevOps article. It is a weighting scheme that scores words by frequency in a document and rarity across documents. It highlights distinctive words and downweights common ones. It is a classic alternative to word embeddings and bag-of-words counts.
AI/ML,In which situations is decision tree a good choice?,"Decision tree is used for tabular classification and regression with mixed feature types. It is easy to visualize and needs little preprocessing. It overfits easily and changes a lot with small data changes. It decides loan approval by checking income, then credit history."
AI/ML,What is the difference between precision and recall?,"Precision is the fraction of predicted positives that are truly positive, measuring prediction exactness. Recall is the fraction of actual positives correctly identified, measuring completeness. High precision avoids false alarms, while high recall avoids missed cases. The F1 score balances both metrics, especially for imbalanced classification problems."
AI/ML,What is related to k-nearest neighbors?,K-nearest neighbors depends on a distance metric and feature scaling. It is an algorithm that predicts using the labels of the k closest training points. It needs no training phase and is easy to understand. It is slow at prediction on big data and suffers in high dimensions.
AI/ML,Why is PCA considered important?,"PCA removes redundancy, speeds training, and reduces noise. It is used for dimensionality reduction and visualization. It makes features hard to interpret and captures only linear structure. It compresses fifty correlated features into ten principal components. It is an alternative to t-SNE and UMAP for visualization."
AI/ML,What makes decision tree valuable?,Decision tree is easy to visualize and needs little preprocessing. It is a model that splits data using feature-based questions into a tree of decisions. It is used for tabular classification and regression with mixed feature types. It is the building block of random forests and gradient boosting.
AI/ML,What are the limitations of loss function?,Loss function can mislead if it does not match the real business metric. It is a function that measures how far predictions are from true values. It is used to guide model training by providing a signal to minimize. It uses mean squared error for regression and cross-entropy for classification.
AI/ML,What problem does precision solve?,"Precision is prioritized when false positives are costly, such as spam filtering. It is the fraction of predicted positives that are actually positive. It tells how trustworthy positive predictions are. It equals eight out of ten when eight of ten flagged emails are truly spam."
AI/ML,When should you use loss function?,Loss function is used to guide model training by providing a signal to minimize. It is a function that measures how far predictions are from true values. It can mislead if it does not match the real business metric. It uses mean squared error for regression and cross-entropy for classification.
AI/ML,How does logistic regression compare with similar approaches?,"Logistic regression generalizes to multi-class problems with softmax. It is a classification model that predicts probabilities using the sigmoid function. It is quick to train, interpretable, and gives calibrated probabilities. It predicts whether a customer will buy based on age and browsing time."
AI/ML,What problem does transfer learning solve?,Transfer learning is used when labeled data is limited. It is the practice of reusing a model trained on one task for another task. It saves training time and data and often improves accuracy. It includes feature extraction and fine-tuning.
AI/ML,Why do developers use fine-tuning?,Fine-tuning is used to adapt general models like BERT to a specific domain. It is continued training of a pretrained model on task-specific data. It can cause catastrophic forgetting and overfit on small datasets. It trains BERT further on support tickets to classify them.
AI/ML,Where is regularization commonly applied?,"Regularization is used to reduce overfitting in linear models and neural networks. It improves generalization to unseen data. It adds hyperparameters, and too much of it causes underfitting. It adds an L2 penalty on weights to the loss function. It includes L1, L2, dropout, and early stopping."
AI/ML,What problem does learning rate solve?,Learning rate is tuned to balance training speed against stability. It is a hyperparameter that controls the step size of each weight update. It gives direct control over convergence behavior when chosen well. It is often set around 0.001 for the Adam optimizer.
AI/ML,What are the benefits of using recall?,"Recall shows how many real cases the model catches. It is the fraction of actual positives that the model correctly identifies. It is prioritized when missing a positive is costly, such as disease screening. It is also called sensitivity or true positive rate."
AI/ML,Can you illustrate precision with an example?,"Precision equals eight out of ten when eight of ten flagged emails are truly spam. It is the fraction of predicted positives that are actually positive. It tells how trustworthy positive predictions are. It ignores missed positives, so a model can score high by predicting rarely."
AI/ML,Show a real-world example of transformer.,"Transformer powers models such as BERT, GPT, and T5. It is used for language models, translation, and increasingly vision tasks. It needs large compute and memory, since attention cost grows with sequence length squared. It replaced many RNN and LSTM approaches in NLP."
AI/ML,What are the advantages of LSTM?,"LSTM remembers long-term information better than plain RNNs. It is a recurrent network unit with gates that control what to remember or forget. It is used for sequences like speech, text, and sensor data. It is slower than transformers and harder to parallelize. It has a lighter variant called GRU."
AI/ML,What other concepts are connected to linear regression?,"Linear regression extends to ridge, lasso, and polynomial regression. It is used for forecasting and understanding relationships between variables. It is fast, simple, and highly interpretable. It assumes linearity and is sensitive to outliers and correlated features. It predicts house price from area, location score, and number of rooms."
AI/ML,What are the limitations of precision?,"Precision ignores missed positives, so a model can score high by predicting rarely. It is prioritized when false positives are costly, such as spam filtering. It equals eight out of ten when eight of ten flagged emails are truly spam."
AI/ML,What are the downsides of k-nearest neighbors?,K-nearest neighbors is slow at prediction on big data and suffers in high dimensions. It is an algorithm that predicts using the labels of the k closest training points. It is used for simple classification and recommendation tasks. It needs no training phase and is easy to understand.
AI/ML,How does tokenization help developers?,"Tokenization converts raw text into units a model can map to IDs. It is the process of splitting text into units such as words or subwords. It splits unbelievable into subwords such as un, believ, and able. It uses methods such as whitespace splitting, WordPiece, and Byte Pair Encoding."
AI/ML,What does loss function mean?,"Loss function is a function that measures how far predictions are from true values. It is used to guide model training by providing a signal to minimize. It uses mean squared error for regression and cross-entropy for classification. It is different from an evaluation metric, which reports performance to humans."
AI/ML,What is related to dropout?,Dropout is often combined with weight decay and batch normalization. It reduces overfitting and acts like training an ensemble of sub-networks. It slows convergence and is turned off at inference time. It drops fifty percent of hidden units in each training step.
AI/ML,What are the alternatives or companions of logistic regression?,Logistic regression generalizes to multi-class problems with softmax. It is a classification model that predicts probabilities using the sigmoid function. It is used for binary outcomes such as churn or spam. It predicts whether a customer will buy based on age and browsing time.
AI/ML,Can you illustrate batch normalization with an example?,"Batch normalization is placed after a convolution layer before the activation in many CNNs. It is used to stabilize and speed up training of deep networks. It behaves poorly with very small batches and adds complexity at inference. It is an alternative to layer normalization, which is common in transformers."
AI/ML,When should you avoid recurrent neural network?,Recurrent neural network trains slowly because steps are sequential and suffers vanishing gradients. It is a neural network that processes sequences by passing a hidden state forward in time. It is used for time series and text with order dependence.
AI/ML,What are the alternatives or companions of overfitting?,"Overfitting is the opposite of underfitting, where a model is too simple. It becomes manageable once spotted, since fixes like regularization and more data exist. It makes high training accuracy misleading and leads to failures in production. It shows up as ninety-nine percent training accuracy but sixty percent test accuracy."
AI/ML,Explain underfitting.,"Underfitting happens when a model is too simple to capture patterns in the data. It is diagnosed when both training and validation errors stay high. It yields poor predictions everywhere because the model never learns the signal. It is linked to high bias, while overfitting is linked to high variance."
AI/ML,How would you explain one-hot encoding to a beginner?,One-hot encoding is a method that represents each category as a binary vector. It avoids implying a false order between categories. It creates many columns when a feature has lots of categories. It is an alternative to label encoding and target encoding.
AI/ML,Give an example of transfer learning.,Transfer learning adapts an ImageNet-trained ResNet to classify medical images. It is the practice of reusing a model trained on one task for another task. It saves training time and data and often improves accuracy. It includes feature extraction and fine-tuning.
AI/ML,What is related to decision tree?,"Decision tree is the building block of random forests and gradient boosting. It is used for tabular classification and regression with mixed feature types. It overfits easily and changes a lot with small data changes. It decides loan approval by checking income, then credit history."
AI/ML,Is there a substitute for random forest?,"Random forest uses bagging, unlike boosting methods that train trees sequentially. It reduces overfitting through averaging and gives feature importance scores. It is less interpretable and slower than a single tree. It predicts customer churn by combining hundreds of trees through majority voting."
AI/ML,What are the advantages of loss function?,Loss function turns the goal of learning into a number that optimizers can reduce. It is used to guide model training by providing a signal to minimize. It can mislead if it does not match the real business metric. It uses mean squared error for regression and cross-entropy for classification.
AI/ML,What do you gain by using regularization?,"Regularization improves generalization to unseen data. It is a set of techniques that discourage overly complex models. It is used to reduce overfitting in linear models and neural networks. It adds hyperparameters, and too much of it causes underfitting. It includes L1, L2, dropout, and early stopping."
AI/ML,How would you explain LSTM to a beginner?,"LSTM is a recurrent network unit with gates that control what to remember or forget. It is used for sequences like speech, text, and sensor data. It forecasts electricity demand from previous hourly readings. It has a lighter variant called GRU."
AI/ML,List the strengths of reinforcement learning.,"Reinforcement learning learns strategies without labeled examples through interaction. It is a learning paradigm where an agent learns actions by receiving rewards. It needs many interactions, and reward design is difficult and unstable. It trains an agent to play Atari games by maximizing score."
AI/ML,Describe reinforcement learning briefly.,"Reinforcement learning is a learning paradigm where an agent learns actions by receiving rewards. It is used in robotics, game playing, and recommendation or control problems. It needs many interactions, and reward design is difficult and unstable. It trains an agent to play Atari games by maximizing score."
AI/ML,What are the limitations of one-hot encoding?,One-hot encoding creates many columns when a feature has lots of categories. It is a method that represents each category as a binary vector. It avoids implying a false order between categories. It is an alternative to label encoding and target encoding.
AI/ML,Explain dropout.,Dropout is a regularization technique that randomly disables neurons during training. It is used in deep networks to prevent co-adaptation of neurons. It drops fifty percent of hidden units in each training step. It is often combined with weight decay and batch normalization.
AI/ML,What problem does LSTM solve?,"LSTM is used for sequences like speech, text, and sensor data. It is a recurrent network unit with gates that control what to remember or forget. It remembers long-term information better than plain RNNs. It forecasts electricity demand from previous hourly readings. It has a lighter variant called GRU."
AI/ML,How would you explain loss function to a beginner?,"Loss function is a function that measures how far predictions are from true values. It can mislead if it does not match the real business metric. It uses mean squared error for regression and cross-entropy for classification. It is different from an evaluation metric, which reports performance to humans."
AI/ML,Where is convolutional neural network commonly applied?,"Convolutional neural network is used for image classification, detection, and some audio tasks. It is a neural network that uses learnable filters to detect local patterns in grid-like data. It detects edges in early layers and objects in deeper layers."
AI/ML,What do you gain by using recurrent neural network?,Recurrent neural network handles variable-length sequences with shared weights. It is used for time series and text with order dependence. It trains slowly because steps are sequential and suffers vanishing gradients. It predicts the next character in a sentence from previous characters.
AI/ML,Why is LSTM considered important?,"LSTM remembers long-term information better than plain RNNs. It is a recurrent network unit with gates that control what to remember or forget. It is used for sequences like speech, text, and sensor data. It has a lighter variant called GRU."
AI/ML,What are the alternatives or companions of k-nearest neighbors?,K-nearest neighbors depends on a distance metric and feature scaling. It is an algorithm that predicts using the labels of the k closest training points. It is used for simple classification and recommendation tasks. It needs no training phase and is easy to understand.
AI/ML,What should you watch out for when using transfer learning?,Transfer learning can fail when the source and target domains differ too much. It is used when labeled data is limited. It saves training time and data and often improves accuracy. It adapts an ImageNet-trained ResNet to classify medical images.
AI/ML,What are the alternatives or companions of PCA?,PCA is an alternative to t-SNE and UMAP for visualization. It is a technique that projects data onto directions of maximum variance. It is used for dimensionality reduction and visualization. It makes features hard to interpret and captures only linear structure.
AI/ML,What other concepts are connected to confusion matrix?,"Confusion matrix is the basis for precision, recall, and F1 score. It is used to evaluate classification models beyond plain accuracy. It reveals which classes get confused and exposes false positives and negatives. It becomes hard to read with many classes and does not give a single score."
AI/ML,In which situations is random forest a good choice?,"Random forest is used for robust tabular prediction with little tuning. It is less interpretable and slower than a single tree. It predicts customer churn by combining hundreds of trees through majority voting. It uses bagging, unlike boosting methods that train trees sequentially."
AI/ML,Can you give a short overview of recurrent neural network?,Recurrent neural network is a neural network that processes sequences by passing a hidden state forward in time. It is used for time series and text with order dependence. It handles variable-length sequences with shared weights. It is improved by LSTM and GRU and often replaced by transformers.
AI/ML,What should I learn alongside gradient boosting?,"Gradient boosting differs from random forest, which trains trees independently in parallel. It is used for high-accuracy tabular tasks and competitions. It often delivers state-of-the-art accuracy on structured data. It is sensitive to hyperparameters and can overfit noisy data. It is implemented by XGBoost, LightGBM, and CatBoost."
AI/ML,What are common pitfalls with gradient boosting?,"Gradient boosting is sensitive to hyperparameters and can overfit noisy data. It is an ensemble method that builds trees sequentially, each correcting previous errors. It is implemented by XGBoost, LightGBM, and CatBoost. It differs from random forest, which trains trees independently in parallel."
AI/ML,How is regularization typically used in real projects?,"Regularization is used to reduce overfitting in linear models and neural networks. It is a set of techniques that discourage overly complex models. It adds hyperparameters, and too much of it causes underfitting. It includes L1, L2, dropout, and early stopping."
AI/ML,Describe a scenario where convolutional neural network is applied.,"Convolutional neural network detects edges in early layers and objects in deeper layers. It is a neural network that uses learnable filters to detect local patterns in grid-like data. It is used for image classification, detection, and some audio tasks. It shares weights, which reduces parameters and captures spatial structure."
AI/ML,What is recall?,"Recall is the fraction of actual positives that the model correctly identifies. It is prioritized when missing a positive is costly, such as disease screening. It equals eight out of ten when the model finds eight of ten real fraud cases. It is also called sensitivity or true positive rate."
AI/ML,What should I learn alongside ReLU?,ReLU has variants like Leaky ReLU and GELU that avoid dead neurons. It is used in hidden layers of deep networks. It is cheap to compute and reduces vanishing gradient problems. It turns negative three into zero and positive five into five.
AI/ML,What do you gain by using recall?,"Recall shows how many real cases the model catches. It is prioritized when missing a positive is costly, such as disease screening. It equals eight out of ten when the model finds eight of ten real fraud cases. It is also called sensitivity or true positive rate."
AI/ML,What should I learn alongside random forest?,"Random forest uses bagging, unlike boosting methods that train trees sequentially. It is used for robust tabular prediction with little tuning. It is less interpretable and slower than a single tree. It predicts customer churn by combining hundreds of trees through majority voting."
AI/ML,What should I learn alongside dropout?,Dropout is often combined with weight decay and batch normalization. It is a regularization technique that randomly disables neurons during training. It reduces overfitting and acts like training an ensemble of sub-networks. It slows convergence and is turned off at inference time.
AI/ML,What are common pitfalls with tokenization?,"Tokenization can break rare words badly and differs across languages and models. It is the process of splitting text into units such as words or subwords. It is used as the first step in NLP pipelines. It splits unbelievable into subwords such as un, believ, and able."
AI/ML,Show a real-world example of learning rate.,Learning rate is often set around 0.001 for the Adam optimizer. It is a hyperparameter that controls the step size of each weight update. It is tuned to balance training speed against stability. It gives direct control over convergence behavior when chosen well.
AI/ML,In which situations is TF-IDF a good choice?,"TF-IDF is used to turn text into numeric features for search and classification. It is a weighting scheme that scores words by frequency in a document and rarity across documents. It ignores word order and meaning, so synonyms are treated as unrelated."
AI/ML,What are common pitfalls with cross-validation?,"Cross-validation is computationally costly and can leak information with time series or grouped data. It uses data efficiently and gives a more stable estimate than one split. It trains five times in five-fold validation, each time holding out a different fold."
AI/ML,What is fine-tuning?,Fine-tuning is continued training of a pretrained model on task-specific data. It reaches strong performance with far less data and compute than training from scratch. It trains BERT further on support tickets to classify them. It can be parameter-efficient using methods like LoRA.
AI/ML,When should you use convolutional neural network?,"Convolutional neural network is used for image classification, detection, and some audio tasks. It shares weights, which reduces parameters and captures spatial structure. It needs large labeled data and struggles with global context compared with transformers. It includes architectures like ResNet, VGG, and EfficientNet."
AI/ML,What should I learn alongside overfitting?,"Overfitting is the opposite of underfitting, where a model is too simple. It happens when a model memorizes training noise and performs poorly on unseen data. It is checked by comparing training and validation performance during model development. It makes high training accuracy misleading and leads to failures in production."
AI/ML,What is support vector machine?,Support vector machine is a classifier that finds the hyperplane with the largest margin between classes. It scales poorly to very large datasets and needs feature scaling. It separates spam from legitimate emails using an RBF kernel. It is an alternative to logistic regression and tree-based models.
AI/ML,What is the main purpose of tokenization?,"Tokenization is used as the first step in NLP pipelines. It is the process of splitting text into units such as words or subwords. It can break rare words badly and differs across languages and models. It splits unbelievable into subwords such as un, believ, and able."
AI/ML,What does ReLU mean?,ReLU is an activation function that outputs zero for negative inputs and the input otherwise. It is cheap to compute and reduces vanishing gradient problems. It can cause dead neurons that output zero for all inputs. It has variants like Leaky ReLU and GELU that avoid dead neurons.
AI/ML,How is class imbalance typically used in real projects?,"Class imbalance is checked in fraud, medical, and anomaly detection datasets. It is a situation where one class has far more samples than others. It can be handled with resampling, class weights, and suitable metrics. It is addressed with SMOTE, undersampling, and focal loss."
AI/ML,Why is gradient boosting useful?,"Gradient boosting often delivers state-of-the-art accuracy on structured data. It is used for high-accuracy tabular tasks and competitions. It is sensitive to hyperparameters and can overfit noisy data. It is implemented by XGBoost, LightGBM, and CatBoost. It differs from random forest, which trains trees independently in parallel."
AI/ML,When should you avoid loss function?,"Loss function can mislead if it does not match the real business metric. It is used to guide model training by providing a signal to minimize. It uses mean squared error for regression and cross-entropy for classification. It is different from an evaluation metric, which reports performance to humans."
AI/ML,Describe a scenario where overfitting is applied.,"Overfitting shows up as ninety-nine percent training accuracy but sixty percent test accuracy. It becomes manageable once spotted, since fixes like regularization and more data exist. It makes high training accuracy misleading and leads to failures in production. It is the opposite of underfitting, where a model is too simple."
AI/ML,What is related to random forest?,"Random forest uses bagging, unlike boosting methods that train trees sequentially. It is an ensemble of many decision trees trained on random subsets of data and features. It reduces overfitting through averaging and gives feature importance scores. It is less interpretable and slower than a single tree."
AI/ML,Show a real-world example of ReLU.,ReLU turns negative three into zero and positive five into five. It is an activation function that outputs zero for negative inputs and the input otherwise. It is used in hidden layers of deep networks. It is cheap to compute and reduces vanishing gradient problems.
AI/ML,What are the benefits of using tokenization?,"Tokenization converts raw text into units a model can map to IDs. It is used as the first step in NLP pipelines. It can break rare words badly and differs across languages and models. It splits unbelievable into subwords such as un, believ, and able."
AI/ML,Where is transfer learning commonly applied?,Transfer learning is used when labeled data is limited. It is the practice of reusing a model trained on one task for another task. It saves training time and data and often improves accuracy. It can fail when the source and target domains differ too much.
AI/ML,Why do developers use decision tree?,Decision tree is used for tabular classification and regression with mixed feature types. It is a model that splits data using feature-based questions into a tree of decisions. It overfits easily and changes a lot with small data changes. It is the building block of random forests and gradient boosting.
AI/ML,Describe batch normalization briefly.,"Batch normalization is a technique that normalizes layer inputs across each mini-batch. It allows higher learning rates and reduces sensitivity to initialization. It behaves poorly with very small batches and adds complexity at inference. It is an alternative to layer normalization, which is common in transformers."
AI/ML,List the strengths of attention mechanism.,Attention mechanism handles long dependencies and gives some interpretability through attention weights. It is a technique that lets a model weigh the importance of different input parts. It lets a translation model focus on the right source word when producing each target word. It includes self-attention and multi-head attention.
AI/ML,List the strengths of precision.,"Precision tells how trustworthy positive predictions are. It is the fraction of predicted positives that are actually positive. It is prioritized when false positives are costly, such as spam filtering. It equals eight out of ten when eight of ten flagged emails are truly spam."
AI/ML,What is an alternative to attention mechanism?,"Attention mechanism includes self-attention and multi-head attention. It is used in translation, summarization, and transformers. It handles long dependencies and gives some interpretability through attention weights. It lets a translation model focus on the right source word when producing each target word."
AI/ML,How does fine-tuning compare with similar approaches?,Fine-tuning can be parameter-efficient using methods like LoRA. It is used to adapt general models like BERT to a specific domain. It reaches strong performance with far less data and compute than training from scratch. It trains BERT further on support tickets to classify them.
AI/ML,What is hyperparameter tuning?,"Hyperparameter tuning is the process of searching for the best training settings that are not learned from data. It is used to improve model performance before deployment. It can raise accuracy substantially without changing the model type. It uses grid search, random search, and Bayesian optimization."
AI/ML,Why is learning rate considered important?,Learning rate gives direct control over convergence behavior when chosen well. It is a hyperparameter that controls the step size of each weight update. It is often set around 0.001 for the Adam optimizer. It can be adjusted over time using schedules or warmup.
AI/ML,How would you explain confusion matrix to a beginner?,"Confusion matrix is a table that compares predicted classes against actual classes. It reveals which classes get confused and exposes false positives and negatives. It becomes hard to read with many classes and does not give a single score. It is the basis for precision, recall, and F1 score."
AI/ML,Why is decision tree considered important?,"Decision tree is easy to visualize and needs little preprocessing. It overfits easily and changes a lot with small data changes. It decides loan approval by checking income, then credit history. It is the building block of random forests and gradient boosting."
AI/ML,How is decision tree typically used in real projects?,"Decision tree is used for tabular classification and regression with mixed feature types. It is a model that splits data using feature-based questions into a tree of decisions. It decides loan approval by checking income, then credit history. It is the building block of random forests and gradient boosting."
AI/ML,How is logistic regression used in practice?,"Logistic regression predicts whether a customer will buy based on age and browsing time. It is quick to train, interpretable, and gives calibrated probabilities. It struggles with non-linear boundaries unless features are engineered. It generalizes to multi-class problems with softmax."
AI/ML,What are the downsides of decision tree?,Decision tree overfits easily and changes a lot with small data changes. It is a model that splits data using feature-based questions into a tree of decisions. It is easy to visualize and needs little preprocessing. It is the building block of random forests and gradient boosting.
AI/ML,What does fine-tuning mean?,Fine-tuning is continued training of a pretrained model on task-specific data. It is used to adapt general models like BERT to a specific domain. It reaches strong performance with far less data and compute than training from scratch. It can be parameter-efficient using methods like LoRA.
AI/ML,Can you illustrate backpropagation with an example?,Backpropagation tells a network how much each weight contributed to a wrong prediction. It is the algorithm that computes gradients of the loss with respect to network weights. It is used to train neural networks by sending errors backward through layers. It computes all gradients efficiently using the chain rule.
AI/ML,Define activation function in simple words.,Activation function is a function applied to a neuron's output to introduce non-linearity. It is used between layers so networks can learn complex patterns. It can cause vanishing gradients or dead neurons if chosen poorly. It includes ReLU in hidden layers and sigmoid in binary outputs.
AI/ML,What does decision tree mean?,"Decision tree is a model that splits data using feature-based questions into a tree of decisions. It is used for tabular classification and regression with mixed feature types. It decides loan approval by checking income, then credit history. It is the building block of random forests and gradient boosting."
AI/ML,Why is recall useful?,"Recall shows how many real cases the model catches. It is the fraction of actual positives that the model correctly identifies. It is prioritized when missing a positive is costly, such as disease screening. It ignores false alarms, so predicting everything positive gives perfect recall."
AI/ML,What are the limitations of k-nearest neighbors?,K-nearest neighbors is slow at prediction on big data and suffers in high dimensions. It is an algorithm that predicts using the labels of the k closest training points. It is used for simple classification and recommendation tasks. It depends on a distance metric and feature scaling.
AI/ML,What are the downsides of precision?,"Precision ignores missed positives, so a model can score high by predicting rarely. It is the fraction of predicted positives that are actually positive. It tells how trustworthy positive predictions are. It equals eight out of ten when eight of ten flagged emails are truly spam."
AI/ML,When should you avoid dropout?,Dropout slows convergence and is turned off at inference time. It is a regularization technique that randomly disables neurons during training. It drops fifty percent of hidden units in each training step. It is often combined with weight decay and batch normalization.
AI/ML,How would you explain reinforcement learning to a beginner?,"Reinforcement learning is a learning paradigm where an agent learns actions by receiving rewards. It is used in robotics, game playing, and recommendation or control problems. It learns strategies without labeled examples through interaction. It needs many interactions, and reward design is difficult and unstable."
AI/ML,What is the basic idea behind ReLU?,ReLU is an activation function that outputs zero for negative inputs and the input otherwise. It is cheap to compute and reduces vanishing gradient problems. It turns negative three into zero and positive five into five. It has variants like Leaky ReLU and GELU that avoid dead neurons.
AI/ML,How does recall compare with similar approaches?,"Recall is also called sensitivity or true positive rate. It is prioritized when missing a positive is costly, such as disease screening. It ignores false alarms, so predicting everything positive gives perfect recall. It equals eight out of ten when the model finds eight of ten real fraud cases."
AI/ML,Explain PCA.,"PCA is a technique that projects data onto directions of maximum variance. It removes redundancy, speeds training, and reduces noise. It makes features hard to interpret and captures only linear structure. It compresses fifty correlated features into ten principal components."
AI/ML,Give an example of loss function.,"Loss function uses mean squared error for regression and cross-entropy for classification. It turns the goal of learning into a number that optimizers can reduce. It can mislead if it does not match the real business metric. It is different from an evaluation metric, which reports performance to humans."
AI/ML,Where have you seen gradient descent in action?,"Gradient descent adjusts weights step by step until the loss stops decreasing. It scales to huge datasets and many parameters, especially in stochastic form. It can get stuck in local minima or plateaus and is sensitive to learning rate. It has variants such as SGD, mini-batch, Momentum, and Adam."
AI/ML,How does overfitting compare with similar approaches?,"Overfitting is the opposite of underfitting, where a model is too simple. It becomes manageable once spotted, since fixes like regularization and more data exist. It makes high training accuracy misleading and leads to failures in production. It shows up as ninety-nine percent training accuracy but sixty percent test accuracy."
AI/ML,What is PCA?,PCA is a technique that projects data onto directions of maximum variance. It makes features hard to interpret and captures only linear structure. It compresses fifty correlated features into ten principal components. It is an alternative to t-SNE and UMAP for visualization.
AI/ML,What are the advantages of recall?,"Recall shows how many real cases the model catches. It is the fraction of actual positives that the model correctly identifies. It ignores false alarms, so predicting everything positive gives perfect recall. It is also called sensitivity or true positive rate."
AI/ML,How would you explain backpropagation to a beginner?,Backpropagation is the algorithm that computes gradients of the loss with respect to network weights. It is used to train neural networks by sending errors backward through layers. It tells a network how much each weight contributed to a wrong prediction.
AI/ML,How is gradient boosting used in practice?,"Gradient boosting is implemented by XGBoost, LightGBM, and CatBoost. It is an ensemble method that builds trees sequentially, each correcting previous errors. It is used for high-accuracy tabular tasks and competitions. It often delivers state-of-the-art accuracy on structured data. It differs from random forest, which trains trees independently in parallel."
AI/ML,What are the alternatives or companions of reinforcement learning?,"Reinforcement learning includes Q-learning and policy gradient methods. It is a learning paradigm where an agent learns actions by receiving rewards. It learns strategies without labeled examples through interaction. It needs many interactions, and reward design is difficult and unstable."
AI/ML,What is k-means clustering?,"K-means clustering is an unsupervised algorithm that groups data into k clusters around centroids. It needs k in advance, favors round clusters, and is sensitive to initialization and outliers. It groups shoppers into three segments by spending and visit frequency. It differs from hierarchical and DBSCAN clustering."
AI/ML,What is overfitting in machine learning?,"Overfitting occurs when a model learns training data too closely, including noise, so it performs well on training examples but poorly on unseen data. It can be reduced using more data, regularization, dropout, cross-validation, early stopping, or simpler models that generalize better to new inputs."
AI/ML,What is backpropagation used for?,Backpropagation is used to train neural networks by sending errors backward through layers. It computes all gradients efficiently using the chain rule. It suffers from vanishing or exploding gradients in very deep networks. It works together with an optimizer like gradient descent.
AI/ML,Define gradient descent in simple words.,"Gradient descent is an optimization algorithm that updates parameters in the direction that reduces loss. It scales to huge datasets and many parameters, especially in stochastic form. It adjusts weights step by step until the loss stops decreasing. It has variants such as SGD, mini-batch, Momentum, and Adam."
AI/ML,Why is k-nearest neighbors considered important?,K-nearest neighbors needs no training phase and is easy to understand. It is an algorithm that predicts using the labels of the k closest training points. It is used for simple classification and recommendation tasks. It depends on a distance metric and feature scaling.
AI/ML,What do you gain by using one-hot encoding?,One-hot encoding avoids implying a false order between categories. It is a method that represents each category as a binary vector. It is used to feed categorical features into models. It is an alternative to label encoding and target encoding.
AI/ML,What are the drawbacks of backpropagation?,Backpropagation suffers from vanishing or exploding gradients in very deep networks. It is the algorithm that computes gradients of the loss with respect to network weights. It is used to train neural networks by sending errors backward through layers. It computes all gradients efficiently using the chain rule.
AI/ML,Can you illustrate ReLU with an example?,ReLU turns negative three into zero and positive five into five. It is an activation function that outputs zero for negative inputs and the input otherwise. It is cheap to compute and reduces vanishing gradient problems. It has variants like Leaky ReLU and GELU that avoid dead neurons.
AI/ML,What should you watch out for when using linear regression?,"Linear regression assumes linearity and is sensitive to outliers and correlated features. It is a model that predicts a numeric value as a weighted sum of input features. It is used for forecasting and understanding relationships between variables. It extends to ridge, lasso, and polynomial regression."
AI/ML,How is loss function used in practice?,"Loss function uses mean squared error for regression and cross-entropy for classification. It is used to guide model training by providing a signal to minimize. It turns the goal of learning into a number that optimizers can reduce. It is different from an evaluation metric, which reports performance to humans."
AI/ML,Give an example of gradient descent.,"Gradient descent adjusts weights step by step until the loss stops decreasing. It is an optimization algorithm that updates parameters in the direction that reduces loss. It is used to train linear models and neural networks. It scales to huge datasets and many parameters, especially in stochastic form."
AI/ML,What should I learn alongside softmax?,Softmax generalizes the sigmoid function used in binary classification. It is used in output layers for multi-class classification. It gives interpretable class probabilities that work well with cross-entropy loss. It is overconfident on out-of-distribution inputs and unsuitable for multi-label tasks.
AI/ML,Why is gradient descent considered important?,"Gradient descent scales to huge datasets and many parameters, especially in stochastic form. It is used to train linear models and neural networks. It can get stuck in local minima or plateaus and is sensitive to learning rate. It adjusts weights step by step until the loss stops decreasing."
AI/ML,Is there a substitute for F1 score?,"F1 score generalizes to the F-beta score, which weights recall or precision more. It is the harmonic mean of precision and recall. It is used to evaluate classifiers on imbalanced datasets. It equals 0.67 when precision is 0.75 and recall is 0.60."
AI/ML,What other concepts are connected to PCA?,"PCA is an alternative to t-SNE and UMAP for visualization. It is used for dimensionality reduction and visualization. It removes redundancy, speeds training, and reduces noise. It makes features hard to interpret and captures only linear structure. It compresses fifty correlated features into ten principal components."
AI/ML,What are the benefits of using decision tree?,"Decision tree is easy to visualize and needs little preprocessing. It is used for tabular classification and regression with mixed feature types. It decides loan approval by checking income, then credit history. It is the building block of random forests and gradient boosting."
AI/ML,What problem does backpropagation solve?,Backpropagation is used to train neural networks by sending errors backward through layers. It computes all gradients efficiently using the chain rule. It suffers from vanishing or exploding gradients in very deep networks. It tells a network how much each weight contributed to a wrong prediction.
AI/ML,What are the downsides of F1 score?,"F1 score ignores true negatives and treats precision and recall as equally important. It is used to evaluate classifiers on imbalanced datasets. It gives one number that balances false positives and false negatives. It generalizes to the F-beta score, which weights recall or precision more."
AI/ML,What is related to F1 score?,"F1 score generalizes to the F-beta score, which weights recall or precision more. It is used to evaluate classifiers on imbalanced datasets. It ignores true negatives and treats precision and recall as equally important. It equals 0.67 when precision is 0.75 and recall is 0.60."
AI/ML,Where have you seen F1 score in action?,"F1 score equals 0.67 when precision is 0.75 and recall is 0.60. It is used to evaluate classifiers on imbalanced datasets. It gives one number that balances false positives and false negatives. It generalizes to the F-beta score, which weights recall or precision more."
AI/ML,When should you avoid F1 score?,"F1 score ignores true negatives and treats precision and recall as equally important. It gives one number that balances false positives and false negatives. It equals 0.67 when precision is 0.75 and recall is 0.60. It generalizes to the F-beta score, which weights recall or precision more."
AI/ML,Show a real-world example of support vector machine.,"Support vector machine separates spam from legitimate emails using an RBF kernel. It is a classifier that finds the hyperplane with the largest margin between classes. It is used for medium-sized datasets with clear margins, including text classification. It works well in high dimensions and supports non-linear kernels."
AI/ML,What other concepts are connected to recurrent neural network?,Recurrent neural network is improved by LSTM and GRU and often replaced by transformers. It handles variable-length sequences with shared weights. It trains slowly because steps are sequential and suffers vanishing gradients. It predicts the next character in a sentence from previous characters.
AI/ML,What are the drawbacks of class imbalance?,"Class imbalance makes accuracy misleading, since predicting the majority class looks good. It is checked in fraud, medical, and anomaly detection datasets. It can be handled with resampling, class weights, and suitable metrics. It is addressed with SMOTE, undersampling, and focal loss."
AI/ML,What is reinforcement learning used for?,"Reinforcement learning is used in robotics, game playing, and recommendation or control problems. It is a learning paradigm where an agent learns actions by receiving rewards. It learns strategies without labeled examples through interaction. It includes Q-learning and policy gradient methods."
AI/ML,When should you use class imbalance?,"Class imbalance is checked in fraud, medical, and anomaly detection datasets. It is a situation where one class has far more samples than others. It appears when only one percent of transactions are fraudulent. It is addressed with SMOTE, undersampling, and focal loss."
AI/ML,What is reinforcement learning?,"Reinforcement learning is a learning paradigm where an agent learns actions by receiving rewards. It is used in robotics, game playing, and recommendation or control problems. It learns strategies without labeled examples through interaction. It includes Q-learning and policy gradient methods."
AI/ML,How is logistic regression typically used in real projects?,Logistic regression is used for binary outcomes such as churn or spam. It is a classification model that predicts probabilities using the sigmoid function. It struggles with non-linear boundaries unless features are engineered. It predicts whether a customer will buy based on age and browsing time.
AI/ML,Describe gradient descent briefly.,Gradient descent is an optimization algorithm that updates parameters in the direction that reduces loss. It is used to train linear models and neural networks. It can get stuck in local minima or plateaus and is sensitive to learning rate.
AI/ML,What makes attention mechanism valuable?,"Attention mechanism handles long dependencies and gives some interpretability through attention weights. It is used in translation, summarization, and transformers. It is computationally expensive for long sequences. It lets a translation model focus on the right source word when producing each target word. It includes self-attention and multi-head attention."
AI/ML,Show a real-world example of word embedding.,"Word embedding places king and queen near each other in vector space. It is a dense vector representation of words capturing semantic similarity. It is used as input features for NLP models. It includes Word2Vec and GloVe, while contextual models like BERT produce context-aware vectors."
AI/ML,Walk me through a simple example of TF-IDF.,"TF-IDF gives the word kubernetes a high score in a DevOps article. It is a weighting scheme that scores words by frequency in a document and rarity across documents. It highlights distinctive words and downweights common ones. It ignores word order and meaning, so synonyms are treated as unrelated."
AI/ML,What is PCA used for?,"PCA is used for dimensionality reduction and visualization. It is a technique that projects data onto directions of maximum variance. It removes redundancy, speeds training, and reduces noise. It compresses fifty correlated features into ten principal components. It is an alternative to t-SNE and UMAP for visualization."
AI/ML,Where have you seen random forest in action?,Random forest predicts customer churn by combining hundreds of trees through majority voting. It is an ensemble of many decision trees trained on random subsets of data and features. It is used for robust tabular prediction with little tuning. It reduces overfitting through averaging and gives feature importance scores.
AI/ML,What are the drawbacks of fine-tuning?,Fine-tuning can cause catastrophic forgetting and overfit on small datasets. It is used to adapt general models like BERT to a specific domain. It reaches strong performance with far less data and compute than training from scratch. It trains BERT further on support tickets to classify them.
AI/ML,How is tokenization typically used in real projects?,"Tokenization is used as the first step in NLP pipelines. It is the process of splitting text into units such as words or subwords. It converts raw text into units a model can map to IDs. It splits unbelievable into subwords such as un, believ, and able."
AI/ML,What is activation function used for?,"Activation function is used between layers so networks can learn complex patterns. It is a function applied to a neuron's output to introduce non-linearity. It lets stacked layers represent curves rather than only linear mappings. It is chosen among options like tanh, sigmoid, ReLU, and GELU."
AI/ML,What makes confusion matrix valuable?,"Confusion matrix reveals which classes get confused and exposes false positives and negatives. It becomes hard to read with many classes and does not give a single score. It shows true positives, false positives, true negatives, and false negatives for a spam filter."
AI/ML,What are the alternatives or companions of support vector machine?,"Support vector machine is an alternative to logistic regression and tree-based models. It is a classifier that finds the hyperplane with the largest margin between classes. It is used for medium-sized datasets with clear margins, including text classification. It works well in high dimensions and supports non-linear kernels."
AI/ML,What is an alternative to k-nearest neighbors?,K-nearest neighbors depends on a distance metric and feature scaling. It is used for simple classification and recommendation tasks. It needs no training phase and is easy to understand. It is slow at prediction on big data and suffers in high dimensions.
AI/ML,What are the disadvantages of recall?,"Recall ignores false alarms, so predicting everything positive gives perfect recall. It is prioritized when missing a positive is costly, such as disease screening. It shows how many real cases the model catches. It is also called sensitivity or true positive rate."
AI/ML,What should you watch out for when using gradient boosting?,"Gradient boosting is sensitive to hyperparameters and can overfit noisy data. It is an ensemble method that builds trees sequentially, each correcting previous errors. It is used for high-accuracy tabular tasks and competitions. It differs from random forest, which trains trees independently in parallel."
AI/ML,Explain hyperparameter tuning.,Hyperparameter tuning is the process of searching for the best training settings that are not learned from data. It is used to improve model performance before deployment. It can raise accuracy substantially without changing the model type. It tries different tree depths and learning rates for a boosting model.
AI/ML,Explain ReLU.,ReLU is an activation function that outputs zero for negative inputs and the input otherwise. It is used in hidden layers of deep networks. It is cheap to compute and reduces vanishing gradient problems. It has variants like Leaky ReLU and GELU that avoid dead neurons.
AI/ML,What is cross-validation?,"Cross-validation evaluates model performance by splitting data into several folds, training on some and testing on the remaining one, then rotating and averaging results. K-fold is most common. It gives a more reliable generalization estimate than a single split and helps detect overfitting while tuning hyperparameters."
AI/ML,What is an alternative to batch normalization?,"Batch normalization is an alternative to layer normalization, which is common in transformers. It is used to stabilize and speed up training of deep networks. It allows higher learning rates and reduces sensitivity to initialization. It is placed after a convolution layer before the activation in many CNNs."
AI/ML,Explain batch normalization.,"Batch normalization is a technique that normalizes layer inputs across each mini-batch. It is used to stabilize and speed up training of deep networks. It behaves poorly with very small batches and adds complexity at inference. It is an alternative to layer normalization, which is common in transformers."
AI/ML,What are the disadvantages of softmax?,"Softmax is overconfident on out-of-distribution inputs and unsuitable for multi-label tasks. It is used in output layers for multi-class classification. It turns scores of two, one, and zero into roughly 0.67, 0.24, and 0.09. It generalizes the sigmoid function used in binary classification."
AI/ML,How does k-means clustering differ from related concepts?,"K-means clustering differs from hierarchical and DBSCAN clustering. It is an unsupervised algorithm that groups data into k clusters around centroids. It is simple, fast, and scales to large datasets. It needs k in advance, favors round clusters, and is sensitive to initialization and outliers."
AI/ML,How is transfer learning typically used in real projects?,Transfer learning is used when labeled data is limited. It is the practice of reusing a model trained on one task for another task. It can fail when the source and target domains differ too much. It adapts an ImageNet-trained ResNet to classify medical images.
AI/ML,What are the limitations of decision tree?,"Decision tree overfits easily and changes a lot with small data changes. It is a model that splits data using feature-based questions into a tree of decisions. It is easy to visualize and needs little preprocessing. It decides loan approval by checking income, then credit history."
AI/ML,What is the main purpose of overfitting?,"Overfitting is checked by comparing training and validation performance during model development. It becomes manageable once spotted, since fixes like regularization and more data exist. It makes high training accuracy misleading and leads to failures in production. It is the opposite of underfitting, where a model is too simple."
AI/ML,What is a practical example of regularization?,Regularization adds an L2 penalty on weights to the loss function. It is a set of techniques that discourage overly complex models. It is used to reduce overfitting in linear models and neural networks. It improves generalization to unseen data.
AI/ML,What should I learn alongside TF-IDF?,"TF-IDF is a classic alternative to word embeddings and bag-of-words counts. It is used to turn text into numeric features for search and classification. It highlights distinctive words and downweights common ones. It ignores word order and meaning, so synonyms are treated as unrelated."
AI/ML,How is regularization used in practice?,"Regularization adds an L2 penalty on weights to the loss function. It is used to reduce overfitting in linear models and neural networks. It improves generalization to unseen data. It adds hyperparameters, and too much of it causes underfitting. It includes L1, L2, dropout, and early stopping."
AI/ML,Define feature scaling in simple words.,"Feature scaling is the process of putting numeric features on comparable ranges. It must be fit on training data only, or it leaks information. It standardizes age and income to mean zero and unit variance. It uses methods such as min-max scaling and standardization."
AI/ML,How is softmax typically used in real projects?,Softmax is used in output layers for multi-class classification. It gives interpretable class probabilities that work well with cross-entropy loss. It is overconfident on out-of-distribution inputs and unsuitable for multi-label tasks. It generalizes the sigmoid function used in binary classification.
AI/ML,What are the advantages of learning rate?,Learning rate gives direct control over convergence behavior when chosen well. It is tuned to balance training speed against stability. It causes divergence if too high and painfully slow training if too low. It is often set around 0.001 for the Adam optimizer.
AI/ML,Why do developers use ReLU?,ReLU is used in hidden layers of deep networks. It is cheap to compute and reduces vanishing gradient problems. It can cause dead neurons that output zero for all inputs. It turns negative three into zero and positive five into five.
AI/ML,What are the downsides of regularization?,"Regularization adds hyperparameters, and too much of it causes underfitting. It is used to reduce overfitting in linear models and neural networks. It adds an L2 penalty on weights to the loss function. It includes L1, L2, dropout, and early stopping."
AI/ML,What does F1 score mean?,"F1 score is the harmonic mean of precision and recall. It gives one number that balances false positives and false negatives. It ignores true negatives and treats precision and recall as equally important. It generalizes to the F-beta score, which weights recall or precision more."
AI/ML,When should you avoid reinforcement learning?,"Reinforcement learning needs many interactions, and reward design is difficult and unstable. It is used in robotics, game playing, and recommendation or control problems. It learns strategies without labeled examples through interaction. It trains an agent to play Atari games by maximizing score."
AI/ML,What are the alternatives or companions of word embedding?,"Word embedding includes Word2Vec and GloVe, while contextual models like BERT produce context-aware vectors. It places related words close together and reduces dimensionality compared with one-hot vectors. It gives one vector per word, so static embeddings cannot separate different meanings."
AI/ML,How would you explain recall to a beginner?,"Recall is the fraction of actual positives that the model correctly identifies. It is prioritized when missing a positive is costly, such as disease screening. It shows how many real cases the model catches. It is also called sensitivity or true positive rate."
AI/ML,What are common pitfalls with ROC curve?,ROC curve can look overly optimistic on heavily imbalanced data. It summarizes performance through the area under the curve. It shows a diagonal line for random guessing and a curve toward the top-left for good models. It is often replaced by the precision-recall curve for rare positives.
AI/ML,What are the alternatives or companions of tokenization?,"Tokenization uses methods such as whitespace splitting, WordPiece, and Byte Pair Encoding. It converts raw text into units a model can map to IDs. It can break rare words badly and differs across languages and models. It splits unbelievable into subwords such as un, believ, and able."
AI/ML,Show a real-world example of batch normalization.,"Batch normalization is placed after a convolution layer before the activation in many CNNs. It is a technique that normalizes layer inputs across each mini-batch. It allows higher learning rates and reduces sensitivity to initialization. It is an alternative to layer normalization, which is common in transformers."
AI/ML,What is the main purpose of support vector machine?,"Support vector machine is used for medium-sized datasets with clear margins, including text classification. It works well in high dimensions and supports non-linear kernels. It scales poorly to very large datasets and needs feature scaling. It separates spam from legitimate emails using an RBF kernel."
AI/ML,How is fine-tuning used in practice?,Fine-tuning trains BERT further on support tickets to classify them. It is continued training of a pretrained model on task-specific data. It is used to adapt general models like BERT to a specific domain. It can cause catastrophic forgetting and overfit on small datasets.
AI/ML,When should you use linear regression?,"Linear regression is used for forecasting and understanding relationships between variables. It is a model that predicts a numeric value as a weighted sum of input features. It predicts house price from area, location score, and number of rooms. It extends to ridge, lasso, and polynomial regression."
AI/ML,Walk me through a simple example of LSTM.,"LSTM forecasts electricity demand from previous hourly readings. It is a recurrent network unit with gates that control what to remember or forget. It is used for sequences like speech, text, and sensor data. It remembers long-term information better than plain RNNs. It has a lighter variant called GRU."
AI/ML,What are the downsides of activation function?,"Activation function can cause vanishing gradients or dead neurons if chosen poorly. It is used between layers so networks can learn complex patterns. It includes ReLU in hidden layers and sigmoid in binary outputs. It is chosen among options like tanh, sigmoid, ReLU, and GELU."
AI/ML,What are common pitfalls with reinforcement learning?,"Reinforcement learning needs many interactions, and reward design is difficult and unstable. It is a learning paradigm where an agent learns actions by receiving rewards. It is used in robotics, game playing, and recommendation or control problems. It learns strategies without labeled examples through interaction."
AI/ML,Give an example of batch normalization.,Batch normalization is placed after a convolution layer before the activation in many CNNs. It is a technique that normalizes layer inputs across each mini-batch. It allows higher learning rates and reduces sensitivity to initialization. It behaves poorly with very small batches and adds complexity at inference.
AI/ML,In which situations is support vector machine a good choice?,"Support vector machine is used for medium-sized datasets with clear margins, including text classification. It is a classifier that finds the hyperplane with the largest margin between classes. It works well in high dimensions and supports non-linear kernels. It scales poorly to very large datasets and needs feature scaling."
AI/ML,How does F1 score differ from related concepts?,"F1 score generalizes to the F-beta score, which weights recall or precision more. It is used to evaluate classifiers on imbalanced datasets. It gives one number that balances false positives and false negatives. It ignores true negatives and treats precision and recall as equally important."
AI/ML,What are the alternatives or companions of one-hot encoding?,"One-hot encoding is an alternative to label encoding and target encoding. It is a method that represents each category as a binary vector. It creates many columns when a feature has lots of categories. It turns color values red, green, and blue into three binary columns."
AI/ML,What other concepts are connected to ReLU?,ReLU has variants like Leaky ReLU and GELU that avoid dead neurons. It is an activation function that outputs zero for negative inputs and the input otherwise. It can cause dead neurons that output zero for all inputs. It turns negative three into zero and positive five into five.
AI/ML,Why do developers use learning rate?,Learning rate is tuned to balance training speed against stability. It is a hyperparameter that controls the step size of each weight update. It gives direct control over convergence behavior when chosen well. It can be adjusted over time using schedules or warmup.
AI/ML,What are the limitations of class imbalance?,"Class imbalance makes accuracy misleading, since predicting the majority class looks good. It is a situation where one class has far more samples than others. It appears when only one percent of transactions are fraudulent. It is addressed with SMOTE, undersampling, and focal loss."
AI/ML,Explain reinforcement learning.,"Reinforcement learning is a learning paradigm where an agent learns actions by receiving rewards. It is used in robotics, game playing, and recommendation or control problems. It trains an agent to play Atari games by maximizing score. It includes Q-learning and policy gradient methods."
AI/ML,What are the drawbacks of F1 score?,"F1 score ignores true negatives and treats precision and recall as equally important. It is the harmonic mean of precision and recall. It gives one number that balances false positives and false negatives. It generalizes to the F-beta score, which weights recall or precision more."
AI/ML,Walk me through a simple example of F1 score.,F1 score equals 0.67 when precision is 0.75 and recall is 0.60. It is the harmonic mean of precision and recall. It gives one number that balances false positives and false negatives. It ignores true negatives and treats precision and recall as equally important.
AI/ML,What are the benefits of using dropout?,Dropout reduces overfitting and acts like training an ensemble of sub-networks. It is a regularization technique that randomly disables neurons during training. It is used in deep networks to prevent co-adaptation of neurons. It slows convergence and is turned off at inference time.
AI/ML,Why is attention mechanism useful?,"Attention mechanism handles long dependencies and gives some interpretability through attention weights. It is a technique that lets a model weigh the importance of different input parts. It is used in translation, summarization, and transformers. It includes self-attention and multi-head attention."
AI/ML,How is activation function typically used in real projects?,"Activation function is used between layers so networks can learn complex patterns. It is a function applied to a neuron's output to introduce non-linearity. It includes ReLU in hidden layers and sigmoid in binary outputs. It is chosen among options like tanh, sigmoid, ReLU, and GELU."
AI/ML,Can you give a short overview of cross-validation?,"Cross-validation is a resampling method that evaluates a model on multiple train-test splits. It is computationally costly and can leak information with time series or grouped data. It trains five times in five-fold validation, each time holding out a different fold."
AI/ML,What should you watch out for when using convolutional neural network?,"Convolutional neural network needs large labeled data and struggles with global context compared with transformers. It is a neural network that uses learnable filters to detect local patterns in grid-like data. It is used for image classification, detection, and some audio tasks. It includes architectures like ResNet, VGG, and EfficientNet."
AI/ML,Describe regularization briefly.,"Regularization is a set of techniques that discourage overly complex models. It adds hyperparameters, and too much of it causes underfitting. It adds an L2 penalty on weights to the loss function. It includes L1, L2, dropout, and early stopping."
AI/ML,How is gradient descent typically used in real projects?,"Gradient descent is used to train linear models and neural networks. It can get stuck in local minima or plateaus and is sensitive to learning rate. It adjusts weights step by step until the loss stops decreasing. It has variants such as SGD, mini-batch, Momentum, and Adam."
AI/ML,What other concepts are connected to decision tree?,Decision tree is the building block of random forests and gradient boosting. It is used for tabular classification and regression with mixed feature types. It is easy to visualize and needs little preprocessing. It overfits easily and changes a lot with small data changes.
AI/ML,Walk me through a simple example of backpropagation.,Backpropagation tells a network how much each weight contributed to a wrong prediction. It is the algorithm that computes gradients of the loss with respect to network weights. It is used to train neural networks by sending errors backward through layers. It works together with an optimizer like gradient descent.
AI/ML,What other concepts are connected to k-nearest neighbors?,K-nearest neighbors depends on a distance metric and feature scaling. It is used for simple classification and recommendation tasks. It is slow at prediction on big data and suffers in high dimensions. It labels a flower by the majority class among its five nearest samples.
AI/ML,What are the alternatives or companions of ReLU?,ReLU has variants like Leaky ReLU and GELU that avoid dead neurons. It is an activation function that outputs zero for negative inputs and the input otherwise. It is used in hidden layers of deep networks. It turns negative three into zero and positive five into five.
AI/ML,What are the alternatives or companions of precision?,"Precision is balanced against recall using the F1 score. It is the fraction of predicted positives that are actually positive. It is prioritized when false positives are costly, such as spam filtering. It ignores missed positives, so a model can score high by predicting rarely."
AI/ML,What are the limitations of logistic regression?,Logistic regression struggles with non-linear boundaries unless features are engineered. It is a classification model that predicts probabilities using the sigmoid function. It is used for binary outcomes such as churn or spam. It generalizes to multi-class problems with softmax.
AI/ML,What is a practical example of overfitting?,"Overfitting shows up as ninety-nine percent training accuracy but sixty percent test accuracy. It is checked by comparing training and validation performance during model development. It becomes manageable once spotted, since fixes like regularization and more data exist. It is the opposite of underfitting, where a model is too simple."
AI/ML,What should you watch out for when using precision?,"Precision ignores missed positives, so a model can score high by predicting rarely. It is prioritized when false positives are costly, such as spam filtering. It tells how trustworthy positive predictions are. It equals eight out of ten when eight of ten flagged emails are truly spam."
AI/ML,What are the benefits of using word embedding?,"Word embedding places related words close together and reduces dimensionality compared with one-hot vectors. It is a dense vector representation of words capturing semantic similarity. It gives one vector per word, so static embeddings cannot separate different meanings. It places king and queen near each other in vector space."
AI/ML,Show a real-world example of reinforcement learning.,"Reinforcement learning trains an agent to play Atari games by maximizing score. It is used in robotics, game playing, and recommendation or control problems. It learns strategies without labeled examples through interaction. It needs many interactions, and reward design is difficult and unstable."
AI/ML,What is the main purpose of F1 score?,"F1 score is used to evaluate classifiers on imbalanced datasets. It ignores true negatives and treats precision and recall as equally important. It equals 0.67 when precision is 0.75 and recall is 0.60. It generalizes to the F-beta score, which weights recall or precision more."
AI/ML,What makes transformer valuable?,"Transformer processes tokens in parallel and captures long-range dependencies. It needs large compute and memory, since attention cost grows with sequence length squared. It powers models such as BERT, GPT, and T5. It replaced many RNN and LSTM approaches in NLP."
AI/ML,What should I learn alongside batch normalization?,"Batch normalization is an alternative to layer normalization, which is common in transformers. It is used to stabilize and speed up training of deep networks. It allows higher learning rates and reduces sensitivity to initialization. It behaves poorly with very small batches and adds complexity at inference."
AI/ML,What is an alternative to linear regression?,"Linear regression extends to ridge, lasso, and polynomial regression. It is used for forecasting and understanding relationships between variables. It assumes linearity and is sensitive to outliers and correlated features. It predicts house price from area, location score, and number of rooms."
AI/ML,Is there a substitute for LSTM?,"LSTM has a lighter variant called GRU. It is a recurrent network unit with gates that control what to remember or forget. It is used for sequences like speech, text, and sensor data. It remembers long-term information better than plain RNNs. It is slower than transformers and harder to parallelize."
AI/ML,Is there a substitute for word embedding?,"Word embedding includes Word2Vec and GloVe, while contextual models like BERT produce context-aware vectors. It is a dense vector representation of words capturing semantic similarity. It places related words close together and reduces dimensionality compared with one-hot vectors. It places king and queen near each other in vector space."
AI/ML,What do you gain by using k-means clustering?,"K-means clustering is simple, fast, and scales to large datasets. It is an unsupervised algorithm that groups data into k clusters around centroids. It groups shoppers into three segments by spending and visit frequency. It differs from hierarchical and DBSCAN clustering."
AI/ML,Why is TF-IDF considered important?,TF-IDF highlights distinctive words and downweights common ones. It is used to turn text into numeric features for search and classification. It gives the word kubernetes a high score in a DevOps article. It is a classic alternative to word embeddings and bag-of-words counts.
AI/ML,Define confusion matrix in simple words.,"Confusion matrix is a table that compares predicted classes against actual classes. It is used to evaluate classification models beyond plain accuracy. It shows true positives, false positives, true negatives, and false negatives for a spam filter. It is the basis for precision, recall, and F1 score."
AI/ML,Describe a scenario where tokenization is applied.,"Tokenization splits unbelievable into subwords such as un, believ, and able. It is used as the first step in NLP pipelines. It converts raw text into units a model can map to IDs. It can break rare words badly and differs across languages and models."
AI/ML,Define attention mechanism in simple words.,"Attention mechanism is a technique that lets a model weigh the importance of different input parts. It is used in translation, summarization, and transformers. It handles long dependencies and gives some interpretability through attention weights. It is computationally expensive for long sequences."
AI/ML,How does gradient descent help developers?,"Gradient descent scales to huge datasets and many parameters, especially in stochastic form. It can get stuck in local minima or plateaus and is sensitive to learning rate. It adjusts weights step by step until the loss stops decreasing. It has variants such as SGD, mini-batch, Momentum, and Adam."
AI/ML,What are the disadvantages of gradient descent?,"Gradient descent can get stuck in local minima or plateaus and is sensitive to learning rate. It is an optimization algorithm that updates parameters in the direction that reduces loss. It scales to huge datasets and many parameters, especially in stochastic form."
AI/ML,When should you use word embedding?,"Word embedding is used as input features for NLP models. It is a dense vector representation of words capturing semantic similarity. It gives one vector per word, so static embeddings cannot separate different meanings. It places king and queen near each other in vector space."
AI/ML,What are the disadvantages of tokenization?,"Tokenization can break rare words badly and differs across languages and models. It is the process of splitting text into units such as words or subwords. It is used as the first step in NLP pipelines. It uses methods such as whitespace splitting, WordPiece, and Byte Pair Encoding."
AI/ML,Define decision tree in simple words.,Decision tree is a model that splits data using feature-based questions into a tree of decisions. It is easy to visualize and needs little preprocessing. It overfits easily and changes a lot with small data changes. It is the building block of random forests and gradient boosting.
AI/ML,How is batch normalization typically used in real projects?,Batch normalization is used to stabilize and speed up training of deep networks. It is a technique that normalizes layer inputs across each mini-batch. It behaves poorly with very small batches and adds complexity at inference. It is placed after a convolution layer before the activation in many CNNs.
AI/ML,Walk me through a simple example of learning rate.,Learning rate is often set around 0.001 for the Adam optimizer. It is a hyperparameter that controls the step size of each weight update. It gives direct control over convergence behavior when chosen well. It can be adjusted over time using schedules or warmup.
AI/ML,Show a real-world example of transfer learning.,Transfer learning adapts an ImageNet-trained ResNet to classify medical images. It is used when labeled data is limited. It saves training time and data and often improves accuracy. It can fail when the source and target domains differ too much. It includes feature extraction and fine-tuning.
AI/ML,Can you illustrate gradient descent with an example?,"Gradient descent adjusts weights step by step until the loss stops decreasing. It is an optimization algorithm that updates parameters in the direction that reduces loss. It is used to train linear models and neural networks. It has variants such as SGD, mini-batch, Momentum, and Adam."
AI/ML,What is the main purpose of logistic regression?,"Logistic regression is used for binary outcomes such as churn or spam. It is a classification model that predicts probabilities using the sigmoid function. It is quick to train, interpretable, and gives calibrated probabilities. It struggles with non-linear boundaries unless features are engineered."
AI/ML,What is related to recurrent neural network?,Recurrent neural network is improved by LSTM and GRU and often replaced by transformers. It is a neural network that processes sequences by passing a hidden state forward in time. It predicts the next character in a sentence from previous characters.
AI/ML,When should you avoid k-means clustering?,"K-means clustering needs k in advance, favors round clusters, and is sensitive to initialization and outliers. It is simple, fast, and scales to large datasets. It groups shoppers into three segments by spending and visit frequency. It differs from hierarchical and DBSCAN clustering."
AI/ML,Explain random forest.,Random forest is an ensemble of many decision trees trained on random subsets of data and features. It is used for robust tabular prediction with little tuning. It reduces overfitting through averaging and gives feature importance scores. It is less interpretable and slower than a single tree.
AI/ML,When should you use k-nearest neighbors?,K-nearest neighbors is used for simple classification and recommendation tasks. It needs no training phase and is easy to understand. It labels a flower by the majority class among its five nearest samples. It depends on a distance metric and feature scaling.
AI/ML,Describe a scenario where precision is applied.,"Precision equals eight out of ten when eight of ten flagged emails are truly spam. It is prioritized when false positives are costly, such as spam filtering. It tells how trustworthy positive predictions are. It is balanced against recall using the F1 score."
AI/ML,What are the drawbacks of tokenization?,Tokenization can break rare words badly and differs across languages and models. It is the process of splitting text into units such as words or subwords. It is used as the first step in NLP pipelines. It converts raw text into units a model can map to IDs.
AI/ML,What are the advantages of precision?,"Precision tells how trustworthy positive predictions are. It ignores missed positives, so a model can score high by predicting rarely. It equals eight out of ten when eight of ten flagged emails are truly spam. It is balanced against recall using the F1 score."
AI/ML,Where is confusion matrix commonly applied?,"Confusion matrix is used to evaluate classification models beyond plain accuracy. It is a table that compares predicted classes against actual classes. It reveals which classes get confused and exposes false positives and negatives. It is the basis for precision, recall, and F1 score."
AI/ML,What is a practical example of LSTM?,"LSTM forecasts electricity demand from previous hourly readings. It is a recurrent network unit with gates that control what to remember or forget. It is used for sequences like speech, text, and sensor data. It remembers long-term information better than plain RNNs."
AI/ML,Define class imbalance in simple words.,"Class imbalance is a situation where one class has far more samples than others. It is checked in fraud, medical, and anomaly detection datasets. It makes accuracy misleading, since predicting the majority class looks good. It is addressed with SMOTE, undersampling, and focal loss."
AI/ML,What are the limitations of recurrent neural network?,Recurrent neural network trains slowly because steps are sequential and suffers vanishing gradients. It is used for time series and text with order dependence. It handles variable-length sequences with shared weights. It predicts the next character in a sentence from previous characters.
AI/ML,In which situations is k-means clustering a good choice?,"K-means clustering is used for customer segmentation and image compression. It needs k in advance, favors round clusters, and is sensitive to initialization and outliers. It groups shoppers into three segments by spending and visit frequency. It differs from hierarchical and DBSCAN clustering."
AI/ML,What should you watch out for when using support vector machine?,Support vector machine scales poorly to very large datasets and needs feature scaling. It is a classifier that finds the hyperplane with the largest margin between classes. It works well in high dimensions and supports non-linear kernels. It is an alternative to logistic regression and tree-based models.
AI/ML,Why is convolutional neural network considered important?,"Convolutional neural network shares weights, which reduces parameters and captures spatial structure. It is a neural network that uses learnable filters to detect local patterns in grid-like data. It detects edges in early layers and objects in deeper layers. It includes architectures like ResNet, VGG, and EfficientNet."
AI/ML,Describe learning rate briefly.,Learning rate is a hyperparameter that controls the step size of each weight update. It is tuned to balance training speed against stability. It gives direct control over convergence behavior when chosen well. It causes divergence if too high and painfully slow training if too low.
AI/ML,Why is word embedding useful?,"Word embedding places related words close together and reduces dimensionality compared with one-hot vectors. It is a dense vector representation of words capturing semantic similarity. It is used as input features for NLP models. It gives one vector per word, so static embeddings cannot separate different meanings."
AI/ML,Why is underfitting considered important?,"Underfitting is easy to fix by adding features, complexity, or training longer. It happens when a model is too simple to capture patterns in the data. It yields poor predictions everywhere because the model never learns the signal. It occurs when a straight line is fitted to clearly curved data."
AI/ML,Where have you seen ROC curve in action?,ROC curve shows a diagonal line for random guessing and a curve toward the top-left for good models. It is used to compare classifiers independent of one chosen threshold. It summarizes performance through the area under the curve. It is often replaced by the precision-recall curve for rare positives.
AI/ML,Show a real-world example of decision tree.,"Decision tree decides loan approval by checking income, then credit history. It is used for tabular classification and regression with mixed feature types. It is easy to visualize and needs little preprocessing. It is the building block of random forests and gradient boosting."
AI/ML,Give an example of one-hot encoding.,"One-hot encoding turns color values red, green, and blue into three binary columns. It is a method that represents each category as a binary vector. It avoids implying a false order between categories. It creates many columns when a feature has lots of categories."
AI/ML,What is the main purpose of ReLU?,ReLU is used in hidden layers of deep networks. It is an activation function that outputs zero for negative inputs and the input otherwise. It is cheap to compute and reduces vanishing gradient problems. It can cause dead neurons that output zero for all inputs.
AI/ML,What makes precision valuable?,"Precision tells how trustworthy positive predictions are. It is the fraction of predicted positives that are actually positive. It ignores missed positives, so a model can score high by predicting rarely. It is balanced against recall using the F1 score."
AI/ML,What is the basic idea behind convolutional neural network?,"Convolutional neural network is a neural network that uses learnable filters to detect local patterns in grid-like data. It shares weights, which reduces parameters and captures spatial structure. It needs large labeled data and struggles with global context compared with transformers."
AI/ML,What is an alternative to ReLU?,ReLU has variants like Leaky ReLU and GELU that avoid dead neurons. It is cheap to compute and reduces vanishing gradient problems. It can cause dead neurons that output zero for all inputs. It turns negative three into zero and positive five into five.
AI/ML,What are the disadvantages of hyperparameter tuning?,Hyperparameter tuning is computationally costly and can overfit the validation set. It is the process of searching for the best training settings that are not learned from data. It can raise accuracy substantially without changing the model type. It tries different tree depths and learning rates for a boosting model.
AI/ML,Give an example of random forest.,"Random forest predicts customer churn by combining hundreds of trees through majority voting. It is an ensemble of many decision trees trained on random subsets of data and features. It is used for robust tabular prediction with little tuning. It uses bagging, unlike boosting methods that train trees sequentially."
AI/ML,How does class imbalance differ from related concepts?,"Class imbalance is addressed with SMOTE, undersampling, and focal loss. It can be handled with resampling, class weights, and suitable metrics. It makes accuracy misleading, since predicting the majority class looks good. It appears when only one percent of transactions are fraudulent."
AI/ML,Is there a substitute for gradient descent?,"Gradient descent has variants such as SGD, mini-batch, Momentum, and Adam. It is an optimization algorithm that updates parameters in the direction that reduces loss. It is used to train linear models and neural networks. It scales to huge datasets and many parameters, especially in stochastic form."
AI/ML,Where have you seen k-nearest neighbors in action?,K-nearest neighbors labels a flower by the majority class among its five nearest samples. It is an algorithm that predicts using the labels of the k closest training points. It is used for simple classification and recommendation tasks. It needs no training phase and is easy to understand.
AI/ML,Describe cross-validation briefly.,"Cross-validation is a resampling method that evaluates a model on multiple train-test splits. It is computationally costly and can leak information with time series or grouped data. It trains five times in five-fold validation, each time holding out a different fold. It includes k-fold, stratified, and leave-one-out variants."
AI/ML,What are the alternatives or companions of linear regression?,"Linear regression extends to ridge, lasso, and polynomial regression. It is a model that predicts a numeric value as a weighted sum of input features. It is used for forecasting and understanding relationships between variables. It is fast, simple, and highly interpretable."
AI/ML,How does transformer differ from related concepts?,"Transformer replaced many RNN and LSTM approaches in NLP. It is a neural network architecture based on self-attention rather than recurrence. It is used for language models, translation, and increasingly vision tasks. It needs large compute and memory, since attention cost grows with sequence length squared."
AI/ML,What do you gain by using precision?,"Precision tells how trustworthy positive predictions are. It is prioritized when false positives are costly, such as spam filtering. It equals eight out of ten when eight of ten flagged emails are truly spam. It is balanced against recall using the F1 score."
AI/ML,When should you use reinforcement learning?,"Reinforcement learning is used in robotics, game playing, and recommendation or control problems. It is a learning paradigm where an agent learns actions by receiving rewards. It learns strategies without labeled examples through interaction. It trains an agent to play Atari games by maximizing score."
AI/ML,What should I learn alongside decision tree?,"Decision tree is the building block of random forests and gradient boosting. It is used for tabular classification and regression with mixed feature types. It is easy to visualize and needs little preprocessing. It decides loan approval by checking income, then credit history."
AI/ML,What problem does gradient boosting solve?,"Gradient boosting is used for high-accuracy tabular tasks and competitions. It is an ensemble method that builds trees sequentially, each correcting previous errors. It often delivers state-of-the-art accuracy on structured data. It is sensitive to hyperparameters and can overfit noisy data."
AI/ML,What should you watch out for when using cross-validation?,"Cross-validation is computationally costly and can leak information with time series or grouped data. It uses data efficiently and gives a more stable estimate than one split. It trains five times in five-fold validation, each time holding out a different fold. It includes k-fold, stratified, and leave-one-out variants."
AI/ML,What are the advantages of k-means clustering?,"K-means clustering is simple, fast, and scales to large datasets. It is an unsupervised algorithm that groups data into k clusters around centroids. It is used for customer segmentation and image compression. It needs k in advance, favors round clusters, and is sensitive to initialization and outliers."
AI/ML,What is the main purpose of learning rate?,Learning rate is tuned to balance training speed against stability. It gives direct control over convergence behavior when chosen well. It causes divergence if too high and painfully slow training if too low. It can be adjusted over time using schedules or warmup.
AI/ML,Where is dropout commonly applied?,Dropout is used in deep networks to prevent co-adaptation of neurons. It is a regularization technique that randomly disables neurons during training. It reduces overfitting and acts like training an ensemble of sub-networks. It slows convergence and is turned off at inference time.
AI/ML,How would you explain recurrent neural network to a beginner?,Recurrent neural network is a neural network that processes sequences by passing a hidden state forward in time. It handles variable-length sequences with shared weights. It trains slowly because steps are sequential and suffers vanishing gradients. It predicts the next character in a sentence from previous characters.
AI/ML,Give an example of tokenization.,"Tokenization splits unbelievable into subwords such as un, believ, and able. It is the process of splitting text into units such as words or subwords. It is used as the first step in NLP pipelines. It uses methods such as whitespace splitting, WordPiece, and Byte Pair Encoding."
AI/ML,What do you gain by using softmax?,"Softmax gives interpretable class probabilities that work well with cross-entropy loss. It is used in output layers for multi-class classification. It is overconfident on out-of-distribution inputs and unsuitable for multi-label tasks. It turns scores of two, one, and zero into roughly 0.67, 0.24, and 0.09."
AI/ML,Can you illustrate recurrent neural network with an example?,Recurrent neural network predicts the next character in a sentence from previous characters. It handles variable-length sequences with shared weights. It trains slowly because steps are sequential and suffers vanishing gradients. It is improved by LSTM and GRU and often replaced by transformers.
AI/ML,How does dropout help developers?,Dropout reduces overfitting and acts like training an ensemble of sub-networks. It is a regularization technique that randomly disables neurons during training. It drops fifty percent of hidden units in each training step. It is often combined with weight decay and batch normalization.
AI/ML,What problems can cross-validation cause?,"Cross-validation is computationally costly and can leak information with time series or grouped data. It is a resampling method that evaluates a model on multiple train-test splits. It trains five times in five-fold validation, each time holding out a different fold. It includes k-fold, stratified, and leave-one-out variants."
AI/ML,Why do developers use recall?,"Recall is prioritized when missing a positive is costly, such as disease screening. It shows how many real cases the model catches. It ignores false alarms, so predicting everything positive gives perfect recall. It equals eight out of ten when the model finds eight of ten real fraud cases."
AI/ML,What is logistic regression used for?,"Logistic regression is used for binary outcomes such as churn or spam. It is quick to train, interpretable, and gives calibrated probabilities. It struggles with non-linear boundaries unless features are engineered. It predicts whether a customer will buy based on age and browsing time."
AI/ML,Why do developers use one-hot encoding?,"One-hot encoding is used to feed categorical features into models. It avoids implying a false order between categories. It turns color values red, green, and blue into three binary columns. It is an alternative to label encoding and target encoding."
AI/ML,Where is hyperparameter tuning commonly applied?,"Hyperparameter tuning is used to improve model performance before deployment. It can raise accuracy substantially without changing the model type. It tries different tree depths and learning rates for a boosting model. It uses grid search, random search, and Bayesian optimization."
AI/ML,Show a real-world example of logistic regression.,"Logistic regression predicts whether a customer will buy based on age and browsing time. It is used for binary outcomes such as churn or spam. It is quick to train, interpretable, and gives calibrated probabilities. It generalizes to multi-class problems with softmax."
AI/ML,What problem does confusion matrix solve?,"Confusion matrix is used to evaluate classification models beyond plain accuracy. It reveals which classes get confused and exposes false positives and negatives. It becomes hard to read with many classes and does not give a single score. It is the basis for precision, recall, and F1 score."
AI/ML,What is recurrent neural network?,Recurrent neural network is a neural network that processes sequences by passing a hidden state forward in time. It is used for time series and text with order dependence. It handles variable-length sequences with shared weights. It predicts the next character in a sentence from previous characters.
AI/ML,What does linear regression mean?,"Linear regression is a model that predicts a numeric value as a weighted sum of input features. It is used for forecasting and understanding relationships between variables. It is fast, simple, and highly interpretable. It predicts house price from area, location score, and number of rooms."
AI/ML,What are the drawbacks of gradient boosting?,"Gradient boosting is sensitive to hyperparameters and can overfit noisy data. It is an ensemble method that builds trees sequentially, each correcting previous errors. It often delivers state-of-the-art accuracy on structured data. It is implemented by XGBoost, LightGBM, and CatBoost."
AI/ML,How does word embedding compare with similar approaches?,"Word embedding includes Word2Vec and GloVe, while contextual models like BERT produce context-aware vectors. It is used as input features for NLP models. It places related words close together and reduces dimensionality compared with one-hot vectors. It places king and queen near each other in vector space."
AI/ML,What is random forest?,Random forest is an ensemble of many decision trees trained on random subsets of data and features. It is used for robust tabular prediction with little tuning. It reduces overfitting through averaging and gives feature importance scores. It predicts customer churn by combining hundreds of trees through majority voting.
AI/ML,What are the disadvantages of loss function?,"Loss function can mislead if it does not match the real business metric. It is a function that measures how far predictions are from true values. It uses mean squared error for regression and cross-entropy for classification. It is different from an evaluation metric, which reports performance to humans."
AI/ML,What problem does PCA solve?,"PCA is used for dimensionality reduction and visualization. It is a technique that projects data onto directions of maximum variance. It removes redundancy, speeds training, and reduces noise. It makes features hard to interpret and captures only linear structure. It is an alternative to t-SNE and UMAP for visualization."
AI/ML,Why is gradient descent useful?,"Gradient descent scales to huge datasets and many parameters, especially in stochastic form. It is an optimization algorithm that updates parameters in the direction that reduces loss. It is used to train linear models and neural networks. It has variants such as SGD, mini-batch, Momentum, and Adam."
AI/ML,What other concepts are connected to support vector machine?,Support vector machine is an alternative to logistic regression and tree-based models. It is a classifier that finds the hyperplane with the largest margin between classes. It works well in high dimensions and supports non-linear kernels. It separates spam from legitimate emails using an RBF kernel.
AI/ML,What do you gain by using gradient descent?,"Gradient descent scales to huge datasets and many parameters, especially in stochastic form. It is an optimization algorithm that updates parameters in the direction that reduces loss. It adjusts weights step by step until the loss stops decreasing. It has variants such as SGD, mini-batch, Momentum, and Adam."
AI/ML,What problem does transformer solve?,"Transformer is used for language models, translation, and increasingly vision tasks. It is a neural network architecture based on self-attention rather than recurrence. It processes tokens in parallel and captures long-range dependencies. It powers models such as BERT, GPT, and T5."
AI/ML,When should you use support vector machine?,"Support vector machine is used for medium-sized datasets with clear margins, including text classification. It works well in high dimensions and supports non-linear kernels. It scales poorly to very large datasets and needs feature scaling. It is an alternative to logistic regression and tree-based models."
AI/ML,How does learning rate differ from related concepts?,Learning rate can be adjusted over time using schedules or warmup. It is a hyperparameter that controls the step size of each weight update. It causes divergence if too high and painfully slow training if too low. It is often set around 0.001 for the Adam optimizer.
AI/ML,How is recall used in practice?,"Recall equals eight out of ten when the model finds eight of ten real fraud cases. It is prioritized when missing a positive is costly, such as disease screening. It ignores false alarms, so predicting everything positive gives perfect recall. It is also called sensitivity or true positive rate."
AI/ML,Where have you seen softmax in action?,"Softmax turns scores of two, one, and zero into roughly 0.67, 0.24, and 0.09. It is used in output layers for multi-class classification. It gives interpretable class probabilities that work well with cross-entropy loss. It is overconfident on out-of-distribution inputs and unsuitable for multi-label tasks."
AI/ML,Describe TF-IDF briefly.,TF-IDF is a weighting scheme that scores words by frequency in a document and rarity across documents. It gives the word kubernetes a high score in a DevOps article. It is a classic alternative to word embeddings and bag-of-words counts.
AI/ML,What should I learn alongside class imbalance?,"Class imbalance is addressed with SMOTE, undersampling, and focal loss. It is checked in fraud, medical, and anomaly detection datasets. It makes accuracy misleading, since predicting the majority class looks good. It appears when only one percent of transactions are fraudulent."
AI/ML,What are the downsides of k-means clustering?,"K-means clustering needs k in advance, favors round clusters, and is sensitive to initialization and outliers. It is an unsupervised algorithm that groups data into k clusters around centroids. It groups shoppers into three segments by spending and visit frequency."
AI/ML,Where is backpropagation commonly applied?,Backpropagation is used to train neural networks by sending errors backward through layers. It computes all gradients efficiently using the chain rule. It tells a network how much each weight contributed to a wrong prediction. It works together with an optimizer like gradient descent.
AI/ML,What are the limitations of softmax?,"Softmax is overconfident on out-of-distribution inputs and unsuitable for multi-label tasks. It is used in output layers for multi-class classification. It gives interpretable class probabilities that work well with cross-entropy loss. It turns scores of two, one, and zero into roughly 0.67, 0.24, and 0.09."
AI/ML,What should I learn alongside word embedding?,"Word embedding includes Word2Vec and GloVe, while contextual models like BERT produce context-aware vectors. It is used as input features for NLP models. It places related words close together and reduces dimensionality compared with one-hot vectors. It gives one vector per word, so static embeddings cannot separate different meanings."
AI/ML,Give an example of LSTM.,LSTM forecasts electricity demand from previous hourly readings. It is a recurrent network unit with gates that control what to remember or forget. It remembers long-term information better than plain RNNs. It is slower than transformers and harder to parallelize. It has a lighter variant called GRU.
AI/ML,Can you illustrate support vector machine with an example?,Support vector machine separates spam from legitimate emails using an RBF kernel. It is a classifier that finds the hyperplane with the largest margin between classes. It works well in high dimensions and supports non-linear kernels. It scales poorly to very large datasets and needs feature scaling.
AI/ML,What are the alternatives or companions of cross-validation?,"Cross-validation includes k-fold, stratified, and leave-one-out variants. It is used to estimate generalization performance and tune hyperparameters. It uses data efficiently and gives a more stable estimate than one split. It is computationally costly and can leak information with time series or grouped data."
AI/ML,When should you use k-means clustering?,"K-means clustering is used for customer segmentation and image compression. It is an unsupervised algorithm that groups data into k clusters around centroids. It is simple, fast, and scales to large datasets. It needs k in advance, favors round clusters, and is sensitive to initialization and outliers."
AI/ML,What is an alternative to backpropagation?,Backpropagation works together with an optimizer like gradient descent. It is the algorithm that computes gradients of the loss with respect to network weights. It computes all gradients efficiently using the chain rule. It suffers from vanishing or exploding gradients in very deep networks.
AI/ML,What other concepts are connected to gradient boosting?,"Gradient boosting differs from random forest, which trains trees independently in parallel. It is an ensemble method that builds trees sequentially, each correcting previous errors. It is sensitive to hyperparameters and can overfit noisy data. It is implemented by XGBoost, LightGBM, and CatBoost."
AI/ML,How does activation function differ from related concepts?,"Activation function is chosen among options like tanh, sigmoid, ReLU, and GELU. It is used between layers so networks can learn complex patterns. It can cause vanishing gradients or dead neurons if chosen poorly. It includes ReLU in hidden layers and sigmoid in binary outputs."
AI/ML,How is ROC curve used in practice?,ROC curve shows a diagonal line for random guessing and a curve toward the top-left for good models. It is used to compare classifiers independent of one chosen threshold. It is often replaced by the precision-recall curve for rare positives.
AI/ML,When should you use cross-validation?,Cross-validation is used to estimate generalization performance and tune hyperparameters. It is a resampling method that evaluates a model on multiple train-test splits. It uses data efficiently and gives a more stable estimate than one split. It is computationally costly and can leak information with time series or grouped data.
AI/ML,What do you gain by using activation function?,"Activation function lets stacked layers represent curves rather than only linear mappings. It is a function applied to a neuron's output to introduce non-linearity. It is used between layers so networks can learn complex patterns. It is chosen among options like tanh, sigmoid, ReLU, and GELU."
AI/ML,What do you gain by using fine-tuning?,Fine-tuning reaches strong performance with far less data and compute than training from scratch. It is used to adapt general models like BERT to a specific domain. It can cause catastrophic forgetting and overfit on small datasets. It trains BERT further on support tickets to classify them.
AI/ML,What are the disadvantages of support vector machine?,Support vector machine scales poorly to very large datasets and needs feature scaling. It is a classifier that finds the hyperplane with the largest margin between classes. It separates spam from legitimate emails using an RBF kernel. It is an alternative to logistic regression and tree-based models.
AI/ML,Describe a scenario where underfitting is applied.,"Underfitting occurs when a straight line is fitted to clearly curved data. It is easy to fix by adding features, complexity, or training longer. It yields poor predictions everywhere because the model never learns the signal. It is linked to high bias, while overfitting is linked to high variance."
AI/ML,What problem does regularization solve?,"Regularization is used to reduce overfitting in linear models and neural networks. It is a set of techniques that discourage overly complex models. It improves generalization to unseen data. It adds an L2 penalty on weights to the loss function. It includes L1, L2, dropout, and early stopping."
AI/ML,What other concepts are connected to underfitting?,"Underfitting is linked to high bias, while overfitting is linked to high variance. It is diagnosed when both training and validation errors stay high. It is easy to fix by adding features, complexity, or training longer. It occurs when a straight line is fitted to clearly curved data."
AI/ML,What is a practical example of F1 score?,"F1 score equals 0.67 when precision is 0.75 and recall is 0.60. It gives one number that balances false positives and false negatives. It ignores true negatives and treats precision and recall as equally important. It generalizes to the F-beta score, which weights recall or precision more."
AI/ML,Where have you seen k-means clustering in action?,"K-means clustering groups shoppers into three segments by spending and visit frequency. It is used for customer segmentation and image compression. It needs k in advance, favors round clusters, and is sensitive to initialization and outliers. It differs from hierarchical and DBSCAN clustering."
AI/ML,List the strengths of k-means clustering.,"K-means clustering is simple, fast, and scales to large datasets. It is an unsupervised algorithm that groups data into k clusters around centroids. It needs k in advance, favors round clusters, and is sensitive to initialization and outliers. It differs from hierarchical and DBSCAN clustering."
AI/ML,List the strengths of gradient descent.,"Gradient descent scales to huge datasets and many parameters, especially in stochastic form. It is used to train linear models and neural networks. It adjusts weights step by step until the loss stops decreasing. It has variants such as SGD, mini-batch, Momentum, and Adam."
AI/ML,What are the benefits of using hyperparameter tuning?,Hyperparameter tuning can raise accuracy substantially without changing the model type. It is the process of searching for the best training settings that are not learned from data. It tries different tree depths and learning rates for a boosting model.
AI/ML,What is a practical example of hyperparameter tuning?,Hyperparameter tuning tries different tree depths and learning rates for a boosting model. It is used to improve model performance before deployment. It can raise accuracy substantially without changing the model type. It is computationally costly and can overfit the validation set.
AI/ML,What are the disadvantages of PCA?,PCA makes features hard to interpret and captures only linear structure. It is a technique that projects data onto directions of maximum variance. It is used for dimensionality reduction and visualization. It compresses fifty correlated features into ten principal components. It is an alternative to t-SNE and UMAP for visualization.
AI/ML,Can you illustrate PCA with an example?,"PCA compresses fifty correlated features into ten principal components. It is used for dimensionality reduction and visualization. It removes redundancy, speeds training, and reduces noise. It makes features hard to interpret and captures only linear structure. It is an alternative to t-SNE and UMAP for visualization."
AI/ML,What are the advantages of regularization?,"Regularization improves generalization to unseen data. It is a set of techniques that discourage overly complex models. It is used to reduce overfitting in linear models and neural networks. It adds hyperparameters, and too much of it causes underfitting. It adds an L2 penalty on weights to the loss function."
AI/ML,In which situations is class imbalance a good choice?,"Class imbalance is checked in fraud, medical, and anomaly detection datasets. It is a situation where one class has far more samples than others. It can be handled with resampling, class weights, and suitable metrics. It appears when only one percent of transactions are fraudulent."
AI/ML,Can you give a short overview of activation function?,Activation function is a function applied to a neuron's output to introduce non-linearity. It is used between layers so networks can learn complex patterns. It lets stacked layers represent curves rather than only linear mappings. It includes ReLU in hidden layers and sigmoid in binary outputs.
AI/ML,How does support vector machine differ from related concepts?,Support vector machine is an alternative to logistic regression and tree-based models. It works well in high dimensions and supports non-linear kernels. It scales poorly to very large datasets and needs feature scaling. It separates spam from legitimate emails using an RBF kernel.
AI/ML,How would you explain transfer learning to a beginner?,Transfer learning is the practice of reusing a model trained on one task for another task. It is used when labeled data is limited. It saves training time and data and often improves accuracy. It adapts an ImageNet-trained ResNet to classify medical images. It includes feature extraction and fine-tuning.
AI/ML,What are the advantages of gradient descent?,"Gradient descent scales to huge datasets and many parameters, especially in stochastic form. It is an optimization algorithm that updates parameters in the direction that reduces loss. It can get stuck in local minima or plateaus and is sensitive to learning rate."
AI/ML,What should I learn alongside ROC curve?,ROC curve is often replaced by the precision-recall curve for rare positives. It is used to compare classifiers independent of one chosen threshold. It can look overly optimistic on heavily imbalanced data. It shows a diagonal line for random guessing and a curve toward the top-left for good models.
AI/ML,What are the advantages of support vector machine?,"Support vector machine works well in high dimensions and supports non-linear kernels. It is used for medium-sized datasets with clear margins, including text classification. It separates spam from legitimate emails using an RBF kernel. It is an alternative to logistic regression and tree-based models."
AI/ML,Give an example of learning rate.,Learning rate is often set around 0.001 for the Adam optimizer. It is tuned to balance training speed against stability. It gives direct control over convergence behavior when chosen well. It can be adjusted over time using schedules or warmup.
AI/ML,What does dropout mean?,Dropout is a regularization technique that randomly disables neurons during training. It is used in deep networks to prevent co-adaptation of neurons. It reduces overfitting and acts like training an ensemble of sub-networks. It drops fifty percent of hidden units in each training step.
AI/ML,Walk me through a simple example of gradient descent.,"Gradient descent adjusts weights step by step until the loss stops decreasing. It is used to train linear models and neural networks. It can get stuck in local minima or plateaus and is sensitive to learning rate. It has variants such as SGD, mini-batch, Momentum, and Adam."
AI/ML,Give an example of ROC curve.,ROC curve shows a diagonal line for random guessing and a curve toward the top-left for good models. It is a plot of true positive rate against false positive rate across thresholds. It can look overly optimistic on heavily imbalanced data.
AI/ML,What are the advantages of linear regression?,"Linear regression is fast, simple, and highly interpretable. It is used for forecasting and understanding relationships between variables. It assumes linearity and is sensitive to outliers and correlated features. It predicts house price from area, location score, and number of rooms."
AI/ML,What do you gain by using learning rate?,Learning rate gives direct control over convergence behavior when chosen well. It is tuned to balance training speed against stability. It causes divergence if too high and painfully slow training if too low. It can be adjusted over time using schedules or warmup.
AI/ML,What are the benefits of using underfitting?,"Underfitting is easy to fix by adding features, complexity, or training longer. It happens when a model is too simple to capture patterns in the data. It is diagnosed when both training and validation errors stay high. It is linked to high bias, while overfitting is linked to high variance."
AI/ML,How does loss function differ from related concepts?,"Loss function is different from an evaluation metric, which reports performance to humans. It is a function that measures how far predictions are from true values. It turns the goal of learning into a number that optimizers can reduce. It uses mean squared error for regression and cross-entropy for classification."
AI/ML,What do you gain by using random forest?,"Random forest reduces overfitting through averaging and gives feature importance scores. It is an ensemble of many decision trees trained on random subsets of data and features. It predicts customer churn by combining hundreds of trees through majority voting. It uses bagging, unlike boosting methods that train trees sequentially."
AI/ML,Give an example of feature scaling.,"Feature scaling standardizes age and income to mean zero and unit variance. It is the process of putting numeric features on comparable ranges. It is used before distance-based or gradient-based algorithms. It must be fit on training data only, or it leaks information."
AI/ML,In which situations is gradient descent a good choice?,"Gradient descent is used to train linear models and neural networks. It scales to huge datasets and many parameters, especially in stochastic form. It adjusts weights step by step until the loss stops decreasing. It has variants such as SGD, mini-batch, Momentum, and Adam."
AI/ML,Show a real-world example of k-means clustering.,"K-means clustering groups shoppers into three segments by spending and visit frequency. It is an unsupervised algorithm that groups data into k clusters around centroids. It is simple, fast, and scales to large datasets. It differs from hierarchical and DBSCAN clustering."
AI/ML,What makes recall valuable?,"Recall shows how many real cases the model catches. It is the fraction of actual positives that the model correctly identifies. It is prioritized when missing a positive is costly, such as disease screening. It equals eight out of ten when the model finds eight of ten real fraud cases."
AI/ML,Where have you seen learning rate in action?,Learning rate is often set around 0.001 for the Adam optimizer. It gives direct control over convergence behavior when chosen well. It causes divergence if too high and painfully slow training if too low. It can be adjusted over time using schedules or warmup.
AI/ML,Show a real-world example of gradient boosting.,"Gradient boosting is implemented by XGBoost, LightGBM, and CatBoost. It is an ensemble method that builds trees sequentially, each correcting previous errors. It often delivers state-of-the-art accuracy on structured data. It is sensitive to hyperparameters and can overfit noisy data."
AI/ML,How does LSTM compare with similar approaches?,"LSTM has a lighter variant called GRU. It is a recurrent network unit with gates that control what to remember or forget. It is used for sequences like speech, text, and sensor data. It remembers long-term information better than plain RNNs."
AI/ML,What other concepts are connected to gradient descent?,"Gradient descent has variants such as SGD, mini-batch, Momentum, and Adam. It scales to huge datasets and many parameters, especially in stochastic form. It can get stuck in local minima or plateaus and is sensitive to learning rate. It adjusts weights step by step until the loss stops decreasing."
AI/ML,What is an alternative to underfitting?,"Underfitting is linked to high bias, while overfitting is linked to high variance. It is diagnosed when both training and validation errors stay high. It is easy to fix by adding features, complexity, or training longer. It yields poor predictions everywhere because the model never learns the signal."
AI/ML,What should you watch out for when using TF-IDF?,"TF-IDF ignores word order and meaning, so synonyms are treated as unrelated. It is a weighting scheme that scores words by frequency in a document and rarity across documents. It is used to turn text into numeric features for search and classification. It highlights distinctive words and downweights common ones."
AI/ML,Give an example of F1 score.,F1 score equals 0.67 when precision is 0.75 and recall is 0.60. It is the harmonic mean of precision and recall. It is used to evaluate classifiers on imbalanced datasets. It gives one number that balances false positives and false negatives.
AI/ML,What problem does ReLU solve?,ReLU is used in hidden layers of deep networks. It is an activation function that outputs zero for negative inputs and the input otherwise. It can cause dead neurons that output zero for all inputs. It turns negative three into zero and positive five into five.
AI/ML,What is the main purpose of class imbalance?,"Class imbalance is checked in fraud, medical, and anomaly detection datasets. It can be handled with resampling, class weights, and suitable metrics. It appears when only one percent of transactions are fraudulent. It is addressed with SMOTE, undersampling, and focal loss."
AI/ML,What are the downsides of confusion matrix?,"Confusion matrix becomes hard to read with many classes and does not give a single score. It is a table that compares predicted classes against actual classes. It reveals which classes get confused and exposes false positives and negatives. It is the basis for precision, recall, and F1 score."
