domain,question,answer
Backend,What is a practical example of database sharding?,"Database sharding stores users with IDs in different ranges on different database servers. It scales storage and write throughput horizontally. It complicates queries, joins, transactions, and rebalancing when shards grow unevenly. It differs from replication, which copies the same data to multiple servers."
Backend,What is rate limiting?,"Rate limiting restricts how many requests a client can make to an API within a given time window. It protects servers from abuse, brute-force attacks, and overload. Common algorithms include token bucket and sliding window, and servers usually respond with HTTP status 429 when limits are exceeded."
Backend,What are the advantages of SQL join?,"SQL join lets relational data stay organized without duplicating information. It is an operation that combines rows from two tables based on a related column. It can become slow on large tables without proper indexes. It comes in inner, left, right, and full types, which differ in handling unmatched rows."
Backend,What is an alternative to reverse proxy?,"Reverse proxy differs from a forward proxy, which represents clients instead of servers. It hides internal servers and centralizes security and performance features. It adds a network hop and another component to configure and monitor. It lets Nginx accept HTTPS traffic and pass it to a local application."
Backend,How would you explain database index to a beginner?,"Database index is a data structure, often a B-tree, that speeds up row lookups on chosen columns. It makes finding a user by email fast after indexing the email column. It is analyzed with EXPLAIN plans, and composite indexes cover multiple columns."
Backend,What are the downsides of dependency injection?,"Dependency injection adds indirection and configuration that can confuse newcomers. It is used to decouple components and make code testable. It lets tests substitute mocks and simplifies swapping implementations. It passes a database repository into a service through its constructor. It is supported by Spring, NestJS, and FastAPI's Depends."
Backend,What are the limitations of WebSocket?,"WebSocket holds connections open, which complicates scaling and load balancing. It is used for chat, live notifications, multiplayer games, and trading dashboards. It pushes new chat messages to every connected user immediately. It differs from HTTP polling and Server-Sent Events, which are one-directional."
Backend,What makes GraphQL valuable?,GraphQL avoids over-fetching and under-fetching and gives a strongly typed schema. It is a query language where clients request exactly the fields they need from one endpoint. It lets a mobile app request only a user's name and avatar in one call.
Backend,What is the basic idea behind caching?,Caching is the practice of storing frequently used data in fast storage for quick reuse. It is used to cut database load and speed up repeated requests. It lowers latency and cost and helps systems handle traffic spikes. It stores a computed homepage result for sixty seconds.
Backend,How does middleware compare with similar approaches?,"Middleware is a core concept in Express, Django, and FastAPI. It is a function that runs between an incoming request and the final route handler. It can slow requests if too many layers run, and ordering mistakes cause subtle bugs."
Backend,How does database replication differ from related concepts?,"Database replication is different from sharding, which splits data rather than copying it. It keeps the service running if the primary fails and scales reads. It can show replication lag, so replicas may return slightly outdated data. It sends all writes to a primary and dashboard reads to a replica."
Backend,Describe a scenario where stored procedure is applied.,"Stored procedure runs a calculate_invoice procedure with one call from the application. It is a precompiled set of SQL statements stored and executed inside the database. It reduces network round trips and can improve performance and security. It is harder to version, test, and port between database vendors."
Backend,How does webhook differ from related concepts?,Webhook is the push counterpart of polling an API. It is an HTTP callback where a service sends event data to your URL. It is used to receive notifications such as payment completion. It avoids polling and delivers events in near real time.
Backend,How is CAP theorem typically used in real projects?,"CAP theorem is used to reason about trade-offs when designing distributed databases. It is a principle stating a distributed system cannot guarantee consistency, availability, and partition tolerance simultaneously. It clarifies why systems must choose behavior during network partitions. It is extended by PACELC, which also considers latency."
Backend,Walk me through a simple example of circuit breaker.,"Circuit breaker trips after five consecutive timeouts and returns a fallback response. It is a pattern that stops calling a failing service after repeated errors. It needs tuned thresholds, and wrong settings may block healthy calls. It is implemented by libraries like Resilience4j and Polly."
Backend,What are the alternatives or companions of connection pooling?,Connection pooling is provided by tools like PgBouncer and libraries such as HikariCP. It is a technique that keeps a set of reusable database connections open. It is used so applications avoid opening a new connection for every request. It cuts connection overhead and prevents exhausting database connection limits.
Backend,What is an alternative to microservice?,"Microservice contrasts with the monolith, which keeps everything in one deployable unit. It allows independent scaling, technology choices, and fault isolation. It adds network complexity, distributed debugging, and data consistency challenges. It separates payments, inventory, and user accounts into different services."
Backend,When should you use database sharding?,"Database sharding is used when a single server can no longer handle data size or traffic. It scales storage and write throughput horizontally. It complicates queries, joins, transactions, and rebalancing when shards grow unevenly. It differs from replication, which copies the same data to multiple servers."
Backend,What is the basic idea behind middleware?,"Middleware is a function that runs between an incoming request and the final route handler. It keeps cross-cutting logic reusable and separate from business code. It checks a token and rejects unauthenticated requests before reaching the route. It is a core concept in Express, Django, and FastAPI."
Backend,Describe a scenario where rate limiting is applied.,"Rate limiting returns HTTP 429 after a user exceeds one hundred requests per minute. It is used to protect APIs from abuse, scraping, and overload. It keeps service available and fair for all users and reduces costs. It uses algorithms like token bucket, leaky bucket, and sliding window."
Backend,Why is ORM useful?,"ORM speeds development, improves portability, and helps prevent SQL injection. It is a library that maps database tables to objects in a programming language. It lets Django models or SQLAlchemy classes represent a users table. It is an alternative to raw SQL and query builders."
Backend,What are the drawbacks of WebSocket?,"WebSocket holds connections open, which complicates scaling and load balancing. It is used for chat, live notifications, multiplayer games, and trading dashboards. It delivers messages instantly without repeated polling overhead. It pushes new chat messages to every connected user immediately."
Backend,What are the benefits of using Nginx?,Nginx handles many concurrent connections efficiently using little memory. It is a high-performance web server that also works as a reverse proxy and load balancer. It has a configuration syntax that is easy to misconfigure. It competes with Apache and Caddy.
Backend,What are the limitations of gRPC?,"gRPC is harder to use directly from browsers and to inspect than JSON APIs. It is a high-performance remote procedure call framework using HTTP/2 and Protocol Buffers. It offers compact binary messages, streaming, and generated client code. It is an alternative to REST and GraphQL for service-to-service calls."
Backend,Describe a scenario where monolith is applied.,"Monolith runs web, billing, and admin code in one deployable application. It is an application built and deployed as one single unit. It is used for early-stage products and small teams that need to move quickly. It is simple to develop, test, deploy, and debug locally."
Backend,List the strengths of database index.,"Database index turns slow full table scans into fast lookups, boosting read performance. It slows inserts and updates and consumes extra storage. It makes finding a user by email fast after indexing the email column. It is analyzed with EXPLAIN plans, and composite indexes cover multiple columns."
Backend,What are the limitations of Docker container?,"Docker container shares the host kernel, so isolation is weaker than a full virtual machine. It is used to run software consistently across development and production. It removes works-on-my-machine problems and starts much faster than virtual machines. It is orchestrated at scale by Kubernetes."
Backend,What are the drawbacks of ACID transaction?,"ACID transaction adds locking and coordination overhead that limits scalability. It is used for operations like payments where partial updates are unacceptable. It transfers money by debiting one account and crediting another, or neither. It contrasts with BASE systems that favor availability and eventual consistency."
Backend,What other concepts are connected to Docker container?,"Docker container is orchestrated at scale by Kubernetes. It removes works-on-my-machine problems and starts much faster than virtual machines. It shares the host kernel, so isolation is weaker than a full virtual machine. It packages a Flask app and Python runtime into one image."
Backend,What should you watch out for when using API versioning?,API versioning multiplies maintenance work when many versions must be supported. It is the practice of managing changes to an API through distinct versions. It gives clients time to migrate and keeps integrations stable. It exposes /v1/users and /v2/users side by side.
Backend,What is related to eventual consistency?,"Eventual consistency contrasts with strong consistency, which makes all reads return the latest write. It is used in highly available distributed databases like DynamoDB and Cassandra. It enables high availability and low latency across regions. It lets a social media like count appear different for a moment on two servers."
Backend,Describe a scenario where ORM is applied.,ORM lets Django models or SQLAlchemy classes represent a users table. It is a library that maps database tables to objects in a programming language. It can generate inefficient queries and hides what the database is doing. It is an alternative to raw SQL and query builders.
Backend,What is a practical example of pagination?,"Pagination returns twenty items per request with a next cursor token. It reduces response size, memory use, and load times. It can show duplicates or gaps when data changes, and deep offsets get slow. It comes as offset-based or cursor-based styles."
Backend,What are the advantages of caching?,"Caching lowers latency and cost and helps systems handle traffic spikes. It is used to cut database load and speed up repeated requests. It stores a computed homepage result for sixty seconds. It can happen at browser, CDN, application, or database layers."
Backend,Show a real-world example of background job.,"Background job resizes uploaded images with a Celery worker after the upload completes. It is used for emails, report generation, and image processing. It keeps responses fast and allows retries and scheduling. It is built with Celery, Sidekiq, or BullMQ on top of queues."
Backend,What are the drawbacks of CORS?,"CORS causes confusing errors when headers are misconfigured, and wildcard origins are risky. It protects users by blocking unauthorized cross-origin reads by default. It lets an app on app.example.com call api.example.com through Access-Control-Allow-Origin. It is enforced by browsers and not by tools like curl."
Backend,What makes REST API valuable?,"REST API is simple, stateless, cacheable, and works with any client that speaks HTTP. It is used to let web and mobile clients communicate with servers over HTTP. It can cause over-fetching or multiple round trips when clients need related data."
Backend,What is the main purpose of pagination?,"Pagination is used for lists, feeds, and search results. It is the practice of returning large result sets in smaller pages. It reduces response size, memory use, and load times. It returns twenty items per request with a next cursor token."
Backend,Is there a substitute for database migration?,"Database migration is managed by tools like Flyway, Liquibase, and Alembic. It makes schema changes repeatable, reviewable, and reversible. It can lock tables or lose data if applied carelessly on large production systems. It adds a phone column to users with an Alembic or Django migration."
Backend,What is JWT?,"JWT is a compact signed token carrying claims, made of header, payload, and signature. It is hard to revoke before expiry, and storing it unsafely exposes accounts. It is returned after login and sent in the Authorization header as a Bearer token."
Backend,What are common pitfalls with REST API?,"REST API can cause over-fetching or multiple round trips when clients need related data. It is simple, stateless, cacheable, and works with any client that speaks HTTP. It uses GET /users/5 to read a user and DELETE /users/5 to remove one."
Backend,What are common pitfalls with database index?,"Database index slows inserts and updates and consumes extra storage. It is a data structure, often a B-tree, that speeds up row lookups on chosen columns. It is used on columns frequently searched, joined, or sorted. It turns slow full table scans into fast lookups, boosting read performance."
Backend,What are the advantages of gRPC?,"gRPC offers compact binary messages, streaming, and generated client code. It is a high-performance remote procedure call framework using HTTP/2 and Protocol Buffers. It is used for fast communication between internal microservices. It lets a payment service call an inventory service through a generated stub."
Backend,Can you give a short overview of GraphQL?,GraphQL is a query language where clients request exactly the fields they need from one endpoint. It avoids over-fetching and under-fetching and gives a strongly typed schema. It lets a mobile app request only a user's name and avatar in one call.
Backend,What is related to Apache Kafka?,"Apache Kafka differs from RabbitMQ, which is a traditional broker focused on routing. It is a distributed event streaming platform that stores ordered logs of records. It is used for real-time data pipelines, event sourcing, and log aggregation. It is operationally heavy and overkill for simple task queues."
Backend,What are the benefits of using ORM?,"ORM speeds development, improves portability, and helps prevent SQL injection. It is used to read and write data without writing raw SQL for everything. It can generate inefficient queries and hides what the database is doing. It is an alternative to raw SQL and query builders."
Backend,Give an example of stored procedure.,"Stored procedure runs a calculate_invoice procedure with one call from the application. It is used to encapsulate business logic and repeated database operations. It reduces network round trips and can improve performance and security. It is harder to version, test, and port between database vendors."
Backend,What problem does ORM solve?,"ORM is used to read and write data without writing raw SQL for everything. It speeds development, improves portability, and helps prevent SQL injection. It can generate inefficient queries and hides what the database is doing. It lets Django models or SQLAlchemy classes represent a users table."
Backend,What does cron job mean?,"Cron job is a scheduled task that runs automatically at specified times on Unix-like systems. It is simple, reliable, and requires no extra services. It runs a backup script every night at two in the morning. It is defined by five time fields and managed through crontab."
Backend,What are the alternatives or companions of Redis?,"Redis is similar to Memcached but offers richer data structures. It is an in-memory data store supporting strings, hashes, lists, sets, and more. It delivers very low latency and offers expiry and atomic operations. It is limited by available memory, and persistence settings can risk data loss."
Backend,Show a real-world example of ACID transaction.,"ACID transaction transfers money by debiting one account and crediting another, or neither. It is used for operations like payments where partial updates are unacceptable. It keeps data correct even during failures or concurrent access. It adds locking and coordination overhead that limits scalability."
Backend,In which situations is GraphQL a good choice?,"GraphQL is used for apps with complex, nested data and varied client requirements. It is a query language where clients request exactly the fields they need from one endpoint. It complicates caching and rate limiting, and can expose expensive queries without depth limits."
Backend,What are the benefits of using Docker container?,"Docker container removes works-on-my-machine problems and starts much faster than virtual machines. It is a lightweight, isolated package containing an application and its dependencies. It shares the host kernel, so isolation is weaker than a full virtual machine. It packages a Flask app and Python runtime into one image."
Backend,Why is ORM considered important?,"ORM speeds development, improves portability, and helps prevent SQL injection. It is a library that maps database tables to objects in a programming language. It is used to read and write data without writing raw SQL for everything. It can generate inefficient queries and hides what the database is doing."
Backend,Where is database normalization commonly applied?,"Database normalization is used when designing relational schemas to keep data consistent. It is the process of organizing tables to reduce redundancy and dependency problems. It moves customer addresses into a separate table instead of repeating them per order. It is balanced against denormalization, which duplicates data for faster reads."
Backend,What problems can monolith cause?,Monolith becomes harder to scale and change as the codebase grows. It is an application built and deployed as one single unit. It is used for early-stage products and small teams that need to move quickly. It can evolve into a modular monolith or microservices when needed.
Backend,What does idempotency mean?,Idempotency is the property that repeating an operation produces the same result as doing it once. It requires storing keys or state and careful design for each endpoint. It is built into PUT and DELETE semantics but not POST by default.
Backend,Where have you seen Redis in action?,"Redis stores session data with a 30 minute expiry. It is used for caching, sessions, leaderboards, and rate limiting. It delivers very low latency and offers expiry and atomic operations. It is similar to Memcached but offers richer data structures."
Backend,What problems can database normalization cause?,"Database normalization increases the number of joins, which can slow read-heavy queries. It is the process of organizing tables to reduce redundancy and dependency problems. It is used when designing relational schemas to keep data consistent. It is balanced against denormalization, which duplicates data for faster reads."
Backend,What is related to GraphQL?,"GraphQL is an alternative to REST, and Apollo is a popular implementation. It is a query language where clients request exactly the fields they need from one endpoint. It complicates caching and rate limiting, and can expose expensive queries without depth limits."
Backend,Why do developers use ORM?,"ORM is used to read and write data without writing raw SQL for everything. It is a library that maps database tables to objects in a programming language. It speeds development, improves portability, and helps prevent SQL injection. It lets Django models or SQLAlchemy classes represent a users table."
Backend,How is gRPC used in practice?,"gRPC lets a payment service call an inventory service through a generated stub. It is a high-performance remote procedure call framework using HTTP/2 and Protocol Buffers. It is used for fast communication between internal microservices. It offers compact binary messages, streaming, and generated client code."
Backend,When should you avoid CORS?,"CORS causes confusing errors when headers are misconfigured, and wildcard origins are risky. It is a browser security mechanism controlling which origins can request a server's resources. It protects users by blocking unauthorized cross-origin reads by default. It is enforced by browsers and not by tools like curl."
Backend,Give an example of database migration.,Database migration adds a phone column to users with an Alembic or Django migration. It is a versioned script that changes a database schema in a controlled way. It can lock tables or lose data if applied carelessly on large production systems.
Backend,What other concepts are connected to dependency injection?,"Dependency injection is supported by Spring, NestJS, and FastAPI's Depends. It is a design pattern where objects receive their dependencies instead of creating them. It lets tests substitute mocks and simplifies swapping implementations. It adds indirection and configuration that can confuse newcomers."
Backend,How would you explain pagination to a beginner?,"Pagination is the practice of returning large result sets in smaller pages. It reduces response size, memory use, and load times. It can show duplicates or gaps when data changes, and deep offsets get slow. It comes as offset-based or cursor-based styles."
Backend,What do you gain by using CORS?,CORS protects users by blocking unauthorized cross-origin reads by default. It is a browser security mechanism controlling which origins can request a server's resources. It lets an app on app.example.com call api.example.com through Access-Control-Allow-Origin. It is enforced by browsers and not by tools like curl.
Backend,How does connection pooling compare with similar approaches?,"Connection pooling is provided by tools like PgBouncer and libraries such as HikariCP. It is used so applications avoid opening a new connection for every request. It cuts connection overhead and prevents exhausting database connection limits. It needs careful sizing, because too many or too few connections hurt performance."
Backend,Walk me through a simple example of GraphQL.,"GraphQL lets a mobile app request only a user's name and avatar in one call. It is a query language where clients request exactly the fields they need from one endpoint. It complicates caching and rate limiting, and can expose expensive queries without depth limits."
Backend,Show a real-world example of Docker container.,"Docker container packages a Flask app and Python runtime into one image. It is a lightweight, isolated package containing an application and its dependencies. It shares the host kernel, so isolation is weaker than a full virtual machine. It is orchestrated at scale by Kubernetes."
Backend,What do you gain by using Docker container?,"Docker container removes works-on-my-machine problems and starts much faster than virtual machines. It shares the host kernel, so isolation is weaker than a full virtual machine. It packages a Flask app and Python runtime into one image. It is orchestrated at scale by Kubernetes."
Backend,What is Apache Kafka used for?,"Apache Kafka is used for real-time data pipelines, event sourcing, and log aggregation. It is a distributed event streaming platform that stores ordered logs of records. It handles massive throughput and lets many consumers replay events independently. It is operationally heavy and overkill for simple task queues."
Backend,Where is database migration commonly applied?,"Database migration is used to evolve tables and columns across environments safely. It is a versioned script that changes a database schema in a controlled way. It makes schema changes repeatable, reviewable, and reversible. It adds a phone column to users with an Alembic or Django migration."
Backend,Is there a substitute for circuit breaker?,Circuit breaker is implemented by libraries like Resilience4j and Polly. It is a pattern that stops calling a failing service after repeated errors. It protects resources and lets failing services recover. It trips after five consecutive timeouts and returns a fallback response.
Backend,What is a practical example of monolith?,"Monolith runs web, billing, and admin code in one deployable application. It is used for early-stage products and small teams that need to move quickly. It is simple to develop, test, deploy, and debug locally. It becomes harder to scale and change as the codebase grows."
Backend,Define session authentication in simple words.,Session authentication is a method where the server stores login state and gives the client a session ID. It is used in traditional web apps that keep users logged in through cookies. It sets a session cookie after login and looks up the user on each request.
Backend,What is a practical example of database replication?,"Database replication sends all writes to a primary and dashboard reads to a replica. It is the process of copying data from a primary database to one or more replicas. It can show replication lag, so replicas may return slightly outdated data."
Backend,What is GraphQL?,"GraphQL is a query language where clients request exactly the fields they need from one endpoint. It complicates caching and rate limiting, and can expose expensive queries without depth limits. It is an alternative to REST, and Apollo is a popular implementation."
Backend,Is there a substitute for middleware?,"Middleware is a core concept in Express, Django, and FastAPI. It is a function that runs between an incoming request and the final route handler. It is used for logging, authentication, validation, compression, and error handling. It keeps cross-cutting logic reusable and separate from business code."
Backend,Define idempotency in simple words.,"Idempotency is the property that repeating an operation produces the same result as doing it once. It is used in APIs for safe retries, especially for payments. It makes sending the same payment request with one idempotency key charge once."
Backend,Explain rate limiting.,"Rate limiting is a control that caps how many requests a client can make in a time window. It is used to protect APIs from abuse, scraping, and overload. It can block legitimate bursts if limits are too strict. It uses algorithms like token bucket, leaky bucket, and sliding window."
Backend,What is the basic idea behind webhook?,"Webhook is an HTTP callback where a service sends event data to your URL. It needs signature verification, retries, and idempotent handling. It lets Stripe notify your server when a payment succeeds. It is the push counterpart of polling an API."
Backend,What are the disadvantages of Redis?,"Redis is limited by available memory, and persistence settings can risk data loss. It is an in-memory data store supporting strings, hashes, lists, sets, and more. It is used for caching, sessions, leaderboards, and rate limiting. It is similar to Memcached but offers richer data structures."
Backend,Is there a substitute for microservice?,"Microservice contrasts with the monolith, which keeps everything in one deployable unit. It is a small independently deployable service responsible for one business capability. It is used in large systems where teams need to scale and deploy separately. It separates payments, inventory, and user accounts into different services."
Backend,What problem does load balancer solve?,"Load balancer is used to scale applications and avoid a single point of failure. It can itself become a bottleneck or failure point without redundancy. It is available as hardware or software such as Nginx, HAProxy, and cloud load balancers."
Backend,How would you explain SQL join to a beginner?,"SQL join is an operation that combines rows from two tables based on a related column. It is used to query data spread across normalized tables. It lets relational data stay organized without duplicating information. It comes in inner, left, right, and full types, which differ in handling unmatched rows."
Backend,Where is WebSocket commonly applied?,"WebSocket is used for chat, live notifications, multiplayer games, and trading dashboards. It is a protocol that keeps a persistent two-way connection between client and server. It delivers messages instantly without repeated polling overhead. It differs from HTTP polling and Server-Sent Events, which are one-directional."
Backend,What is database migration?,"Database migration is a versioned script that changes a database schema in a controlled way. It makes schema changes repeatable, reviewable, and reversible. It adds a phone column to users with an Alembic or Django migration. It is managed by tools like Flyway, Liquibase, and Alembic."
Backend,How is database index typically used in real projects?,"Database index is used on columns frequently searched, joined, or sorted. It is a data structure, often a B-tree, that speeds up row lookups on chosen columns. It turns slow full table scans into fast lookups, boosting read performance. It slows inserts and updates and consumes extra storage."
Backend,Is there a substitute for database index?,"Database index is analyzed with EXPLAIN plans, and composite indexes cover multiple columns. It is a data structure, often a B-tree, that speeds up row lookups on chosen columns. It turns slow full table scans into fast lookups, boosting read performance."
Backend,How does session authentication differ from related concepts?,"Session authentication contrasts with token-based approaches like JWT, which are stateless. It is used in traditional web apps that keep users logged in through cookies. It allows easy revocation because the server controls session data. It sets a session cookie after login and looks up the user on each request."
Backend,What are the alternatives or companions of microservice?,"Microservice contrasts with the monolith, which keeps everything in one deployable unit. It is used in large systems where teams need to scale and deploy separately. It allows independent scaling, technology choices, and fault isolation. It adds network complexity, distributed debugging, and data consistency challenges."
Backend,What is a practical example of webhook?,Webhook lets Stripe notify your server when a payment succeeds. It is an HTTP callback where a service sends event data to your URL. It is used to receive notifications such as payment completion. It avoids polling and delivers events in near real time.
Backend,How does idempotency compare with similar approaches?,"Idempotency is built into PUT and DELETE semantics but not POST by default. It is used in APIs for safe retries, especially for payments. It requires storing keys or state and careful design for each endpoint. It makes sending the same payment request with one idempotency key charge once."
Backend,What is a practical example of GraphQL?,"GraphQL lets a mobile app request only a user's name and avatar in one call. It avoids over-fetching and under-fetching and gives a strongly typed schema. It complicates caching and rate limiting, and can expose expensive queries without depth limits."
Backend,What is a practical example of JWT?,"JWT is returned after login and sent in the Authorization header as a Bearer token. It lets servers verify users without storing sessions, which helps horizontal scaling. It is an alternative to server-side sessions and is often used with OAuth 2.0."
Backend,What is ORM used for?,"ORM is used to read and write data without writing raw SQL for everything. It speeds development, improves portability, and helps prevent SQL injection. It can generate inefficient queries and hides what the database is doing. It is an alternative to raw SQL and query builders."
Backend,What is related to microservice?,"Microservice contrasts with the monolith, which keeps everything in one deployable unit. It is a small independently deployable service responsible for one business capability. It allows independent scaling, technology choices, and fault isolation. It separates payments, inventory, and user accounts into different services."
Backend,What are common pitfalls with idempotency?,"Idempotency requires storing keys or state and careful design for each endpoint. It is used in APIs for safe retries, especially for payments. It makes sending the same payment request with one idempotency key charge once. It is built into PUT and DELETE semantics but not POST by default."
Backend,What makes API versioning valuable?,API versioning gives clients time to migrate and keeps integrations stable. It is the practice of managing changes to an API through distinct versions. It multiplies maintenance work when many versions must be supported. It exposes /v1/users and /v2/users side by side.
Backend,What problems can load balancer cause?,"Load balancer can itself become a bottleneck or failure point without redundancy. It is used to scale applications and avoid a single point of failure. It improves availability and performance, and enables rolling deployments. It sends requests across four application servers using round robin."
Backend,Where have you seen monolith in action?,"Monolith runs web, billing, and admin code in one deployable application. It is an application built and deployed as one single unit. It is simple to develop, test, deploy, and debug locally. It becomes harder to scale and change as the codebase grows."
Backend,Give an example of Nginx.,Nginx terminates HTTPS and proxies requests to a Node.js application. It is used to serve static files and route traffic to application servers. It handles many concurrent connections efficiently using little memory. It has a configuration syntax that is easy to misconfigure.
Backend,What is database normalization?,"Database normalization is the process of organizing tables to reduce redundancy and dependency problems. It prevents update anomalies and saves storage by storing each fact once. It increases the number of joins, which can slow read-heavy queries. It is balanced against denormalization, which duplicates data for faster reads."
Backend,What are the disadvantages of ORM?,"ORM can generate inefficient queries and hides what the database is doing. It is used to read and write data without writing raw SQL for everything. It speeds development, improves portability, and helps prevent SQL injection. It lets Django models or SQLAlchemy classes represent a users table."
Backend,What are the drawbacks of CAP theorem?,"CAP theorem is often oversimplified, since real systems offer nuanced trade-offs. It is used to reason about trade-offs when designing distributed databases. It clarifies why systems must choose behavior during network partitions. It explains why a bank database may reject requests rather than risk inconsistency."
Backend,Why is JWT useful?,"JWT lets servers verify users without storing sessions, which helps horizontal scaling. It is a compact signed token carrying claims, made of header, payload, and signature. It is used for stateless authentication and passing identity between services. It is hard to revoke before expiry, and storing it unsafely exposes accounts."
Backend,What makes database migration valuable?,"Database migration makes schema changes repeatable, reviewable, and reversible. It is a versioned script that changes a database schema in a controlled way. It is used to evolve tables and columns across environments safely. It adds a phone column to users with an Alembic or Django migration."
Backend,Why is session authentication useful?,Session authentication allows easy revocation because the server controls session data. It is used in traditional web apps that keep users logged in through cookies. It sets a session cookie after login and looks up the user on each request.
Backend,What other concepts are connected to pagination?,"Pagination comes as offset-based or cursor-based styles. It reduces response size, memory use, and load times. It can show duplicates or gaps when data changes, and deep offsets get slow. It returns twenty items per request with a next cursor token."
Backend,What is related to database index?,"Database index is analyzed with EXPLAIN plans, and composite indexes cover multiple columns. It is used on columns frequently searched, joined, or sorted. It slows inserts and updates and consumes extra storage. It makes finding a user by email fast after indexing the email column."
Backend,How does API versioning compare with similar approaches?,"API versioning can use URL paths, headers, or query parameters. It is the practice of managing changes to an API through distinct versions. It is used to ship breaking changes without disrupting existing clients. It multiplies maintenance work when many versions must be supported."
Backend,What are common pitfalls with CORS?,"CORS causes confusing errors when headers are misconfigured, and wildcard origins are risky. It is a browser security mechanism controlling which origins can request a server's resources. It protects users by blocking unauthorized cross-origin reads by default. It lets an app on app.example.com call api.example.com through Access-Control-Allow-Origin."
Backend,Give an example of database sharding.,Database sharding stores users with IDs in different ranges on different database servers. It is the practice of splitting a large database into smaller pieces across servers. It is used when a single server can no longer handle data size or traffic.
Backend,Can you give a short overview of monolith?,"Monolith is an application built and deployed as one single unit. It is simple to develop, test, deploy, and debug locally. It becomes harder to scale and change as the codebase grows. It can evolve into a modular monolith or microservices when needed."
Backend,How does gRPC compare with similar approaches?,gRPC is an alternative to REST and GraphQL for service-to-service calls. It is used for fast communication between internal microservices. It is harder to use directly from browsers and to inspect than JSON APIs. It lets a payment service call an inventory service through a generated stub.
Backend,Give an example of session authentication.,Session authentication sets a session cookie after login and looks up the user on each request. It is a method where the server stores login state and gives the client a session ID. It allows easy revocation because the server controls session data.
Backend,How does CAP theorem differ from related concepts?,"CAP theorem is extended by PACELC, which also considers latency. It is a principle stating a distributed system cannot guarantee consistency, availability, and partition tolerance simultaneously. It is used to reason about trade-offs when designing distributed databases. It is often oversimplified, since real systems offer nuanced trade-offs."
Backend,What is the main purpose of N+1 query problem?,"N+1 query problem is detected when ORMs load a list and then access related objects in a loop. It becomes cheap to fix with eager loading, giving large speedups. It is hard to spot in development because small datasets hide the slowness."
Backend,What is the main purpose of Redis?,"Redis is used for caching, sessions, leaderboards, and rate limiting. It is an in-memory data store supporting strings, hashes, lists, sets, and more. It delivers very low latency and offers expiry and atomic operations. It is limited by available memory, and persistence settings can risk data loss."
Backend,Describe database migration briefly.,"Database migration is a versioned script that changes a database schema in a controlled way. It makes schema changes repeatable, reviewable, and reversible. It can lock tables or lose data if applied carelessly on large production systems. It is managed by tools like Flyway, Liquibase, and Alembic."
Backend,What are the benefits of using circuit breaker?,Circuit breaker protects resources and lets failing services recover. It is a pattern that stops calling a failing service after repeated errors. It trips after five consecutive timeouts and returns a fallback response. It is implemented by libraries like Resilience4j and Polly.
Backend,Can you illustrate caching with an example?,"Caching stores a computed homepage result for sixty seconds. It lowers latency and cost and helps systems handle traffic spikes. It risks serving stale data and makes invalidation notoriously hard. It can happen at browser, CDN, application, or database layers."
Backend,What are the disadvantages of gRPC?,"gRPC is harder to use directly from browsers and to inspect than JSON APIs. It is a high-performance remote procedure call framework using HTTP/2 and Protocol Buffers. It offers compact binary messages, streaming, and generated client code. It lets a payment service call an inventory service through a generated stub."
Backend,What are common pitfalls with caching?,"Caching risks serving stale data and makes invalidation notoriously hard. It is used to cut database load and speed up repeated requests. It lowers latency and cost and helps systems handle traffic spikes. It can happen at browser, CDN, application, or database layers."
Backend,What are the alternatives or companions of Apache Kafka?,"Apache Kafka differs from RabbitMQ, which is a traditional broker focused on routing. It is a distributed event streaming platform that stores ordered logs of records. It is used for real-time data pipelines, event sourcing, and log aggregation. It streams click events from a website to analytics systems."
Backend,Can you illustrate session authentication with an example?,Session authentication sets a session cookie after login and looks up the user on each request. It is a method where the server stores login state and gives the client a session ID. It needs server storage and shared stores when scaling across multiple instances.
Backend,Walk me through a simple example of microservice.,"Microservice separates payments, inventory, and user accounts into different services. It is a small independently deployable service responsible for one business capability. It allows independent scaling, technology choices, and fault isolation. It adds network complexity, distributed debugging, and data consistency challenges."
Backend,What are the drawbacks of JWT?,"JWT is hard to revoke before expiry, and storing it unsafely exposes accounts. It is a compact signed token carrying claims, made of header, payload, and signature. It is an alternative to server-side sessions and is often used with OAuth 2.0."
Backend,Where is database replication commonly applied?,"Database replication is used for high availability, backups, and distributing read traffic. It is the process of copying data from a primary database to one or more replicas. It is different from sharding, which splits data rather than copying it."
Backend,Where is reverse proxy commonly applied?,"Reverse proxy is used for TLS termination, caching, compression, and routing. It is a server that sits in front of backend servers and forwards client requests. It hides internal servers and centralizes security and performance features. It lets Nginx accept HTTPS traffic and pass it to a local application."
Backend,Can you give a short overview of session authentication?,Session authentication is a method where the server stores login state and gives the client a session ID. It needs server storage and shared stores when scaling across multiple instances. It sets a session cookie after login and looks up the user on each request.
Backend,Walk me through a simple example of REST API.,"REST API uses GET /users/5 to read a user and DELETE /users/5 to remove one. It is simple, stateless, cacheable, and works with any client that speaks HTTP. It can cause over-fetching or multiple round trips when clients need related data."
Backend,How is monolith typically used in real projects?,"Monolith is used for early-stage products and small teams that need to move quickly. It is an application built and deployed as one single unit. It runs web, billing, and admin code in one deployable application. It can evolve into a modular monolith or microservices when needed."
Backend,What is an alternative to JWT?,"JWT is an alternative to server-side sessions and is often used with OAuth 2.0. It is a compact signed token carrying claims, made of header, payload, and signature. It is hard to revoke before expiry, and storing it unsafely exposes accounts."
Backend,What does ORM mean?,"ORM is a library that maps database tables to objects in a programming language. It speeds development, improves portability, and helps prevent SQL injection. It lets Django models or SQLAlchemy classes represent a users table. It is an alternative to raw SQL and query builders."
Backend,What makes database sharding valuable?,"Database sharding scales storage and write throughput horizontally. It is the practice of splitting a large database into smaller pieces across servers. It complicates queries, joins, transactions, and rebalancing when shards grow unevenly. It differs from replication, which copies the same data to multiple servers."
Backend,Show a real-world example of API versioning.,API versioning exposes /v1/users and /v2/users side by side. It is the practice of managing changes to an API through distinct versions. It is used to ship breaking changes without disrupting existing clients. It gives clients time to migrate and keeps integrations stable.
Backend,What is SQL join?,"SQL join is an operation that combines rows from two tables based on a related column. It can become slow on large tables without proper indexes. It comes in inner, left, right, and full types, which differ in handling unmatched rows."
Backend,Where have you seen reverse proxy in action?,"Reverse proxy lets Nginx accept HTTPS traffic and pass it to a local application. It hides internal servers and centralizes security and performance features. It adds a network hop and another component to configure and monitor. It differs from a forward proxy, which represents clients instead of servers."
Backend,What is the main purpose of API versioning?,"API versioning is used to ship breaking changes without disrupting existing clients. It gives clients time to migrate and keeps integrations stable. It multiplies maintenance work when many versions must be supported. It exposes /v1/users and /v2/users side by side. It can use URL paths, headers, or query parameters."
Backend,Describe OAuth 2.0 briefly.,"OAuth 2.0 is an authorization framework that lets apps access resources on a user's behalf without passwords. It limits access through scopes and avoids sharing user credentials with third parties. It is complex to implement correctly, and misconfigured redirects create security holes."
Backend,Where have you seen OAuth 2.0 in action?,"OAuth 2.0 lets a calendar app read your Google contacts after you approve access. It limits access through scopes and avoids sharing user credentials with third parties. It is complex to implement correctly, and misconfigured redirects create security holes. It is extended by OpenID Connect, which adds authentication identity."
Backend,What is related to ORM?,ORM is an alternative to raw SQL and query builders. It is a library that maps database tables to objects in a programming language. It is used to read and write data without writing raw SQL for everything. It lets Django models or SQLAlchemy classes represent a users table.
Backend,What are the benefits of using rate limiting?,"Rate limiting keeps service available and fair for all users and reduces costs. It is a control that caps how many requests a client can make in a time window. It uses algorithms like token bucket, leaky bucket, and sliding window."
Backend,Is there a substitute for API versioning?,"API versioning can use URL paths, headers, or query parameters. It is the practice of managing changes to an API through distinct versions. It gives clients time to migrate and keeps integrations stable. It exposes /v1/users and /v2/users side by side."
Backend,Define GraphQL in simple words.,"GraphQL is a query language where clients request exactly the fields they need from one endpoint. It complicates caching and rate limiting, and can expose expensive queries without depth limits. It lets a mobile app request only a user's name and avatar in one call."
Backend,Show a real-world example of session authentication.,Session authentication sets a session cookie after login and looks up the user on each request. It is used in traditional web apps that keep users logged in through cookies. It needs server storage and shared stores when scaling across multiple instances.
Backend,What should I learn alongside gRPC?,"gRPC is an alternative to REST and GraphQL for service-to-service calls. It is a high-performance remote procedure call framework using HTTP/2 and Protocol Buffers. It offers compact binary messages, streaming, and generated client code. It is harder to use directly from browsers and to inspect than JSON APIs."
Backend,How does database replication compare with similar approaches?,"Database replication is different from sharding, which splits data rather than copying it. It is the process of copying data from a primary database to one or more replicas. It sends all writes to a primary and dashboard reads to a replica."
Backend,What are the advantages of OAuth 2.0?,OAuth 2.0 limits access through scopes and avoids sharing user credentials with third parties. It is used for sign in with Google and granting limited API access. It lets a calendar app read your Google contacts after you approve access.
Backend,Walk me through a simple example of SQL join.,SQL join joins orders with customers using customer_id to show buyer names. It is used to query data spread across normalized tables. It lets relational data stay organized without duplicating information. It can become slow on large tables without proper indexes.
Backend,What is the basic idea behind GraphQL?,"GraphQL is a query language where clients request exactly the fields they need from one endpoint. It avoids over-fetching and under-fetching and gives a strongly typed schema. It complicates caching and rate limiting, and can expose expensive queries without depth limits."
Backend,What are common pitfalls with database migration?,"Database migration can lock tables or lose data if applied carelessly on large production systems. It is a versioned script that changes a database schema in a controlled way. It makes schema changes repeatable, reviewable, and reversible. It adds a phone column to users with an Alembic or Django migration."
Backend,What problem does Docker container solve?,"Docker container is used to run software consistently across development and production. It is a lightweight, isolated package containing an application and its dependencies. It removes works-on-my-machine problems and starts much faster than virtual machines. It shares the host kernel, so isolation is weaker than a full virtual machine."
Backend,Is there a substitute for background job?,"Background job is built with Celery, Sidekiq, or BullMQ on top of queues. It is a task run outside the request-response cycle by a worker process. It keeps responses fast and allows retries and scheduling. It needs monitoring, and failed or duplicate jobs must be handled."
Backend,What is database index?,"Database index is a data structure, often a B-tree, that speeds up row lookups on chosen columns. It is used on columns frequently searched, joined, or sorted. It turns slow full table scans into fast lookups, boosting read performance. It slows inserts and updates and consumes extra storage."
Backend,Can you illustrate JWT with an example?,"JWT is returned after login and sent in the Authorization header as a Bearer token. It is a compact signed token carrying claims, made of header, payload, and signature. It lets servers verify users without storing sessions, which helps horizontal scaling."
Backend,List the strengths of caching.,"Caching lowers latency and cost and helps systems handle traffic spikes. It is the practice of storing frequently used data in fast storage for quick reuse. It stores a computed homepage result for sixty seconds. It can happen at browser, CDN, application, or database layers."
Backend,What is dependency injection used for?,"Dependency injection is used to decouple components and make code testable. It is a design pattern where objects receive their dependencies instead of creating them. It lets tests substitute mocks and simplifies swapping implementations. It is supported by Spring, NestJS, and FastAPI's Depends."
Backend,What do you gain by using background job?,"Background job keeps responses fast and allows retries and scheduling. It is a task run outside the request-response cycle by a worker process. It is used for emails, report generation, and image processing. It resizes uploaded images with a Celery worker after the upload completes."
Backend,What are the alternatives or companions of eventual consistency?,"Eventual consistency contrasts with strong consistency, which makes all reads return the latest write. It is used in highly available distributed databases like DynamoDB and Cassandra. It lets a social media like count appear different for a moment on two servers."
Backend,Why is database sharding considered important?,Database sharding scales storage and write throughput horizontally. It is the practice of splitting a large database into smaller pieces across servers. It is used when a single server can no longer handle data size or traffic. It stores users with IDs in different ranges on different database servers.
Backend,What is related to load balancer?,"Load balancer is available as hardware or software such as Nginx, HAProxy, and cloud load balancers. It improves availability and performance, and enables rolling deployments. It can itself become a bottleneck or failure point without redundancy. It sends requests across four application servers using round robin."
Backend,Where is Apache Kafka commonly applied?,"Apache Kafka is used for real-time data pipelines, event sourcing, and log aggregation. It handles massive throughput and lets many consumers replay events independently. It is operationally heavy and overkill for simple task queues. It streams click events from a website to analytics systems."
Backend,What problems can background job cause?,"Background job needs monitoring, and failed or duplicate jobs must be handled. It is used for emails, report generation, and image processing. It keeps responses fast and allows retries and scheduling. It is built with Celery, Sidekiq, or BullMQ on top of queues."
Backend,Describe CORS briefly.,"CORS is a browser security mechanism controlling which origins can request a server's resources. It protects users by blocking unauthorized cross-origin reads by default. It causes confusing errors when headers are misconfigured, and wildcard origins are risky. It lets an app on app.example.com call api.example.com through Access-Control-Allow-Origin."
Backend,What are the downsides of Docker container?,"Docker container shares the host kernel, so isolation is weaker than a full virtual machine. It is a lightweight, isolated package containing an application and its dependencies. It is used to run software consistently across development and production. It packages a Flask app and Python runtime into one image."
Backend,List the strengths of SQL join.,"SQL join lets relational data stay organized without duplicating information. It is an operation that combines rows from two tables based on a related column. It comes in inner, left, right, and full types, which differ in handling unmatched rows."
Backend,What makes stored procedure valuable?,"Stored procedure reduces network round trips and can improve performance and security. It is a precompiled set of SQL statements stored and executed inside the database. It is harder to version, test, and port between database vendors. It is an alternative to ORM-based logic in application code."
Backend,How is pagination typically used in real projects?,"Pagination is used for lists, feeds, and search results. It is the practice of returning large result sets in smaller pages. It reduces response size, memory use, and load times. It returns twenty items per request with a next cursor token. It comes as offset-based or cursor-based styles."
Backend,What is the basic idea behind OAuth 2.0?,OAuth 2.0 is an authorization framework that lets apps access resources on a user's behalf without passwords. It is used for sign in with Google and granting limited API access. It lets a calendar app read your Google contacts after you approve access.
Backend,Where have you seen GraphQL in action?,"GraphQL lets a mobile app request only a user's name and avatar in one call. It is used for apps with complex, nested data and varied client requirements. It complicates caching and rate limiting, and can expose expensive queries without depth limits."
Backend,What other concepts are connected to stored procedure?,Stored procedure is an alternative to ORM-based logic in application code. It is a precompiled set of SQL statements stored and executed inside the database. It reduces network round trips and can improve performance and security. It runs a calculate_invoice procedure with one call from the application.
Backend,What should you watch out for when using eventual consistency?,Eventual consistency may show stale reads and requires conflict handling. It is a model where replicas become consistent over time if no new updates occur. It lets a social media like count appear different for a moment on two servers.
Backend,Describe message queue briefly.,"Message queue is a system that stores messages sent by producers until consumers process them. It is used to decouple services and handle work asynchronously. It smooths traffic spikes and lets services fail without losing tasks. It is implemented by RabbitMQ, SQS, and Kafka."
Backend,What are the disadvantages of pagination?,"Pagination can show duplicates or gaps when data changes, and deep offsets get slow. It is the practice of returning large result sets in smaller pages. It is used for lists, feeds, and search results. It returns twenty items per request with a next cursor token."
Backend,Describe CAP theorem briefly.,"CAP theorem is a principle stating a distributed system cannot guarantee consistency, availability, and partition tolerance simultaneously. It is used to reason about trade-offs when designing distributed databases. It explains why a bank database may reject requests rather than risk inconsistency. It is extended by PACELC, which also considers latency."
Backend,How does GraphQL help developers?,"GraphQL avoids over-fetching and under-fetching and gives a strongly typed schema. It complicates caching and rate limiting, and can expose expensive queries without depth limits. It lets a mobile app request only a user's name and avatar in one call."
Backend,What are the benefits of using API gateway?,"API gateway simplifies clients and enforces security, throttling, and monitoring in one place. It is used in microservice systems to centralize cross-cutting concerns. It can become a bottleneck and single point of failure if poorly designed. It is offered by tools like Kong, AWS API Gateway, and Apigee."
Backend,What does API versioning mean?,"API versioning is the practice of managing changes to an API through distinct versions. It is used to ship breaking changes without disrupting existing clients. It multiplies maintenance work when many versions must be supported. It can use URL paths, headers, or query parameters."
Backend,What are the disadvantages of database sharding?,"Database sharding complicates queries, joins, transactions, and rebalancing when shards grow unevenly. It is used when a single server can no longer handle data size or traffic. It scales storage and write throughput horizontally. It stores users with IDs in different ranges on different database servers."
Backend,What should I learn alongside CAP theorem?,"CAP theorem is extended by PACELC, which also considers latency. It is a principle stating a distributed system cannot guarantee consistency, availability, and partition tolerance simultaneously. It clarifies why systems must choose behavior during network partitions. It is often oversimplified, since real systems offer nuanced trade-offs."
Backend,Give an example of load balancer.,"Load balancer sends requests across four application servers using round robin. It is used to scale applications and avoid a single point of failure. It improves availability and performance, and enables rolling deployments. It is available as hardware or software such as Nginx, HAProxy, and cloud load balancers."
Backend,How does Apache Kafka help developers?,"Apache Kafka handles massive throughput and lets many consumers replay events independently. It is a distributed event streaming platform that stores ordered logs of records. It is operationally heavy and overkill for simple task queues. It differs from RabbitMQ, which is a traditional broker focused on routing."
Backend,How is monolith used in practice?,"Monolith runs web, billing, and admin code in one deployable application. It is an application built and deployed as one single unit. It becomes harder to scale and change as the codebase grows. It can evolve into a modular monolith or microservices when needed."
Backend,Is there a substitute for gRPC?,gRPC is an alternative to REST and GraphQL for service-to-service calls. It is a high-performance remote procedure call framework using HTTP/2 and Protocol Buffers. It is used for fast communication between internal microservices. It is harder to use directly from browsers and to inspect than JSON APIs.
Backend,How does cron job differ from related concepts?,"Cron job is defined by five time fields and managed through crontab. It is used for backups, cleanups, and periodic reports. It is simple, reliable, and requires no extra services. It is hard to monitor and can overlap or silently fail."
Backend,What makes eventual consistency valuable?,Eventual consistency enables high availability and low latency across regions. It is used in highly available distributed databases like DynamoDB and Cassandra. It may show stale reads and requires conflict handling. It lets a social media like count appear different for a moment on two servers.
Backend,What problem does dependency injection solve?,"Dependency injection is used to decouple components and make code testable. It lets tests substitute mocks and simplifies swapping implementations. It passes a database repository into a service through its constructor. It is supported by Spring, NestJS, and FastAPI's Depends."
Backend,How is idempotency used in practice?,Idempotency makes sending the same payment request with one idempotency key charge once. It is the property that repeating an operation produces the same result as doing it once. It is built into PUT and DELETE semantics but not POST by default.
Backend,What do you gain by using stored procedure?,"Stored procedure reduces network round trips and can improve performance and security. It is a precompiled set of SQL statements stored and executed inside the database. It is harder to version, test, and port between database vendors. It runs a calculate_invoice procedure with one call from the application."
Backend,What are the advantages of idempotency?,"Idempotency prevents duplicate charges or records when requests are retried. It is the property that repeating an operation produces the same result as doing it once. It is used in APIs for safe retries, especially for payments. It requires storing keys or state and careful design for each endpoint."
Backend,What are the drawbacks of OAuth 2.0?,"OAuth 2.0 is complex to implement correctly, and misconfigured redirects create security holes. It is an authorization framework that lets apps access resources on a user's behalf without passwords. It is used for sign in with Google and granting limited API access."
Backend,In which situations is session authentication a good choice?,"Session authentication is used in traditional web apps that keep users logged in through cookies. It is a method where the server stores login state and gives the client a session ID. It contrasts with token-based approaches like JWT, which are stateless."
Backend,Where is REST API commonly applied?,"REST API is used to let web and mobile clients communicate with servers over HTTP. It is an architectural style where resources are exposed through URLs and standard HTTP methods. It is simple, stateless, cacheable, and works with any client that speaks HTTP."
Backend,What are the drawbacks of Redis?,"Redis is limited by available memory, and persistence settings can risk data loss. It is an in-memory data store supporting strings, hashes, lists, sets, and more. It is used for caching, sessions, leaderboards, and rate limiting. It delivers very low latency and offers expiry and atomic operations."
Backend,When should you use background job?,"Background job is used for emails, report generation, and image processing. It is a task run outside the request-response cycle by a worker process. It needs monitoring, and failed or duplicate jobs must be handled. It is built with Celery, Sidekiq, or BullMQ on top of queues."
Backend,What is Docker container?,"Docker container is a lightweight, isolated package containing an application and its dependencies. It removes works-on-my-machine problems and starts much faster than virtual machines. It shares the host kernel, so isolation is weaker than a full virtual machine. It packages a Flask app and Python runtime into one image."
Backend,Define connection pooling in simple words.,"Connection pooling is a technique that keeps a set of reusable database connections open. It is used so applications avoid opening a new connection for every request. It needs careful sizing, because too many or too few connections hurt performance."
Backend,What is a practical example of N+1 query problem?,"N+1 query problem runs one query for fifty posts and fifty more for their authors. It is a performance issue where one query triggers many extra queries for related records. It becomes cheap to fix with eager loading, giving large speedups. It is solved with joins, eager loading, or batching."
Backend,What does database migration mean?,"Database migration is a versioned script that changes a database schema in a controlled way. It is used to evolve tables and columns across environments safely. It makes schema changes repeatable, reviewable, and reversible. It adds a phone column to users with an Alembic or Django migration."
Backend,What is CORS?,"CORS is a browser security mechanism controlling which origins can request a server's resources. It is used to allow trusted frontends on other domains to call an API. It causes confusing errors when headers are misconfigured, and wildcard origins are risky."
Backend,What are the drawbacks of background job?,"Background job needs monitoring, and failed or duplicate jobs must be handled. It is a task run outside the request-response cycle by a worker process. It keeps responses fast and allows retries and scheduling. It is built with Celery, Sidekiq, or BullMQ on top of queues."
Backend,What should you watch out for when using REST API?,REST API can cause over-fetching or multiple round trips when clients need related data. It is used to let web and mobile clients communicate with servers over HTTP. It uses GET /users/5 to read a user and DELETE /users/5 to remove one.
Backend,When should you use SQL join?,"SQL join is used to query data spread across normalized tables. It lets relational data stay organized without duplicating information. It can become slow on large tables without proper indexes. It comes in inner, left, right, and full types, which differ in handling unmatched rows."
Backend,What problems can Redis cause?,"Redis is limited by available memory, and persistence settings can risk data loss. It is an in-memory data store supporting strings, hashes, lists, sets, and more. It is used for caching, sessions, leaderboards, and rate limiting. It stores session data with a 30 minute expiry."
Backend,Explain database migration.,"Database migration is a versioned script that changes a database schema in a controlled way. It is used to evolve tables and columns across environments safely. It can lock tables or lose data if applied carelessly on large production systems. It is managed by tools like Flyway, Liquibase, and Alembic."
Backend,List the strengths of CORS.,"CORS protects users by blocking unauthorized cross-origin reads by default. It is a browser security mechanism controlling which origins can request a server's resources. It causes confusing errors when headers are misconfigured, and wildcard origins are risky. It is enforced by browsers and not by tools like curl."
Backend,How does database sharding differ from related concepts?,"Database sharding differs from replication, which copies the same data to multiple servers. It scales storage and write throughput horizontally. It complicates queries, joins, transactions, and rebalancing when shards grow unevenly. It stores users with IDs in different ranges on different database servers."
Backend,Give an example of background job.,"Background job resizes uploaded images with a Celery worker after the upload completes. It is a task run outside the request-response cycle by a worker process. It is used for emails, report generation, and image processing. It needs monitoring, and failed or duplicate jobs must be handled."
Backend,What makes webhook valuable?,"Webhook avoids polling and delivers events in near real time. It is an HTTP callback where a service sends event data to your URL. It needs signature verification, retries, and idempotent handling. It is the push counterpart of polling an API."
Backend,What do you gain by using circuit breaker?,"Circuit breaker protects resources and lets failing services recover. It is used in distributed systems to prevent cascading failures. It needs tuned thresholds, and wrong settings may block healthy calls. It trips after five consecutive timeouts and returns a fallback response. It is implemented by libraries like Resilience4j and Polly."
Backend,Why is dependency injection useful?,Dependency injection lets tests substitute mocks and simplifies swapping implementations. It is a design pattern where objects receive their dependencies instead of creating them. It is used to decouple components and make code testable. It passes a database repository into a service through its constructor.
Backend,Give an example of WebSocket.,"WebSocket pushes new chat messages to every connected user immediately. It is a protocol that keeps a persistent two-way connection between client and server. It delivers messages instantly without repeated polling overhead. It differs from HTTP polling and Server-Sent Events, which are one-directional."
Backend,Describe middleware briefly.,"Middleware is a function that runs between an incoming request and the final route handler. It is used for logging, authentication, validation, compression, and error handling. It checks a token and rejects unauthenticated requests before reaching the route. It is a core concept in Express, Django, and FastAPI."
Backend,Describe a scenario where N+1 query problem is applied.,"N+1 query problem runs one query for fifty posts and fifty more for their authors. It is detected when ORMs load a list and then access related objects in a loop. It is solved with joins, eager loading, or batching."
Backend,How does JWT help developers?,"JWT lets servers verify users without storing sessions, which helps horizontal scaling. It is hard to revoke before expiry, and storing it unsafely exposes accounts. It is returned after login and sent in the Authorization header as a Bearer token."
Backend,What is SQL join used for?,"SQL join is used to query data spread across normalized tables. It is an operation that combines rows from two tables based on a related column. It lets relational data stay organized without duplicating information. It comes in inner, left, right, and full types, which differ in handling unmatched rows."
Backend,How would you explain ACID transaction to a beginner?,"ACID transaction is a database transaction that guarantees atomicity, consistency, isolation, and durability. It is used for operations like payments where partial updates are unacceptable. It adds locking and coordination overhead that limits scalability. It contrasts with BASE systems that favor availability and eventual consistency."
Backend,Where is Redis commonly applied?,"Redis is used for caching, sessions, leaderboards, and rate limiting. It delivers very low latency and offers expiry and atomic operations. It is limited by available memory, and persistence settings can risk data loss. It stores session data with a 30 minute expiry."
Backend,How does idempotency help developers?,Idempotency prevents duplicate charges or records when requests are retried. It requires storing keys or state and careful design for each endpoint. It makes sending the same payment request with one idempotency key charge once. It is built into PUT and DELETE semantics but not POST by default.
Backend,List the strengths of load balancer.,"Load balancer improves availability and performance, and enables rolling deployments. It is a component that distributes incoming traffic across multiple servers. It can itself become a bottleneck or failure point without redundancy. It is available as hardware or software such as Nginx, HAProxy, and cloud load balancers."
Backend,What are the downsides of API gateway?,"API gateway can become a bottleneck and single point of failure if poorly designed. It is used in microservice systems to centralize cross-cutting concerns. It receives mobile app calls and routes them to user, order, and payment services. It is offered by tools like Kong, AWS API Gateway, and Apigee."
Backend,List the strengths of ACID transaction.,"ACID transaction keeps data correct even during failures or concurrent access. It is a database transaction that guarantees atomicity, consistency, isolation, and durability. It adds locking and coordination overhead that limits scalability. It transfers money by debiting one account and crediting another, or neither."
Backend,Describe a scenario where circuit breaker is applied.,Circuit breaker trips after five consecutive timeouts and returns a fallback response. It is a pattern that stops calling a failing service after repeated errors. It is used in distributed systems to prevent cascading failures. It is implemented by libraries like Resilience4j and Polly.
Backend,What are the alternatives or companions of Nginx?,Nginx competes with Apache and Caddy. It is a high-performance web server that also works as a reverse proxy and load balancer. It handles many concurrent connections efficiently using little memory. It terminates HTTPS and proxies requests to a Node.js application.
Backend,When should you avoid cron job?,Cron job is hard to monitor and can overlap or silently fail. It is a scheduled task that runs automatically at specified times on Unix-like systems. It runs a backup script every night at two in the morning. It is defined by five time fields and managed through crontab.
Backend,What are the downsides of N+1 query problem?,N+1 query problem is hard to spot in development because small datasets hide the slowness. It is detected when ORMs load a list and then access related objects in a loop. It runs one query for fifty posts and fifty more for their authors.
Backend,Walk me through a simple example of Redis.,"Redis stores session data with a 30 minute expiry. It is an in-memory data store supporting strings, hashes, lists, sets, and more. It is used for caching, sessions, leaderboards, and rate limiting. It is similar to Memcached but offers richer data structures."
Backend,What is a practical example of Nginx?,Nginx terminates HTTPS and proxies requests to a Node.js application. It is a high-performance web server that also works as a reverse proxy and load balancer. It handles many concurrent connections efficiently using little memory. It has a configuration syntax that is easy to misconfigure.
Backend,What are common pitfalls with Apache Kafka?,"Apache Kafka is operationally heavy and overkill for simple task queues. It is used for real-time data pipelines, event sourcing, and log aggregation. It handles massive throughput and lets many consumers replay events independently. It streams click events from a website to analytics systems."
Backend,What is the main purpose of WebSocket?,"WebSocket is used for chat, live notifications, multiplayer games, and trading dashboards. It holds connections open, which complicates scaling and load balancing. It pushes new chat messages to every connected user immediately. It differs from HTTP polling and Server-Sent Events, which are one-directional."
Backend,How is rate limiting typically used in real projects?,"Rate limiting is used to protect APIs from abuse, scraping, and overload. It can block legitimate bursts if limits are too strict. It returns HTTP 429 after a user exceeds one hundred requests per minute. It uses algorithms like token bucket, leaky bucket, and sliding window."
Backend,What are the benefits of using session authentication?,"Session authentication allows easy revocation because the server controls session data. It is used in traditional web apps that keep users logged in through cookies. It sets a session cookie after login and looks up the user on each request. It contrasts with token-based approaches like JWT, which are stateless."
Backend,What is ACID transaction?,"ACID transaction is a database transaction that guarantees atomicity, consistency, isolation, and durability. It is used for operations like payments where partial updates are unacceptable. It keeps data correct even during failures or concurrent access. It adds locking and coordination overhead that limits scalability."
Backend,When should you avoid rate limiting?,"Rate limiting can block legitimate bursts if limits are too strict. It is a control that caps how many requests a client can make in a time window. It is used to protect APIs from abuse, scraping, and overload. It uses algorithms like token bucket, leaky bucket, and sliding window."
Backend,What are the benefits of using API versioning?,"API versioning gives clients time to migrate and keeps integrations stable. It is the practice of managing changes to an API through distinct versions. It multiplies maintenance work when many versions must be supported. It can use URL paths, headers, or query parameters."
Backend,Define API versioning in simple words.,API versioning is the practice of managing changes to an API through distinct versions. It is used to ship breaking changes without disrupting existing clients. It multiplies maintenance work when many versions must be supported. It exposes /v1/users and /v2/users side by side.
Backend,List the strengths of connection pooling.,"Connection pooling cuts connection overhead and prevents exhausting database connection limits. It is a technique that keeps a set of reusable database connections open. It needs careful sizing, because too many or too few connections hurt performance. It is provided by tools like PgBouncer and libraries such as HikariCP."
Backend,What are common pitfalls with OAuth 2.0?,"OAuth 2.0 is complex to implement correctly, and misconfigured redirects create security holes. It is an authorization framework that lets apps access resources on a user's behalf without passwords. It lets a calendar app read your Google contacts after you approve access."
Backend,Where is SQL join commonly applied?,SQL join is used to query data spread across normalized tables. It is an operation that combines rows from two tables based on a related column. It lets relational data stay organized without duplicating information. It joins orders with customers using customer_id to show buyer names.
Backend,How is connection pooling used in practice?,"Connection pooling lets a web server reuse ten open connections to handle thousands of requests. It is used so applications avoid opening a new connection for every request. It needs careful sizing, because too many or too few connections hurt performance."
Backend,Can you illustrate CORS with an example?,"CORS lets an app on app.example.com call api.example.com through Access-Control-Allow-Origin. It is a browser security mechanism controlling which origins can request a server's resources. It protects users by blocking unauthorized cross-origin reads by default. It causes confusing errors when headers are misconfigured, and wildcard origins are risky."
Backend,What are the advantages of connection pooling?,"Connection pooling cuts connection overhead and prevents exhausting database connection limits. It is a technique that keeps a set of reusable database connections open. It is used so applications avoid opening a new connection for every request. It needs careful sizing, because too many or too few connections hurt performance."
Backend,What are common pitfalls with JWT?,"JWT is hard to revoke before expiry, and storing it unsafely exposes accounts. It lets servers verify users without storing sessions, which helps horizontal scaling. It is returned after login and sent in the Authorization header as a Bearer token."
Backend,Why is database sharding useful?,"Database sharding scales storage and write throughput horizontally. It is used when a single server can no longer handle data size or traffic. It complicates queries, joins, transactions, and rebalancing when shards grow unevenly. It differs from replication, which copies the same data to multiple servers."
Backend,In which situations is ACID transaction a good choice?,ACID transaction is used for operations like payments where partial updates are unacceptable. It keeps data correct even during failures or concurrent access. It adds locking and coordination overhead that limits scalability. It contrasts with BASE systems that favor availability and eventual consistency.
Backend,What should you watch out for when using middleware?,"Middleware can slow requests if too many layers run, and ordering mistakes cause subtle bugs. It is a function that runs between an incoming request and the final route handler. It is a core concept in Express, Django, and FastAPI."
Backend,How does microservice differ from related concepts?,"Microservice contrasts with the monolith, which keeps everything in one deployable unit. It is used in large systems where teams need to scale and deploy separately. It adds network complexity, distributed debugging, and data consistency challenges. It separates payments, inventory, and user accounts into different services."
Backend,What is an alternative to caching?,"Caching can happen at browser, CDN, application, or database layers. It is the practice of storing frequently used data in fast storage for quick reuse. It is used to cut database load and speed up repeated requests. It lowers latency and cost and helps systems handle traffic spikes."
Backend,Can you illustrate Docker container with an example?,"Docker container packages a Flask app and Python runtime into one image. It is a lightweight, isolated package containing an application and its dependencies. It is used to run software consistently across development and production. It removes works-on-my-machine problems and starts much faster than virtual machines."
Backend,How does cron job compare with similar approaches?,"Cron job is defined by five time fields and managed through crontab. It is used for backups, cleanups, and periodic reports. It is simple, reliable, and requires no extra services. It runs a backup script every night at two in the morning."
Backend,How is Apache Kafka typically used in real projects?,"Apache Kafka is used for real-time data pipelines, event sourcing, and log aggregation. It is a distributed event streaming platform that stores ordered logs of records. It is operationally heavy and overkill for simple task queues. It differs from RabbitMQ, which is a traditional broker focused on routing."
Backend,Walk me through a simple example of N+1 query problem.,N+1 query problem runs one query for fifty posts and fifty more for their authors. It is a performance issue where one query triggers many extra queries for related records. It is hard to spot in development because small datasets hide the slowness.
Backend,What is the basic idea behind CORS?,CORS is a browser security mechanism controlling which origins can request a server's resources. It is used to allow trusted frontends on other domains to call an API. It protects users by blocking unauthorized cross-origin reads by default. It is enforced by browsers and not by tools like curl.
Backend,Walk me through a simple example of eventual consistency.,Eventual consistency lets a social media like count appear different for a moment on two servers. It is a model where replicas become consistent over time if no new updates occur. It enables high availability and low latency across regions.
Backend,Why do developers use API gateway?,"API gateway is used in microservice systems to centralize cross-cutting concerns. It can become a bottleneck and single point of failure if poorly designed. It receives mobile app calls and routes them to user, order, and payment services. It is offered by tools like Kong, AWS API Gateway, and Apigee."
Backend,What are the benefits of using SQL join?,SQL join lets relational data stay organized without duplicating information. It is an operation that combines rows from two tables based on a related column. It can become slow on large tables without proper indexes. It joins orders with customers using customer_id to show buyer names.
Backend,Give an example of caching.,"Caching stores a computed homepage result for sixty seconds. It is the practice of storing frequently used data in fast storage for quick reuse. It is used to cut database load and speed up repeated requests. It can happen at browser, CDN, application, or database layers."
Backend,Why is circuit breaker useful?,"Circuit breaker protects resources and lets failing services recover. It is a pattern that stops calling a failing service after repeated errors. It needs tuned thresholds, and wrong settings may block healthy calls. It is implemented by libraries like Resilience4j and Polly."
Backend,How would you explain caching to a beginner?,"Caching is the practice of storing frequently used data in fast storage for quick reuse. It lowers latency and cost and helps systems handle traffic spikes. It stores a computed homepage result for sixty seconds. It can happen at browser, CDN, application, or database layers."
Backend,What do you gain by using pagination?,"Pagination reduces response size, memory use, and load times. It is the practice of returning large result sets in smaller pages. It is used for lists, feeds, and search results. It returns twenty items per request with a next cursor token."
Backend,Show a real-world example of caching.,Caching stores a computed homepage result for sixty seconds. It is the practice of storing frequently used data in fast storage for quick reuse. It lowers latency and cost and helps systems handle traffic spikes. It risks serving stale data and makes invalidation notoriously hard.
Backend,What is the main purpose of session authentication?,Session authentication is used in traditional web apps that keep users logged in through cookies. It needs server storage and shared stores when scaling across multiple instances. It sets a session cookie after login and looks up the user on each request.
Backend,What problems can microservice cause?,"Microservice adds network complexity, distributed debugging, and data consistency challenges. It is a small independently deployable service responsible for one business capability. It allows independent scaling, technology choices, and fault isolation. It contrasts with the monolith, which keeps everything in one deployable unit."
Backend,What are common pitfalls with circuit breaker?,"Circuit breaker needs tuned thresholds, and wrong settings may block healthy calls. It is used in distributed systems to prevent cascading failures. It protects resources and lets failing services recover. It trips after five consecutive timeouts and returns a fallback response."
Backend,Is there a substitute for JWT?,"JWT is an alternative to server-side sessions and is often used with OAuth 2.0. It is used for stateless authentication and passing identity between services. It lets servers verify users without storing sessions, which helps horizontal scaling. It is hard to revoke before expiry, and storing it unsafely exposes accounts."
Backend,Where have you seen idempotency in action?,"Idempotency makes sending the same payment request with one idempotency key charge once. It is used in APIs for safe retries, especially for payments. It requires storing keys or state and careful design for each endpoint. It is built into PUT and DELETE semantics but not POST by default."
Backend,What does Nginx mean?,Nginx is a high-performance web server that also works as a reverse proxy and load balancer. It is used to serve static files and route traffic to application servers. It handles many concurrent connections efficiently using little memory. It terminates HTTPS and proxies requests to a Node.js application.
Backend,Can you illustrate database migration with an example?,"Database migration adds a phone column to users with an Alembic or Django migration. It is a versioned script that changes a database schema in a controlled way. It makes schema changes repeatable, reviewable, and reversible. It is managed by tools like Flyway, Liquibase, and Alembic."
Backend,What are the alternatives or companions of WebSocket?,"WebSocket differs from HTTP polling and Server-Sent Events, which are one-directional. It is used for chat, live notifications, multiplayer games, and trading dashboards. It delivers messages instantly without repeated polling overhead. It holds connections open, which complicates scaling and load balancing."
Backend,What should you watch out for when using database normalization?,"Database normalization increases the number of joins, which can slow read-heavy queries. It is the process of organizing tables to reduce redundancy and dependency problems. It is used when designing relational schemas to keep data consistent. It prevents update anomalies and saves storage by storing each fact once."
Backend,What should I learn alongside WebSocket?,"WebSocket differs from HTTP polling and Server-Sent Events, which are one-directional. It is a protocol that keeps a persistent two-way connection between client and server. It is used for chat, live notifications, multiplayer games, and trading dashboards. It pushes new chat messages to every connected user immediately."
Backend,What is the basic idea behind reverse proxy?,"Reverse proxy is a server that sits in front of backend servers and forwards client requests. It lets Nginx accept HTTPS traffic and pass it to a local application. It differs from a forward proxy, which represents clients instead of servers."
Backend,When should you avoid middleware?,"Middleware can slow requests if too many layers run, and ordering mistakes cause subtle bugs. It is a function that runs between an incoming request and the final route handler. It keeps cross-cutting logic reusable and separate from business code."
Backend,When should you use connection pooling?,Connection pooling is used so applications avoid opening a new connection for every request. It cuts connection overhead and prevents exhausting database connection limits. It lets a web server reuse ten open connections to handle thousands of requests. It is provided by tools like PgBouncer and libraries such as HikariCP.
Backend,Explain pagination.,"Pagination is the practice of returning large result sets in smaller pages. It is used for lists, feeds, and search results. It reduces response size, memory use, and load times. It returns twenty items per request with a next cursor token."
Backend,What are the drawbacks of ORM?,"ORM can generate inefficient queries and hides what the database is doing. It speeds development, improves portability, and helps prevent SQL injection. It lets Django models or SQLAlchemy classes represent a users table. It is an alternative to raw SQL and query builders."
Backend,What does WebSocket mean?,"WebSocket is a protocol that keeps a persistent two-way connection between client and server. It is used for chat, live notifications, multiplayer games, and trading dashboards. It holds connections open, which complicates scaling and load balancing. It pushes new chat messages to every connected user immediately."
Backend,How does connection pooling help developers?,Connection pooling cuts connection overhead and prevents exhausting database connection limits. It is a technique that keeps a set of reusable database connections open. It is used so applications avoid opening a new connection for every request. It is provided by tools like PgBouncer and libraries such as HikariCP.
Backend,Is there a substitute for database normalization?,"Database normalization is balanced against denormalization, which duplicates data for faster reads. It is the process of organizing tables to reduce redundancy and dependency problems. It is used when designing relational schemas to keep data consistent. It increases the number of joins, which can slow read-heavy queries."
Backend,How does OAuth 2.0 compare with similar approaches?,"OAuth 2.0 is extended by OpenID Connect, which adds authentication identity. It is an authorization framework that lets apps access resources on a user's behalf without passwords. It is used for sign in with Google and granting limited API access."
Backend,What is database sharding used for?,"Database sharding is used when a single server can no longer handle data size or traffic. It scales storage and write throughput horizontally. It stores users with IDs in different ranges on different database servers. It differs from replication, which copies the same data to multiple servers."
Backend,What should I learn alongside background job?,"Background job is built with Celery, Sidekiq, or BullMQ on top of queues. It is used for emails, report generation, and image processing. It keeps responses fast and allows retries and scheduling. It needs monitoring, and failed or duplicate jobs must be handled."
Backend,Show a real-world example of SQL join.,SQL join joins orders with customers using customer_id to show buyer names. It is an operation that combines rows from two tables based on a related column. It is used to query data spread across normalized tables. It lets relational data stay organized without duplicating information.
Backend,Where have you seen database replication in action?,"Database replication sends all writes to a primary and dashboard reads to a replica. It is used for high availability, backups, and distributing read traffic. It keeps the service running if the primary fails and scales reads. It can show replication lag, so replicas may return slightly outdated data."
Backend,What do you gain by using REST API?,"REST API is simple, stateless, cacheable, and works with any client that speaks HTTP. It is used to let web and mobile clients communicate with servers over HTTP. It uses GET /users/5 to read a user and DELETE /users/5 to remove one."
Backend,Describe monolith briefly.,"Monolith is an application built and deployed as one single unit. It is used for early-stage products and small teams that need to move quickly. It is simple to develop, test, deploy, and debug locally. It can evolve into a modular monolith or microservices when needed."
Backend,Give an example of message queue.,"Message queue queues email jobs so the web request returns immediately. It is a system that stores messages sent by producers until consumers process them. It smooths traffic spikes and lets services fail without losing tasks. It is implemented by RabbitMQ, SQS, and Kafka."
Backend,What is the basic idea behind Apache Kafka?,"Apache Kafka is a distributed event streaming platform that stores ordered logs of records. It is used for real-time data pipelines, event sourcing, and log aggregation. It handles massive throughput and lets many consumers replay events independently. It streams click events from a website to analytics systems."
Backend,Walk me through a simple example of pagination.,"Pagination returns twenty items per request with a next cursor token. It is used for lists, feeds, and search results. It reduces response size, memory use, and load times. It can show duplicates or gaps when data changes, and deep offsets get slow. It comes as offset-based or cursor-based styles."
Backend,Why is API gateway considered important?,"API gateway simplifies clients and enforces security, throttling, and monitoring in one place. It is used in microservice systems to centralize cross-cutting concerns. It receives mobile app calls and routes them to user, order, and payment services. It is offered by tools like Kong, AWS API Gateway, and Apigee."
Backend,How is ORM typically used in real projects?,"ORM is used to read and write data without writing raw SQL for everything. It is a library that maps database tables to objects in a programming language. It speeds development, improves portability, and helps prevent SQL injection. It can generate inefficient queries and hides what the database is doing."
Backend,Can you give a short overview of REST API?,REST API is an architectural style where resources are exposed through URLs and standard HTTP methods. It is used to let web and mobile clients communicate with servers over HTTP. It uses GET /users/5 to read a user and DELETE /users/5 to remove one.
Backend,What is related to ACID transaction?,"ACID transaction contrasts with BASE systems that favor availability and eventual consistency. It is a database transaction that guarantees atomicity, consistency, isolation, and durability. It keeps data correct even during failures or concurrent access. It transfers money by debiting one account and crediting another, or neither."
Backend,What should you watch out for when using stored procedure?,"Stored procedure is harder to version, test, and port between database vendors. It reduces network round trips and can improve performance and security. It runs a calculate_invoice procedure with one call from the application. It is an alternative to ORM-based logic in application code."
Backend,What is the basic idea behind Docker container?,"Docker container is a lightweight, isolated package containing an application and its dependencies. It removes works-on-my-machine problems and starts much faster than virtual machines. It shares the host kernel, so isolation is weaker than a full virtual machine. It is orchestrated at scale by Kubernetes."
Backend,Define ACID transaction in simple words.,"ACID transaction is a database transaction that guarantees atomicity, consistency, isolation, and durability. It keeps data correct even during failures or concurrent access. It adds locking and coordination overhead that limits scalability. It transfers money by debiting one account and crediting another, or neither."
Backend,What are the drawbacks of monolith?,"Monolith becomes harder to scale and change as the codebase grows. It is an application built and deployed as one single unit. It is used for early-stage products and small teams that need to move quickly. It runs web, billing, and admin code in one deployable application."
Backend,Describe cron job briefly.,"Cron job is a scheduled task that runs automatically at specified times on Unix-like systems. It is used for backups, cleanups, and periodic reports. It is simple, reliable, and requires no extra services. It runs a backup script every night at two in the morning."
Backend,How would you explain REST API to a beginner?,REST API is an architectural style where resources are exposed through URLs and standard HTTP methods. It can cause over-fetching or multiple round trips when clients need related data. It is often compared with GraphQL and gRPC for service communication.
Backend,What is the main purpose of rate limiting?,"Rate limiting is used to protect APIs from abuse, scraping, and overload. It keeps service available and fair for all users and reduces costs. It returns HTTP 429 after a user exceeds one hundred requests per minute. It uses algorithms like token bucket, leaky bucket, and sliding window."
Backend,What problems can GraphQL cause?,"GraphQL complicates caching and rate limiting, and can expose expensive queries without depth limits. It avoids over-fetching and under-fetching and gives a strongly typed schema. It lets a mobile app request only a user's name and avatar in one call."
Backend,What are the downsides of cron job?,"Cron job is hard to monitor and can overlap or silently fail. It is a scheduled task that runs automatically at specified times on Unix-like systems. It is used for backups, cleanups, and periodic reports. It is defined by five time fields and managed through crontab."
Backend,In which situations is connection pooling a good choice?,Connection pooling is used so applications avoid opening a new connection for every request. It is a technique that keeps a set of reusable database connections open. It cuts connection overhead and prevents exhausting database connection limits. It is provided by tools like PgBouncer and libraries such as HikariCP.
Backend,Why is pagination useful?,"Pagination reduces response size, memory use, and load times. It can show duplicates or gaps when data changes, and deep offsets get slow. It returns twenty items per request with a next cursor token. It comes as offset-based or cursor-based styles."
Backend,What are the disadvantages of API gateway?,"API gateway can become a bottleneck and single point of failure if poorly designed. It is a single entry point that routes, authenticates, and manages API requests to services. It simplifies clients and enforces security, throttling, and monitoring in one place."
Backend,What are the downsides of rate limiting?,"Rate limiting can block legitimate bursts if limits are too strict. It keeps service available and fair for all users and reduces costs. It returns HTTP 429 after a user exceeds one hundred requests per minute. It uses algorithms like token bucket, leaky bucket, and sliding window."
Backend,How is Redis used in practice?,"Redis stores session data with a 30 minute expiry. It is used for caching, sessions, leaderboards, and rate limiting. It delivers very low latency and offers expiry and atomic operations. It is limited by available memory, and persistence settings can risk data loss."
Backend,Why do developers use background job?,"Background job is used for emails, report generation, and image processing. It is a task run outside the request-response cycle by a worker process. It resizes uploaded images with a Celery worker after the upload completes. It is built with Celery, Sidekiq, or BullMQ on top of queues."
Backend,In which situations is JWT a good choice?,"JWT is used for stateless authentication and passing identity between services. It is a compact signed token carrying claims, made of header, payload, and signature. It is returned after login and sent in the Authorization header as a Bearer token."
Backend,Can you give a short overview of idempotency?,Idempotency is the property that repeating an operation produces the same result as doing it once. It makes sending the same payment request with one idempotency key charge once. It is built into PUT and DELETE semantics but not POST by default.
Backend,What does REST API mean?,REST API is an architectural style where resources are exposed through URLs and standard HTTP methods. It is used to let web and mobile clients communicate with servers over HTTP. It can cause over-fetching or multiple round trips when clients need related data.
Backend,What is circuit breaker?,"Circuit breaker is a pattern that stops calling a failing service after repeated errors. It protects resources and lets failing services recover. It needs tuned thresholds, and wrong settings may block healthy calls. It is implemented by libraries like Resilience4j and Polly."
Backend,What are the limitations of circuit breaker?,"Circuit breaker needs tuned thresholds, and wrong settings may block healthy calls. It is a pattern that stops calling a failing service after repeated errors. It is used in distributed systems to prevent cascading failures. It trips after five consecutive timeouts and returns a fallback response."
Backend,What are the disadvantages of reverse proxy?,"Reverse proxy adds a network hop and another component to configure and monitor. It is a server that sits in front of backend servers and forwards client requests. It is used for TLS termination, caching, compression, and routing. It differs from a forward proxy, which represents clients instead of servers."
Backend,List the strengths of monolith.,"Monolith is simple to develop, test, deploy, and debug locally. It is used for early-stage products and small teams that need to move quickly. It becomes harder to scale and change as the codebase grows. It can evolve into a modular monolith or microservices when needed."
Backend,What other concepts are connected to connection pooling?,Connection pooling is provided by tools like PgBouncer and libraries such as HikariCP. It is used so applications avoid opening a new connection for every request. It cuts connection overhead and prevents exhausting database connection limits. It lets a web server reuse ten open connections to handle thousands of requests.
Backend,List the strengths of eventual consistency.,"Eventual consistency enables high availability and low latency across regions. It is used in highly available distributed databases like DynamoDB and Cassandra. It may show stale reads and requires conflict handling. It contrasts with strong consistency, which makes all reads return the latest write."
Backend,What problems can Nginx cause?,Nginx has a configuration syntax that is easy to misconfigure. It is a high-performance web server that also works as a reverse proxy and load balancer. It handles many concurrent connections efficiently using little memory. It competes with Apache and Caddy.
Backend,Where is database index commonly applied?,"Database index is used on columns frequently searched, joined, or sorted. It turns slow full table scans into fast lookups, boosting read performance. It slows inserts and updates and consumes extra storage. It is analyzed with EXPLAIN plans, and composite indexes cover multiple columns."
Backend,What is the main purpose of OAuth 2.0?,OAuth 2.0 is used for sign in with Google and granting limited API access. It is an authorization framework that lets apps access resources on a user's behalf without passwords. It lets a calendar app read your Google contacts after you approve access.
Backend,What is related to monolith?,"Monolith can evolve into a modular monolith or microservices when needed. It is used for early-stage products and small teams that need to move quickly. It is simple to develop, test, deploy, and debug locally. It runs web, billing, and admin code in one deployable application."
Backend,How does message queue help developers?,Message queue smooths traffic spikes and lets services fail without losing tasks. It is a system that stores messages sent by producers until consumers process them. It adds operational complexity and requires handling duplicates and ordering. It queues email jobs so the web request returns immediately.
Backend,Define Docker container in simple words.,"Docker container is a lightweight, isolated package containing an application and its dependencies. It is used to run software consistently across development and production. It shares the host kernel, so isolation is weaker than a full virtual machine. It packages a Flask app and Python runtime into one image."
Backend,What problems can eventual consistency cause?,"Eventual consistency may show stale reads and requires conflict handling. It enables high availability and low latency across regions. It lets a social media like count appear different for a moment on two servers. It contrasts with strong consistency, which makes all reads return the latest write."
Backend,What is caching used for?,Caching is used to cut database load and speed up repeated requests. It is the practice of storing frequently used data in fast storage for quick reuse. It risks serving stale data and makes invalidation notoriously hard. It stores a computed homepage result for sixty seconds.
Backend,What problem does connection pooling solve?,"Connection pooling is used so applications avoid opening a new connection for every request. It is a technique that keeps a set of reusable database connections open. It cuts connection overhead and prevents exhausting database connection limits. It needs careful sizing, because too many or too few connections hurt performance."
Backend,Describe SQL join briefly.,SQL join is an operation that combines rows from two tables based on a related column. It is used to query data spread across normalized tables. It lets relational data stay organized without duplicating information. It joins orders with customers using customer_id to show buyer names.
Backend,List the strengths of message queue.,Message queue smooths traffic spikes and lets services fail without losing tasks. It is a system that stores messages sent by producers until consumers process them. It is used to decouple services and handle work asynchronously. It adds operational complexity and requires handling duplicates and ordering.
Backend,What are the advantages of CORS?,"CORS protects users by blocking unauthorized cross-origin reads by default. It is used to allow trusted frontends on other domains to call an API. It causes confusing errors when headers are misconfigured, and wildcard origins are risky. It is enforced by browsers and not by tools like curl."
Backend,What problems can database replication cause?,"Database replication can show replication lag, so replicas may return slightly outdated data. It keeps the service running if the primary fails and scales reads. It sends all writes to a primary and dashboard reads to a replica. It is different from sharding, which splits data rather than copying it."
Backend,What are the disadvantages of Docker container?,"Docker container shares the host kernel, so isolation is weaker than a full virtual machine. It is a lightweight, isolated package containing an application and its dependencies. It removes works-on-my-machine problems and starts much faster than virtual machines. It packages a Flask app and Python runtime into one image."
Backend,What problems can N+1 query problem cause?,"N+1 query problem is hard to spot in development because small datasets hide the slowness. It becomes cheap to fix with eager loading, giving large speedups. It runs one query for fifty posts and fifty more for their authors. It is solved with joins, eager loading, or batching."
Backend,Can you give a short overview of cron job?,Cron job is a scheduled task that runs automatically at specified times on Unix-like systems. It is hard to monitor and can overlap or silently fail. It runs a backup script every night at two in the morning. It is defined by five time fields and managed through crontab.
Backend,How is API gateway typically used in real projects?,"API gateway is used in microservice systems to centralize cross-cutting concerns. It is a single entry point that routes, authenticates, and manages API requests to services. It receives mobile app calls and routes them to user, order, and payment services."
Backend,How does database normalization help developers?,"Database normalization prevents update anomalies and saves storage by storing each fact once. It is the process of organizing tables to reduce redundancy and dependency problems. It is used when designing relational schemas to keep data consistent. It increases the number of joins, which can slow read-heavy queries."
Backend,How does rate limiting differ from related concepts?,"Rate limiting uses algorithms like token bucket, leaky bucket, and sliding window. It is a control that caps how many requests a client can make in a time window. It is used to protect APIs from abuse, scraping, and overload."
Backend,Describe a scenario where caching is applied.,"Caching stores a computed homepage result for sixty seconds. It is used to cut database load and speed up repeated requests. It lowers latency and cost and helps systems handle traffic spikes. It can happen at browser, CDN, application, or database layers."
Backend,What are the limitations of idempotency?,Idempotency requires storing keys or state and careful design for each endpoint. It is the property that repeating an operation produces the same result as doing it once. It is built into PUT and DELETE semantics but not POST by default.
Backend,What are the advantages of stored procedure?,"Stored procedure reduces network round trips and can improve performance and security. It is a precompiled set of SQL statements stored and executed inside the database. It is used to encapsulate business logic and repeated database operations. It is harder to version, test, and port between database vendors."
Backend,Why do developers use message queue?,"Message queue is used to decouple services and handle work asynchronously. It smooths traffic spikes and lets services fail without losing tasks. It adds operational complexity and requires handling duplicates and ordering. It is implemented by RabbitMQ, SQS, and Kafka."
Backend,What makes CAP theorem valuable?,"CAP theorem clarifies why systems must choose behavior during network partitions. It is a principle stating a distributed system cannot guarantee consistency, availability, and partition tolerance simultaneously. It is used to reason about trade-offs when designing distributed databases. It is extended by PACELC, which also considers latency."
Backend,What are the alternatives or companions of reverse proxy?,"Reverse proxy differs from a forward proxy, which represents clients instead of servers. It is used for TLS termination, caching, compression, and routing. It adds a network hop and another component to configure and monitor. It lets Nginx accept HTTPS traffic and pass it to a local application."
Backend,What should you watch out for when using pagination?,"Pagination can show duplicates or gaps when data changes, and deep offsets get slow. It is the practice of returning large result sets in smaller pages. It reduces response size, memory use, and load times. It comes as offset-based or cursor-based styles."
Backend,How would you explain rate limiting to a beginner?,Rate limiting is a control that caps how many requests a client can make in a time window. It keeps service available and fair for all users and reduces costs. It returns HTTP 429 after a user exceeds one hundred requests per minute.
Backend,When should you use REST API?,REST API is used to let web and mobile clients communicate with servers over HTTP. It uses GET /users/5 to read a user and DELETE /users/5 to remove one. It is often compared with GraphQL and gRPC for service communication.
Backend,What does caching mean?,Caching is the practice of storing frequently used data in fast storage for quick reuse. It is used to cut database load and speed up repeated requests. It risks serving stale data and makes invalidation notoriously hard. It stores a computed homepage result for sixty seconds.
Backend,Can you illustrate stored procedure with an example?,"Stored procedure runs a calculate_invoice procedure with one call from the application. It reduces network round trips and can improve performance and security. It is harder to version, test, and port between database vendors. It is an alternative to ORM-based logic in application code."
Backend,Why is database replication considered important?,"Database replication keeps the service running if the primary fails and scales reads. It is used for high availability, backups, and distributing read traffic. It can show replication lag, so replicas may return slightly outdated data. It is different from sharding, which splits data rather than copying it."
Backend,Why do developers use CAP theorem?,"CAP theorem is used to reason about trade-offs when designing distributed databases. It is a principle stating a distributed system cannot guarantee consistency, availability, and partition tolerance simultaneously. It explains why a bank database may reject requests rather than risk inconsistency. It is extended by PACELC, which also considers latency."
Backend,Where have you seen circuit breaker in action?,"Circuit breaker trips after five consecutive timeouts and returns a fallback response. It is a pattern that stops calling a failing service after repeated errors. It protects resources and lets failing services recover. It needs tuned thresholds, and wrong settings may block healthy calls."
Backend,What are the drawbacks of SQL join?,SQL join can become slow on large tables without proper indexes. It is an operation that combines rows from two tables based on a related column. It is used to query data spread across normalized tables. It joins orders with customers using customer_id to show buyer names.
Backend,Why is dependency injection considered important?,"Dependency injection lets tests substitute mocks and simplifies swapping implementations. It is a design pattern where objects receive their dependencies instead of creating them. It is used to decouple components and make code testable. It is supported by Spring, NestJS, and FastAPI's Depends."
Backend,Where have you seen database sharding in action?,"Database sharding stores users with IDs in different ranges on different database servers. It is the practice of splitting a large database into smaller pieces across servers. It scales storage and write throughput horizontally. It differs from replication, which copies the same data to multiple servers."
Backend,How does ACID transaction differ from related concepts?,ACID transaction contrasts with BASE systems that favor availability and eventual consistency. It is used for operations like payments where partial updates are unacceptable. It keeps data correct even during failures or concurrent access. It adds locking and coordination overhead that limits scalability.
Backend,How would you explain Docker container to a beginner?,"Docker container is a lightweight, isolated package containing an application and its dependencies. It is used to run software consistently across development and production. It removes works-on-my-machine problems and starts much faster than virtual machines. It shares the host kernel, so isolation is weaker than a full virtual machine."
Backend,What are common pitfalls with connection pooling?,"Connection pooling needs careful sizing, because too many or too few connections hurt performance. It is used so applications avoid opening a new connection for every request. It lets a web server reuse ten open connections to handle thousands of requests."
Backend,Can you illustrate cron job with an example?,"Cron job runs a backup script every night at two in the morning. It is a scheduled task that runs automatically at specified times on Unix-like systems. It is used for backups, cleanups, and periodic reports. It is defined by five time fields and managed through crontab."
Backend,Walk me through a simple example of ORM.,"ORM lets Django models or SQLAlchemy classes represent a users table. It is a library that maps database tables to objects in a programming language. It speeds development, improves portability, and helps prevent SQL injection. It can generate inefficient queries and hides what the database is doing."
Backend,What are common pitfalls with middleware?,"Middleware can slow requests if too many layers run, and ordering mistakes cause subtle bugs. It is used for logging, authentication, validation, compression, and error handling. It keeps cross-cutting logic reusable and separate from business code. It is a core concept in Express, Django, and FastAPI."
Backend,How does session authentication compare with similar approaches?,"Session authentication contrasts with token-based approaches like JWT, which are stateless. It is a method where the server stores login state and gives the client a session ID. It is used in traditional web apps that keep users logged in through cookies."
Backend,What do you gain by using gRPC?,"gRPC offers compact binary messages, streaming, and generated client code. It is a high-performance remote procedure call framework using HTTP/2 and Protocol Buffers. It is harder to use directly from browsers and to inspect than JSON APIs. It is an alternative to REST and GraphQL for service-to-service calls."
Backend,What makes ACID transaction valuable?,"ACID transaction keeps data correct even during failures or concurrent access. It is a database transaction that guarantees atomicity, consistency, isolation, and durability. It is used for operations like payments where partial updates are unacceptable. It contrasts with BASE systems that favor availability and eventual consistency."
Backend,What are the benefits of using connection pooling?,Connection pooling cuts connection overhead and prevents exhausting database connection limits. It is a technique that keeps a set of reusable database connections open. It lets a web server reuse ten open connections to handle thousands of requests. It is provided by tools like PgBouncer and libraries such as HikariCP.
Backend,Walk me through a simple example of ACID transaction.,"ACID transaction transfers money by debiting one account and crediting another, or neither. It is a database transaction that guarantees atomicity, consistency, isolation, and durability. It adds locking and coordination overhead that limits scalability. It contrasts with BASE systems that favor availability and eventual consistency."
Backend,When should you avoid connection pooling?,"Connection pooling needs careful sizing, because too many or too few connections hurt performance. It lets a web server reuse ten open connections to handle thousands of requests. It is provided by tools like PgBouncer and libraries such as HikariCP."
Backend,What do you gain by using API versioning?,"API versioning gives clients time to migrate and keeps integrations stable. It is the practice of managing changes to an API through distinct versions. It is used to ship breaking changes without disrupting existing clients. It can use URL paths, headers, or query parameters."
Backend,What are the disadvantages of background job?,"Background job needs monitoring, and failed or duplicate jobs must be handled. It is used for emails, report generation, and image processing. It keeps responses fast and allows retries and scheduling. It resizes uploaded images with a Celery worker after the upload completes."
Backend,What are the alternatives or companions of dependency injection?,"Dependency injection is supported by Spring, NestJS, and FastAPI's Depends. It is used to decouple components and make code testable. It lets tests substitute mocks and simplifies swapping implementations. It passes a database repository into a service through its constructor."
Backend,How does rate limiting compare with similar approaches?,"Rate limiting uses algorithms like token bucket, leaky bucket, and sliding window. It is used to protect APIs from abuse, scraping, and overload. It keeps service available and fair for all users and reduces costs. It can block legitimate bursts if limits are too strict."
Backend,What are the downsides of database index?,"Database index slows inserts and updates and consumes extra storage. It is a data structure, often a B-tree, that speeds up row lookups on chosen columns. It is used on columns frequently searched, joined, or sorted. It is analyzed with EXPLAIN plans, and composite indexes cover multiple columns."
Backend,Explain Docker container.,"Docker container is a lightweight, isolated package containing an application and its dependencies. It is used to run software consistently across development and production. It packages a Flask app and Python runtime into one image. It is orchestrated at scale by Kubernetes."
Backend,Where is middleware commonly applied?,"Middleware is used for logging, authentication, validation, compression, and error handling. It keeps cross-cutting logic reusable and separate from business code. It checks a token and rejects unauthenticated requests before reaching the route. It is a core concept in Express, Django, and FastAPI."
Backend,Give an example of database index.,"Database index makes finding a user by email fast after indexing the email column. It turns slow full table scans into fast lookups, boosting read performance. It slows inserts and updates and consumes extra storage. It is analyzed with EXPLAIN plans, and composite indexes cover multiple columns."
Backend,How would you explain webhook to a beginner?,Webhook is an HTTP callback where a service sends event data to your URL. It is used to receive notifications such as payment completion. It avoids polling and delivers events in near real time. It lets Stripe notify your server when a payment succeeds.
Backend,How does webhook help developers?,"Webhook avoids polling and delivers events in near real time. It is used to receive notifications such as payment completion. It needs signature verification, retries, and idempotent handling. It lets Stripe notify your server when a payment succeeds. It is the push counterpart of polling an API."
Backend,What are common pitfalls with load balancer?,"Load balancer can itself become a bottleneck or failure point without redundancy. It is used to scale applications and avoid a single point of failure. It improves availability and performance, and enables rolling deployments. It is available as hardware or software such as Nginx, HAProxy, and cloud load balancers."
Backend,What are common pitfalls with dependency injection?,"Dependency injection adds indirection and configuration that can confuse newcomers. It is a design pattern where objects receive their dependencies instead of creating them. It is used to decouple components and make code testable. It is supported by Spring, NestJS, and FastAPI's Depends."
Backend,What is the main purpose of GraphQL?,"GraphQL is used for apps with complex, nested data and varied client requirements. It complicates caching and rate limiting, and can expose expensive queries without depth limits. It lets a mobile app request only a user's name and avatar in one call."
Backend,Describe stored procedure briefly.,Stored procedure is a precompiled set of SQL statements stored and executed inside the database. It is used to encapsulate business logic and repeated database operations. It runs a calculate_invoice procedure with one call from the application. It is an alternative to ORM-based logic in application code.
Backend,Where have you seen database index in action?,"Database index makes finding a user by email fast after indexing the email column. It is used on columns frequently searched, joined, or sorted. It slows inserts and updates and consumes extra storage. It is analyzed with EXPLAIN plans, and composite indexes cover multiple columns."
Backend,What should I learn alongside cron job?,"Cron job is defined by five time fields and managed through crontab. It is a scheduled task that runs automatically at specified times on Unix-like systems. It is used for backups, cleanups, and periodic reports. It is simple, reliable, and requires no extra services."
Backend,How does rate limiting help developers?,Rate limiting keeps service available and fair for all users and reduces costs. It is a control that caps how many requests a client can make in a time window. It can block legitimate bursts if limits are too strict.
Backend,When should you avoid ORM?,"ORM can generate inefficient queries and hides what the database is doing. It is a library that maps database tables to objects in a programming language. It is used to read and write data without writing raw SQL for everything. It speeds development, improves portability, and helps prevent SQL injection."
Backend,How does reverse proxy compare with similar approaches?,"Reverse proxy differs from a forward proxy, which represents clients instead of servers. It is used for TLS termination, caching, compression, and routing. It hides internal servers and centralizes security and performance features. It lets Nginx accept HTTPS traffic and pass it to a local application."
Backend,What are the benefits of using N+1 query problem?,"N+1 query problem becomes cheap to fix with eager loading, giving large speedups. It is a performance issue where one query triggers many extra queries for related records. It runs one query for fifty posts and fifty more for their authors. It is solved with joins, eager loading, or batching."
Backend,Can you illustrate database normalization with an example?,"Database normalization moves customer addresses into a separate table instead of repeating them per order. It is used when designing relational schemas to keep data consistent. It increases the number of joins, which can slow read-heavy queries. It is balanced against denormalization, which duplicates data for faster reads."
Backend,Why is stored procedure considered important?,"Stored procedure reduces network round trips and can improve performance and security. It is used to encapsulate business logic and repeated database operations. It is harder to version, test, and port between database vendors. It is an alternative to ORM-based logic in application code."
Backend,What should I learn alongside CORS?,"CORS is enforced by browsers and not by tools like curl. It is a browser security mechanism controlling which origins can request a server's resources. It causes confusing errors when headers are misconfigured, and wildcard origins are risky. It lets an app on app.example.com call api.example.com through Access-Control-Allow-Origin."
Backend,Describe a scenario where webhook is applied.,Webhook lets Stripe notify your server when a payment succeeds. It is an HTTP callback where a service sends event data to your URL. It avoids polling and delivers events in near real time. It is the push counterpart of polling an API.
Backend,Define REST API in simple words.,"REST API is an architectural style where resources are exposed through URLs and standard HTTP methods. It is used to let web and mobile clients communicate with servers over HTTP. It is simple, stateless, cacheable, and works with any client that speaks HTTP."
Backend,What should you watch out for when using idempotency?,"Idempotency requires storing keys or state and careful design for each endpoint. It is the property that repeating an operation produces the same result as doing it once. It is used in APIs for safe retries, especially for payments. It prevents duplicate charges or records when requests are retried."
Backend,What makes rate limiting valuable?,Rate limiting keeps service available and fair for all users and reduces costs. It is a control that caps how many requests a client can make in a time window. It returns HTTP 429 after a user exceeds one hundred requests per minute.
Backend,Why do developers use REST API?,"REST API is used to let web and mobile clients communicate with servers over HTTP. It is simple, stateless, cacheable, and works with any client that speaks HTTP. It uses GET /users/5 to read a user and DELETE /users/5 to remove one."
Backend,List the strengths of dependency injection.,Dependency injection lets tests substitute mocks and simplifies swapping implementations. It is a design pattern where objects receive their dependencies instead of creating them. It is used to decouple components and make code testable. It adds indirection and configuration that can confuse newcomers.
Backend,List the strengths of database replication.,"Database replication keeps the service running if the primary fails and scales reads. It is used for high availability, backups, and distributing read traffic. It can show replication lag, so replicas may return slightly outdated data. It sends all writes to a primary and dashboard reads to a replica."
Backend,When should you avoid microservice?,"Microservice adds network complexity, distributed debugging, and data consistency challenges. It is a small independently deployable service responsible for one business capability. It is used in large systems where teams need to scale and deploy separately. It contrasts with the monolith, which keeps everything in one deployable unit."
Backend,Why is connection pooling useful?,"Connection pooling cuts connection overhead and prevents exhausting database connection limits. It is used so applications avoid opening a new connection for every request. It needs careful sizing, because too many or too few connections hurt performance. It is provided by tools like PgBouncer and libraries such as HikariCP."
Backend,What is the main purpose of Docker container?,"Docker container is used to run software consistently across development and production. It shares the host kernel, so isolation is weaker than a full virtual machine. It packages a Flask app and Python runtime into one image. It is orchestrated at scale by Kubernetes."
Backend,When should you use webhook?,"Webhook is used to receive notifications such as payment completion. It is an HTTP callback where a service sends event data to your URL. It needs signature verification, retries, and idempotent handling. It is the push counterpart of polling an API."
Backend,What is related to connection pooling?,"Connection pooling is provided by tools like PgBouncer and libraries such as HikariCP. It is a technique that keeps a set of reusable database connections open. It cuts connection overhead and prevents exhausting database connection limits. It needs careful sizing, because too many or too few connections hurt performance."
Backend,What are the advantages of message queue?,"Message queue smooths traffic spikes and lets services fail without losing tasks. It is a system that stores messages sent by producers until consumers process them. It queues email jobs so the web request returns immediately. It is implemented by RabbitMQ, SQS, and Kafka."
Backend,Why do developers use Apache Kafka?,"Apache Kafka is used for real-time data pipelines, event sourcing, and log aggregation. It is operationally heavy and overkill for simple task queues. It streams click events from a website to analytics systems. It differs from RabbitMQ, which is a traditional broker focused on routing."
Backend,Is there a substitute for WebSocket?,"WebSocket differs from HTTP polling and Server-Sent Events, which are one-directional. It is a protocol that keeps a persistent two-way connection between client and server. It delivers messages instantly without repeated polling overhead. It pushes new chat messages to every connected user immediately."
Backend,Can you illustrate Apache Kafka with an example?,Apache Kafka streams click events from a website to analytics systems. It is a distributed event streaming platform that stores ordered logs of records. It handles massive throughput and lets many consumers replay events independently. It is operationally heavy and overkill for simple task queues.
Backend,What are the limitations of OAuth 2.0?,"OAuth 2.0 is complex to implement correctly, and misconfigured redirects create security holes. It limits access through scopes and avoids sharing user credentials with third parties. It lets a calendar app read your Google contacts after you approve access. It is extended by OpenID Connect, which adds authentication identity."
Backend,Walk me through a simple example of middleware.,"Middleware checks a token and rejects unauthenticated requests before reaching the route. It is a function that runs between an incoming request and the final route handler. It can slow requests if too many layers run, and ordering mistakes cause subtle bugs."
Backend,How does database migration help developers?,"Database migration makes schema changes repeatable, reviewable, and reversible. It is a versioned script that changes a database schema in a controlled way. It is used to evolve tables and columns across environments safely. It is managed by tools like Flyway, Liquibase, and Alembic."
Backend,What are the benefits of using REST API?,"REST API is simple, stateless, cacheable, and works with any client that speaks HTTP. It is an architectural style where resources are exposed through URLs and standard HTTP methods. It is used to let web and mobile clients communicate with servers over HTTP."
Backend,What is caching and why is Redis used?,"Caching stores frequently accessed data in fast memory so repeated requests avoid expensive database queries. Redis is an in-memory key-value store that offers extremely low latency, expiry times, and rich data structures. Using it reduces server load, improves response times, and helps applications scale under heavy traffic."
Backend,How does background job compare with similar approaches?,"Background job is built with Celery, Sidekiq, or BullMQ on top of queues. It is a task run outside the request-response cycle by a worker process. It is used for emails, report generation, and image processing. It resizes uploaded images with a Celery worker after the upload completes."
Backend,What do you gain by using reverse proxy?,"Reverse proxy hides internal servers and centralizes security and performance features. It is a server that sits in front of backend servers and forwards client requests. It is used for TLS termination, caching, compression, and routing. It lets Nginx accept HTTPS traffic and pass it to a local application."
Backend,Give an example of JWT.,"JWT is returned after login and sent in the Authorization header as a Bearer token. It is a compact signed token carrying claims, made of header, payload, and signature. It is hard to revoke before expiry, and storing it unsafely exposes accounts."
Backend,What are the alternatives or companions of stored procedure?,"Stored procedure is an alternative to ORM-based logic in application code. It is a precompiled set of SQL statements stored and executed inside the database. It is used to encapsulate business logic and repeated database operations. It is harder to version, test, and port between database vendors."
Backend,List the strengths of circuit breaker.,"Circuit breaker protects resources and lets failing services recover. It is used in distributed systems to prevent cascading failures. It needs tuned thresholds, and wrong settings may block healthy calls. It trips after five consecutive timeouts and returns a fallback response."
Backend,What is a practical example of background job?,"Background job resizes uploaded images with a Celery worker after the upload completes. It is a task run outside the request-response cycle by a worker process. It is used for emails, report generation, and image processing. It is built with Celery, Sidekiq, or BullMQ on top of queues."
Backend,Describe a scenario where database sharding is applied.,"Database sharding stores users with IDs in different ranges on different database servers. It is the practice of splitting a large database into smaller pieces across servers. It scales storage and write throughput horizontally. It complicates queries, joins, transactions, and rebalancing when shards grow unevenly."
Backend,What is the main purpose of caching?,"Caching is used to cut database load and speed up repeated requests. It lowers latency and cost and helps systems handle traffic spikes. It stores a computed homepage result for sixty seconds. It can happen at browser, CDN, application, or database layers."
Backend,What are the drawbacks of database sharding?,"Database sharding complicates queries, joins, transactions, and rebalancing when shards grow unevenly. It scales storage and write throughput horizontally. It stores users with IDs in different ranges on different database servers. It differs from replication, which copies the same data to multiple servers."
Backend,What other concepts are connected to WebSocket?,"WebSocket differs from HTTP polling and Server-Sent Events, which are one-directional. It is used for chat, live notifications, multiplayer games, and trading dashboards. It holds connections open, which complicates scaling and load balancing. It pushes new chat messages to every connected user immediately."
Backend,How is gRPC typically used in real projects?,gRPC is used for fast communication between internal microservices. It is harder to use directly from browsers and to inspect than JSON APIs. It lets a payment service call an inventory service through a generated stub. It is an alternative to REST and GraphQL for service-to-service calls.
Backend,Why is SQL join useful?,"SQL join lets relational data stay organized without duplicating information. It is an operation that combines rows from two tables based on a related column. It is used to query data spread across normalized tables. It comes in inner, left, right, and full types, which differ in handling unmatched rows."
Backend,Can you give a short overview of circuit breaker?,Circuit breaker is a pattern that stops calling a failing service after repeated errors. It is used in distributed systems to prevent cascading failures. It trips after five consecutive timeouts and returns a fallback response. It is implemented by libraries like Resilience4j and Polly.
Backend,Why is database normalization useful?,"Database normalization prevents update anomalies and saves storage by storing each fact once. It is the process of organizing tables to reduce redundancy and dependency problems. It is used when designing relational schemas to keep data consistent. It is balanced against denormalization, which duplicates data for faster reads."
Backend,Can you illustrate WebSocket with an example?,"WebSocket pushes new chat messages to every connected user immediately. It is a protocol that keeps a persistent two-way connection between client and server. It delivers messages instantly without repeated polling overhead. It holds connections open, which complicates scaling and load balancing."
Backend,How does reverse proxy differ from related concepts?,"Reverse proxy differs from a forward proxy, which represents clients instead of servers. It is a server that sits in front of backend servers and forwards client requests. It lets Nginx accept HTTPS traffic and pass it to a local application."
Backend,What are the benefits of using microservice?,"Microservice allows independent scaling, technology choices, and fault isolation. It is used in large systems where teams need to scale and deploy separately. It separates payments, inventory, and user accounts into different services. It contrasts with the monolith, which keeps everything in one deployable unit."
Backend,Walk me through a simple example of database sharding.,"Database sharding stores users with IDs in different ranges on different database servers. It is the practice of splitting a large database into smaller pieces across servers. It complicates queries, joins, transactions, and rebalancing when shards grow unevenly. It differs from replication, which copies the same data to multiple servers."
Backend,What are the disadvantages of cron job?,"Cron job is hard to monitor and can overlap or silently fail. It is a scheduled task that runs automatically at specified times on Unix-like systems. It is used for backups, cleanups, and periodic reports. It is simple, reliable, and requires no extra services."
Backend,Where have you seen ORM in action?,ORM lets Django models or SQLAlchemy classes represent a users table. It is used to read and write data without writing raw SQL for everything. It can generate inefficient queries and hides what the database is doing. It is an alternative to raw SQL and query builders.
Backend,What makes Docker container valuable?,"Docker container removes works-on-my-machine problems and starts much faster than virtual machines. It is a lightweight, isolated package containing an application and its dependencies. It shares the host kernel, so isolation is weaker than a full virtual machine. It is orchestrated at scale by Kubernetes."
Backend,Where have you seen Nginx in action?,Nginx terminates HTTPS and proxies requests to a Node.js application. It is used to serve static files and route traffic to application servers. It handles many concurrent connections efficiently using little memory. It has a configuration syntax that is easy to misconfigure. It competes with Apache and Caddy.
Backend,What is related to idempotency?,"Idempotency is built into PUT and DELETE semantics but not POST by default. It is the property that repeating an operation produces the same result as doing it once. It is used in APIs for safe retries, especially for payments. It prevents duplicate charges or records when requests are retried."
Backend,What are the disadvantages of Nginx?,Nginx has a configuration syntax that is easy to misconfigure. It is a high-performance web server that also works as a reverse proxy and load balancer. It terminates HTTPS and proxies requests to a Node.js application. It competes with Apache and Caddy.
Backend,Can you give a short overview of Apache Kafka?,"Apache Kafka is a distributed event streaming platform that stores ordered logs of records. It handles massive throughput and lets many consumers replay events independently. It streams click events from a website to analytics systems. It differs from RabbitMQ, which is a traditional broker focused on routing."
Backend,Can you illustrate API versioning with an example?,"API versioning exposes /v1/users and /v2/users side by side. It is the practice of managing changes to an API through distinct versions. It gives clients time to migrate and keeps integrations stable. It can use URL paths, headers, or query parameters."
Backend,Where have you seen eventual consistency in action?,Eventual consistency lets a social media like count appear different for a moment on two servers. It is a model where replicas become consistent over time if no new updates occur. It is used in highly available distributed databases like DynamoDB and Cassandra.
Backend,What is JWT used for?,JWT is used for stateless authentication and passing identity between services. It is returned after login and sent in the Authorization header as a Bearer token. It is an alternative to server-side sessions and is often used with OAuth 2.0.
Backend,What is a practical example of CORS?,"CORS lets an app on app.example.com call api.example.com through Access-Control-Allow-Origin. It is used to allow trusted frontends on other domains to call an API. It causes confusing errors when headers are misconfigured, and wildcard origins are risky. It is enforced by browsers and not by tools like curl."
Backend,What is the basic idea behind gRPC?,"gRPC is a high-performance remote procedure call framework using HTTP/2 and Protocol Buffers. It is used for fast communication between internal microservices. It offers compact binary messages, streaming, and generated client code. It is harder to use directly from browsers and to inspect than JSON APIs."
Backend,What other concepts are connected to cron job?,"Cron job is defined by five time fields and managed through crontab. It is a scheduled task that runs automatically at specified times on Unix-like systems. It is simple, reliable, and requires no extra services. It runs a backup script every night at two in the morning."
Backend,What are the limitations of background job?,"Background job needs monitoring, and failed or duplicate jobs must be handled. It is used for emails, report generation, and image processing. It resizes uploaded images with a Celery worker after the upload completes. It is built with Celery, Sidekiq, or BullMQ on top of queues."
Backend,Explain OAuth 2.0.,"OAuth 2.0 is an authorization framework that lets apps access resources on a user's behalf without passwords. It is used for sign in with Google and granting limited API access. It is extended by OpenID Connect, which adds authentication identity."
Backend,Where have you seen database migration in action?,"Database migration adds a phone column to users with an Alembic or Django migration. It is used to evolve tables and columns across environments safely. It can lock tables or lose data if applied carelessly on large production systems. It is managed by tools like Flyway, Liquibase, and Alembic."
Backend,What are the benefits of using caching?,"Caching lowers latency and cost and helps systems handle traffic spikes. It is the practice of storing frequently used data in fast storage for quick reuse. It is used to cut database load and speed up repeated requests. It can happen at browser, CDN, application, or database layers."
Backend,What is the difference between SQL and NoSQL databases?,"SQL databases store structured data in tables with fixed schemas and support powerful joins and ACID transactions, making them ideal for relational data. NoSQL databases, such as MongoDB, use flexible models like documents or key-value pairs, scale horizontally more easily, and suit rapidly changing or unstructured data."
Backend,Why is REST API useful?,"REST API is simple, stateless, cacheable, and works with any client that speaks HTTP. It is an architectural style where resources are exposed through URLs and standard HTTP methods. It uses GET /users/5 to read a user and DELETE /users/5 to remove one."
Backend,Is there a substitute for Nginx?,Nginx competes with Apache and Caddy. It is a high-performance web server that also works as a reverse proxy and load balancer. It is used to serve static files and route traffic to application servers. It terminates HTTPS and proxies requests to a Node.js application.
Backend,What is pagination?,"Pagination is the practice of returning large result sets in smaller pages. It can show duplicates or gaps when data changes, and deep offsets get slow. It returns twenty items per request with a next cursor token. It comes as offset-based or cursor-based styles."
Backend,What should you watch out for when using Redis?,"Redis is limited by available memory, and persistence settings can risk data loss. It delivers very low latency and offers expiry and atomic operations. It stores session data with a 30 minute expiry. It is similar to Memcached but offers richer data structures."
Backend,Give an example of Redis.,"Redis stores session data with a 30 minute expiry. It is an in-memory data store supporting strings, hashes, lists, sets, and more. It delivers very low latency and offers expiry and atomic operations. It is limited by available memory, and persistence settings can risk data loss."
Backend,What do you gain by using ORM?,"ORM speeds development, improves portability, and helps prevent SQL injection. It is a library that maps database tables to objects in a programming language. It is used to read and write data without writing raw SQL for everything. It lets Django models or SQLAlchemy classes represent a users table."
Backend,What are the benefits of using background job?,"Background job keeps responses fast and allows retries and scheduling. It is used for emails, report generation, and image processing. It resizes uploaded images with a Celery worker after the upload completes. It is built with Celery, Sidekiq, or BullMQ on top of queues."
Backend,What does CAP theorem mean?,"CAP theorem is a principle stating a distributed system cannot guarantee consistency, availability, and partition tolerance simultaneously. It is used to reason about trade-offs when designing distributed databases. It clarifies why systems must choose behavior during network partitions. It is extended by PACELC, which also considers latency."
Backend,What is an alternative to ACID transaction?,"ACID transaction contrasts with BASE systems that favor availability and eventual consistency. It is used for operations like payments where partial updates are unacceptable. It adds locking and coordination overhead that limits scalability. It transfers money by debiting one account and crediting another, or neither."
Backend,What are the limitations of database replication?,"Database replication can show replication lag, so replicas may return slightly outdated data. It is the process of copying data from a primary database to one or more replicas. It is different from sharding, which splits data rather than copying it."
Backend,Is there a substitute for idempotency?,Idempotency is built into PUT and DELETE semantics but not POST by default. It prevents duplicate charges or records when requests are retried. It requires storing keys or state and careful design for each endpoint. It makes sending the same payment request with one idempotency key charge once.
Backend,What do you gain by using connection pooling?,"Connection pooling cuts connection overhead and prevents exhausting database connection limits. It is a technique that keeps a set of reusable database connections open. It is used so applications avoid opening a new connection for every request. It needs careful sizing, because too many or too few connections hurt performance."
Backend,How does session authentication help developers?,Session authentication allows easy revocation because the server controls session data. It is a method where the server stores login state and gives the client a session ID. It is used in traditional web apps that keep users logged in through cookies.
Backend,What do you gain by using database index?,"Database index turns slow full table scans into fast lookups, boosting read performance. It is a data structure, often a B-tree, that speeds up row lookups on chosen columns. It is used on columns frequently searched, joined, or sorted. It slows inserts and updates and consumes extra storage."
Backend,How does ACID transaction compare with similar approaches?,"ACID transaction contrasts with BASE systems that favor availability and eventual consistency. It is a database transaction that guarantees atomicity, consistency, isolation, and durability. It is used for operations like payments where partial updates are unacceptable. It adds locking and coordination overhead that limits scalability."
Backend,What other concepts are connected to database migration?,"Database migration is managed by tools like Flyway, Liquibase, and Alembic. It is a versioned script that changes a database schema in a controlled way. It is used to evolve tables and columns across environments safely. It can lock tables or lose data if applied carelessly on large production systems."
Backend,Define Redis in simple words.,"Redis is an in-memory data store supporting strings, hashes, lists, sets, and more. It delivers very low latency and offers expiry and atomic operations. It is limited by available memory, and persistence settings can risk data loss. It is similar to Memcached but offers richer data structures."
Backend,In which situations is Docker container a good choice?,"Docker container is used to run software consistently across development and production. It removes works-on-my-machine problems and starts much faster than virtual machines. It shares the host kernel, so isolation is weaker than a full virtual machine. It is orchestrated at scale by Kubernetes."
Backend,What is the basic idea behind REST API?,"REST API is an architectural style where resources are exposed through URLs and standard HTTP methods. It is simple, stateless, cacheable, and works with any client that speaks HTTP. It is often compared with GraphQL and gRPC for service communication."
Backend,Why do developers use Redis?,"Redis is used for caching, sessions, leaderboards, and rate limiting. It delivers very low latency and offers expiry and atomic operations. It is limited by available memory, and persistence settings can risk data loss. It is similar to Memcached but offers richer data structures."
Backend,Describe microservice briefly.,"Microservice is a small independently deployable service responsible for one business capability. It allows independent scaling, technology choices, and fault isolation. It separates payments, inventory, and user accounts into different services. It contrasts with the monolith, which keeps everything in one deployable unit."
Backend,What should I learn alongside database migration?,"Database migration is managed by tools like Flyway, Liquibase, and Alembic. It is used to evolve tables and columns across environments safely. It can lock tables or lose data if applied carelessly on large production systems. It adds a phone column to users with an Alembic or Django migration."
Backend,Why is connection pooling considered important?,"Connection pooling cuts connection overhead and prevents exhausting database connection limits. It needs careful sizing, because too many or too few connections hurt performance. It lets a web server reuse ten open connections to handle thousands of requests. It is provided by tools like PgBouncer and libraries such as HikariCP."
Backend,How does cron job help developers?,"Cron job is simple, reliable, and requires no extra services. It is a scheduled task that runs automatically at specified times on Unix-like systems. It is used for backups, cleanups, and periodic reports. It runs a backup script every night at two in the morning."
Backend,What are the advantages of eventual consistency?,"Eventual consistency enables high availability and low latency across regions. It is a model where replicas become consistent over time if no new updates occur. It is used in highly available distributed databases like DynamoDB and Cassandra. It contrasts with strong consistency, which makes all reads return the latest write."
Backend,What should you watch out for when using reverse proxy?,"Reverse proxy adds a network hop and another component to configure and monitor. It is used for TLS termination, caching, compression, and routing. It lets Nginx accept HTTPS traffic and pass it to a local application. It differs from a forward proxy, which represents clients instead of servers."
Backend,What problems can CORS cause?,"CORS causes confusing errors when headers are misconfigured, and wildcard origins are risky. It is used to allow trusted frontends on other domains to call an API. It protects users by blocking unauthorized cross-origin reads by default. It lets an app on app.example.com call api.example.com through Access-Control-Allow-Origin."
Backend,What is Apache Kafka?,"Apache Kafka is a distributed event streaming platform that stores ordered logs of records. It is used for real-time data pipelines, event sourcing, and log aggregation. It handles massive throughput and lets many consumers replay events independently. It differs from RabbitMQ, which is a traditional broker focused on routing."
Backend,Can you give a short overview of caching?,"Caching is the practice of storing frequently used data in fast storage for quick reuse. It is used to cut database load and speed up repeated requests. It stores a computed homepage result for sixty seconds. It can happen at browser, CDN, application, or database layers."
Backend,What is database replication used for?,"Database replication is used for high availability, backups, and distributing read traffic. It is the process of copying data from a primary database to one or more replicas. It can show replication lag, so replicas may return slightly outdated data."
Backend,What are the drawbacks of database migration?,"Database migration can lock tables or lose data if applied carelessly on large production systems. It is a versioned script that changes a database schema in a controlled way. It is used to evolve tables and columns across environments safely. It makes schema changes repeatable, reviewable, and reversible."
Backend,Is there a substitute for ORM?,"ORM is an alternative to raw SQL and query builders. It is used to read and write data without writing raw SQL for everything. It speeds development, improves portability, and helps prevent SQL injection. It can generate inefficient queries and hides what the database is doing."
Backend,What should I learn alongside JWT?,"JWT is an alternative to server-side sessions and is often used with OAuth 2.0. It is hard to revoke before expiry, and storing it unsafely exposes accounts. It is returned after login and sent in the Authorization header as a Bearer token."
Backend,What problems can WebSocket cause?,"WebSocket holds connections open, which complicates scaling and load balancing. It is a protocol that keeps a persistent two-way connection between client and server. It is used for chat, live notifications, multiplayer games, and trading dashboards. It delivers messages instantly without repeated polling overhead."
Backend,What are common pitfalls with N+1 query problem?,"N+1 query problem is hard to spot in development because small datasets hide the slowness. It is a performance issue where one query triggers many extra queries for related records. It becomes cheap to fix with eager loading, giving large speedups."
Backend,Describe connection pooling briefly.,"Connection pooling is a technique that keeps a set of reusable database connections open. It cuts connection overhead and prevents exhausting database connection limits. It needs careful sizing, because too many or too few connections hurt performance. It is provided by tools like PgBouncer and libraries such as HikariCP."
Backend,Give an example of GraphQL.,GraphQL lets a mobile app request only a user's name and avatar in one call. It is a query language where clients request exactly the fields they need from one endpoint. It avoids over-fetching and under-fetching and gives a strongly typed schema.
Backend,What are the benefits of using monolith?,"Monolith is simple to develop, test, deploy, and debug locally. It is an application built and deployed as one single unit. It is used for early-stage products and small teams that need to move quickly. It becomes harder to scale and change as the codebase grows."
Backend,What is webhook used for?,Webhook is used to receive notifications such as payment completion. It is an HTTP callback where a service sends event data to your URL. It avoids polling and delivers events in near real time. It lets Stripe notify your server when a payment succeeds.
Backend,What do you gain by using database replication?,"Database replication keeps the service running if the primary fails and scales reads. It is the process of copying data from a primary database to one or more replicas. It can show replication lag, so replicas may return slightly outdated data."
Backend,What is the main purpose of cron job?,"Cron job is used for backups, cleanups, and periodic reports. It is simple, reliable, and requires no extra services. It is hard to monitor and can overlap or silently fail. It runs a backup script every night at two in the morning."
Backend,What is the basic idea behind idempotency?,"Idempotency is the property that repeating an operation produces the same result as doing it once. It is used in APIs for safe retries, especially for payments. It prevents duplicate charges or records when requests are retried. It makes sending the same payment request with one idempotency key charge once."
Backend,What does CORS mean?,CORS is a browser security mechanism controlling which origins can request a server's resources. It protects users by blocking unauthorized cross-origin reads by default. It lets an app on app.example.com call api.example.com through Access-Control-Allow-Origin. It is enforced by browsers and not by tools like curl.
Backend,What are the advantages of GraphQL?,"GraphQL avoids over-fetching and under-fetching and gives a strongly typed schema. It is a query language where clients request exactly the fields they need from one endpoint. It complicates caching and rate limiting, and can expose expensive queries without depth limits."
Backend,In which situations is webhook a good choice?,Webhook is used to receive notifications such as payment completion. It is an HTTP callback where a service sends event data to your URL. It lets Stripe notify your server when a payment succeeds. It is the push counterpart of polling an API.
Backend,Why is CAP theorem useful?,"CAP theorem clarifies why systems must choose behavior during network partitions. It is used to reason about trade-offs when designing distributed databases. It is often oversimplified, since real systems offer nuanced trade-offs. It explains why a bank database may reject requests rather than risk inconsistency."
Backend,What are the downsides of Redis?,"Redis is limited by available memory, and persistence settings can risk data loss. It is used for caching, sessions, leaderboards, and rate limiting. It stores session data with a 30 minute expiry. It is similar to Memcached but offers richer data structures."
Backend,In which situations is Apache Kafka a good choice?,"Apache Kafka is used for real-time data pipelines, event sourcing, and log aggregation. It is a distributed event streaming platform that stores ordered logs of records. It streams click events from a website to analytics systems. It differs from RabbitMQ, which is a traditional broker focused on routing."
Backend,Describe a scenario where Redis is applied.,"Redis stores session data with a 30 minute expiry. It is an in-memory data store supporting strings, hashes, lists, sets, and more. It is used for caching, sessions, leaderboards, and rate limiting. It delivers very low latency and offers expiry and atomic operations."
Backend,How does CORS help developers?,CORS protects users by blocking unauthorized cross-origin reads by default. It is used to allow trusted frontends on other domains to call an API. It lets an app on app.example.com call api.example.com through Access-Control-Allow-Origin. It is enforced by browsers and not by tools like curl.
Backend,What is an alternative to Nginx?,Nginx competes with Apache and Caddy. It is a high-performance web server that also works as a reverse proxy and load balancer. It handles many concurrent connections efficiently using little memory. It terminates HTTPS and proxies requests to a Node.js application.
Backend,Why is WebSocket considered important?,"WebSocket delivers messages instantly without repeated polling overhead. It is a protocol that keeps a persistent two-way connection between client and server. It pushes new chat messages to every connected user immediately. It differs from HTTP polling and Server-Sent Events, which are one-directional."
Backend,What should I learn alongside database normalization?,"Database normalization is balanced against denormalization, which duplicates data for faster reads. It is used when designing relational schemas to keep data consistent. It increases the number of joins, which can slow read-heavy queries. It moves customer addresses into a separate table instead of repeating them per order."
Backend,Can you illustrate API gateway with an example?,"API gateway receives mobile app calls and routes them to user, order, and payment services. It is used in microservice systems to centralize cross-cutting concerns. It simplifies clients and enforces security, throttling, and monitoring in one place. It is offered by tools like Kong, AWS API Gateway, and Apigee."
Backend,What should I learn alongside Redis?,"Redis is similar to Memcached but offers richer data structures. It is an in-memory data store supporting strings, hashes, lists, sets, and more. It is used for caching, sessions, leaderboards, and rate limiting. It delivers very low latency and offers expiry and atomic operations."
Backend,What is an alternative to connection pooling?,Connection pooling is provided by tools like PgBouncer and libraries such as HikariCP. It is used so applications avoid opening a new connection for every request. It lets a web server reuse ten open connections to handle thousands of requests.
Backend,What is a practical example of load balancer?,"Load balancer sends requests across four application servers using round robin. It is a component that distributes incoming traffic across multiple servers. It is used to scale applications and avoid a single point of failure. It improves availability and performance, and enables rolling deployments."
Backend,How does API gateway differ from related concepts?,"API gateway is offered by tools like Kong, AWS API Gateway, and Apigee. It is a single entry point that routes, authenticates, and manages API requests to services. It receives mobile app calls and routes them to user, order, and payment services."
Backend,What is the main purpose of circuit breaker?,Circuit breaker is used in distributed systems to prevent cascading failures. It is a pattern that stops calling a failing service after repeated errors. It protects resources and lets failing services recover. It trips after five consecutive timeouts and returns a fallback response.
Backend,Give an example of cron job.,"Cron job runs a backup script every night at two in the morning. It is a scheduled task that runs automatically at specified times on Unix-like systems. It is simple, reliable, and requires no extra services. It is defined by five time fields and managed through crontab."
Backend,How would you explain database migration to a beginner?,Database migration is a versioned script that changes a database schema in a controlled way. It is used to evolve tables and columns across environments safely. It can lock tables or lose data if applied carelessly on large production systems.
Backend,Is there a substitute for caching?,"Caching can happen at browser, CDN, application, or database layers. It lowers latency and cost and helps systems handle traffic spikes. It risks serving stale data and makes invalidation notoriously hard. It stores a computed homepage result for sixty seconds."
Backend,Where have you seen microservice in action?,"Microservice separates payments, inventory, and user accounts into different services. It is used in large systems where teams need to scale and deploy separately. It adds network complexity, distributed debugging, and data consistency challenges. It contrasts with the monolith, which keeps everything in one deployable unit."
Backend,Why is ACID transaction considered important?,"ACID transaction keeps data correct even during failures or concurrent access. It is a database transaction that guarantees atomicity, consistency, isolation, and durability. It is used for operations like payments where partial updates are unacceptable. It adds locking and coordination overhead that limits scalability."
Backend,What problem does eventual consistency solve?,"Eventual consistency is used in highly available distributed databases like DynamoDB and Cassandra. It is a model where replicas become consistent over time if no new updates occur. It enables high availability and low latency across regions. It contrasts with strong consistency, which makes all reads return the latest write."
Backend,Where have you seen REST API in action?,"REST API uses GET /users/5 to read a user and DELETE /users/5 to remove one. It is an architectural style where resources are exposed through URLs and standard HTTP methods. It is simple, stateless, cacheable, and works with any client that speaks HTTP."
Backend,What are the alternatives or companions of database migration?,"Database migration is managed by tools like Flyway, Liquibase, and Alembic. It is used to evolve tables and columns across environments safely. It makes schema changes repeatable, reviewable, and reversible. It can lock tables or lose data if applied carelessly on large production systems."
Backend,List the strengths of middleware.,"Middleware keeps cross-cutting logic reusable and separate from business code. It is a function that runs between an incoming request and the final route handler. It checks a token and rejects unauthenticated requests before reaching the route. It is a core concept in Express, Django, and FastAPI."
Backend,What should I learn alongside circuit breaker?,Circuit breaker is implemented by libraries like Resilience4j and Polly. It is a pattern that stops calling a failing service after repeated errors. It is used in distributed systems to prevent cascading failures. It protects resources and lets failing services recover.
Backend,What is an alternative to SQL join?,"SQL join comes in inner, left, right, and full types, which differ in handling unmatched rows. It is an operation that combines rows from two tables based on a related column. It lets relational data stay organized without duplicating information. It can become slow on large tables without proper indexes."
Backend,What are the disadvantages of WebSocket?,"WebSocket holds connections open, which complicates scaling and load balancing. It is used for chat, live notifications, multiplayer games, and trading dashboards. It delivers messages instantly without repeated polling overhead. It differs from HTTP polling and Server-Sent Events, which are one-directional."
Backend,Can you illustrate middleware with an example?,"Middleware checks a token and rejects unauthenticated requests before reaching the route. It keeps cross-cutting logic reusable and separate from business code. It can slow requests if too many layers run, and ordering mistakes cause subtle bugs. It is a core concept in Express, Django, and FastAPI."
Backend,Walk me through a simple example of caching.,"Caching stores a computed homepage result for sixty seconds. It is the practice of storing frequently used data in fast storage for quick reuse. It lowers latency and cost and helps systems handle traffic spikes. It can happen at browser, CDN, application, or database layers."
Backend,Describe a scenario where microservice is applied.,"Microservice separates payments, inventory, and user accounts into different services. It is a small independently deployable service responsible for one business capability. It allows independent scaling, technology choices, and fault isolation. It contrasts with the monolith, which keeps everything in one deployable unit."
Backend,How does microservice compare with similar approaches?,"Microservice contrasts with the monolith, which keeps everything in one deployable unit. It is a small independently deployable service responsible for one business capability. It adds network complexity, distributed debugging, and data consistency challenges. It separates payments, inventory, and user accounts into different services."
Backend,What is an alternative to Redis?,"Redis is similar to Memcached but offers richer data structures. It is used for caching, sessions, leaderboards, and rate limiting. It is limited by available memory, and persistence settings can risk data loss. It stores session data with a 30 minute expiry."
Backend,How does WebSocket compare with similar approaches?,"WebSocket differs from HTTP polling and Server-Sent Events, which are one-directional. It is a protocol that keeps a persistent two-way connection between client and server. It delivers messages instantly without repeated polling overhead. It holds connections open, which complicates scaling and load balancing."
Backend,Can you illustrate pagination with an example?,"Pagination returns twenty items per request with a next cursor token. It is the practice of returning large result sets in smaller pages. It is used for lists, feeds, and search results. It reduces response size, memory use, and load times."
Backend,What problems can database index cause?,"Database index slows inserts and updates and consumes extra storage. It is used on columns frequently searched, joined, or sorted. It turns slow full table scans into fast lookups, boosting read performance. It is analyzed with EXPLAIN plans, and composite indexes cover multiple columns."
Backend,What is related to session authentication?,"Session authentication contrasts with token-based approaches like JWT, which are stateless. It allows easy revocation because the server controls session data. It needs server storage and shared stores when scaling across multiple instances. It sets a session cookie after login and looks up the user on each request."
Backend,How is WebSocket typically used in real projects?,"WebSocket is used for chat, live notifications, multiplayer games, and trading dashboards. It is a protocol that keeps a persistent two-way connection between client and server. It holds connections open, which complicates scaling and load balancing. It differs from HTTP polling and Server-Sent Events, which are one-directional."
Backend,What makes middleware valuable?,"Middleware keeps cross-cutting logic reusable and separate from business code. It is used for logging, authentication, validation, compression, and error handling. It checks a token and rejects unauthenticated requests before reaching the route. It is a core concept in Express, Django, and FastAPI."
Backend,What is a practical example of eventual consistency?,Eventual consistency lets a social media like count appear different for a moment on two servers. It is used in highly available distributed databases like DynamoDB and Cassandra. It enables high availability and low latency across regions. It may show stale reads and requires conflict handling.
Backend,Define database sharding in simple words.,Database sharding is the practice of splitting a large database into smaller pieces across servers. It is used when a single server can no longer handle data size or traffic. It scales storage and write throughput horizontally. It stores users with IDs in different ranges on different database servers.
Backend,What are the limitations of database sharding?,"Database sharding complicates queries, joins, transactions, and rebalancing when shards grow unevenly. It is the practice of splitting a large database into smaller pieces across servers. It scales storage and write throughput horizontally. It stores users with IDs in different ranges on different database servers."
Backend,What other concepts are connected to Redis?,"Redis is similar to Memcached but offers richer data structures. It is used for caching, sessions, leaderboards, and rate limiting. It delivers very low latency and offers expiry and atomic operations. It is limited by available memory, and persistence settings can risk data loss."
Backend,What is related to JWT?,"JWT is an alternative to server-side sessions and is often used with OAuth 2.0. It lets servers verify users without storing sessions, which helps horizontal scaling. It is returned after login and sent in the Authorization header as a Bearer token."
Backend,What are common pitfalls with ACID transaction?,"ACID transaction adds locking and coordination overhead that limits scalability. It is a database transaction that guarantees atomicity, consistency, isolation, and durability. It is used for operations like payments where partial updates are unacceptable. It transfers money by debiting one account and crediting another, or neither."
Backend,Where is background job commonly applied?,"Background job is used for emails, report generation, and image processing. It keeps responses fast and allows retries and scheduling. It needs monitoring, and failed or duplicate jobs must be handled. It resizes uploaded images with a Celery worker after the upload completes."
Backend,Why do developers use dependency injection?,"Dependency injection is used to decouple components and make code testable. It is a design pattern where objects receive their dependencies instead of creating them. It passes a database repository into a service through its constructor. It is supported by Spring, NestJS, and FastAPI's Depends."
Backend,What is OAuth 2.0 used for?,"OAuth 2.0 is used for sign in with Google and granting limited API access. It is an authorization framework that lets apps access resources on a user's behalf without passwords. It is complex to implement correctly, and misconfigured redirects create security holes."
Backend,When should you use middleware?,"Middleware is used for logging, authentication, validation, compression, and error handling. It keeps cross-cutting logic reusable and separate from business code. It can slow requests if too many layers run, and ordering mistakes cause subtle bugs. It is a core concept in Express, Django, and FastAPI."
Backend,Where is CORS commonly applied?,"CORS is used to allow trusted frontends on other domains to call an API. It causes confusing errors when headers are misconfigured, and wildcard origins are risky. It lets an app on app.example.com call api.example.com through Access-Control-Allow-Origin. It is enforced by browsers and not by tools like curl."
Backend,Why do developers use database replication?,"Database replication is used for high availability, backups, and distributing read traffic. It is the process of copying data from a primary database to one or more replicas. It sends all writes to a primary and dashboard reads to a replica."
Backend,What are the advantages of reverse proxy?,"Reverse proxy hides internal servers and centralizes security and performance features. It is used for TLS termination, caching, compression, and routing. It lets Nginx accept HTTPS traffic and pass it to a local application. It differs from a forward proxy, which represents clients instead of servers."
Backend,When should you use CAP theorem?,"CAP theorem is used to reason about trade-offs when designing distributed databases. It is a principle stating a distributed system cannot guarantee consistency, availability, and partition tolerance simultaneously. It explains why a bank database may reject requests rather than risk inconsistency."
Backend,How does pagination help developers?,"Pagination reduces response size, memory use, and load times. It is the practice of returning large result sets in smaller pages. It is used for lists, feeds, and search results. It returns twenty items per request with a next cursor token. It comes as offset-based or cursor-based styles."
Backend,What is an alternative to N+1 query problem?,"N+1 query problem is solved with joins, eager loading, or batching. It is a performance issue where one query triggers many extra queries for related records. It becomes cheap to fix with eager loading, giving large speedups. It runs one query for fifty posts and fifty more for their authors."
Backend,What are the disadvantages of JWT?,"JWT is hard to revoke before expiry, and storing it unsafely exposes accounts. It is used for stateless authentication and passing identity between services. It lets servers verify users without storing sessions, which helps horizontal scaling. It is an alternative to server-side sessions and is often used with OAuth 2.0."
Backend,Where have you seen stored procedure in action?,Stored procedure runs a calculate_invoice procedure with one call from the application. It is a precompiled set of SQL statements stored and executed inside the database. It reduces network round trips and can improve performance and security. It is an alternative to ORM-based logic in application code.
Backend,How would you explain JWT to a beginner?,"JWT is a compact signed token carrying claims, made of header, payload, and signature. It is used for stateless authentication and passing identity between services. It lets servers verify users without storing sessions, which helps horizontal scaling. It is hard to revoke before expiry, and storing it unsafely exposes accounts."
Backend,When should you use GraphQL?,"GraphQL is used for apps with complex, nested data and varied client requirements. It is a query language where clients request exactly the fields they need from one endpoint. It is an alternative to REST, and Apollo is a popular implementation."
Backend,What are the advantages of REST API?,"REST API is simple, stateless, cacheable, and works with any client that speaks HTTP. It is used to let web and mobile clients communicate with servers over HTTP. It uses GET /users/5 to read a user and DELETE /users/5 to remove one."
Backend,Show a real-world example of JWT.,"JWT is returned after login and sent in the Authorization header as a Bearer token. It lets servers verify users without storing sessions, which helps horizontal scaling. It is hard to revoke before expiry, and storing it unsafely exposes accounts."
Backend,What is related to SQL join?,"SQL join comes in inner, left, right, and full types, which differ in handling unmatched rows. It is an operation that combines rows from two tables based on a related column. It is used to query data spread across normalized tables. It lets relational data stay organized without duplicating information."
Backend,How would you explain eventual consistency to a beginner?,Eventual consistency is a model where replicas become consistent over time if no new updates occur. It enables high availability and low latency across regions. It lets a social media like count appear different for a moment on two servers.
Backend,How is Nginx used in practice?,Nginx terminates HTTPS and proxies requests to a Node.js application. It is a high-performance web server that also works as a reverse proxy and load balancer. It has a configuration syntax that is easy to misconfigure. It competes with Apache and Caddy.
Backend,Is there a substitute for load balancer?,"Load balancer is available as hardware or software such as Nginx, HAProxy, and cloud load balancers. It is used to scale applications and avoid a single point of failure. It improves availability and performance, and enables rolling deployments. It sends requests across four application servers using round robin."
Backend,How does monolith help developers?,"Monolith is simple to develop, test, deploy, and debug locally. It is used for early-stage products and small teams that need to move quickly. It becomes harder to scale and change as the codebase grows. It runs web, billing, and admin code in one deployable application."
Backend,Show a real-world example of N+1 query problem.,"N+1 query problem runs one query for fifty posts and fifty more for their authors. It is a performance issue where one query triggers many extra queries for related records. It becomes cheap to fix with eager loading, giving large speedups."
Backend,What are common pitfalls with GraphQL?,"GraphQL complicates caching and rate limiting, and can expose expensive queries without depth limits. It is a query language where clients request exactly the fields they need from one endpoint. It is used for apps with complex, nested data and varied client requirements."
Backend,What problems can Apache Kafka cause?,"Apache Kafka is operationally heavy and overkill for simple task queues. It is used for real-time data pipelines, event sourcing, and log aggregation. It handles massive throughput and lets many consumers replay events independently. It differs from RabbitMQ, which is a traditional broker focused on routing."
Backend,Why do developers use caching?,Caching is used to cut database load and speed up repeated requests. It lowers latency and cost and helps systems handle traffic spikes. It risks serving stale data and makes invalidation notoriously hard. It stores a computed homepage result for sixty seconds.
Backend,What are the alternatives or companions of gRPC?,gRPC is an alternative to REST and GraphQL for service-to-service calls. It is a high-performance remote procedure call framework using HTTP/2 and Protocol Buffers. It is used for fast communication between internal microservices. It lets a payment service call an inventory service through a generated stub.
Backend,Show a real-world example of database sharding.,Database sharding stores users with IDs in different ranges on different database servers. It is the practice of splitting a large database into smaller pieces across servers. It is used when a single server can no longer handle data size or traffic. It scales storage and write throughput horizontally.
Backend,What problem does WebSocket solve?,"WebSocket is used for chat, live notifications, multiplayer games, and trading dashboards. It is a protocol that keeps a persistent two-way connection between client and server. It pushes new chat messages to every connected user immediately. It differs from HTTP polling and Server-Sent Events, which are one-directional."
Backend,What is the basic idea behind stored procedure?,Stored procedure is a precompiled set of SQL statements stored and executed inside the database. It is used to encapsulate business logic and repeated database operations. It reduces network round trips and can improve performance and security. It is an alternative to ORM-based logic in application code.
Backend,Explain caching.,"Caching is the practice of storing frequently used data in fast storage for quick reuse. It is used to cut database load and speed up repeated requests. It risks serving stale data and makes invalidation notoriously hard. It can happen at browser, CDN, application, or database layers."
Backend,How is pagination used in practice?,"Pagination returns twenty items per request with a next cursor token. It is the practice of returning large result sets in smaller pages. It reduces response size, memory use, and load times. It can show duplicates or gaps when data changes, and deep offsets get slow."
Backend,What is a practical example of rate limiting?,"Rate limiting returns HTTP 429 after a user exceeds one hundred requests per minute. It is a control that caps how many requests a client can make in a time window. It uses algorithms like token bucket, leaky bucket, and sliding window."
Backend,What are the limitations of dependency injection?,Dependency injection adds indirection and configuration that can confuse newcomers. It is used to decouple components and make code testable. It lets tests substitute mocks and simplifies swapping implementations. It passes a database repository into a service through its constructor.
Backend,What do you gain by using dependency injection?,"Dependency injection lets tests substitute mocks and simplifies swapping implementations. It is a design pattern where objects receive their dependencies instead of creating them. It passes a database repository into a service through its constructor. It is supported by Spring, NestJS, and FastAPI's Depends."
Backend,What other concepts are connected to Apache Kafka?,"Apache Kafka differs from RabbitMQ, which is a traditional broker focused on routing. It handles massive throughput and lets many consumers replay events independently. It is operationally heavy and overkill for simple task queues. It streams click events from a website to analytics systems."
Backend,What do you gain by using monolith?,"Monolith is simple to develop, test, deploy, and debug locally. It is an application built and deployed as one single unit. It is used for early-stage products and small teams that need to move quickly. It runs web, billing, and admin code in one deployable application."
Backend,What is related to CAP theorem?,"CAP theorem is extended by PACELC, which also considers latency. It is used to reason about trade-offs when designing distributed databases. It is often oversimplified, since real systems offer nuanced trade-offs. It explains why a bank database may reject requests rather than risk inconsistency."
Backend,What is the basic idea behind circuit breaker?,"Circuit breaker is a pattern that stops calling a failing service after repeated errors. It is used in distributed systems to prevent cascading failures. It needs tuned thresholds, and wrong settings may block healthy calls. It trips after five consecutive timeouts and returns a fallback response."
Backend,How does circuit breaker differ from related concepts?,"Circuit breaker is implemented by libraries like Resilience4j and Polly. It is a pattern that stops calling a failing service after repeated errors. It protects resources and lets failing services recover. It needs tuned thresholds, and wrong settings may block healthy calls."
Backend,What are the disadvantages of ACID transaction?,"ACID transaction adds locking and coordination overhead that limits scalability. It keeps data correct even during failures or concurrent access. It transfers money by debiting one account and crediting another, or neither. It contrasts with BASE systems that favor availability and eventual consistency."
Backend,What is connection pooling?,Connection pooling is a technique that keeps a set of reusable database connections open. It cuts connection overhead and prevents exhausting database connection limits. It lets a web server reuse ten open connections to handle thousands of requests. It is provided by tools like PgBouncer and libraries such as HikariCP.
Backend,What are common pitfalls with cron job?,"Cron job is hard to monitor and can overlap or silently fail. It is a scheduled task that runs automatically at specified times on Unix-like systems. It is simple, reliable, and requires no extra services. It runs a backup script every night at two in the morning."
Backend,List the strengths of Apache Kafka.,"Apache Kafka handles massive throughput and lets many consumers replay events independently. It is used for real-time data pipelines, event sourcing, and log aggregation. It is operationally heavy and overkill for simple task queues. It streams click events from a website to analytics systems."
Backend,Why do developers use database sharding?,"Database sharding is used when a single server can no longer handle data size or traffic. It is the practice of splitting a large database into smaller pieces across servers. It scales storage and write throughput horizontally. It differs from replication, which copies the same data to multiple servers."
Backend,Where is load balancer commonly applied?,"Load balancer is used to scale applications and avoid a single point of failure. It is a component that distributes incoming traffic across multiple servers. It improves availability and performance, and enables rolling deployments. It is available as hardware or software such as Nginx, HAProxy, and cloud load balancers."
Backend,What should you watch out for when using database migration?,"Database migration can lock tables or lose data if applied carelessly on large production systems. It is used to evolve tables and columns across environments safely. It adds a phone column to users with an Alembic or Django migration. It is managed by tools like Flyway, Liquibase, and Alembic."
Backend,What makes pagination valuable?,"Pagination reduces response size, memory use, and load times. It is the practice of returning large result sets in smaller pages. It is used for lists, feeds, and search results. It can show duplicates or gaps when data changes, and deep offsets get slow."
Backend,What is the basic idea behind ACID transaction?,"ACID transaction is a database transaction that guarantees atomicity, consistency, isolation, and durability. It is used for operations like payments where partial updates are unacceptable. It keeps data correct even during failures or concurrent access. It transfers money by debiting one account and crediting another, or neither."
Backend,What are the drawbacks of dependency injection?,"Dependency injection adds indirection and configuration that can confuse newcomers. It is used to decouple components and make code testable. It passes a database repository into a service through its constructor. It is supported by Spring, NestJS, and FastAPI's Depends."
Backend,What is CORS used for?,CORS is used to allow trusted frontends on other domains to call an API. It is a browser security mechanism controlling which origins can request a server's resources. It lets an app on app.example.com call api.example.com through Access-Control-Allow-Origin. It is enforced by browsers and not by tools like curl.
Backend,What are the downsides of SQL join?,SQL join can become slow on large tables without proper indexes. It is an operation that combines rows from two tables based on a related column. It lets relational data stay organized without duplicating information. It joins orders with customers using customer_id to show buyer names.
Backend,How does Docker container help developers?,"Docker container removes works-on-my-machine problems and starts much faster than virtual machines. It is used to run software consistently across development and production. It shares the host kernel, so isolation is weaker than a full virtual machine. It packages a Flask app and Python runtime into one image."
Backend,List the strengths of background job.,"Background job keeps responses fast and allows retries and scheduling. It is used for emails, report generation, and image processing. It needs monitoring, and failed or duplicate jobs must be handled. It is built with Celery, Sidekiq, or BullMQ on top of queues."
Backend,How would you explain middleware to a beginner?,"Middleware is a function that runs between an incoming request and the final route handler. It is used for logging, authentication, validation, compression, and error handling. It keeps cross-cutting logic reusable and separate from business code. It is a core concept in Express, Django, and FastAPI."
Backend,What are the benefits of using database index?,"Database index turns slow full table scans into fast lookups, boosting read performance. It is a data structure, often a B-tree, that speeds up row lookups on chosen columns. It is analyzed with EXPLAIN plans, and composite indexes cover multiple columns."
Backend,What should you watch out for when using load balancer?,"Load balancer can itself become a bottleneck or failure point without redundancy. It is a component that distributes incoming traffic across multiple servers. It sends requests across four application servers using round robin. It is available as hardware or software such as Nginx, HAProxy, and cloud load balancers."
Backend,What are the advantages of database index?,"Database index turns slow full table scans into fast lookups, boosting read performance. It is a data structure, often a B-tree, that speeds up row lookups on chosen columns. It slows inserts and updates and consumes extra storage. It is analyzed with EXPLAIN plans, and composite indexes cover multiple columns."
Backend,Give an example of pagination.,"Pagination returns twenty items per request with a next cursor token. It is used for lists, feeds, and search results. It reduces response size, memory use, and load times. It can show duplicates or gaps when data changes, and deep offsets get slow."
Backend,What are the limitations of ACID transaction?,ACID transaction adds locking and coordination overhead that limits scalability. It is used for operations like payments where partial updates are unacceptable. It keeps data correct even during failures or concurrent access. It contrasts with BASE systems that favor availability and eventual consistency.
Backend,What are the benefits of using gRPC?,"gRPC offers compact binary messages, streaming, and generated client code. It is a high-performance remote procedure call framework using HTTP/2 and Protocol Buffers. It lets a payment service call an inventory service through a generated stub. It is an alternative to REST and GraphQL for service-to-service calls."
Backend,Show a real-world example of circuit breaker.,"Circuit breaker trips after five consecutive timeouts and returns a fallback response. It protects resources and lets failing services recover. It needs tuned thresholds, and wrong settings may block healthy calls. It is implemented by libraries like Resilience4j and Polly."
Backend,What are the drawbacks of rate limiting?,"Rate limiting can block legitimate bursts if limits are too strict. It keeps service available and fair for all users and reduces costs. It returns HTTP 429 after a user exceeds one hundred requests per minute. It uses algorithms like token bucket, leaky bucket, and sliding window."
Backend,What are the disadvantages of caching?,"Caching risks serving stale data and makes invalidation notoriously hard. It is the practice of storing frequently used data in fast storage for quick reuse. It stores a computed homepage result for sixty seconds. It can happen at browser, CDN, application, or database layers."
Backend,Walk me through a simple example of database replication.,"Database replication sends all writes to a primary and dashboard reads to a replica. It keeps the service running if the primary fails and scales reads. It can show replication lag, so replicas may return slightly outdated data. It is different from sharding, which splits data rather than copying it."
Backend,Where have you seen caching in action?,Caching stores a computed homepage result for sixty seconds. It is used to cut database load and speed up repeated requests. It lowers latency and cost and helps systems handle traffic spikes. It risks serving stale data and makes invalidation notoriously hard.
Backend,What are the limitations of rate limiting?,Rate limiting can block legitimate bursts if limits are too strict. It is a control that caps how many requests a client can make in a time window. It keeps service available and fair for all users and reduces costs.
Backend,What does middleware mean?,"Middleware is a function that runs between an incoming request and the final route handler. It is used for logging, authentication, validation, compression, and error handling. It can slow requests if too many layers run, and ordering mistakes cause subtle bugs."
Backend,Give an example of eventual consistency.,"Eventual consistency lets a social media like count appear different for a moment on two servers. It is used in highly available distributed databases like DynamoDB and Cassandra. It enables high availability and low latency across regions. It contrasts with strong consistency, which makes all reads return the latest write."
Backend,Walk me through a simple example of idempotency.,Idempotency makes sending the same payment request with one idempotency key charge once. It prevents duplicate charges or records when requests are retried. It requires storing keys or state and careful design for each endpoint. It is built into PUT and DELETE semantics but not POST by default.
Backend,Why is SQL join considered important?,"SQL join lets relational data stay organized without duplicating information. It is used to query data spread across normalized tables. It joins orders with customers using customer_id to show buyer names. It comes in inner, left, right, and full types, which differ in handling unmatched rows."
Backend,Is there a substitute for cron job?,"Cron job is defined by five time fields and managed through crontab. It is a scheduled task that runs automatically at specified times on Unix-like systems. It is used for backups, cleanups, and periodic reports. It is hard to monitor and can overlap or silently fail."
Backend,What are the limitations of ORM?,ORM can generate inefficient queries and hides what the database is doing. It is used to read and write data without writing raw SQL for everything. It lets Django models or SQLAlchemy classes represent a users table. It is an alternative to raw SQL and query builders.
Backend,What is gRPC?,gRPC is a high-performance remote procedure call framework using HTTP/2 and Protocol Buffers. It is harder to use directly from browsers and to inspect than JSON APIs. It lets a payment service call an inventory service through a generated stub.
Backend,Where is gRPC commonly applied?,"gRPC is used for fast communication between internal microservices. It offers compact binary messages, streaming, and generated client code. It is harder to use directly from browsers and to inspect than JSON APIs. It lets a payment service call an inventory service through a generated stub."
Backend,Give an example of REST API.,REST API uses GET /users/5 to read a user and DELETE /users/5 to remove one. It is used to let web and mobile clients communicate with servers over HTTP. It is often compared with GraphQL and gRPC for service communication.
Backend,When should you avoid dependency injection?,"Dependency injection adds indirection and configuration that can confuse newcomers. It is a design pattern where objects receive their dependencies instead of creating them. It passes a database repository into a service through its constructor. It is supported by Spring, NestJS, and FastAPI's Depends."
Backend,What is related to database replication?,"Database replication is different from sharding, which splits data rather than copying it. It is the process of copying data from a primary database to one or more replicas. It can show replication lag, so replicas may return slightly outdated data."
Backend,What problem does Apache Kafka solve?,"Apache Kafka is used for real-time data pipelines, event sourcing, and log aggregation. It handles massive throughput and lets many consumers replay events independently. It is operationally heavy and overkill for simple task queues. It differs from RabbitMQ, which is a traditional broker focused on routing."
Backend,What is an alternative to stored procedure?,Stored procedure is an alternative to ORM-based logic in application code. It is a precompiled set of SQL statements stored and executed inside the database. It is used to encapsulate business logic and repeated database operations. It runs a calculate_invoice procedure with one call from the application.
Backend,Describe a scenario where cron job is applied.,"Cron job runs a backup script every night at two in the morning. It is used for backups, cleanups, and periodic reports. It is simple, reliable, and requires no extra services. It is hard to monitor and can overlap or silently fail."
Backend,What is the basic idea behind API gateway?,"API gateway is a single entry point that routes, authenticates, and manages API requests to services. It simplifies clients and enforces security, throttling, and monitoring in one place. It is offered by tools like Kong, AWS API Gateway, and Apigee."
Backend,What are the limitations of session authentication?,"Session authentication needs server storage and shared stores when scaling across multiple instances. It is a method where the server stores login state and gives the client a session ID. It contrasts with token-based approaches like JWT, which are stateless."
Backend,Why do developers use WebSocket?,"WebSocket is used for chat, live notifications, multiplayer games, and trading dashboards. It is a protocol that keeps a persistent two-way connection between client and server. It delivers messages instantly without repeated polling overhead. It pushes new chat messages to every connected user immediately."
Backend,Why is CAP theorem considered important?,"CAP theorem clarifies why systems must choose behavior during network partitions. It is often oversimplified, since real systems offer nuanced trade-offs. It explains why a bank database may reject requests rather than risk inconsistency. It is extended by PACELC, which also considers latency."
Backend,What is the basic idea behind database migration?,"Database migration is a versioned script that changes a database schema in a controlled way. It is used to evolve tables and columns across environments safely. It makes schema changes repeatable, reviewable, and reversible. It can lock tables or lose data if applied carelessly on large production systems."
Backend,Is there a substitute for REST API?,REST API is often compared with GraphQL and gRPC for service communication. It is an architectural style where resources are exposed through URLs and standard HTTP methods. It uses GET /users/5 to read a user and DELETE /users/5 to remove one.
Backend,What is the main purpose of background job?,"Background job is used for emails, report generation, and image processing. It is a task run outside the request-response cycle by a worker process. It keeps responses fast and allows retries and scheduling. It resizes uploaded images with a Celery worker after the upload completes."
Backend,Describe database sharding briefly.,"Database sharding is the practice of splitting a large database into smaller pieces across servers. It is used when a single server can no longer handle data size or traffic. It complicates queries, joins, transactions, and rebalancing when shards grow unevenly."
Backend,How does Apache Kafka compare with similar approaches?,"Apache Kafka differs from RabbitMQ, which is a traditional broker focused on routing. It is a distributed event streaming platform that stores ordered logs of records. It handles massive throughput and lets many consumers replay events independently. It streams click events from a website to analytics systems."
Backend,Where have you seen CAP theorem in action?,"CAP theorem explains why a bank database may reject requests rather than risk inconsistency. It is a principle stating a distributed system cannot guarantee consistency, availability, and partition tolerance simultaneously. It is used to reason about trade-offs when designing distributed databases. It is extended by PACELC, which also considers latency."
Backend,What should I learn alongside stored procedure?,"Stored procedure is an alternative to ORM-based logic in application code. It is used to encapsulate business logic and repeated database operations. It is harder to version, test, and port between database vendors. It runs a calculate_invoice procedure with one call from the application."
Backend,Where is API versioning commonly applied?,API versioning is used to ship breaking changes without disrupting existing clients. It is the practice of managing changes to an API through distinct versions. It gives clients time to migrate and keeps integrations stable. It exposes /v1/users and /v2/users side by side.
Backend,In which situations is database sharding a good choice?,"Database sharding is used when a single server can no longer handle data size or traffic. It is the practice of splitting a large database into smaller pieces across servers. It scales storage and write throughput horizontally. It complicates queries, joins, transactions, and rebalancing when shards grow unevenly."
Backend,When should you avoid API gateway?,"API gateway can become a bottleneck and single point of failure if poorly designed. It is a single entry point that routes, authenticates, and manages API requests to services. It is offered by tools like Kong, AWS API Gateway, and Apigee."
Backend,Describe load balancer briefly.,"Load balancer is a component that distributes incoming traffic across multiple servers. It is used to scale applications and avoid a single point of failure. It improves availability and performance, and enables rolling deployments. It can itself become a bottleneck or failure point without redundancy."
Backend,Where is GraphQL commonly applied?,"GraphQL is used for apps with complex, nested data and varied client requirements. It is a query language where clients request exactly the fields they need from one endpoint. It lets a mobile app request only a user's name and avatar in one call."
Backend,When should you use reverse proxy?,"Reverse proxy is used for TLS termination, caching, compression, and routing. It hides internal servers and centralizes security and performance features. It adds a network hop and another component to configure and monitor. It lets Nginx accept HTTPS traffic and pass it to a local application."
Backend,Walk me through a simple example of database migration.,"Database migration adds a phone column to users with an Alembic or Django migration. It is used to evolve tables and columns across environments safely. It makes schema changes repeatable, reviewable, and reversible. It can lock tables or lose data if applied carelessly on large production systems."
Backend,Why is cron job useful?,"Cron job is simple, reliable, and requires no extra services. It is used for backups, cleanups, and periodic reports. It is hard to monitor and can overlap or silently fail. It is defined by five time fields and managed through crontab."
Backend,What other concepts are connected to ORM?,"ORM is an alternative to raw SQL and query builders. It is a library that maps database tables to objects in a programming language. It speeds development, improves portability, and helps prevent SQL injection. It can generate inefficient queries and hides what the database is doing."
Backend,What problem does SQL join solve?,SQL join is used to query data spread across normalized tables. It is an operation that combines rows from two tables based on a related column. It can become slow on large tables without proper indexes. It joins orders with customers using customer_id to show buyer names.
Backend,What should I learn alongside load balancer?,"Load balancer is available as hardware or software such as Nginx, HAProxy, and cloud load balancers. It is a component that distributes incoming traffic across multiple servers. It is used to scale applications and avoid a single point of failure. It sends requests across four application servers using round robin."
Backend,Why is CORS useful?,"CORS protects users by blocking unauthorized cross-origin reads by default. It causes confusing errors when headers are misconfigured, and wildcard origins are risky. It lets an app on app.example.com call api.example.com through Access-Control-Allow-Origin. It is enforced by browsers and not by tools like curl."
Backend,What is pagination used for?,"Pagination is used for lists, feeds, and search results. It is the practice of returning large result sets in smaller pages. It can show duplicates or gaps when data changes, and deep offsets get slow. It returns twenty items per request with a next cursor token."
Backend,Define pagination in simple words.,"Pagination is the practice of returning large result sets in smaller pages. It is used for lists, feeds, and search results. It reduces response size, memory use, and load times. It returns twenty items per request with a next cursor token. It comes as offset-based or cursor-based styles."
Backend,Can you give a short overview of ORM?,"ORM is a library that maps database tables to objects in a programming language. It speeds development, improves portability, and helps prevent SQL injection. It can generate inefficient queries and hides what the database is doing. It is an alternative to raw SQL and query builders."
Backend,What problems can CAP theorem cause?,"CAP theorem is often oversimplified, since real systems offer nuanced trade-offs. It is a principle stating a distributed system cannot guarantee consistency, availability, and partition tolerance simultaneously. It clarifies why systems must choose behavior during network partitions. It is extended by PACELC, which also considers latency."
Backend,Show a real-world example of GraphQL.,"GraphQL lets a mobile app request only a user's name and avatar in one call. It is used for apps with complex, nested data and varied client requirements. It is an alternative to REST, and Apollo is a popular implementation."
Backend,Describe a scenario where Docker container is applied.,"Docker container packages a Flask app and Python runtime into one image. It is a lightweight, isolated package containing an application and its dependencies. It is used to run software consistently across development and production. It shares the host kernel, so isolation is weaker than a full virtual machine."
Backend,Define microservice in simple words.,"Microservice is a small independently deployable service responsible for one business capability. It is used in large systems where teams need to scale and deploy separately. It adds network complexity, distributed debugging, and data consistency challenges. It contrasts with the monolith, which keeps everything in one deployable unit."
Backend,When should you avoid database replication?,"Database replication can show replication lag, so replicas may return slightly outdated data. It is used for high availability, backups, and distributing read traffic. It keeps the service running if the primary fails and scales reads. It sends all writes to a primary and dashboard reads to a replica."
Backend,In which situations is stored procedure a good choice?,"Stored procedure is used to encapsulate business logic and repeated database operations. It reduces network round trips and can improve performance and security. It is harder to version, test, and port between database vendors. It runs a calculate_invoice procedure with one call from the application."
Backend,Describe REST API briefly.,REST API is an architectural style where resources are exposed through URLs and standard HTTP methods. It can cause over-fetching or multiple round trips when clients need related data. It uses GET /users/5 to read a user and DELETE /users/5 to remove one.
Backend,What are the disadvantages of CAP theorem?,"CAP theorem is often oversimplified, since real systems offer nuanced trade-offs. It is a principle stating a distributed system cannot guarantee consistency, availability, and partition tolerance simultaneously. It clarifies why systems must choose behavior during network partitions. It explains why a bank database may reject requests rather than risk inconsistency."
Backend,Why do developers use OAuth 2.0?,"OAuth 2.0 is used for sign in with Google and granting limited API access. It is an authorization framework that lets apps access resources on a user's behalf without passwords. It is extended by OpenID Connect, which adds authentication identity."
Backend,Where have you seen rate limiting in action?,"Rate limiting returns HTTP 429 after a user exceeds one hundred requests per minute. It is a control that caps how many requests a client can make in a time window. It is used to protect APIs from abuse, scraping, and overload."
Backend,Where have you seen API versioning in action?,API versioning exposes /v1/users and /v2/users side by side. It is the practice of managing changes to an API through distinct versions. It gives clients time to migrate and keeps integrations stable. It multiplies maintenance work when many versions must be supported.
Backend,How would you explain connection pooling to a beginner?,Connection pooling is a technique that keeps a set of reusable database connections open. It is used so applications avoid opening a new connection for every request. It lets a web server reuse ten open connections to handle thousands of requests.
Backend,Why is database normalization considered important?,"Database normalization prevents update anomalies and saves storage by storing each fact once. It increases the number of joins, which can slow read-heavy queries. It moves customer addresses into a separate table instead of repeating them per order. It is balanced against denormalization, which duplicates data for faster reads."
Backend,What does N+1 query problem mean?,"N+1 query problem is a performance issue where one query triggers many extra queries for related records. It is detected when ORMs load a list and then access related objects in a loop. It is solved with joins, eager loading, or batching."
Backend,What are the advantages of cron job?,"Cron job is simple, reliable, and requires no extra services. It is used for backups, cleanups, and periodic reports. It is hard to monitor and can overlap or silently fail. It runs a backup script every night at two in the morning."
Backend,What is an alternative to database normalization?,"Database normalization is balanced against denormalization, which duplicates data for faster reads. It is used when designing relational schemas to keep data consistent. It prevents update anomalies and saves storage by storing each fact once. It increases the number of joins, which can slow read-heavy queries."
Backend,How would you explain OAuth 2.0 to a beginner?,"OAuth 2.0 is an authorization framework that lets apps access resources on a user's behalf without passwords. It is used for sign in with Google and granting limited API access. It is complex to implement correctly, and misconfigured redirects create security holes."
Backend,What does ACID transaction mean?,"ACID transaction is a database transaction that guarantees atomicity, consistency, isolation, and durability. It is used for operations like payments where partial updates are unacceptable. It transfers money by debiting one account and crediting another, or neither. It contrasts with BASE systems that favor availability and eventual consistency."
Backend,How does caching compare with similar approaches?,"Caching can happen at browser, CDN, application, or database layers. It is used to cut database load and speed up repeated requests. It lowers latency and cost and helps systems handle traffic spikes. It stores a computed homepage result for sixty seconds."
Backend,What should I learn alongside webhook?,Webhook is the push counterpart of polling an API. It is an HTTP callback where a service sends event data to your URL. It is used to receive notifications such as payment completion. It lets Stripe notify your server when a payment succeeds.
Backend,Can you illustrate N+1 query problem with an example?,"N+1 query problem runs one query for fifty posts and fifty more for their authors. It becomes cheap to fix with eager loading, giving large speedups. It is hard to spot in development because small datasets hide the slowness. It is solved with joins, eager loading, or batching."
Backend,What are the benefits of using WebSocket?,"WebSocket delivers messages instantly without repeated polling overhead. It is a protocol that keeps a persistent two-way connection between client and server. It is used for chat, live notifications, multiplayer games, and trading dashboards. It holds connections open, which complicates scaling and load balancing."
Backend,What are the alternatives or companions of OAuth 2.0?,"OAuth 2.0 is extended by OpenID Connect, which adds authentication identity. It is used for sign in with Google and granting limited API access. It is complex to implement correctly, and misconfigured redirects create security holes. It lets a calendar app read your Google contacts after you approve access."
Backend,What are common pitfalls with ORM?,ORM can generate inefficient queries and hides what the database is doing. It is a library that maps database tables to objects in a programming language. It lets Django models or SQLAlchemy classes represent a users table. It is an alternative to raw SQL and query builders.
Backend,What is cron job?,"Cron job is a scheduled task that runs automatically at specified times on Unix-like systems. It is used for backups, cleanups, and periodic reports. It is simple, reliable, and requires no extra services. It is defined by five time fields and managed through crontab."
Backend,What is REST API used for?,REST API is used to let web and mobile clients communicate with servers over HTTP. It can cause over-fetching or multiple round trips when clients need related data. It uses GET /users/5 to read a user and DELETE /users/5 to remove one.
Backend,What problem does message queue solve?,Message queue is used to decouple services and handle work asynchronously. It is a system that stores messages sent by producers until consumers process them. It adds operational complexity and requires handling duplicates and ordering. It queues email jobs so the web request returns immediately.
Backend,What are the downsides of database normalization?,"Database normalization increases the number of joins, which can slow read-heavy queries. It prevents update anomalies and saves storage by storing each fact once. It moves customer addresses into a separate table instead of repeating them per order. It is balanced against denormalization, which duplicates data for faster reads."
Backend,What is database migration used for?,Database migration is used to evolve tables and columns across environments safely. It is a versioned script that changes a database schema in a controlled way. It can lock tables or lose data if applied carelessly on large production systems.
Backend,How does Redis differ from related concepts?,"Redis is similar to Memcached but offers richer data structures. It is an in-memory data store supporting strings, hashes, lists, sets, and more. It is limited by available memory, and persistence settings can risk data loss. It stores session data with a 30 minute expiry."
Backend,How would you explain microservice to a beginner?,"Microservice is a small independently deployable service responsible for one business capability. It adds network complexity, distributed debugging, and data consistency challenges. It separates payments, inventory, and user accounts into different services. It contrasts with the monolith, which keeps everything in one deployable unit."
Backend,How is webhook used in practice?,Webhook lets Stripe notify your server when a payment succeeds. It is an HTTP callback where a service sends event data to your URL. It is used to receive notifications such as payment completion. It is the push counterpart of polling an API.
Backend,Where is idempotency commonly applied?,"Idempotency is used in APIs for safe retries, especially for payments. It is the property that repeating an operation produces the same result as doing it once. It prevents duplicate charges or records when requests are retried. It makes sending the same payment request with one idempotency key charge once."
Backend,Why is database index useful?,"Database index turns slow full table scans into fast lookups, boosting read performance. It is used on columns frequently searched, joined, or sorted. It makes finding a user by email fast after indexing the email column. It is analyzed with EXPLAIN plans, and composite indexes cover multiple columns."
Backend,Define CORS in simple words.,CORS is a browser security mechanism controlling which origins can request a server's resources. It is used to allow trusted frontends on other domains to call an API. It lets an app on app.example.com call api.example.com through Access-Control-Allow-Origin. It is enforced by browsers and not by tools like curl.
Backend,What are common pitfalls with database normalization?,"Database normalization increases the number of joins, which can slow read-heavy queries. It is the process of organizing tables to reduce redundancy and dependency problems. It moves customer addresses into a separate table instead of repeating them per order. It is balanced against denormalization, which duplicates data for faster reads."
Backend,What are the disadvantages of middleware?,"Middleware can slow requests if too many layers run, and ordering mistakes cause subtle bugs. It is used for logging, authentication, validation, compression, and error handling. It keeps cross-cutting logic reusable and separate from business code. It checks a token and rejects unauthenticated requests before reaching the route."
Backend,What is the main purpose of database normalization?,"Database normalization is used when designing relational schemas to keep data consistent. It is the process of organizing tables to reduce redundancy and dependency problems. It prevents update anomalies and saves storage by storing each fact once. It is balanced against denormalization, which duplicates data for faster reads."
Backend,What is the basic idea behind eventual consistency?,"Eventual consistency is a model where replicas become consistent over time if no new updates occur. It enables high availability and low latency across regions. It may show stale reads and requires conflict handling. It contrasts with strong consistency, which makes all reads return the latest write."
Backend,Describe pagination briefly.,"Pagination is the practice of returning large result sets in smaller pages. It is used for lists, feeds, and search results. It reduces response size, memory use, and load times. It can show duplicates or gaps when data changes, and deep offsets get slow."
Backend,Can you illustrate GraphQL with an example?,"GraphQL lets a mobile app request only a user's name and avatar in one call. It complicates caching and rate limiting, and can expose expensive queries without depth limits. It is an alternative to REST, and Apollo is a popular implementation."
Backend,When should you use database replication?,"Database replication is used for high availability, backups, and distributing read traffic. It keeps the service running if the primary fails and scales reads. It can show replication lag, so replicas may return slightly outdated data. It sends all writes to a primary and dashboard reads to a replica."
Backend,List the strengths of ORM.,"ORM speeds development, improves portability, and helps prevent SQL injection. It is used to read and write data without writing raw SQL for everything. It can generate inefficient queries and hides what the database is doing. It lets Django models or SQLAlchemy classes represent a users table."
Backend,What is a practical example of circuit breaker?,"Circuit breaker trips after five consecutive timeouts and returns a fallback response. It is a pattern that stops calling a failing service after repeated errors. It is used in distributed systems to prevent cascading failures. It needs tuned thresholds, and wrong settings may block healthy calls."
Backend,What is the basic idea behind WebSocket?,"WebSocket is a protocol that keeps a persistent two-way connection between client and server. It holds connections open, which complicates scaling and load balancing. It pushes new chat messages to every connected user immediately. It differs from HTTP polling and Server-Sent Events, which are one-directional."
Backend,What are the downsides of API versioning?,"API versioning multiplies maintenance work when many versions must be supported. It is the practice of managing changes to an API through distinct versions. It is used to ship breaking changes without disrupting existing clients. It can use URL paths, headers, or query parameters."
Backend,What problem does database normalization solve?,"Database normalization is used when designing relational schemas to keep data consistent. It prevents update anomalies and saves storage by storing each fact once. It increases the number of joins, which can slow read-heavy queries. It is balanced against denormalization, which duplicates data for faster reads."
Backend,Give an example of CAP theorem.,"CAP theorem explains why a bank database may reject requests rather than risk inconsistency. It is used to reason about trade-offs when designing distributed databases. It clarifies why systems must choose behavior during network partitions. It is often oversimplified, since real systems offer nuanced trade-offs."
Backend,When should you use stored procedure?,Stored procedure is used to encapsulate business logic and repeated database operations. It is a precompiled set of SQL statements stored and executed inside the database. It reduces network round trips and can improve performance and security. It is an alternative to ORM-based logic in application code.
Backend,Define rate limiting in simple words.,Rate limiting is a control that caps how many requests a client can make in a time window. It keeps service available and fair for all users and reduces costs. It can block legitimate bursts if limits are too strict.
Backend,How would you explain database sharding to a beginner?,"Database sharding is the practice of splitting a large database into smaller pieces across servers. It scales storage and write throughput horizontally. It stores users with IDs in different ranges on different database servers. It differs from replication, which copies the same data to multiple servers."
Backend,What are the drawbacks of database replication?,"Database replication can show replication lag, so replicas may return slightly outdated data. It is used for high availability, backups, and distributing read traffic. It keeps the service running if the primary fails and scales reads. It is different from sharding, which splits data rather than copying it."
Backend,What is reverse proxy used for?,"Reverse proxy is used for TLS termination, caching, compression, and routing. It hides internal servers and centralizes security and performance features. It lets Nginx accept HTTPS traffic and pass it to a local application. It differs from a forward proxy, which represents clients instead of servers."
Backend,Describe a scenario where gRPC is applied.,gRPC lets a payment service call an inventory service through a generated stub. It is a high-performance remote procedure call framework using HTTP/2 and Protocol Buffers. It is harder to use directly from browsers and to inspect than JSON APIs.
Backend,How is CAP theorem used in practice?,"CAP theorem explains why a bank database may reject requests rather than risk inconsistency. It is a principle stating a distributed system cannot guarantee consistency, availability, and partition tolerance simultaneously. It clarifies why systems must choose behavior during network partitions. It is extended by PACELC, which also considers latency."
Backend,List the strengths of GraphQL.,"GraphQL avoids over-fetching and under-fetching and gives a strongly typed schema. It is a query language where clients request exactly the fields they need from one endpoint. It complicates caching and rate limiting, and can expose expensive queries without depth limits."
Backend,What are the advantages of CAP theorem?,"CAP theorem clarifies why systems must choose behavior during network partitions. It is a principle stating a distributed system cannot guarantee consistency, availability, and partition tolerance simultaneously. It is often oversimplified, since real systems offer nuanced trade-offs. It is extended by PACELC, which also considers latency."
Backend,When should you use message queue?,Message queue is used to decouple services and handle work asynchronously. It is a system that stores messages sent by producers until consumers process them. It smooths traffic spikes and lets services fail without losing tasks. It queues email jobs so the web request returns immediately.
Backend,Define N+1 query problem in simple words.,N+1 query problem is a performance issue where one query triggers many extra queries for related records. It is detected when ORMs load a list and then access related objects in a loop. It runs one query for fifty posts and fifty more for their authors.
Backend,Can you illustrate SQL join with an example?,"SQL join joins orders with customers using customer_id to show buyer names. It is an operation that combines rows from two tables based on a related column. It comes in inner, left, right, and full types, which differ in handling unmatched rows."
Backend,What problems can database migration cause?,"Database migration can lock tables or lose data if applied carelessly on large production systems. It is used to evolve tables and columns across environments safely. It makes schema changes repeatable, reviewable, and reversible. It is managed by tools like Flyway, Liquibase, and Alembic."
Backend,How does eventual consistency compare with similar approaches?,"Eventual consistency contrasts with strong consistency, which makes all reads return the latest write. It is used in highly available distributed databases like DynamoDB and Cassandra. It may show stale reads and requires conflict handling. It lets a social media like count appear different for a moment on two servers."
Backend,Explain Apache Kafka.,Apache Kafka is a distributed event streaming platform that stores ordered logs of records. It handles massive throughput and lets many consumers replay events independently. It is operationally heavy and overkill for simple task queues. It streams click events from a website to analytics systems.
Backend,Explain REST API.,"REST API is an architectural style where resources are exposed through URLs and standard HTTP methods. It is simple, stateless, cacheable, and works with any client that speaks HTTP. It can cause over-fetching or multiple round trips when clients need related data."
Backend,List the strengths of N+1 query problem.,"N+1 query problem becomes cheap to fix with eager loading, giving large speedups. It is detected when ORMs load a list and then access related objects in a loop. It is hard to spot in development because small datasets hide the slowness."
Backend,What does pagination mean?,"Pagination is the practice of returning large result sets in smaller pages. It is used for lists, feeds, and search results. It can show duplicates or gaps when data changes, and deep offsets get slow. It comes as offset-based or cursor-based styles."
Backend,How is background job typically used in real projects?,"Background job is used for emails, report generation, and image processing. It keeps responses fast and allows retries and scheduling. It resizes uploaded images with a Celery worker after the upload completes. It is built with Celery, Sidekiq, or BullMQ on top of queues."
Backend,What are the alternatives or companions of Docker container?,"Docker container is orchestrated at scale by Kubernetes. It is a lightweight, isolated package containing an application and its dependencies. It removes works-on-my-machine problems and starts much faster than virtual machines. It packages a Flask app and Python runtime into one image."
Backend,Why do developers use middleware?,"Middleware is used for logging, authentication, validation, compression, and error handling. It is a function that runs between an incoming request and the final route handler. It can slow requests if too many layers run, and ordering mistakes cause subtle bugs."
Backend,Describe a scenario where idempotency is applied.,"Idempotency makes sending the same payment request with one idempotency key charge once. It is used in APIs for safe retries, especially for payments. It prevents duplicate charges or records when requests are retried. It is built into PUT and DELETE semantics but not POST by default."
Backend,Can you illustrate REST API with an example?,"REST API uses GET /users/5 to read a user and DELETE /users/5 to remove one. It is used to let web and mobile clients communicate with servers over HTTP. It is simple, stateless, cacheable, and works with any client that speaks HTTP."
Backend,Where have you seen cron job in action?,Cron job runs a backup script every night at two in the morning. It is a scheduled task that runs automatically at specified times on Unix-like systems. It is hard to monitor and can overlap or silently fail. It is defined by five time fields and managed through crontab.
Backend,What do you gain by using Nginx?,Nginx handles many concurrent connections efficiently using little memory. It is a high-performance web server that also works as a reverse proxy and load balancer. It terminates HTTPS and proxies requests to a Node.js application. It competes with Apache and Caddy.
Backend,Give an example of SQL join.,SQL join joins orders with customers using customer_id to show buyer names. It is an operation that combines rows from two tables based on a related column. It lets relational data stay organized without duplicating information. It can become slow on large tables without proper indexes.
Backend,What do you gain by using idempotency?,"Idempotency prevents duplicate charges or records when requests are retried. It is the property that repeating an operation produces the same result as doing it once. It is used in APIs for safe retries, especially for payments. It requires storing keys or state and careful design for each endpoint."
Backend,What makes session authentication valuable?,"Session authentication allows easy revocation because the server controls session data. It is used in traditional web apps that keep users logged in through cookies. It needs server storage and shared stores when scaling across multiple instances. It contrasts with token-based approaches like JWT, which are stateless."
Backend,In which situations is SQL join a good choice?,"SQL join is used to query data spread across normalized tables. It is an operation that combines rows from two tables based on a related column. It comes in inner, left, right, and full types, which differ in handling unmatched rows."
Backend,Can you give a short overview of CAP theorem?,"CAP theorem is a principle stating a distributed system cannot guarantee consistency, availability, and partition tolerance simultaneously. It is used to reason about trade-offs when designing distributed databases. It is often oversimplified, since real systems offer nuanced trade-offs. It is extended by PACELC, which also considers latency."
Backend,What is related to API versioning?,"API versioning can use URL paths, headers, or query parameters. It is the practice of managing changes to an API through distinct versions. It multiplies maintenance work when many versions must be supported. It exposes /v1/users and /v2/users side by side."
Backend,What is an alternative to dependency injection?,"Dependency injection is supported by Spring, NestJS, and FastAPI's Depends. It is a design pattern where objects receive their dependencies instead of creating them. It lets tests substitute mocks and simplifies swapping implementations. It passes a database repository into a service through its constructor."
Backend,Define JWT in simple words.,"JWT is a compact signed token carrying claims, made of header, payload, and signature. It is hard to revoke before expiry, and storing it unsafely exposes accounts. It is an alternative to server-side sessions and is often used with OAuth 2.0."
Backend,Give an example of reverse proxy.,"Reverse proxy lets Nginx accept HTTPS traffic and pass it to a local application. It hides internal servers and centralizes security and performance features. It adds a network hop and another component to configure and monitor. It differs from a forward proxy, which represents clients instead of servers."
Backend,What are the downsides of pagination?,"Pagination can show duplicates or gaps when data changes, and deep offsets get slow. It is the practice of returning large result sets in smaller pages. It is used for lists, feeds, and search results. It comes as offset-based or cursor-based styles."
Backend,What makes WebSocket valuable?,"WebSocket delivers messages instantly without repeated polling overhead. It is a protocol that keeps a persistent two-way connection between client and server. It holds connections open, which complicates scaling and load balancing. It differs from HTTP polling and Server-Sent Events, which are one-directional."
Backend,What problem does CORS solve?,"CORS is used to allow trusted frontends on other domains to call an API. It protects users by blocking unauthorized cross-origin reads by default. It causes confusing errors when headers are misconfigured, and wildcard origins are risky. It is enforced by browsers and not by tools like curl."
Backend,Describe a scenario where background job is applied.,"Background job resizes uploaded images with a Celery worker after the upload completes. It is a task run outside the request-response cycle by a worker process. It keeps responses fast and allows retries and scheduling. It needs monitoring, and failed or duplicate jobs must be handled."
Backend,What are the disadvantages of OAuth 2.0?,"OAuth 2.0 is complex to implement correctly, and misconfigured redirects create security holes. It is an authorization framework that lets apps access resources on a user's behalf without passwords. It limits access through scopes and avoids sharing user credentials with third parties."
Backend,Why is database migration considered important?,"Database migration makes schema changes repeatable, reviewable, and reversible. It is a versioned script that changes a database schema in a controlled way. It adds a phone column to users with an Alembic or Django migration. It is managed by tools like Flyway, Liquibase, and Alembic."
Backend,Give an example of Apache Kafka.,"Apache Kafka streams click events from a website to analytics systems. It handles massive throughput and lets many consumers replay events independently. It is operationally heavy and overkill for simple task queues. It differs from RabbitMQ, which is a traditional broker focused on routing."
Backend,What is a practical example of API gateway?,"API gateway receives mobile app calls and routes them to user, order, and payment services. It is a single entry point that routes, authenticates, and manages API requests to services. It can become a bottleneck and single point of failure if poorly designed."
Backend,How is CORS used in practice?,CORS lets an app on app.example.com call api.example.com through Access-Control-Allow-Origin. It is a browser security mechanism controlling which origins can request a server's resources. It is used to allow trusted frontends on other domains to call an API. It protects users by blocking unauthorized cross-origin reads by default.
Backend,Why do developers use connection pooling?,Connection pooling is used so applications avoid opening a new connection for every request. It is a technique that keeps a set of reusable database connections open. It lets a web server reuse ten open connections to handle thousands of requests.
Backend,Describe eventual consistency briefly.,"Eventual consistency is a model where replicas become consistent over time if no new updates occur. It is used in highly available distributed databases like DynamoDB and Cassandra. It contrasts with strong consistency, which makes all reads return the latest write."
Backend,What is an alternative to OAuth 2.0?,"OAuth 2.0 is extended by OpenID Connect, which adds authentication identity. It is used for sign in with Google and granting limited API access. It is complex to implement correctly, and misconfigured redirects create security holes. It lets a calendar app read your Google contacts after you approve access."
Backend,What is related to REST API?,"REST API is often compared with GraphQL and gRPC for service communication. It is an architectural style where resources are exposed through URLs and standard HTTP methods. It is simple, stateless, cacheable, and works with any client that speaks HTTP."
Backend,What are the disadvantages of eventual consistency?,"Eventual consistency may show stale reads and requires conflict handling. It is a model where replicas become consistent over time if no new updates occur. It enables high availability and low latency across regions. It contrasts with strong consistency, which makes all reads return the latest write."
Backend,What is a practical example of session authentication?,Session authentication sets a session cookie after login and looks up the user on each request. It is used in traditional web apps that keep users logged in through cookies. It allows easy revocation because the server controls session data.
Backend,When should you use N+1 query problem?,N+1 query problem is detected when ORMs load a list and then access related objects in a loop. It is a performance issue where one query triggers many extra queries for related records. It runs one query for fifty posts and fifty more for their authors.
Backend,Why do developers use idempotency?,"Idempotency is used in APIs for safe retries, especially for payments. It is the property that repeating an operation produces the same result as doing it once. It prevents duplicate charges or records when requests are retried. It is built into PUT and DELETE semantics but not POST by default."
Backend,What makes gRPC valuable?,"gRPC offers compact binary messages, streaming, and generated client code. It is a high-performance remote procedure call framework using HTTP/2 and Protocol Buffers. It is used for fast communication between internal microservices. It is harder to use directly from browsers and to inspect than JSON APIs."
Backend,What are the benefits of using ACID transaction?,"ACID transaction keeps data correct even during failures or concurrent access. It adds locking and coordination overhead that limits scalability. It transfers money by debiting one account and crediting another, or neither. It contrasts with BASE systems that favor availability and eventual consistency."
Backend,What do you gain by using Redis?,"Redis delivers very low latency and offers expiry and atomic operations. It is an in-memory data store supporting strings, hashes, lists, sets, and more. It is limited by available memory, and persistence settings can risk data loss. It is similar to Memcached but offers richer data structures."
Backend,What do you gain by using Apache Kafka?,"Apache Kafka handles massive throughput and lets many consumers replay events independently. It is used for real-time data pipelines, event sourcing, and log aggregation. It streams click events from a website to analytics systems. It differs from RabbitMQ, which is a traditional broker focused on routing."
Backend,What is middleware?,"Middleware is a function that sits between an incoming request and the final route handler, processing requests and responses along the way. It can log activity, authenticate users, parse bodies, or handle errors. In frameworks like Express or FastAPI, middleware executes in sequence and can pass control onward."
Backend,How does GraphQL differ from related concepts?,"GraphQL is an alternative to REST, and Apollo is a popular implementation. It is used for apps with complex, nested data and varied client requirements. It avoids over-fetching and under-fetching and gives a strongly typed schema. It complicates caching and rate limiting, and can expose expensive queries without depth limits."
Backend,How would you explain circuit breaker to a beginner?,Circuit breaker is a pattern that stops calling a failing service after repeated errors. It is used in distributed systems to prevent cascading failures. It protects resources and lets failing services recover. It trips after five consecutive timeouts and returns a fallback response.
Backend,In which situations is circuit breaker a good choice?,"Circuit breaker is used in distributed systems to prevent cascading failures. It is a pattern that stops calling a failing service after repeated errors. It needs tuned thresholds, and wrong settings may block healthy calls. It is implemented by libraries like Resilience4j and Polly."
Backend,Define dependency injection in simple words.,Dependency injection is a design pattern where objects receive their dependencies instead of creating them. It is used to decouple components and make code testable. It lets tests substitute mocks and simplifies swapping implementations. It adds indirection and configuration that can confuse newcomers.
Backend,Is there a substitute for GraphQL?,"GraphQL is an alternative to REST, and Apollo is a popular implementation. It complicates caching and rate limiting, and can expose expensive queries without depth limits. It lets a mobile app request only a user's name and avatar in one call."
Backend,Can you give a short overview of Nginx?,Nginx is a high-performance web server that also works as a reverse proxy and load balancer. It is used to serve static files and route traffic to application servers. It handles many concurrent connections efficiently using little memory. It has a configuration syntax that is easy to misconfigure.
Backend,What are the advantages of API versioning?,"API versioning gives clients time to migrate and keeps integrations stable. It is the practice of managing changes to an API through distinct versions. It exposes /v1/users and /v2/users side by side. It can use URL paths, headers, or query parameters."
Backend,Walk me through a simple example of API versioning.,"API versioning exposes /v1/users and /v2/users side by side. It is the practice of managing changes to an API through distinct versions. It multiplies maintenance work when many versions must be supported. It can use URL paths, headers, or query parameters."
Backend,What should you watch out for when using database sharding?,"Database sharding complicates queries, joins, transactions, and rebalancing when shards grow unevenly. It is used when a single server can no longer handle data size or traffic. It scales storage and write throughput horizontally. It differs from replication, which copies the same data to multiple servers."
Backend,What are the downsides of webhook?,"Webhook needs signature verification, retries, and idempotent handling. It is used to receive notifications such as payment completion. It avoids polling and delivers events in near real time. It lets Stripe notify your server when a payment succeeds. It is the push counterpart of polling an API."
Backend,Why is Apache Kafka useful?,"Apache Kafka handles massive throughput and lets many consumers replay events independently. It is a distributed event streaming platform that stores ordered logs of records. It streams click events from a website to analytics systems. It differs from RabbitMQ, which is a traditional broker focused on routing."
Backend,What are the disadvantages of CORS?,"CORS causes confusing errors when headers are misconfigured, and wildcard origins are risky. It is used to allow trusted frontends on other domains to call an API. It protects users by blocking unauthorized cross-origin reads by default. It is enforced by browsers and not by tools like curl."
Backend,How is message queue used in practice?,Message queue queues email jobs so the web request returns immediately. It is used to decouple services and handle work asynchronously. It smooths traffic spikes and lets services fail without losing tasks. It adds operational complexity and requires handling duplicates and ordering.
Backend,In which situations is N+1 query problem a good choice?,N+1 query problem is detected when ORMs load a list and then access related objects in a loop. It is a performance issue where one query triggers many extra queries for related records. It is hard to spot in development because small datasets hide the slowness.
Backend,What is the basic idea behind background job?,"Background job is a task run outside the request-response cycle by a worker process. It is used for emails, report generation, and image processing. It resizes uploaded images with a Celery worker after the upload completes. It is built with Celery, Sidekiq, or BullMQ on top of queues."
Backend,What is the basic idea behind connection pooling?,Connection pooling is a technique that keeps a set of reusable database connections open. It is used so applications avoid opening a new connection for every request. It cuts connection overhead and prevents exhausting database connection limits. It is provided by tools like PgBouncer and libraries such as HikariCP.
Backend,Can you give a short overview of CORS?,"CORS is a browser security mechanism controlling which origins can request a server's resources. It causes confusing errors when headers are misconfigured, and wildcard origins are risky. It lets an app on app.example.com call api.example.com through Access-Control-Allow-Origin. It is enforced by browsers and not by tools like curl."
Backend,Can you illustrate webhook with an example?,"Webhook lets Stripe notify your server when a payment succeeds. It is an HTTP callback where a service sends event data to your URL. It needs signature verification, retries, and idempotent handling. It is the push counterpart of polling an API."
Backend,What is eventual consistency?,Eventual consistency is a model where replicas become consistent over time if no new updates occur. It is used in highly available distributed databases like DynamoDB and Cassandra. It enables high availability and low latency across regions. It may show stale reads and requires conflict handling.
Backend,Can you give a short overview of stored procedure?,"Stored procedure is a precompiled set of SQL statements stored and executed inside the database. It is used to encapsulate business logic and repeated database operations. It is harder to version, test, and port between database vendors. It runs a calculate_invoice procedure with one call from the application."
Backend,What is a practical example of OAuth 2.0?,"OAuth 2.0 lets a calendar app read your Google contacts after you approve access. It is an authorization framework that lets apps access resources on a user's behalf without passwords. It is extended by OpenID Connect, which adds authentication identity."
Backend,What is a practical example of message queue?,"Message queue queues email jobs so the web request returns immediately. It smooths traffic spikes and lets services fail without losing tasks. It adds operational complexity and requires handling duplicates and ordering. It is implemented by RabbitMQ, SQS, and Kafka."
Backend,What is background job used for?,"Background job is used for emails, report generation, and image processing. It keeps responses fast and allows retries and scheduling. It needs monitoring, and failed or duplicate jobs must be handled. It is built with Celery, Sidekiq, or BullMQ on top of queues."
Backend,What should I learn alongside monolith?,"Monolith can evolve into a modular monolith or microservices when needed. It is an application built and deployed as one single unit. It becomes harder to scale and change as the codebase grows. It runs web, billing, and admin code in one deployable application."
Backend,Why is middleware useful?,"Middleware keeps cross-cutting logic reusable and separate from business code. It is a function that runs between an incoming request and the final route handler. It is used for logging, authentication, validation, compression, and error handling. It is a core concept in Express, Django, and FastAPI."
Backend,Why is rate limiting considered important?,"Rate limiting keeps service available and fair for all users and reduces costs. It is a control that caps how many requests a client can make in a time window. It is used to protect APIs from abuse, scraping, and overload."
Backend,Where is microservice commonly applied?,"Microservice is used in large systems where teams need to scale and deploy separately. It is a small independently deployable service responsible for one business capability. It separates payments, inventory, and user accounts into different services. It contrasts with the monolith, which keeps everything in one deployable unit."
Backend,What are the disadvantages of rate limiting?,"Rate limiting can block legitimate bursts if limits are too strict. It is used to protect APIs from abuse, scraping, and overload. It keeps service available and fair for all users and reduces costs. It returns HTTP 429 after a user exceeds one hundred requests per minute."
Backend,What are the limitations of middleware?,"Middleware can slow requests if too many layers run, and ordering mistakes cause subtle bugs. It is a function that runs between an incoming request and the final route handler. It keeps cross-cutting logic reusable and separate from business code. It is a core concept in Express, Django, and FastAPI."
Backend,What other concepts are connected to database replication?,"Database replication is different from sharding, which splits data rather than copying it. It is used for high availability, backups, and distributing read traffic. It can show replication lag, so replicas may return slightly outdated data. It sends all writes to a primary and dashboard reads to a replica."
Backend,Define load balancer in simple words.,"Load balancer is a component that distributes incoming traffic across multiple servers. It is used to scale applications and avoid a single point of failure. It improves availability and performance, and enables rolling deployments. It is available as hardware or software such as Nginx, HAProxy, and cloud load balancers."
Backend,What is the main purpose of reverse proxy?,"Reverse proxy is used for TLS termination, caching, compression, and routing. It adds a network hop and another component to configure and monitor. It lets Nginx accept HTTPS traffic and pass it to a local application. It differs from a forward proxy, which represents clients instead of servers."
Backend,How does gRPC differ from related concepts?,"gRPC is an alternative to REST and GraphQL for service-to-service calls. It offers compact binary messages, streaming, and generated client code. It is harder to use directly from browsers and to inspect than JSON APIs. It lets a payment service call an inventory service through a generated stub."
Backend,Explain cron job.,"Cron job is a scheduled task that runs automatically at specified times on Unix-like systems. It is used for backups, cleanups, and periodic reports. It runs a backup script every night at two in the morning. It is defined by five time fields and managed through crontab."
Backend,Where have you seen N+1 query problem in action?,N+1 query problem runs one query for fifty posts and fifty more for their authors. It is detected when ORMs load a list and then access related objects in a loop. It is hard to spot in development because small datasets hide the slowness.
Backend,In which situations is load balancer a good choice?,"Load balancer is used to scale applications and avoid a single point of failure. It can itself become a bottleneck or failure point without redundancy. It sends requests across four application servers using round robin. It is available as hardware or software such as Nginx, HAProxy, and cloud load balancers."
Backend,What is the main purpose of database replication?,"Database replication is used for high availability, backups, and distributing read traffic. It keeps the service running if the primary fails and scales reads. It sends all writes to a primary and dashboard reads to a replica. It is different from sharding, which splits data rather than copying it."
Backend,Explain monolith.,"Monolith is an application built and deployed as one single unit. It is simple to develop, test, deploy, and debug locally. It runs web, billing, and admin code in one deployable application. It can evolve into a modular monolith or microservices when needed."
Backend,Walk me through a simple example of session authentication.,"Session authentication sets a session cookie after login and looks up the user on each request. It is a method where the server stores login state and gives the client a session ID. It contrasts with token-based approaches like JWT, which are stateless."
Backend,Describe API gateway briefly.,"API gateway is a single entry point that routes, authenticates, and manages API requests to services. It is used in microservice systems to centralize cross-cutting concerns. It simplifies clients and enforces security, throttling, and monitoring in one place. It is offered by tools like Kong, AWS API Gateway, and Apigee."
Backend,Define ORM in simple words.,"ORM is a library that maps database tables to objects in a programming language. It speeds development, improves portability, and helps prevent SQL injection. It can generate inefficient queries and hides what the database is doing. It lets Django models or SQLAlchemy classes represent a users table."
Backend,Where is CAP theorem commonly applied?,"CAP theorem is used to reason about trade-offs when designing distributed databases. It is often oversimplified, since real systems offer nuanced trade-offs. It explains why a bank database may reject requests rather than risk inconsistency. It is extended by PACELC, which also considers latency."
Backend,Show a real-world example of database normalization.,Database normalization moves customer addresses into a separate table instead of repeating them per order. It is the process of organizing tables to reduce redundancy and dependency problems. It prevents update anomalies and saves storage by storing each fact once.
Backend,What does dependency injection mean?,"Dependency injection is a design pattern where objects receive their dependencies instead of creating them. It adds indirection and configuration that can confuse newcomers. It passes a database repository into a service through its constructor. It is supported by Spring, NestJS, and FastAPI's Depends."
Backend,What is circuit breaker used for?,Circuit breaker is used in distributed systems to prevent cascading failures. It is a pattern that stops calling a failing service after repeated errors. It trips after five consecutive timeouts and returns a fallback response. It is implemented by libraries like Resilience4j and Polly.
Backend,What is the basic idea behind Nginx?,Nginx is a high-performance web server that also works as a reverse proxy and load balancer. It handles many concurrent connections efficiently using little memory. It terminates HTTPS and proxies requests to a Node.js application. It competes with Apache and Caddy.
Backend,What are common pitfalls with rate limiting?,"Rate limiting can block legitimate bursts if limits are too strict. It is used to protect APIs from abuse, scraping, and overload. It returns HTTP 429 after a user exceeds one hundred requests per minute. It uses algorithms like token bucket, leaky bucket, and sliding window."
Backend,Is there a substitute for webhook?,"Webhook is the push counterpart of polling an API. It is used to receive notifications such as payment completion. It avoids polling and delivers events in near real time. It needs signature verification, retries, and idempotent handling. It lets Stripe notify your server when a payment succeeds."
Backend,What is an alternative to webhook?,"Webhook is the push counterpart of polling an API. It is an HTTP callback where a service sends event data to your URL. It is used to receive notifications such as payment completion. It needs signature verification, retries, and idempotent handling."
Backend,How would you explain CORS to a beginner?,CORS is a browser security mechanism controlling which origins can request a server's resources. It is used to allow trusted frontends on other domains to call an API. It protects users by blocking unauthorized cross-origin reads by default. It lets an app on app.example.com call api.example.com through Access-Control-Allow-Origin.
Backend,How would you explain WebSocket to a beginner?,"WebSocket is a protocol that keeps a persistent two-way connection between client and server. It delivers messages instantly without repeated polling overhead. It holds connections open, which complicates scaling and load balancing. It pushes new chat messages to every connected user immediately."
Backend,What problem does session authentication solve?,"Session authentication is used in traditional web apps that keep users logged in through cookies. It allows easy revocation because the server controls session data. It sets a session cookie after login and looks up the user on each request. It contrasts with token-based approaches like JWT, which are stateless."
Backend,Why do developers use cron job?,"Cron job is used for backups, cleanups, and periodic reports. It is hard to monitor and can overlap or silently fail. It runs a backup script every night at two in the morning. It is defined by five time fields and managed through crontab."
Backend,Why do developers use microservice?,"Microservice is used in large systems where teams need to scale and deploy separately. It adds network complexity, distributed debugging, and data consistency challenges. It separates payments, inventory, and user accounts into different services. It contrasts with the monolith, which keeps everything in one deployable unit."
Backend,Why is webhook useful?,Webhook avoids polling and delivers events in near real time. It is an HTTP callback where a service sends event data to your URL. It lets Stripe notify your server when a payment succeeds. It is the push counterpart of polling an API.
Backend,How is GraphQL typically used in real projects?,"GraphQL is used for apps with complex, nested data and varied client requirements. It avoids over-fetching and under-fetching and gives a strongly typed schema. It complicates caching and rate limiting, and can expose expensive queries without depth limits. It is an alternative to REST, and Apollo is a popular implementation."
Backend,What other concepts are connected to webhook?,Webhook is the push counterpart of polling an API. It is an HTTP callback where a service sends event data to your URL. It avoids polling and delivers events in near real time. It lets Stripe notify your server when a payment succeeds.
Backend,What other concepts are connected to database normalization?,"Database normalization is balanced against denormalization, which duplicates data for faster reads. It is the process of organizing tables to reduce redundancy and dependency problems. It prevents update anomalies and saves storage by storing each fact once. It increases the number of joins, which can slow read-heavy queries."
Backend,Walk me through a simple example of Nginx.,Nginx terminates HTTPS and proxies requests to a Node.js application. It is a high-performance web server that also works as a reverse proxy and load balancer. It is used to serve static files and route traffic to application servers. It handles many concurrent connections efficiently using little memory.
Backend,Can you give a short overview of background job?,"Background job is a task run outside the request-response cycle by a worker process. It needs monitoring, and failed or duplicate jobs must be handled. It resizes uploaded images with a Celery worker after the upload completes. It is built with Celery, Sidekiq, or BullMQ on top of queues."
Backend,What makes database replication valuable?,"Database replication keeps the service running if the primary fails and scales reads. It can show replication lag, so replicas may return slightly outdated data. It sends all writes to a primary and dashboard reads to a replica. It is different from sharding, which splits data rather than copying it."
Backend,What are the disadvantages of database replication?,"Database replication can show replication lag, so replicas may return slightly outdated data. It is used for high availability, backups, and distributing read traffic. It sends all writes to a primary and dashboard reads to a replica. It is different from sharding, which splits data rather than copying it."
Backend,Can you give a short overview of database sharding?,"Database sharding is the practice of splitting a large database into smaller pieces across servers. It is used when a single server can no longer handle data size or traffic. It differs from replication, which copies the same data to multiple servers."
Backend,What is gRPC used for?,"gRPC is used for fast communication between internal microservices. It is a high-performance remote procedure call framework using HTTP/2 and Protocol Buffers. It offers compact binary messages, streaming, and generated client code. It lets a payment service call an inventory service through a generated stub."
Backend,Give an example of ORM.,ORM lets Django models or SQLAlchemy classes represent a users table. It is a library that maps database tables to objects in a programming language. It is used to read and write data without writing raw SQL for everything. It is an alternative to raw SQL and query builders.
Backend,What are the downsides of background job?,"Background job needs monitoring, and failed or duplicate jobs must be handled. It is a task run outside the request-response cycle by a worker process. It is used for emails, report generation, and image processing. It keeps responses fast and allows retries and scheduling."
Backend,What are the drawbacks of database normalization?,"Database normalization increases the number of joins, which can slow read-heavy queries. It is used when designing relational schemas to keep data consistent. It prevents update anomalies and saves storage by storing each fact once. It is balanced against denormalization, which duplicates data for faster reads."
Backend,Why is rate limiting useful?,"Rate limiting keeps service available and fair for all users and reduces costs. It is used to protect APIs from abuse, scraping, and overload. It can block legitimate bursts if limits are too strict. It uses algorithms like token bucket, leaky bucket, and sliding window."
Backend,When should you use OAuth 2.0?,"OAuth 2.0 is used for sign in with Google and granting limited API access. It limits access through scopes and avoids sharing user credentials with third parties. It is complex to implement correctly, and misconfigured redirects create security holes. It is extended by OpenID Connect, which adds authentication identity."
Backend,What are the benefits of using CAP theorem?,"CAP theorem clarifies why systems must choose behavior during network partitions. It is a principle stating a distributed system cannot guarantee consistency, availability, and partition tolerance simultaneously. It is often oversimplified, since real systems offer nuanced trade-offs. It explains why a bank database may reject requests rather than risk inconsistency."
Backend,What is database normalization used for?,"Database normalization is used when designing relational schemas to keep data consistent. It prevents update anomalies and saves storage by storing each fact once. It increases the number of joins, which can slow read-heavy queries. It moves customer addresses into a separate table instead of repeating them per order."
Backend,Can you illustrate CAP theorem with an example?,"CAP theorem explains why a bank database may reject requests rather than risk inconsistency. It is a principle stating a distributed system cannot guarantee consistency, availability, and partition tolerance simultaneously. It is often oversimplified, since real systems offer nuanced trade-offs. It is extended by PACELC, which also considers latency."
Backend,Can you illustrate database sharding with an example?,"Database sharding stores users with IDs in different ranges on different database servers. It is used when a single server can no longer handle data size or traffic. It differs from replication, which copies the same data to multiple servers."
Backend,Give an example of monolith.,"Monolith runs web, billing, and admin code in one deployable application. It is used for early-stage products and small teams that need to move quickly. It is simple to develop, test, deploy, and debug locally. It can evolve into a modular monolith or microservices when needed."
Backend,Where have you seen load balancer in action?,"Load balancer sends requests across four application servers using round robin. It is a component that distributes incoming traffic across multiple servers. It improves availability and performance, and enables rolling deployments. It can itself become a bottleneck or failure point without redundancy."
Backend,What does microservice mean?,"Microservice is a small independently deployable service responsible for one business capability. It is used in large systems where teams need to scale and deploy separately. It allows independent scaling, technology choices, and fault isolation. It contrasts with the monolith, which keeps everything in one deployable unit."
Backend,What are the limitations of message queue?,"Message queue adds operational complexity and requires handling duplicates and ordering. It is used to decouple services and handle work asynchronously. It smooths traffic spikes and lets services fail without losing tasks. It queues email jobs so the web request returns immediately. It is implemented by RabbitMQ, SQS, and Kafka."
Backend,What are the advantages of database migration?,"Database migration makes schema changes repeatable, reviewable, and reversible. It can lock tables or lose data if applied carelessly on large production systems. It adds a phone column to users with an Alembic or Django migration. It is managed by tools like Flyway, Liquibase, and Alembic."
Backend,What should you watch out for when using ACID transaction?,"ACID transaction adds locking and coordination overhead that limits scalability. It is a database transaction that guarantees atomicity, consistency, isolation, and durability. It transfers money by debiting one account and crediting another, or neither. It contrasts with BASE systems that favor availability and eventual consistency."
Backend,What should you watch out for when using database index?,"Database index slows inserts and updates and consumes extra storage. It is used on columns frequently searched, joined, or sorted. It turns slow full table scans into fast lookups, boosting read performance. It makes finding a user by email fast after indexing the email column."
Backend,Walk me through a simple example of database index.,"Database index makes finding a user by email fast after indexing the email column. It is a data structure, often a B-tree, that speeds up row lookups on chosen columns. It turns slow full table scans into fast lookups, boosting read performance."
Backend,What other concepts are connected to CAP theorem?,"CAP theorem is extended by PACELC, which also considers latency. It is used to reason about trade-offs when designing distributed databases. It clarifies why systems must choose behavior during network partitions. It explains why a bank database may reject requests rather than risk inconsistency."
Backend,What is a practical example of connection pooling?,Connection pooling lets a web server reuse ten open connections to handle thousands of requests. It is a technique that keeps a set of reusable database connections open. It is provided by tools like PgBouncer and libraries such as HikariCP.
Backend,What is OAuth 2.0?,"OAuth 2.0 is an authorization framework that lets apps access resources on a user's behalf without passwords. It limits access through scopes and avoids sharing user credentials with third parties. It is extended by OpenID Connect, which adds authentication identity."
Backend,What is the main purpose of message queue?,"Message queue is used to decouple services and handle work asynchronously. It is a system that stores messages sent by producers until consumers process them. It adds operational complexity and requires handling duplicates and ordering. It is implemented by RabbitMQ, SQS, and Kafka."
Backend,When should you avoid caching?,Caching risks serving stale data and makes invalidation notoriously hard. It is the practice of storing frequently used data in fast storage for quick reuse. It is used to cut database load and speed up repeated requests. It lowers latency and cost and helps systems handle traffic spikes.
Backend,What is related to cron job?,"Cron job is defined by five time fields and managed through crontab. It is a scheduled task that runs automatically at specified times on Unix-like systems. It is simple, reliable, and requires no extra services. It is hard to monitor and can overlap or silently fail."
Backend,Describe background job briefly.,"Background job is a task run outside the request-response cycle by a worker process. It keeps responses fast and allows retries and scheduling. It needs monitoring, and failed or duplicate jobs must be handled. It resizes uploaded images with a Celery worker after the upload completes."
Backend,Is there a substitute for message queue?,"Message queue is implemented by RabbitMQ, SQS, and Kafka. It is a system that stores messages sent by producers until consumers process them. It is used to decouple services and handle work asynchronously. It adds operational complexity and requires handling duplicates and ordering."
Backend,How is cron job used in practice?,"Cron job runs a backup script every night at two in the morning. It is simple, reliable, and requires no extra services. It is hard to monitor and can overlap or silently fail. It is defined by five time fields and managed through crontab."
Backend,Show a real-world example of OAuth 2.0.,"OAuth 2.0 lets a calendar app read your Google contacts after you approve access. It is used for sign in with Google and granting limited API access. It limits access through scopes and avoids sharing user credentials with third parties. It is extended by OpenID Connect, which adds authentication identity."
Backend,What is microservice?,"Microservice is a small independently deployable service responsible for one business capability. It is used in large systems where teams need to scale and deploy separately. It allows independent scaling, technology choices, and fault isolation. It adds network complexity, distributed debugging, and data consistency challenges."
Backend,What are the drawbacks of gRPC?,"gRPC is harder to use directly from browsers and to inspect than JSON APIs. It is used for fast communication between internal microservices. It offers compact binary messages, streaming, and generated client code. It lets a payment service call an inventory service through a generated stub."
Backend,What should you watch out for when using CAP theorem?,"CAP theorem is often oversimplified, since real systems offer nuanced trade-offs. It is a principle stating a distributed system cannot guarantee consistency, availability, and partition tolerance simultaneously. It explains why a bank database may reject requests rather than risk inconsistency."
Backend,When should you use Apache Kafka?,"Apache Kafka is used for real-time data pipelines, event sourcing, and log aggregation. It is a distributed event streaming platform that stores ordered logs of records. It is operationally heavy and overkill for simple task queues. It streams click events from a website to analytics systems."
Backend,What are the disadvantages of N+1 query problem?,"N+1 query problem is hard to spot in development because small datasets hide the slowness. It is a performance issue where one query triggers many extra queries for related records. It becomes cheap to fix with eager loading, giving large speedups. It is solved with joins, eager loading, or batching."
Backend,How would you explain dependency injection to a beginner?,Dependency injection is a design pattern where objects receive their dependencies instead of creating them. It lets tests substitute mocks and simplifies swapping implementations. It adds indirection and configuration that can confuse newcomers. It passes a database repository into a service through its constructor.
Backend,Is there a substitute for stored procedure?,Stored procedure is an alternative to ORM-based logic in application code. It is a precompiled set of SQL statements stored and executed inside the database. It is used to encapsulate business logic and repeated database operations. It reduces network round trips and can improve performance and security.
Backend,Define database normalization in simple words.,"Database normalization is the process of organizing tables to reduce redundancy and dependency problems. It is used when designing relational schemas to keep data consistent. It increases the number of joins, which can slow read-heavy queries. It is balanced against denormalization, which duplicates data for faster reads."
Backend,What are common pitfalls with API gateway?,"API gateway can become a bottleneck and single point of failure if poorly designed. It is a single entry point that routes, authenticates, and manages API requests to services. It receives mobile app calls and routes them to user, order, and payment services."
Backend,Why is reverse proxy useful?,"Reverse proxy hides internal servers and centralizes security and performance features. It is a server that sits in front of backend servers and forwards client requests. It adds a network hop and another component to configure and monitor. It differs from a forward proxy, which represents clients instead of servers."
Backend,What does Redis mean?,"Redis is an in-memory data store supporting strings, hashes, lists, sets, and more. It is used for caching, sessions, leaderboards, and rate limiting. It delivers very low latency and offers expiry and atomic operations. It stores session data with a 30 minute expiry."
Backend,What should I learn alongside ACID transaction?,"ACID transaction contrasts with BASE systems that favor availability and eventual consistency. It is a database transaction that guarantees atomicity, consistency, isolation, and durability. It adds locking and coordination overhead that limits scalability. It transfers money by debiting one account and crediting another, or neither."
Backend,What does JWT mean?,"JWT is a compact signed token carrying claims, made of header, payload, and signature. It lets servers verify users without storing sessions, which helps horizontal scaling. It is returned after login and sent in the Authorization header as a Bearer token."
Backend,Can you illustrate circuit breaker with an example?,"Circuit breaker trips after five consecutive timeouts and returns a fallback response. It is used in distributed systems to prevent cascading failures. It needs tuned thresholds, and wrong settings may block healthy calls. It is implemented by libraries like Resilience4j and Polly."
Backend,Can you illustrate microservice with an example?,"Microservice separates payments, inventory, and user accounts into different services. It allows independent scaling, technology choices, and fault isolation. It adds network complexity, distributed debugging, and data consistency challenges. It contrasts with the monolith, which keeps everything in one deployable unit."
Backend,What is an alternative to load balancer?,"Load balancer is available as hardware or software such as Nginx, HAProxy, and cloud load balancers. It is a component that distributes incoming traffic across multiple servers. It can itself become a bottleneck or failure point without redundancy. It sends requests across four application servers using round robin."
Backend,What is the main purpose of idempotency?,"Idempotency is used in APIs for safe retries, especially for payments. It prevents duplicate charges or records when requests are retried. It requires storing keys or state and careful design for each endpoint. It makes sending the same payment request with one idempotency key charge once."
Backend,What are the advantages of ORM?,"ORM speeds development, improves portability, and helps prevent SQL injection. It can generate inefficient queries and hides what the database is doing. It lets Django models or SQLAlchemy classes represent a users table. It is an alternative to raw SQL and query builders."
Backend,What are the alternatives or companions of message queue?,"Message queue is implemented by RabbitMQ, SQS, and Kafka. It is a system that stores messages sent by producers until consumers process them. It is used to decouple services and handle work asynchronously. It queues email jobs so the web request returns immediately."
Backend,How does load balancer differ from related concepts?,"Load balancer is available as hardware or software such as Nginx, HAProxy, and cloud load balancers. It is used to scale applications and avoid a single point of failure. It can itself become a bottleneck or failure point without redundancy."
Backend,Is there a substitute for Redis?,"Redis is similar to Memcached but offers richer data structures. It delivers very low latency and offers expiry and atomic operations. It is limited by available memory, and persistence settings can risk data loss. It stores session data with a 30 minute expiry."
Backend,Describe a scenario where eventual consistency is applied.,"Eventual consistency lets a social media like count appear different for a moment on two servers. It is used in highly available distributed databases like DynamoDB and Cassandra. It may show stale reads and requires conflict handling. It contrasts with strong consistency, which makes all reads return the latest write."
Backend,Define CAP theorem in simple words.,"CAP theorem is a principle stating a distributed system cannot guarantee consistency, availability, and partition tolerance simultaneously. It is often oversimplified, since real systems offer nuanced trade-offs. It explains why a bank database may reject requests rather than risk inconsistency. It is extended by PACELC, which also considers latency."
Backend,Explain WebSocket.,"WebSocket is a protocol that keeps a persistent two-way connection between client and server. It is used for chat, live notifications, multiplayer games, and trading dashboards. It delivers messages instantly without repeated polling overhead. It pushes new chat messages to every connected user immediately."
Backend,Show a real-world example of middleware.,"Middleware checks a token and rejects unauthenticated requests before reaching the route. It is used for logging, authentication, validation, compression, and error handling. It keeps cross-cutting logic reusable and separate from business code. It can slow requests if too many layers run, and ordering mistakes cause subtle bugs."
Backend,When should you avoid database index?,"Database index slows inserts and updates and consumes extra storage. It is a data structure, often a B-tree, that speeds up row lookups on chosen columns. It is used on columns frequently searched, joined, or sorted. It makes finding a user by email fast after indexing the email column."
Backend,What are the limitations of caching?,"Caching risks serving stale data and makes invalidation notoriously hard. It lowers latency and cost and helps systems handle traffic spikes. It stores a computed homepage result for sixty seconds. It can happen at browser, CDN, application, or database layers."
Backend,Can you give a short overview of Redis?,"Redis is an in-memory data store supporting strings, hashes, lists, sets, and more. It delivers very low latency and offers expiry and atomic operations. It stores session data with a 30 minute expiry. It is similar to Memcached but offers richer data structures."
Backend,Why is load balancer useful?,"Load balancer improves availability and performance, and enables rolling deployments. It is a component that distributes incoming traffic across multiple servers. It is used to scale applications and avoid a single point of failure. It is available as hardware or software such as Nginx, HAProxy, and cloud load balancers."
Backend,Why is API versioning useful?,API versioning gives clients time to migrate and keeps integrations stable. It is the practice of managing changes to an API through distinct versions. It is used to ship breaking changes without disrupting existing clients. It exposes /v1/users and /v2/users side by side.
Backend,What is the basic idea behind monolith?,"Monolith is an application built and deployed as one single unit. It is used for early-stage products and small teams that need to move quickly. It is simple to develop, test, deploy, and debug locally. It becomes harder to scale and change as the codebase grows."
Backend,Is there a substitute for eventual consistency?,"Eventual consistency contrasts with strong consistency, which makes all reads return the latest write. It is a model where replicas become consistent over time if no new updates occur. It enables high availability and low latency across regions. It may show stale reads and requires conflict handling."
Backend,How does database index differ from related concepts?,"Database index is analyzed with EXPLAIN plans, and composite indexes cover multiple columns. It is used on columns frequently searched, joined, or sorted. It turns slow full table scans into fast lookups, boosting read performance. It slows inserts and updates and consumes extra storage."
Backend,What problems can middleware cause?,"Middleware can slow requests if too many layers run, and ordering mistakes cause subtle bugs. It keeps cross-cutting logic reusable and separate from business code. It checks a token and rejects unauthenticated requests before reaching the route. It is a core concept in Express, Django, and FastAPI."
Backend,What is a practical example of reverse proxy?,"Reverse proxy lets Nginx accept HTTPS traffic and pass it to a local application. It is used for TLS termination, caching, compression, and routing. It hides internal servers and centralizes security and performance features. It adds a network hop and another component to configure and monitor."
Backend,Define SQL join in simple words.,"SQL join is an operation that combines rows from two tables based on a related column. It lets relational data stay organized without duplicating information. It comes in inner, left, right, and full types, which differ in handling unmatched rows."
Backend,When should you avoid gRPC?,gRPC is harder to use directly from browsers and to inspect than JSON APIs. It is a high-performance remote procedure call framework using HTTP/2 and Protocol Buffers. It is used for fast communication between internal microservices. It lets a payment service call an inventory service through a generated stub.
Backend,What is rate limiting used for?,"Rate limiting is used to protect APIs from abuse, scraping, and overload. It keeps service available and fair for all users and reduces costs. It can block legitimate bursts if limits are too strict. It uses algorithms like token bucket, leaky bucket, and sliding window."
Backend,What is a practical example of Redis?,"Redis stores session data with a 30 minute expiry. It is used for caching, sessions, leaderboards, and rate limiting. It is limited by available memory, and persistence settings can risk data loss. It is similar to Memcached but offers richer data structures."
Backend,Show a real-world example of eventual consistency.,Eventual consistency lets a social media like count appear different for a moment on two servers. It is a model where replicas become consistent over time if no new updates occur. It enables high availability and low latency across regions. It may show stale reads and requires conflict handling.
Backend,How does CAP theorem help developers?,"CAP theorem clarifies why systems must choose behavior during network partitions. It is a principle stating a distributed system cannot guarantee consistency, availability, and partition tolerance simultaneously. It is used to reason about trade-offs when designing distributed databases. It is often oversimplified, since real systems offer nuanced trade-offs."
Backend,Give an example of idempotency.,"Idempotency makes sending the same payment request with one idempotency key charge once. It is used in APIs for safe retries, especially for payments. It prevents duplicate charges or records when requests are retried. It requires storing keys or state and careful design for each endpoint."
Backend,Define Nginx in simple words.,Nginx is a high-performance web server that also works as a reverse proxy and load balancer. It is used to serve static files and route traffic to application servers. It has a configuration syntax that is easy to misconfigure. It competes with Apache and Caddy.
Backend,How would you explain GraphQL to a beginner?,"GraphQL is a query language where clients request exactly the fields they need from one endpoint. It is used for apps with complex, nested data and varied client requirements. It avoids over-fetching and under-fetching and gives a strongly typed schema."
Backend,How does API versioning differ from related concepts?,"API versioning can use URL paths, headers, or query parameters. It is used to ship breaking changes without disrupting existing clients. It gives clients time to migrate and keeps integrations stable. It multiplies maintenance work when many versions must be supported. It exposes /v1/users and /v2/users side by side."
Backend,How is CORS typically used in real projects?,CORS is used to allow trusted frontends on other domains to call an API. It is a browser security mechanism controlling which origins can request a server's resources. It protects users by blocking unauthorized cross-origin reads by default. It is enforced by browsers and not by tools like curl.
Backend,Can you illustrate eventual consistency with an example?,Eventual consistency lets a social media like count appear different for a moment on two servers. It is a model where replicas become consistent over time if no new updates occur. It may show stale reads and requires conflict handling.
Backend,What is a practical example of microservice?,"Microservice separates payments, inventory, and user accounts into different services. It is a small independently deployable service responsible for one business capability. It is used in large systems where teams need to scale and deploy separately. It adds network complexity, distributed debugging, and data consistency challenges."
Backend,How is background job used in practice?,"Background job resizes uploaded images with a Celery worker after the upload completes. It is used for emails, report generation, and image processing. It keeps responses fast and allows retries and scheduling. It needs monitoring, and failed or duplicate jobs must be handled."
Backend,What is message queue used for?,"Message queue is used to decouple services and handle work asynchronously. It is a system that stores messages sent by producers until consumers process them. It smooths traffic spikes and lets services fail without losing tasks. It is implemented by RabbitMQ, SQS, and Kafka."
Backend,What is the basic idea behind ORM?,ORM is a library that maps database tables to objects in a programming language. It is used to read and write data without writing raw SQL for everything. It lets Django models or SQLAlchemy classes represent a users table. It is an alternative to raw SQL and query builders.
Backend,Why is monolith useful?,"Monolith is simple to develop, test, deploy, and debug locally. It is an application built and deployed as one single unit. It becomes harder to scale and change as the codebase grows. It can evolve into a modular monolith or microservices when needed."
Backend,How does stored procedure help developers?,Stored procedure reduces network round trips and can improve performance and security. It is a precompiled set of SQL statements stored and executed inside the database. It is used to encapsulate business logic and repeated database operations. It runs a calculate_invoice procedure with one call from the application.
Backend,Describe idempotency briefly.,"Idempotency is the property that repeating an operation produces the same result as doing it once. It is used in APIs for safe retries, especially for payments. It prevents duplicate charges or records when requests are retried. It requires storing keys or state and careful design for each endpoint."
Backend,Is there a substitute for monolith?,Monolith can evolve into a modular monolith or microservices when needed. It is an application built and deployed as one single unit. It is used for early-stage products and small teams that need to move quickly. It becomes harder to scale and change as the codebase grows.
Backend,What are the alternatives or companions of N+1 query problem?,"N+1 query problem is solved with joins, eager loading, or batching. It is detected when ORMs load a list and then access related objects in a loop. It is hard to spot in development because small datasets hide the slowness."
Backend,Is there a substitute for ACID transaction?,"ACID transaction contrasts with BASE systems that favor availability and eventual consistency. It is used for operations like payments where partial updates are unacceptable. It keeps data correct even during failures or concurrent access. It transfers money by debiting one account and crediting another, or neither."
Backend,What are common pitfalls with Redis?,"Redis is limited by available memory, and persistence settings can risk data loss. It is an in-memory data store supporting strings, hashes, lists, sets, and more. It stores session data with a 30 minute expiry. It is similar to Memcached but offers richer data structures."
Backend,When should you avoid SQL join?,"SQL join can become slow on large tables without proper indexes. It is used to query data spread across normalized tables. It joins orders with customers using customer_id to show buyer names. It comes in inner, left, right, and full types, which differ in handling unmatched rows."
Backend,What should you watch out for when using Docker container?,"Docker container shares the host kernel, so isolation is weaker than a full virtual machine. It is a lightweight, isolated package containing an application and its dependencies. It packages a Flask app and Python runtime into one image. It is orchestrated at scale by Kubernetes."
Backend,What other concepts are connected to OAuth 2.0?,"OAuth 2.0 is extended by OpenID Connect, which adds authentication identity. It limits access through scopes and avoids sharing user credentials with third parties. It is complex to implement correctly, and misconfigured redirects create security holes. It lets a calendar app read your Google contacts after you approve access."
Backend,What other concepts are connected to background job?,"Background job is built with Celery, Sidekiq, or BullMQ on top of queues. It keeps responses fast and allows retries and scheduling. It needs monitoring, and failed or duplicate jobs must be handled. It resizes uploaded images with a Celery worker after the upload completes."
Backend,Can you give a short overview of database migration?,"Database migration is a versioned script that changes a database schema in a controlled way. It is used to evolve tables and columns across environments safely. It makes schema changes repeatable, reviewable, and reversible. It is managed by tools like Flyway, Liquibase, and Alembic."
Backend,What is a practical example of SQL join?,"SQL join joins orders with customers using customer_id to show buyer names. It lets relational data stay organized without duplicating information. It can become slow on large tables without proper indexes. It comes in inner, left, right, and full types, which differ in handling unmatched rows."
Backend,What problem does cron job solve?,"Cron job is used for backups, cleanups, and periodic reports. It is a scheduled task that runs automatically at specified times on Unix-like systems. It is hard to monitor and can overlap or silently fail. It is defined by five time fields and managed through crontab."
Backend,What other concepts are connected to ACID transaction?,"ACID transaction contrasts with BASE systems that favor availability and eventual consistency. It is a database transaction that guarantees atomicity, consistency, isolation, and durability. It is used for operations like payments where partial updates are unacceptable. It transfers money by debiting one account and crediting another, or neither."
Backend,What is related to caching?,"Caching can happen at browser, CDN, application, or database layers. It is used to cut database load and speed up repeated requests. It risks serving stale data and makes invalidation notoriously hard. It stores a computed homepage result for sixty seconds."
Backend,Describe a scenario where WebSocket is applied.,"WebSocket pushes new chat messages to every connected user immediately. It is used for chat, live notifications, multiplayer games, and trading dashboards. It delivers messages instantly without repeated polling overhead. It holds connections open, which complicates scaling and load balancing."
Backend,What should I learn alongside idempotency?,"Idempotency is built into PUT and DELETE semantics but not POST by default. It is used in APIs for safe retries, especially for payments. It prevents duplicate charges or records when requests are retried. It requires storing keys or state and careful design for each endpoint."
Backend,What makes microservice valuable?,"Microservice allows independent scaling, technology choices, and fault isolation. It is used in large systems where teams need to scale and deploy separately. It adds network complexity, distributed debugging, and data consistency challenges. It separates payments, inventory, and user accounts into different services."
Backend,How does message queue differ from related concepts?,"Message queue is implemented by RabbitMQ, SQS, and Kafka. It is used to decouple services and handle work asynchronously. It smooths traffic spikes and lets services fail without losing tasks. It adds operational complexity and requires handling duplicates and ordering."
Backend,Why is gRPC considered important?,"gRPC offers compact binary messages, streaming, and generated client code. It is used for fast communication between internal microservices. It lets a payment service call an inventory service through a generated stub. It is an alternative to REST and GraphQL for service-to-service calls."
Backend,Why is cron job considered important?,"Cron job is simple, reliable, and requires no extra services. It is a scheduled task that runs automatically at specified times on Unix-like systems. It is hard to monitor and can overlap or silently fail. It runs a backup script every night at two in the morning."
Backend,Can you illustrate background job with an example?,"Background job resizes uploaded images with a Celery worker after the upload completes. It is a task run outside the request-response cycle by a worker process. It is used for emails, report generation, and image processing. It keeps responses fast and allows retries and scheduling."
Backend,What are the advantages of microservice?,"Microservice allows independent scaling, technology choices, and fault isolation. It is a small independently deployable service responsible for one business capability. It is used in large systems where teams need to scale and deploy separately. It separates payments, inventory, and user accounts into different services."
Backend,Why do developers use Nginx?,Nginx is used to serve static files and route traffic to application servers. It handles many concurrent connections efficiently using little memory. It has a configuration syntax that is easy to misconfigure. It terminates HTTPS and proxies requests to a Node.js application.
Backend,Is there a substitute for SQL join?,"SQL join comes in inner, left, right, and full types, which differ in handling unmatched rows. It is an operation that combines rows from two tables based on a related column. It joins orders with customers using customer_id to show buyer names."
Backend,What are common pitfalls with CAP theorem?,"CAP theorem is often oversimplified, since real systems offer nuanced trade-offs. It is a principle stating a distributed system cannot guarantee consistency, availability, and partition tolerance simultaneously. It is used to reason about trade-offs when designing distributed databases. It is extended by PACELC, which also considers latency."
Backend,What is message queue?,"Message queue is a system that stores messages sent by producers until consumers process them. It adds operational complexity and requires handling duplicates and ordering. It queues email jobs so the web request returns immediately. It is implemented by RabbitMQ, SQS, and Kafka."
Backend,Describe WebSocket briefly.,"WebSocket is a protocol that keeps a persistent two-way connection between client and server. It delivers messages instantly without repeated polling overhead. It holds connections open, which complicates scaling and load balancing. It differs from HTTP polling and Server-Sent Events, which are one-directional."
Backend,What are the limitations of cron job?,"Cron job is hard to monitor and can overlap or silently fail. It is a scheduled task that runs automatically at specified times on Unix-like systems. It is simple, reliable, and requires no extra services. It is defined by five time fields and managed through crontab."
Backend,How would you explain API gateway to a beginner?,"API gateway is a single entry point that routes, authenticates, and manages API requests to services. It is used in microservice systems to centralize cross-cutting concerns. It receives mobile app calls and routes them to user, order, and payment services."
Backend,Describe a scenario where reverse proxy is applied.,"Reverse proxy lets Nginx accept HTTPS traffic and pass it to a local application. It is a server that sits in front of backend servers and forwards client requests. It is used for TLS termination, caching, compression, and routing. It hides internal servers and centralizes security and performance features."
Backend,What is the main purpose of SQL join?,SQL join is used to query data spread across normalized tables. It is an operation that combines rows from two tables based on a related column. It lets relational data stay organized without duplicating information. It can become slow on large tables without proper indexes.
Backend,What are the drawbacks of GraphQL?,"GraphQL complicates caching and rate limiting, and can expose expensive queries without depth limits. It is a query language where clients request exactly the fields they need from one endpoint. It is an alternative to REST, and Apollo is a popular implementation."
Backend,What do you gain by using N+1 query problem?,"N+1 query problem becomes cheap to fix with eager loading, giving large speedups. It is detected when ORMs load a list and then access related objects in a loop. It runs one query for fifty posts and fifty more for their authors."
Backend,What is an alternative to API gateway?,"API gateway is offered by tools like Kong, AWS API Gateway, and Apigee. It is used in microservice systems to centralize cross-cutting concerns. It simplifies clients and enforces security, throttling, and monitoring in one place. It can become a bottleneck and single point of failure if poorly designed."
Backend,How does Nginx compare with similar approaches?,Nginx competes with Apache and Caddy. It is a high-performance web server that also works as a reverse proxy and load balancer. It has a configuration syntax that is easy to misconfigure. It terminates HTTPS and proxies requests to a Node.js application.
Backend,What is related to background job?,"Background job is built with Celery, Sidekiq, or BullMQ on top of queues. It is a task run outside the request-response cycle by a worker process. It is used for emails, report generation, and image processing. It needs monitoring, and failed or duplicate jobs must be handled."
Backend,When should you use pagination?,"Pagination is used for lists, feeds, and search results. It is the practice of returning large result sets in smaller pages. It can show duplicates or gaps when data changes, and deep offsets get slow. It comes as offset-based or cursor-based styles."
Backend,Why do developers use ACID transaction?,"ACID transaction is used for operations like payments where partial updates are unacceptable. It is a database transaction that guarantees atomicity, consistency, isolation, and durability. It adds locking and coordination overhead that limits scalability. It transfers money by debiting one account and crediting another, or neither."
Backend,How does database index compare with similar approaches?,"Database index is analyzed with EXPLAIN plans, and composite indexes cover multiple columns. It is used on columns frequently searched, joined, or sorted. It turns slow full table scans into fast lookups, boosting read performance. It makes finding a user by email fast after indexing the email column."
Backend,Describe a scenario where SQL join is applied.,SQL join joins orders with customers using customer_id to show buyer names. It is an operation that combines rows from two tables based on a related column. It is used to query data spread across normalized tables. It can become slow on large tables without proper indexes.
Backend,How is Apache Kafka used in practice?,"Apache Kafka streams click events from a website to analytics systems. It is a distributed event streaming platform that stores ordered logs of records. It is operationally heavy and overkill for simple task queues. It differs from RabbitMQ, which is a traditional broker focused on routing."
Backend,How does SQL join compare with similar approaches?,"SQL join comes in inner, left, right, and full types, which differ in handling unmatched rows. It is an operation that combines rows from two tables based on a related column. It lets relational data stay organized without duplicating information."
Backend,In which situations is Redis a good choice?,"Redis is used for caching, sessions, leaderboards, and rate limiting. It is an in-memory data store supporting strings, hashes, lists, sets, and more. It delivers very low latency and offers expiry and atomic operations. It is similar to Memcached but offers richer data structures."
Backend,What is Nginx used for?,Nginx is used to serve static files and route traffic to application servers. It is a high-performance web server that also works as a reverse proxy and load balancer. It handles many concurrent connections efficiently using little memory. It has a configuration syntax that is easy to misconfigure.
Backend,What are the advantages of webhook?,Webhook avoids polling and delivers events in near real time. It is an HTTP callback where a service sends event data to your URL. It is used to receive notifications such as payment completion. It lets Stripe notify your server when a payment succeeds.
Backend,What is a practical example of idempotency?,Idempotency makes sending the same payment request with one idempotency key charge once. It is the property that repeating an operation produces the same result as doing it once. It requires storing keys or state and careful design for each endpoint.
Backend,Describe a scenario where ACID transaction is applied.,"ACID transaction transfers money by debiting one account and crediting another, or neither. It is used for operations like payments where partial updates are unacceptable. It adds locking and coordination overhead that limits scalability. It contrasts with BASE systems that favor availability and eventual consistency."
Backend,How does monolith compare with similar approaches?,"Monolith can evolve into a modular monolith or microservices when needed. It is used for early-stage products and small teams that need to move quickly. It is simple to develop, test, deploy, and debug locally. It becomes harder to scale and change as the codebase grows."
Backend,What is database replication?,"Database replication is the process of copying data from a primary database to one or more replicas. It is used for high availability, backups, and distributing read traffic. It is different from sharding, which splits data rather than copying it."
Backend,Can you illustrate ORM with an example?,"ORM lets Django models or SQLAlchemy classes represent a users table. It speeds development, improves portability, and helps prevent SQL injection. It can generate inefficient queries and hides what the database is doing. It is an alternative to raw SQL and query builders."
Backend,List the strengths of microservice.,"Microservice allows independent scaling, technology choices, and fault isolation. It adds network complexity, distributed debugging, and data consistency challenges. It separates payments, inventory, and user accounts into different services. It contrasts with the monolith, which keeps everything in one deployable unit."
Backend,What is related to OAuth 2.0?,"OAuth 2.0 is extended by OpenID Connect, which adds authentication identity. It is used for sign in with Google and granting limited API access. It limits access through scopes and avoids sharing user credentials with third parties. It is complex to implement correctly, and misconfigured redirects create security holes."
Backend,What is an alternative to CAP theorem?,"CAP theorem is extended by PACELC, which also considers latency. It is used to reason about trade-offs when designing distributed databases. It clarifies why systems must choose behavior during network partitions. It is often oversimplified, since real systems offer nuanced trade-offs."
Backend,Explain circuit breaker.,Circuit breaker is a pattern that stops calling a failing service after repeated errors. It is used in distributed systems to prevent cascading failures. It protects resources and lets failing services recover. It is implemented by libraries like Resilience4j and Polly.
Backend,What are the advantages of dependency injection?,"Dependency injection lets tests substitute mocks and simplifies swapping implementations. It is used to decouple components and make code testable. It adds indirection and configuration that can confuse newcomers. It passes a database repository into a service through its constructor. It is supported by Spring, NestJS, and FastAPI's Depends."
Backend,When should you use JWT?,"JWT is used for stateless authentication and passing identity between services. It is a compact signed token carrying claims, made of header, payload, and signature. It is returned after login and sent in the Authorization header as a Bearer token."
Backend,List the strengths of Redis.,"Redis delivers very low latency and offers expiry and atomic operations. It is an in-memory data store supporting strings, hashes, lists, sets, and more. It stores session data with a 30 minute expiry. It is similar to Memcached but offers richer data structures."
Backend,What are the drawbacks of database index?,"Database index slows inserts and updates and consumes extra storage. It turns slow full table scans into fast lookups, boosting read performance. It makes finding a user by email fast after indexing the email column. It is analyzed with EXPLAIN plans, and composite indexes cover multiple columns."
Backend,Give an example of rate limiting.,"Rate limiting returns HTTP 429 after a user exceeds one hundred requests per minute. It keeps service available and fair for all users and reduces costs. It can block legitimate bursts if limits are too strict. It uses algorithms like token bucket, leaky bucket, and sliding window."
Backend,What is Redis?,"Redis is an in-memory data store supporting strings, hashes, lists, sets, and more. It delivers very low latency and offers expiry and atomic operations. It is limited by available memory, and persistence settings can risk data loss. It stores session data with a 30 minute expiry."
Backend,Explain microservice.,"Microservice is a small independently deployable service responsible for one business capability. It is used in large systems where teams need to scale and deploy separately. It adds network complexity, distributed debugging, and data consistency challenges. It separates payments, inventory, and user accounts into different services."
Backend,How does ACID transaction help developers?,"ACID transaction keeps data correct even during failures or concurrent access. It is a database transaction that guarantees atomicity, consistency, isolation, and durability. It is used for operations like payments where partial updates are unacceptable. It transfers money by debiting one account and crediting another, or neither."
Backend,What other concepts are connected to load balancer?,"Load balancer is available as hardware or software such as Nginx, HAProxy, and cloud load balancers. It is a component that distributes incoming traffic across multiple servers. It improves availability and performance, and enables rolling deployments. It can itself become a bottleneck or failure point without redundancy."
Backend,In which situations is idempotency a good choice?,"Idempotency is used in APIs for safe retries, especially for payments. It prevents duplicate charges or records when requests are retried. It requires storing keys or state and careful design for each endpoint. It is built into PUT and DELETE semantics but not POST by default."
Backend,What does GraphQL mean?,"GraphQL is a query language where clients request exactly the fields they need from one endpoint. It lets a mobile app request only a user's name and avatar in one call. It is an alternative to REST, and Apollo is a popular implementation."
Backend,What should I learn alongside caching?,"Caching can happen at browser, CDN, application, or database layers. It is the practice of storing frequently used data in fast storage for quick reuse. It risks serving stale data and makes invalidation notoriously hard. It stores a computed homepage result for sixty seconds."
Backend,What other concepts are connected to REST API?,REST API is often compared with GraphQL and gRPC for service communication. It is an architectural style where resources are exposed through URLs and standard HTTP methods. It can cause over-fetching or multiple round trips when clients need related data.
Backend,What is related to pagination?,"Pagination comes as offset-based or cursor-based styles. It is used for lists, feeds, and search results. It reduces response size, memory use, and load times. It can show duplicates or gaps when data changes, and deep offsets get slow. It returns twenty items per request with a next cursor token."
Backend,Where have you seen JWT in action?,JWT is returned after login and sent in the Authorization header as a Bearer token. It is used for stateless authentication and passing identity between services. It is an alternative to server-side sessions and is often used with OAuth 2.0.
Backend,What is an alternative to gRPC?,"gRPC is an alternative to REST and GraphQL for service-to-service calls. It is used for fast communication between internal microservices. It offers compact binary messages, streaming, and generated client code. It lets a payment service call an inventory service through a generated stub."
Backend,Why is WebSocket useful?,"WebSocket delivers messages instantly without repeated polling overhead. It is a protocol that keeps a persistent two-way connection between client and server. It holds connections open, which complicates scaling and load balancing. It pushes new chat messages to every connected user immediately."
Backend,What are the advantages of session authentication?,"Session authentication allows easy revocation because the server controls session data. It is a method where the server stores login state and gives the client a session ID. It needs server storage and shared stores when scaling across multiple instances. It contrasts with token-based approaches like JWT, which are stateless."
Backend,What other concepts are connected to gRPC?,"gRPC is an alternative to REST and GraphQL for service-to-service calls. It is a high-performance remote procedure call framework using HTTP/2 and Protocol Buffers. It is used for fast communication between internal microservices. It offers compact binary messages, streaming, and generated client code."
Backend,Show a real-world example of Nginx.,Nginx terminates HTTPS and proxies requests to a Node.js application. It is a high-performance web server that also works as a reverse proxy and load balancer. It is used to serve static files and route traffic to application servers. It has a configuration syntax that is easy to misconfigure.
Backend,What are the drawbacks of load balancer?,"Load balancer can itself become a bottleneck or failure point without redundancy. It improves availability and performance, and enables rolling deployments. It sends requests across four application servers using round robin. It is available as hardware or software such as Nginx, HAProxy, and cloud load balancers."
Backend,Can you give a short overview of microservice?,"Microservice is a small independently deployable service responsible for one business capability. It allows independent scaling, technology choices, and fault isolation. It adds network complexity, distributed debugging, and data consistency challenges. It contrasts with the monolith, which keeps everything in one deployable unit."
Backend,What are the disadvantages of database migration?,Database migration can lock tables or lose data if applied carelessly on large production systems. It is a versioned script that changes a database schema in a controlled way. It is used to evolve tables and columns across environments safely.
Backend,What is the basic idea behind cron job?,"Cron job is a scheduled task that runs automatically at specified times on Unix-like systems. It is used for backups, cleanups, and periodic reports. It is hard to monitor and can overlap or silently fail. It is defined by five time fields and managed through crontab."
Backend,What does monolith mean?,Monolith is an application built and deployed as one single unit. It is used for early-stage products and small teams that need to move quickly. It becomes harder to scale and change as the codebase grows. It can evolve into a modular monolith or microservices when needed.
Backend,Why do developers use load balancer?,"Load balancer is used to scale applications and avoid a single point of failure. It is a component that distributes incoming traffic across multiple servers. It improves availability and performance, and enables rolling deployments. It sends requests across four application servers using round robin."
Backend,Explain API versioning.,API versioning is the practice of managing changes to an API through distinct versions. It is used to ship breaking changes without disrupting existing clients. It gives clients time to migrate and keeps integrations stable. It exposes /v1/users and /v2/users side by side.
Backend,What are the drawbacks of pagination?,"Pagination can show duplicates or gaps when data changes, and deep offsets get slow. It is used for lists, feeds, and search results. It returns twenty items per request with a next cursor token. It comes as offset-based or cursor-based styles."
Backend,What are common pitfalls with session authentication?,Session authentication needs server storage and shared stores when scaling across multiple instances. It is a method where the server stores login state and gives the client a session ID. It sets a session cookie after login and looks up the user on each request.
Backend,What should I learn alongside rate limiting?,"Rate limiting uses algorithms like token bucket, leaky bucket, and sliding window. It is a control that caps how many requests a client can make in a time window. It returns HTTP 429 after a user exceeds one hundred requests per minute."
Backend,In which situations is CAP theorem a good choice?,"CAP theorem is used to reason about trade-offs when designing distributed databases. It clarifies why systems must choose behavior during network partitions. It is often oversimplified, since real systems offer nuanced trade-offs. It is extended by PACELC, which also considers latency."
Backend,Why do developers use database migration?,"Database migration is used to evolve tables and columns across environments safely. It makes schema changes repeatable, reviewable, and reversible. It can lock tables or lose data if applied carelessly on large production systems. It adds a phone column to users with an Alembic or Django migration."
Backend,What are the drawbacks of reverse proxy?,Reverse proxy adds a network hop and another component to configure and monitor. It is a server that sits in front of backend servers and forwards client requests. It lets Nginx accept HTTPS traffic and pass it to a local application.
Backend,How would you explain N+1 query problem to a beginner?,N+1 query problem is a performance issue where one query triggers many extra queries for related records. It is detected when ORMs load a list and then access related objects in a loop. It is hard to spot in development because small datasets hide the slowness.
Backend,How would you explain reverse proxy to a beginner?,"Reverse proxy is a server that sits in front of backend servers and forwards client requests. It hides internal servers and centralizes security and performance features. It adds a network hop and another component to configure and monitor. It differs from a forward proxy, which represents clients instead of servers."
Backend,What makes N+1 query problem valuable?,"N+1 query problem becomes cheap to fix with eager loading, giving large speedups. It is a performance issue where one query triggers many extra queries for related records. It runs one query for fifty posts and fifty more for their authors."
Backend,Describe database index briefly.,"Database index is a data structure, often a B-tree, that speeds up row lookups on chosen columns. It turns slow full table scans into fast lookups, boosting read performance. It slows inserts and updates and consumes extra storage. It is analyzed with EXPLAIN plans, and composite indexes cover multiple columns."
Backend,Walk me through a simple example of rate limiting.,Rate limiting returns HTTP 429 after a user exceeds one hundred requests per minute. It is a control that caps how many requests a client can make in a time window. It can block legitimate bursts if limits are too strict.
Backend,Explain message queue.,Message queue is a system that stores messages sent by producers until consumers process them. It is used to decouple services and handle work asynchronously. It smooths traffic spikes and lets services fail without losing tasks. It adds operational complexity and requires handling duplicates and ordering.
Backend,What is an alternative to API versioning?,"API versioning can use URL paths, headers, or query parameters. It is used to ship breaking changes without disrupting existing clients. It gives clients time to migrate and keeps integrations stable. It multiplies maintenance work when many versions must be supported."
Backend,What are the drawbacks of session authentication?,"Session authentication needs server storage and shared stores when scaling across multiple instances. It is used in traditional web apps that keep users logged in through cookies. It allows easy revocation because the server controls session data. It contrasts with token-based approaches like JWT, which are stateless."
Backend,How does N+1 query problem compare with similar approaches?,"N+1 query problem is solved with joins, eager loading, or batching. It is detected when ORMs load a list and then access related objects in a loop. It runs one query for fifty posts and fifty more for their authors."
Backend,List the strengths of webhook.,"Webhook avoids polling and delivers events in near real time. It is an HTTP callback where a service sends event data to your URL. It is used to receive notifications such as payment completion. It needs signature verification, retries, and idempotent handling."
Backend,Is there a substitute for OAuth 2.0?,"OAuth 2.0 is extended by OpenID Connect, which adds authentication identity. It is an authorization framework that lets apps access resources on a user's behalf without passwords. It limits access through scopes and avoids sharing user credentials with third parties."
Backend,What is the main purpose of Apache Kafka?,"Apache Kafka is used for real-time data pipelines, event sourcing, and log aggregation. It handles massive throughput and lets many consumers replay events independently. It streams click events from a website to analytics systems. It differs from RabbitMQ, which is a traditional broker focused on routing."
Backend,What is the basic idea behind dependency injection?,"Dependency injection is a design pattern where objects receive their dependencies instead of creating them. It is used to decouple components and make code testable. It lets tests substitute mocks and simplifies swapping implementations. It is supported by Spring, NestJS, and FastAPI's Depends."
Backend,Give an example of Docker container.,"Docker container packages a Flask app and Python runtime into one image. It is a lightweight, isolated package containing an application and its dependencies. It removes works-on-my-machine problems and starts much faster than virtual machines. It shares the host kernel, so isolation is weaker than a full virtual machine."
Backend,What does session authentication mean?,"Session authentication is a method where the server stores login state and gives the client a session ID. It is used in traditional web apps that keep users logged in through cookies. It contrasts with token-based approaches like JWT, which are stateless."
Backend,What problem does webhook solve?,Webhook is used to receive notifications such as payment completion. It is an HTTP callback where a service sends event data to your URL. It avoids polling and delivers events in near real time. It is the push counterpart of polling an API.
Backend,Why is gRPC useful?,"gRPC offers compact binary messages, streaming, and generated client code. It is used for fast communication between internal microservices. It is harder to use directly from browsers and to inspect than JSON APIs. It lets a payment service call an inventory service through a generated stub."
Backend,What problem does GraphQL solve?,"GraphQL is used for apps with complex, nested data and varied client requirements. It lets a mobile app request only a user's name and avatar in one call. It is an alternative to REST, and Apollo is a popular implementation."
Backend,When should you use idempotency?,"Idempotency is used in APIs for safe retries, especially for payments. It is the property that repeating an operation produces the same result as doing it once. It makes sending the same payment request with one idempotency key charge once."
Backend,What is an alternative to Apache Kafka?,"Apache Kafka differs from RabbitMQ, which is a traditional broker focused on routing. It is a distributed event streaming platform that stores ordered logs of records. It is used for real-time data pipelines, event sourcing, and log aggregation. It handles massive throughput and lets many consumers replay events independently."
Backend,What other concepts are connected to circuit breaker?,"Circuit breaker is implemented by libraries like Resilience4j and Polly. It is used in distributed systems to prevent cascading failures. It protects resources and lets failing services recover. It needs tuned thresholds, and wrong settings may block healthy calls. It trips after five consecutive timeouts and returns a fallback response."
Backend,Walk me through a simple example of Docker container.,"Docker container packages a Flask app and Python runtime into one image. It removes works-on-my-machine problems and starts much faster than virtual machines. It shares the host kernel, so isolation is weaker than a full virtual machine. It is orchestrated at scale by Kubernetes."
Backend,Where have you seen message queue in action?,Message queue queues email jobs so the web request returns immediately. It is a system that stores messages sent by producers until consumers process them. It is used to decouple services and handle work asynchronously. It adds operational complexity and requires handling duplicates and ordering.
Backend,What are the benefits of using idempotency?,"Idempotency prevents duplicate charges or records when requests are retried. It is used in APIs for safe retries, especially for payments. It makes sending the same payment request with one idempotency key charge once. It is built into PUT and DELETE semantics but not POST by default."
Backend,What is session authentication?,"Session authentication is a method where the server stores login state and gives the client a session ID. It needs server storage and shared stores when scaling across multiple instances. It contrasts with token-based approaches like JWT, which are stateless."
Backend,Why do developers use database normalization?,"Database normalization is used when designing relational schemas to keep data consistent. It is the process of organizing tables to reduce redundancy and dependency problems. It increases the number of joins, which can slow read-heavy queries. It moves customer addresses into a separate table instead of repeating them per order."
Backend,Why is caching useful?,Caching lowers latency and cost and helps systems handle traffic spikes. It is used to cut database load and speed up repeated requests. It risks serving stale data and makes invalidation notoriously hard. It stores a computed homepage result for sixty seconds.
Backend,How is dependency injection typically used in real projects?,Dependency injection is used to decouple components and make code testable. It is a design pattern where objects receive their dependencies instead of creating them. It lets tests substitute mocks and simplifies swapping implementations. It passes a database repository into a service through its constructor.
Backend,What is an alternative to WebSocket?,"WebSocket differs from HTTP polling and Server-Sent Events, which are one-directional. It is a protocol that keeps a persistent two-way connection between client and server. It holds connections open, which complicates scaling and load balancing. It pushes new chat messages to every connected user immediately."
Backend,How would you explain Redis to a beginner?,"Redis is an in-memory data store supporting strings, hashes, lists, sets, and more. It is used for caching, sessions, leaderboards, and rate limiting. It is limited by available memory, and persistence settings can risk data loss. It stores session data with a 30 minute expiry."
Backend,Explain SQL join.,"SQL join is an operation that combines rows from two tables based on a related column. It is used to query data spread across normalized tables. It comes in inner, left, right, and full types, which differ in handling unmatched rows."
Backend,What are the downsides of caching?,"Caching risks serving stale data and makes invalidation notoriously hard. It is the practice of storing frequently used data in fast storage for quick reuse. It is used to cut database load and speed up repeated requests. It can happen at browser, CDN, application, or database layers."
Backend,What is related to database migration?,"Database migration is managed by tools like Flyway, Liquibase, and Alembic. It is used to evolve tables and columns across environments safely. It makes schema changes repeatable, reviewable, and reversible. It adds a phone column to users with an Alembic or Django migration."
Backend,How is database sharding typically used in real projects?,"Database sharding is used when a single server can no longer handle data size or traffic. It is the practice of splitting a large database into smaller pieces across servers. It differs from replication, which copies the same data to multiple servers."
Backend,What should you watch out for when using session authentication?,"Session authentication needs server storage and shared stores when scaling across multiple instances. It allows easy revocation because the server controls session data. It sets a session cookie after login and looks up the user on each request. It contrasts with token-based approaches like JWT, which are stateless."
Backend,Explain N+1 query problem.,"N+1 query problem is a performance issue where one query triggers many extra queries for related records. It becomes cheap to fix with eager loading, giving large speedups. It is hard to spot in development because small datasets hide the slowness. It is solved with joins, eager loading, or batching."
Backend,When should you avoid load balancer?,"Load balancer can itself become a bottleneck or failure point without redundancy. It is used to scale applications and avoid a single point of failure. It sends requests across four application servers using round robin. It is available as hardware or software such as Nginx, HAProxy, and cloud load balancers."
Backend,What is related to database normalization?,"Database normalization is balanced against denormalization, which duplicates data for faster reads. It is the process of organizing tables to reduce redundancy and dependency problems. It increases the number of joins, which can slow read-heavy queries. It moves customer addresses into a separate table instead of repeating them per order."
Backend,Define caching in simple words.,Caching is the practice of storing frequently used data in fast storage for quick reuse. It lowers latency and cost and helps systems handle traffic spikes. It risks serving stale data and makes invalidation notoriously hard. It stores a computed homepage result for sixty seconds.
Backend,What are the downsides of session authentication?,Session authentication needs server storage and shared stores when scaling across multiple instances. It is used in traditional web apps that keep users logged in through cookies. It sets a session cookie after login and looks up the user on each request.
Backend,What is the main purpose of middleware?,"Middleware is used for logging, authentication, validation, compression, and error handling. It can slow requests if too many layers run, and ordering mistakes cause subtle bugs. It checks a token and rejects unauthenticated requests before reaching the route. It is a core concept in Express, Django, and FastAPI."
Backend,What are the limitations of GraphQL?,"GraphQL complicates caching and rate limiting, and can expose expensive queries without depth limits. It is a query language where clients request exactly the fields they need from one endpoint. It avoids over-fetching and under-fetching and gives a strongly typed schema."
Backend,What are the downsides of microservice?,"Microservice adds network complexity, distributed debugging, and data consistency challenges. It is used in large systems where teams need to scale and deploy separately. It allows independent scaling, technology choices, and fault isolation. It contrasts with the monolith, which keeps everything in one deployable unit."
Backend,How is N+1 query problem used in practice?,N+1 query problem runs one query for fifty posts and fifty more for their authors. It is a performance issue where one query triggers many extra queries for related records. It is detected when ORMs load a list and then access related objects in a loop.
Backend,When should you use caching?,"Caching is used to cut database load and speed up repeated requests. It lowers latency and cost and helps systems handle traffic spikes. It risks serving stale data and makes invalidation notoriously hard. It can happen at browser, CDN, application, or database layers."
Backend,How is rate limiting used in practice?,"Rate limiting returns HTTP 429 after a user exceeds one hundred requests per minute. It is used to protect APIs from abuse, scraping, and overload. It can block legitimate bursts if limits are too strict. It uses algorithms like token bucket, leaky bucket, and sliding window."
Backend,What problems can gRPC cause?,gRPC is harder to use directly from browsers and to inspect than JSON APIs. It is a high-performance remote procedure call framework using HTTP/2 and Protocol Buffers. It is used for fast communication between internal microservices. It is an alternative to REST and GraphQL for service-to-service calls.
Backend,Can you give a short overview of database normalization?,"Database normalization is the process of organizing tables to reduce redundancy and dependency problems. It is used when designing relational schemas to keep data consistent. It moves customer addresses into a separate table instead of repeating them per order. It is balanced against denormalization, which duplicates data for faster reads."
Backend,Can you give a short overview of eventual consistency?,"Eventual consistency is a model where replicas become consistent over time if no new updates occur. It is used in highly available distributed databases like DynamoDB and Cassandra. It enables high availability and low latency across regions. It contrasts with strong consistency, which makes all reads return the latest write."
Backend,Why do developers use N+1 query problem?,"N+1 query problem is detected when ORMs load a list and then access related objects in a loop. It is hard to spot in development because small datasets hide the slowness. It is solved with joins, eager loading, or batching."
Backend,Is there a substitute for connection pooling?,"Connection pooling is provided by tools like PgBouncer and libraries such as HikariCP. It needs careful sizing, because too many or too few connections hurt performance. It lets a web server reuse ten open connections to handle thousands of requests."
Backend,What are the benefits of using Apache Kafka?,"Apache Kafka handles massive throughput and lets many consumers replay events independently. It is used for real-time data pipelines, event sourcing, and log aggregation. It is operationally heavy and overkill for simple task queues. It differs from RabbitMQ, which is a traditional broker focused on routing."
Backend,What is an alternative to monolith?,"Monolith can evolve into a modular monolith or microservices when needed. It is used for early-stage products and small teams that need to move quickly. It becomes harder to scale and change as the codebase grows. It runs web, billing, and admin code in one deployable application."
Backend,What are the advantages of database sharding?,"Database sharding scales storage and write throughput horizontally. It is used when a single server can no longer handle data size or traffic. It complicates queries, joins, transactions, and rebalancing when shards grow unevenly. It stores users with IDs in different ranges on different database servers."
Backend,How would you explain idempotency to a beginner?,Idempotency is the property that repeating an operation produces the same result as doing it once. It requires storing keys or state and careful design for each endpoint. It makes sending the same payment request with one idempotency key charge once.
Backend,Describe reverse proxy briefly.,"Reverse proxy is a server that sits in front of backend servers and forwards client requests. It adds a network hop and another component to configure and monitor. It differs from a forward proxy, which represents clients instead of servers."
Backend,Describe N+1 query problem briefly.,N+1 query problem is a performance issue where one query triggers many extra queries for related records. It is hard to spot in development because small datasets hide the slowness. It runs one query for fifty posts and fifty more for their authors.
Backend,What are common pitfalls with WebSocket?,"WebSocket holds connections open, which complicates scaling and load balancing. It is a protocol that keeps a persistent two-way connection between client and server. It is used for chat, live notifications, multiplayer games, and trading dashboards. It pushes new chat messages to every connected user immediately."
Backend,Where is circuit breaker commonly applied?,"Circuit breaker is used in distributed systems to prevent cascading failures. It protects resources and lets failing services recover. It needs tuned thresholds, and wrong settings may block healthy calls. It trips after five consecutive timeouts and returns a fallback response."
Backend,What do you gain by using load balancer?,"Load balancer improves availability and performance, and enables rolling deployments. It is a component that distributes incoming traffic across multiple servers. It sends requests across four application servers using round robin. It is available as hardware or software such as Nginx, HAProxy, and cloud load balancers."
Backend,Give an example of connection pooling.,"Connection pooling lets a web server reuse ten open connections to handle thousands of requests. It needs careful sizing, because too many or too few connections hurt performance. It is provided by tools like PgBouncer and libraries such as HikariCP."
Backend,What problem does REST API solve?,REST API is used to let web and mobile clients communicate with servers over HTTP. It is an architectural style where resources are exposed through URLs and standard HTTP methods. It can cause over-fetching or multiple round trips when clients need related data.
Backend,How does dependency injection differ from related concepts?,"Dependency injection is supported by Spring, NestJS, and FastAPI's Depends. It is used to decouple components and make code testable. It lets tests substitute mocks and simplifies swapping implementations. It adds indirection and configuration that can confuse newcomers. It passes a database repository into a service through its constructor."
Backend,Why is stored procedure useful?,Stored procedure reduces network round trips and can improve performance and security. It is used to encapsulate business logic and repeated database operations. It runs a calculate_invoice procedure with one call from the application. It is an alternative to ORM-based logic in application code.
Backend,What is a practical example of gRPC?,gRPC lets a payment service call an inventory service through a generated stub. It is used for fast communication between internal microservices. It is harder to use directly from browsers and to inspect than JSON APIs. It is an alternative to REST and GraphQL for service-to-service calls.
Backend,Why is message queue useful?,"Message queue smooths traffic spikes and lets services fail without losing tasks. It adds operational complexity and requires handling duplicates and ordering. It queues email jobs so the web request returns immediately. It is implemented by RabbitMQ, SQS, and Kafka."
Backend,What are the alternatives or companions of SQL join?,"SQL join comes in inner, left, right, and full types, which differ in handling unmatched rows. It is used to query data spread across normalized tables. It lets relational data stay organized without duplicating information. It can become slow on large tables without proper indexes."
Backend,What should you watch out for when using connection pooling?,"Connection pooling needs careful sizing, because too many or too few connections hurt performance. It is a technique that keeps a set of reusable database connections open. It is used so applications avoid opening a new connection for every request. It cuts connection overhead and prevents exhausting database connection limits."
Backend,How does circuit breaker compare with similar approaches?,"Circuit breaker is implemented by libraries like Resilience4j and Polly. It protects resources and lets failing services recover. It needs tuned thresholds, and wrong settings may block healthy calls. It trips after five consecutive timeouts and returns a fallback response."
Backend,What should you watch out for when using CORS?,"CORS causes confusing errors when headers are misconfigured, and wildcard origins are risky. It is a browser security mechanism controlling which origins can request a server's resources. It lets an app on app.example.com call api.example.com through Access-Control-Allow-Origin. It is enforced by browsers and not by tools like curl."
Backend,When should you avoid session authentication?,Session authentication needs server storage and shared stores when scaling across multiple instances. It is a method where the server stores login state and gives the client a session ID. It is used in traditional web apps that keep users logged in through cookies.
Backend,What do you gain by using rate limiting?,"Rate limiting keeps service available and fair for all users and reduces costs. It can block legitimate bursts if limits are too strict. It returns HTTP 429 after a user exceeds one hundred requests per minute. It uses algorithms like token bucket, leaky bucket, and sliding window."
Backend,What are the advantages of Docker container?,"Docker container removes works-on-my-machine problems and starts much faster than virtual machines. It is a lightweight, isolated package containing an application and its dependencies. It is used to run software consistently across development and production. It shares the host kernel, so isolation is weaker than a full virtual machine."
Backend,In which situations is middleware a good choice?,"Middleware is used for logging, authentication, validation, compression, and error handling. It keeps cross-cutting logic reusable and separate from business code. It can slow requests if too many layers run, and ordering mistakes cause subtle bugs. It checks a token and rejects unauthenticated requests before reaching the route."
Backend,Describe a scenario where connection pooling is applied.,"Connection pooling lets a web server reuse ten open connections to handle thousands of requests. It is a technique that keeps a set of reusable database connections open. It needs careful sizing, because too many or too few connections hurt performance."
Backend,What are the downsides of stored procedure?,"Stored procedure is harder to version, test, and port between database vendors. It is a precompiled set of SQL statements stored and executed inside the database. It reduces network round trips and can improve performance and security. It runs a calculate_invoice procedure with one call from the application."
Backend,Where is pagination commonly applied?,"Pagination is used for lists, feeds, and search results. It can show duplicates or gaps when data changes, and deep offsets get slow. It returns twenty items per request with a next cursor token. It comes as offset-based or cursor-based styles."
Backend,What problem does database migration solve?,"Database migration is used to evolve tables and columns across environments safely. It is a versioned script that changes a database schema in a controlled way. It makes schema changes repeatable, reviewable, and reversible. It is managed by tools like Flyway, Liquibase, and Alembic."
Backend,What are the limitations of Nginx?,Nginx has a configuration syntax that is easy to misconfigure. It is used to serve static files and route traffic to application servers. It handles many concurrent connections efficiently using little memory. It terminates HTTPS and proxies requests to a Node.js application.
Backend,Show a real-world example of CAP theorem.,"CAP theorem explains why a bank database may reject requests rather than risk inconsistency. It is used to reason about trade-offs when designing distributed databases. It clarifies why systems must choose behavior during network partitions. It is extended by PACELC, which also considers latency."
Backend,What problem does pagination solve?,"Pagination is used for lists, feeds, and search results. It is the practice of returning large result sets in smaller pages. It reduces response size, memory use, and load times. It can show duplicates or gaps when data changes, and deep offsets get slow."
Backend,What are the advantages of load balancer?,"Load balancer improves availability and performance, and enables rolling deployments. It is used to scale applications and avoid a single point of failure. It sends requests across four application servers using round robin. It is available as hardware or software such as Nginx, HAProxy, and cloud load balancers."
Backend,What are the alternatives or companions of API gateway?,"API gateway is offered by tools like Kong, AWS API Gateway, and Apigee. It can become a bottleneck and single point of failure if poorly designed. It receives mobile app calls and routes them to user, order, and payment services."
Backend,Describe a scenario where CAP theorem is applied.,"CAP theorem explains why a bank database may reject requests rather than risk inconsistency. It clarifies why systems must choose behavior during network partitions. It is often oversimplified, since real systems offer nuanced trade-offs. It is extended by PACELC, which also considers latency."
Backend,Why is background job useful?,"Background job keeps responses fast and allows retries and scheduling. It is a task run outside the request-response cycle by a worker process. It is used for emails, report generation, and image processing. It is built with Celery, Sidekiq, or BullMQ on top of queues."
Backend,Define background job in simple words.,"Background job is a task run outside the request-response cycle by a worker process. It is used for emails, report generation, and image processing. It keeps responses fast and allows retries and scheduling. It resizes uploaded images with a Celery worker after the upload completes."
Backend,List the strengths of session authentication.,Session authentication allows easy revocation because the server controls session data. It is a method where the server stores login state and gives the client a session ID. It needs server storage and shared stores when scaling across multiple instances.
Backend,What is related to gRPC?,"gRPC is an alternative to REST and GraphQL for service-to-service calls. It is a high-performance remote procedure call framework using HTTP/2 and Protocol Buffers. It offers compact binary messages, streaming, and generated client code. It lets a payment service call an inventory service through a generated stub."
Backend,What makes circuit breaker valuable?,"Circuit breaker protects resources and lets failing services recover. It needs tuned thresholds, and wrong settings may block healthy calls. It trips after five consecutive timeouts and returns a fallback response. It is implemented by libraries like Resilience4j and Polly."
Backend,Walk me through a simple example of load balancer.,"Load balancer sends requests across four application servers using round robin. It improves availability and performance, and enables rolling deployments. It can itself become a bottleneck or failure point without redundancy. It is available as hardware or software such as Nginx, HAProxy, and cloud load balancers."
Backend,What are the drawbacks of message queue?,"Message queue adds operational complexity and requires handling duplicates and ordering. It is a system that stores messages sent by producers until consumers process them. It queues email jobs so the web request returns immediately. It is implemented by RabbitMQ, SQS, and Kafka."
Backend,Why is background job considered important?,"Background job keeps responses fast and allows retries and scheduling. It is used for emails, report generation, and image processing. It needs monitoring, and failed or duplicate jobs must be handled. It resizes uploaded images with a Celery worker after the upload completes."
Backend,What is related to webhook?,"Webhook is the push counterpart of polling an API. It is an HTTP callback where a service sends event data to your URL. It needs signature verification, retries, and idempotent handling. It lets Stripe notify your server when a payment succeeds."
Backend,Can you illustrate reverse proxy with an example?,"Reverse proxy lets Nginx accept HTTPS traffic and pass it to a local application. It is used for TLS termination, caching, compression, and routing. It hides internal servers and centralizes security and performance features. It differs from a forward proxy, which represents clients instead of servers."
Backend,What should you watch out for when using cron job?,"Cron job is hard to monitor and can overlap or silently fail. It is a scheduled task that runs automatically at specified times on Unix-like systems. It is used for backups, cleanups, and periodic reports. It runs a backup script every night at two in the morning."
Backend,What should I learn alongside Apache Kafka?,"Apache Kafka differs from RabbitMQ, which is a traditional broker focused on routing. It is used for real-time data pipelines, event sourcing, and log aggregation. It handles massive throughput and lets many consumers replay events independently. It streams click events from a website to analytics systems."
Backend,What is GraphQL used for?,"GraphQL is used for apps with complex, nested data and varied client requirements. It avoids over-fetching and under-fetching and gives a strongly typed schema. It complicates caching and rate limiting, and can expose expensive queries without depth limits. It is an alternative to REST, and Apollo is a popular implementation."
Backend,What are common pitfalls with monolith?,"Monolith becomes harder to scale and change as the codebase grows. It is used for early-stage products and small teams that need to move quickly. It is simple to develop, test, deploy, and debug locally. It runs web, billing, and admin code in one deployable application."
Backend,How is REST API used in practice?,REST API uses GET /users/5 to read a user and DELETE /users/5 to remove one. It is an architectural style where resources are exposed through URLs and standard HTTP methods. It is used to let web and mobile clients communicate with servers over HTTP.
Backend,How would you explain ORM to a beginner?,"ORM is a library that maps database tables to objects in a programming language. It is used to read and write data without writing raw SQL for everything. It speeds development, improves portability, and helps prevent SQL injection. It can generate inefficient queries and hides what the database is doing."
Backend,Why do developers use rate limiting?,"Rate limiting is used to protect APIs from abuse, scraping, and overload. It is a control that caps how many requests a client can make in a time window. It can block legitimate bursts if limits are too strict. It uses algorithms like token bucket, leaky bucket, and sliding window."
Backend,How does pagination differ from related concepts?,"Pagination comes as offset-based or cursor-based styles. It is used for lists, feeds, and search results. It can show duplicates or gaps when data changes, and deep offsets get slow. It returns twenty items per request with a next cursor token."
Backend,What are the benefits of using pagination?,"Pagination reduces response size, memory use, and load times. It is the practice of returning large result sets in smaller pages. It can show duplicates or gaps when data changes, and deep offsets get slow. It returns twenty items per request with a next cursor token."
Backend,What problems can dependency injection cause?,Dependency injection adds indirection and configuration that can confuse newcomers. It is a design pattern where objects receive their dependencies instead of creating them. It is used to decouple components and make code testable. It passes a database repository into a service through its constructor.
Backend,What are the limitations of pagination?,"Pagination can show duplicates or gaps when data changes, and deep offsets get slow. It is the practice of returning large result sets in smaller pages. It returns twenty items per request with a next cursor token. It comes as offset-based or cursor-based styles."
Backend,What are the benefits of using database replication?,Database replication keeps the service running if the primary fails and scales reads. It is the process of copying data from a primary database to one or more replicas. It sends all writes to a primary and dashboard reads to a replica.
Backend,Can you illustrate OAuth 2.0 with an example?,OAuth 2.0 lets a calendar app read your Google contacts after you approve access. It is used for sign in with Google and granting limited API access. It limits access through scopes and avoids sharing user credentials with third parties.
Backend,Explain ACID transaction.,"ACID transaction is a database transaction that guarantees atomicity, consistency, isolation, and durability. It keeps data correct even during failures or concurrent access. It transfers money by debiting one account and crediting another, or neither. It contrasts with BASE systems that favor availability and eventual consistency."
Backend,What is the basic idea behind pagination?,"Pagination is the practice of returning large result sets in smaller pages. It is used for lists, feeds, and search results. It can show duplicates or gaps when data changes, and deep offsets get slow. It returns twenty items per request with a next cursor token."
Backend,How is idempotency typically used in real projects?,"Idempotency is used in APIs for safe retries, especially for payments. It is the property that repeating an operation produces the same result as doing it once. It prevents duplicate charges or records when requests are retried. It requires storing keys or state and careful design for each endpoint."
Backend,What are the disadvantages of API versioning?,"API versioning multiplies maintenance work when many versions must be supported. It is used to ship breaking changes without disrupting existing clients. It gives clients time to migrate and keeps integrations stable. It exposes /v1/users and /v2/users side by side. It can use URL paths, headers, or query parameters."
Backend,What is Redis used for?,"Redis is used for caching, sessions, leaderboards, and rate limiting. It is an in-memory data store supporting strings, hashes, lists, sets, and more. It stores session data with a 30 minute expiry. It is similar to Memcached but offers richer data structures."
Backend,What are the downsides of database replication?,"Database replication can show replication lag, so replicas may return slightly outdated data. It is the process of copying data from a primary database to one or more replicas. It keeps the service running if the primary fails and scales reads."
Backend,Can you give a short overview of API gateway?,"API gateway is a single entry point that routes, authenticates, and manages API requests to services. It can become a bottleneck and single point of failure if poorly designed. It is offered by tools like Kong, AWS API Gateway, and Apigee."
Backend,Can you give a short overview of API versioning?,API versioning is the practice of managing changes to an API through distinct versions. It gives clients time to migrate and keeps integrations stable. It multiplies maintenance work when many versions must be supported. It exposes /v1/users and /v2/users side by side.
Backend,What problem does stored procedure solve?,"Stored procedure is used to encapsulate business logic and repeated database operations. It is a precompiled set of SQL statements stored and executed inside the database. It is harder to version, test, and port between database vendors. It is an alternative to ORM-based logic in application code."
Backend,What is the main purpose of dependency injection?,"Dependency injection is used to decouple components and make code testable. It adds indirection and configuration that can confuse newcomers. It passes a database repository into a service through its constructor. It is supported by Spring, NestJS, and FastAPI's Depends."
Backend,When should you avoid idempotency?,Idempotency requires storing keys or state and careful design for each endpoint. It is the property that repeating an operation produces the same result as doing it once. It makes sending the same payment request with one idempotency key charge once.
Backend,Describe a scenario where database normalization is applied.,"Database normalization moves customer addresses into a separate table instead of repeating them per order. It is the process of organizing tables to reduce redundancy and dependency problems. It is used when designing relational schemas to keep data consistent. It increases the number of joins, which can slow read-heavy queries."
Backend,What is related to Docker container?,"Docker container is orchestrated at scale by Kubernetes. It is a lightweight, isolated package containing an application and its dependencies. It is used to run software consistently across development and production. It packages a Flask app and Python runtime into one image."
Backend,Why is Apache Kafka considered important?,"Apache Kafka handles massive throughput and lets many consumers replay events independently. It is a distributed event streaming platform that stores ordered logs of records. It is used for real-time data pipelines, event sourcing, and log aggregation. It streams click events from a website to analytics systems."
Backend,What is the basic idea behind message queue?,"Message queue is a system that stores messages sent by producers until consumers process them. It smooths traffic spikes and lets services fail without losing tasks. It adds operational complexity and requires handling duplicates and ordering. It is implemented by RabbitMQ, SQS, and Kafka."
Backend,What makes Apache Kafka valuable?,"Apache Kafka handles massive throughput and lets many consumers replay events independently. It is operationally heavy and overkill for simple task queues. It streams click events from a website to analytics systems. It differs from RabbitMQ, which is a traditional broker focused on routing."
Backend,What are the downsides of REST API?,"REST API can cause over-fetching or multiple round trips when clients need related data. It is an architectural style where resources are exposed through URLs and standard HTTP methods. It is simple, stateless, cacheable, and works with any client that speaks HTTP."
Backend,How is database migration typically used in real projects?,"Database migration is used to evolve tables and columns across environments safely. It is a versioned script that changes a database schema in a controlled way. It can lock tables or lose data if applied carelessly on large production systems. It is managed by tools like Flyway, Liquibase, and Alembic."
Backend,What are the downsides of eventual consistency?,"Eventual consistency may show stale reads and requires conflict handling. It is used in highly available distributed databases like DynamoDB and Cassandra. It lets a social media like count appear different for a moment on two servers. It contrasts with strong consistency, which makes all reads return the latest write."
Backend,What are the limitations of Redis?,"Redis is limited by available memory, and persistence settings can risk data loss. It is used for caching, sessions, leaderboards, and rate limiting. It delivers very low latency and offers expiry and atomic operations. It is similar to Memcached but offers richer data structures."
Backend,What is database sharding?,"Database sharding is the practice of splitting a large database into smaller pieces across servers. It is used when a single server can no longer handle data size or traffic. It scales storage and write throughput horizontally. It differs from replication, which copies the same data to multiple servers."
Backend,What makes ORM valuable?,"ORM speeds development, improves portability, and helps prevent SQL injection. It is a library that maps database tables to objects in a programming language. It can generate inefficient queries and hides what the database is doing. It is an alternative to raw SQL and query builders."
Backend,Why is pagination considered important?,"Pagination reduces response size, memory use, and load times. It is the practice of returning large result sets in smaller pages. It can show duplicates or gaps when data changes, and deep offsets get slow. It comes as offset-based or cursor-based styles."
Backend,Walk me through a simple example of CAP theorem.,"CAP theorem explains why a bank database may reject requests rather than risk inconsistency. It is a principle stating a distributed system cannot guarantee consistency, availability, and partition tolerance simultaneously. It is used to reason about trade-offs when designing distributed databases."
Backend,Why do developers use SQL join?,"SQL join is used to query data spread across normalized tables. It lets relational data stay organized without duplicating information. It joins orders with customers using customer_id to show buyer names. It comes in inner, left, right, and full types, which differ in handling unmatched rows."
Backend,What are the limitations of stored procedure?,"Stored procedure is harder to version, test, and port between database vendors. It is a precompiled set of SQL statements stored and executed inside the database. It is used to encapsulate business logic and repeated database operations. It is an alternative to ORM-based logic in application code."
Backend,What is eventual consistency used for?,"Eventual consistency is used in highly available distributed databases like DynamoDB and Cassandra. It is a model where replicas become consistent over time if no new updates occur. It may show stale reads and requires conflict handling. It contrasts with strong consistency, which makes all reads return the latest write."
Backend,Explain database normalization.,"Database normalization is the process of organizing tables to reduce redundancy and dependency problems. It is used when designing relational schemas to keep data consistent. It prevents update anomalies and saves storage by storing each fact once. It is balanced against denormalization, which duplicates data for faster reads."
Backend,What is an alternative to idempotency?,Idempotency is built into PUT and DELETE semantics but not POST by default. It is the property that repeating an operation produces the same result as doing it once. It makes sending the same payment request with one idempotency key charge once.
Backend,Why is eventual consistency considered important?,Eventual consistency enables high availability and low latency across regions. It is a model where replicas become consistent over time if no new updates occur. It is used in highly available distributed databases like DynamoDB and Cassandra. It may show stale reads and requires conflict handling.
Backend,Explain load balancer.,"Load balancer is a component that distributes incoming traffic across multiple servers. It can itself become a bottleneck or failure point without redundancy. It sends requests across four application servers using round robin. It is available as hardware or software such as Nginx, HAProxy, and cloud load balancers."
Backend,What is caching?,Caching is the practice of storing frequently used data in fast storage for quick reuse. It is used to cut database load and speed up repeated requests. It lowers latency and cost and helps systems handle traffic spikes. It risks serving stale data and makes invalidation notoriously hard.
Backend,What is the basic idea behind load balancer?,"Load balancer is a component that distributes incoming traffic across multiple servers. It improves availability and performance, and enables rolling deployments. It can itself become a bottleneck or failure point without redundancy. It sends requests across four application servers using round robin."
Backend,When should you use ACID transaction?,"ACID transaction is used for operations like payments where partial updates are unacceptable. It is a database transaction that guarantees atomicity, consistency, isolation, and durability. It transfers money by debiting one account and crediting another, or neither. It contrasts with BASE systems that favor availability and eventual consistency."
Backend,Define API gateway in simple words.,"API gateway is a single entry point that routes, authenticates, and manages API requests to services. It simplifies clients and enforces security, throttling, and monitoring in one place. It receives mobile app calls and routes them to user, order, and payment services."
Backend,When should you use API gateway?,"API gateway is used in microservice systems to centralize cross-cutting concerns. It is a single entry point that routes, authenticates, and manages API requests to services. It receives mobile app calls and routes them to user, order, and payment services."
Backend,Give an example of webhook.,"Webhook lets Stripe notify your server when a payment succeeds. It is an HTTP callback where a service sends event data to your URL. It is used to receive notifications such as payment completion. It needs signature verification, retries, and idempotent handling."
Backend,What are the alternatives or companions of JWT?,"JWT is an alternative to server-side sessions and is often used with OAuth 2.0. It is a compact signed token carrying claims, made of header, payload, and signature. It is hard to revoke before expiry, and storing it unsafely exposes accounts."
Backend,How is database index used in practice?,"Database index makes finding a user by email fast after indexing the email column. It is a data structure, often a B-tree, that speeds up row lookups on chosen columns. It is analyzed with EXPLAIN plans, and composite indexes cover multiple columns."
Backend,Show a real-world example of gRPC.,"gRPC lets a payment service call an inventory service through a generated stub. It is a high-performance remote procedure call framework using HTTP/2 and Protocol Buffers. It offers compact binary messages, streaming, and generated client code. It is harder to use directly from browsers and to inspect than JSON APIs."
Backend,How does WebSocket help developers?,"WebSocket delivers messages instantly without repeated polling overhead. It is a protocol that keeps a persistent two-way connection between client and server. It is used for chat, live notifications, multiplayer games, and trading dashboards. It pushes new chat messages to every connected user immediately."
Backend,Walk me through a simple example of WebSocket.,"WebSocket pushes new chat messages to every connected user immediately. It is a protocol that keeps a persistent two-way connection between client and server. It is used for chat, live notifications, multiplayer games, and trading dashboards. It delivers messages instantly without repeated polling overhead."
Backend,List the strengths of reverse proxy.,"Reverse proxy hides internal servers and centralizes security and performance features. It is used for TLS termination, caching, compression, and routing. It adds a network hop and another component to configure and monitor. It differs from a forward proxy, which represents clients instead of servers."
Backend,What are the downsides of connection pooling?,"Connection pooling needs careful sizing, because too many or too few connections hurt performance. It is a technique that keeps a set of reusable database connections open. It is used so applications avoid opening a new connection for every request."
Backend,List the strengths of database migration.,"Database migration makes schema changes repeatable, reviewable, and reversible. It is a versioned script that changes a database schema in a controlled way. It can lock tables or lose data if applied carelessly on large production systems. It is managed by tools like Flyway, Liquibase, and Alembic."
Backend,What are the advantages of Nginx?,Nginx handles many concurrent connections efficiently using little memory. It is used to serve static files and route traffic to application servers. It has a configuration syntax that is easy to misconfigure. It terminates HTTPS and proxies requests to a Node.js application. It competes with Apache and Caddy.
Backend,What other concepts are connected to database sharding?,"Database sharding differs from replication, which copies the same data to multiple servers. It is the practice of splitting a large database into smaller pieces across servers. It is used when a single server can no longer handle data size or traffic."
Backend,What does background job mean?,"Background job is a task run outside the request-response cycle by a worker process. It is used for emails, report generation, and image processing. It needs monitoring, and failed or duplicate jobs must be handled. It resizes uploaded images with a Celery worker after the upload completes."
Backend,What are the drawbacks of connection pooling?,"Connection pooling needs careful sizing, because too many or too few connections hurt performance. It is a technique that keeps a set of reusable database connections open. It lets a web server reuse ten open connections to handle thousands of requests."
Backend,What is the basic idea behind N+1 query problem?,"N+1 query problem is a performance issue where one query triggers many extra queries for related records. It is detected when ORMs load a list and then access related objects in a loop. It becomes cheap to fix with eager loading, giving large speedups."
Backend,Explain eventual consistency.,"Eventual consistency is a model where replicas become consistent over time if no new updates occur. It is used in highly available distributed databases like DynamoDB and Cassandra. It may show stale reads and requires conflict handling. It contrasts with strong consistency, which makes all reads return the latest write."
Backend,What are the drawbacks of Apache Kafka?,"Apache Kafka is operationally heavy and overkill for simple task queues. It handles massive throughput and lets many consumers replay events independently. It streams click events from a website to analytics systems. It differs from RabbitMQ, which is a traditional broker focused on routing."
Backend,Explain gRPC.,"gRPC is a high-performance remote procedure call framework using HTTP/2 and Protocol Buffers. It offers compact binary messages, streaming, and generated client code. It is harder to use directly from browsers and to inspect than JSON APIs. It lets a payment service call an inventory service through a generated stub."
Backend,Can you give a short overview of SQL join?,"SQL join is an operation that combines rows from two tables based on a related column. It lets relational data stay organized without duplicating information. It can become slow on large tables without proper indexes. It comes in inner, left, right, and full types, which differ in handling unmatched rows."
Backend,Is there a substitute for Docker container?,"Docker container is orchestrated at scale by Kubernetes. It is used to run software consistently across development and production. It shares the host kernel, so isolation is weaker than a full virtual machine. It packages a Flask app and Python runtime into one image."
Backend,What problem does circuit breaker solve?,Circuit breaker is used in distributed systems to prevent cascading failures. It is a pattern that stops calling a failing service after repeated errors. It protects resources and lets failing services recover. It is implemented by libraries like Resilience4j and Polly.
Backend,How does GraphQL compare with similar approaches?,"GraphQL is an alternative to REST, and Apollo is a popular implementation. It is used for apps with complex, nested data and varied client requirements. It lets a mobile app request only a user's name and avatar in one call."
Backend,Give an example of CORS.,CORS lets an app on app.example.com call api.example.com through Access-Control-Allow-Origin. It is a browser security mechanism controlling which origins can request a server's resources. It protects users by blocking unauthorized cross-origin reads by default. It is enforced by browsers and not by tools like curl.
Backend,Explain connection pooling.,"Connection pooling is a technique that keeps a set of reusable database connections open. It needs careful sizing, because too many or too few connections hurt performance. It lets a web server reuse ten open connections to handle thousands of requests."
Backend,How is middleware used in practice?,"Middleware checks a token and rejects unauthenticated requests before reaching the route. It is a function that runs between an incoming request and the final route handler. It keeps cross-cutting logic reusable and separate from business code. It is a core concept in Express, Django, and FastAPI."
Backend,What is the main purpose of stored procedure?,"Stored procedure is used to encapsulate business logic and repeated database operations. It is a precompiled set of SQL statements stored and executed inside the database. It reduces network round trips and can improve performance and security. It is harder to version, test, and port between database vendors."
Backend,What are the advantages of Apache Kafka?,"Apache Kafka handles massive throughput and lets many consumers replay events independently. It is a distributed event streaming platform that stores ordered logs of records. It is used for real-time data pipelines, event sourcing, and log aggregation. It is operationally heavy and overkill for simple task queues."
Backend,What is stored procedure used for?,Stored procedure is used to encapsulate business logic and repeated database operations. It is a precompiled set of SQL statements stored and executed inside the database. It reduces network round trips and can improve performance and security. It runs a calculate_invoice procedure with one call from the application.
Backend,Why is circuit breaker considered important?,"Circuit breaker protects resources and lets failing services recover. It is a pattern that stops calling a failing service after repeated errors. It is used in distributed systems to prevent cascading failures. It needs tuned thresholds, and wrong settings may block healthy calls."
Backend,What do you gain by using database normalization?,Database normalization prevents update anomalies and saves storage by storing each fact once. It is the process of organizing tables to reduce redundancy and dependency problems. It moves customer addresses into a separate table instead of repeating them per order.
Backend,How does CORS compare with similar approaches?,"CORS is enforced by browsers and not by tools like curl. It is used to allow trusted frontends on other domains to call an API. It causes confusing errors when headers are misconfigured, and wildcard origins are risky. It lets an app on app.example.com call api.example.com through Access-Control-Allow-Origin."
Backend,How is dependency injection used in practice?,Dependency injection passes a database repository into a service through its constructor. It is a design pattern where objects receive their dependencies instead of creating them. It is used to decouple components and make code testable. It lets tests substitute mocks and simplifies swapping implementations.
Backend,How does message queue compare with similar approaches?,"Message queue is implemented by RabbitMQ, SQS, and Kafka. It is a system that stores messages sent by producers until consumers process them. It smooths traffic spikes and lets services fail without losing tasks. It adds operational complexity and requires handling duplicates and ordering."
Backend,List the strengths of stored procedure.,"Stored procedure reduces network round trips and can improve performance and security. It is used to encapsulate business logic and repeated database operations. It is harder to version, test, and port between database vendors. It runs a calculate_invoice procedure with one call from the application."
Backend,Describe dependency injection briefly.,Dependency injection is a design pattern where objects receive their dependencies instead of creating them. It is used to decouple components and make code testable. It adds indirection and configuration that can confuse newcomers. It passes a database repository into a service through its constructor.
Backend,Can you illustrate Redis with an example?,"Redis stores session data with a 30 minute expiry. It is an in-memory data store supporting strings, hashes, lists, sets, and more. It is limited by available memory, and persistence settings can risk data loss. It is similar to Memcached but offers richer data structures."
Backend,Explain CAP theorem.,"CAP theorem is a principle stating a distributed system cannot guarantee consistency, availability, and partition tolerance simultaneously. It is often oversimplified, since real systems offer nuanced trade-offs. It explains why a bank database may reject requests rather than risk inconsistency."
Backend,In which situations is ORM a good choice?,ORM is used to read and write data without writing raw SQL for everything. It can generate inefficient queries and hides what the database is doing. It lets Django models or SQLAlchemy classes represent a users table. It is an alternative to raw SQL and query builders.
Backend,What should you watch out for when using API gateway?,"API gateway can become a bottleneck and single point of failure if poorly designed. It simplifies clients and enforces security, throttling, and monitoring in one place. It receives mobile app calls and routes them to user, order, and payment services."
Backend,List the strengths of rate limiting.,"Rate limiting keeps service available and fair for all users and reduces costs. It is used to protect APIs from abuse, scraping, and overload. It can block legitimate bursts if limits are too strict. It returns HTTP 429 after a user exceeds one hundred requests per minute."
Backend,What is the basic idea behind database replication?,"Database replication is the process of copying data from a primary database to one or more replicas. It is used for high availability, backups, and distributing read traffic. It can show replication lag, so replicas may return slightly outdated data."
Backend,List the strengths of database sharding.,"Database sharding scales storage and write throughput horizontally. It is the practice of splitting a large database into smaller pieces across servers. It is used when a single server can no longer handle data size or traffic. It complicates queries, joins, transactions, and rebalancing when shards grow unevenly."
Backend,What problems can webhook cause?,"Webhook needs signature verification, retries, and idempotent handling. It is an HTTP callback where a service sends event data to your URL. It is used to receive notifications such as payment completion. It avoids polling and delivers events in near real time."
Backend,What are the limitations of webhook?,"Webhook needs signature verification, retries, and idempotent handling. It is an HTTP callback where a service sends event data to your URL. It avoids polling and delivers events in near real time. It is the push counterpart of polling an API."
Backend,What are the alternatives or companions of GraphQL?,"GraphQL is an alternative to REST, and Apollo is a popular implementation. It is a query language where clients request exactly the fields they need from one endpoint. It complicates caching and rate limiting, and can expose expensive queries without depth limits."
Backend,How would you explain session authentication to a beginner?,Session authentication is a method where the server stores login state and gives the client a session ID. It is used in traditional web apps that keep users logged in through cookies. It needs server storage and shared stores when scaling across multiple instances.
Backend,Describe a scenario where database replication is applied.,Database replication sends all writes to a primary and dashboard reads to a replica. It is the process of copying data from a primary database to one or more replicas. It keeps the service running if the primary fails and scales reads.
Backend,How does stored procedure compare with similar approaches?,"Stored procedure is an alternative to ORM-based logic in application code. It is a precompiled set of SQL statements stored and executed inside the database. It is harder to version, test, and port between database vendors. It runs a calculate_invoice procedure with one call from the application."
Backend,What are common pitfalls with database replication?,"Database replication can show replication lag, so replicas may return slightly outdated data. It is the process of copying data from a primary database to one or more replicas. It sends all writes to a primary and dashboard reads to a replica."
Backend,Can you give a short overview of rate limiting?,"Rate limiting is a control that caps how many requests a client can make in a time window. It returns HTTP 429 after a user exceeds one hundred requests per minute. It uses algorithms like token bucket, leaky bucket, and sliding window."
Backend,What problems can idempotency cause?,Idempotency requires storing keys or state and careful design for each endpoint. It prevents duplicate charges or records when requests are retried. It makes sending the same payment request with one idempotency key charge once. It is built into PUT and DELETE semantics but not POST by default.
Backend,What is a practical example of Docker container?,"Docker container packages a Flask app and Python runtime into one image. It is a lightweight, isolated package containing an application and its dependencies. It removes works-on-my-machine problems and starts much faster than virtual machines. It is orchestrated at scale by Kubernetes."
Backend,Why is message queue considered important?,"Message queue smooths traffic spikes and lets services fail without losing tasks. It is used to decouple services and handle work asynchronously. It queues email jobs so the web request returns immediately. It is implemented by RabbitMQ, SQS, and Kafka."
Backend,When should you avoid message queue?,"Message queue adds operational complexity and requires handling duplicates and ordering. It is used to decouple services and handle work asynchronously. It smooths traffic spikes and lets services fail without losing tasks. It is implemented by RabbitMQ, SQS, and Kafka."
Backend,What is CAP theorem used for?,"CAP theorem is used to reason about trade-offs when designing distributed databases. It clarifies why systems must choose behavior during network partitions. It is often oversimplified, since real systems offer nuanced trade-offs. It explains why a bank database may reject requests rather than risk inconsistency."
Backend,How is eventual consistency used in practice?,"Eventual consistency lets a social media like count appear different for a moment on two servers. It enables high availability and low latency across regions. It may show stale reads and requires conflict handling. It contrasts with strong consistency, which makes all reads return the latest write."
Backend,What problem does background job solve?,"Background job is used for emails, report generation, and image processing. It is a task run outside the request-response cycle by a worker process. It needs monitoring, and failed or duplicate jobs must be handled. It resizes uploaded images with a Celery worker after the upload completes."
Backend,What is the main purpose of CORS?,CORS is used to allow trusted frontends on other domains to call an API. It protects users by blocking unauthorized cross-origin reads by default. It lets an app on app.example.com call api.example.com through Access-Control-Allow-Origin. It is enforced by browsers and not by tools like curl.
Backend,What other concepts are connected to API versioning?,"API versioning can use URL paths, headers, or query parameters. It is the practice of managing changes to an API through distinct versions. It gives clients time to migrate and keeps integrations stable. It multiplies maintenance work when many versions must be supported."
Backend,How does dependency injection compare with similar approaches?,"Dependency injection is supported by Spring, NestJS, and FastAPI's Depends. It is a design pattern where objects receive their dependencies instead of creating them. It is used to decouple components and make code testable. It adds indirection and configuration that can confuse newcomers."
Backend,How does Nginx help developers?,Nginx handles many concurrent connections efficiently using little memory. It is a high-performance web server that also works as a reverse proxy and load balancer. It is used to serve static files and route traffic to application servers. It has a configuration syntax that is easy to misconfigure.
Backend,How would you explain background job to a beginner?,"Background job is a task run outside the request-response cycle by a worker process. It is used for emails, report generation, and image processing. It needs monitoring, and failed or duplicate jobs must be handled. It is built with Celery, Sidekiq, or BullMQ on top of queues."
Backend,Can you illustrate dependency injection with an example?,"Dependency injection passes a database repository into a service through its constructor. It is used to decouple components and make code testable. It lets tests substitute mocks and simplifies swapping implementations. It is supported by Spring, NestJS, and FastAPI's Depends."
Backend,What are the downsides of ORM?,ORM can generate inefficient queries and hides what the database is doing. It is a library that maps database tables to objects in a programming language. It is used to read and write data without writing raw SQL for everything.
Backend,When should you avoid Nginx?,Nginx has a configuration syntax that is easy to misconfigure. It is a high-performance web server that also works as a reverse proxy and load balancer. It is used to serve static files and route traffic to application servers. It competes with Apache and Caddy.
Backend,What are the disadvantages of dependency injection?,Dependency injection adds indirection and configuration that can confuse newcomers. It is a design pattern where objects receive their dependencies instead of creating them. It is used to decouple components and make code testable. It lets tests substitute mocks and simplifies swapping implementations.
Backend,What should I learn alongside session authentication?,"Session authentication contrasts with token-based approaches like JWT, which are stateless. It is used in traditional web apps that keep users logged in through cookies. It allows easy revocation because the server controls session data. It needs server storage and shared stores when scaling across multiple instances."
Backend,When should you avoid background job?,"Background job needs monitoring, and failed or duplicate jobs must be handled. It keeps responses fast and allows retries and scheduling. It resizes uploaded images with a Celery worker after the upload completes. It is built with Celery, Sidekiq, or BullMQ on top of queues."
Backend,What should you watch out for when using webhook?,"Webhook needs signature verification, retries, and idempotent handling. It is an HTTP callback where a service sends event data to your URL. It is used to receive notifications such as payment completion. It lets Stripe notify your server when a payment succeeds."
Backend,What are the drawbacks of Nginx?,Nginx has a configuration syntax that is easy to misconfigure. It is a high-performance web server that also works as a reverse proxy and load balancer. It is used to serve static files and route traffic to application servers. It terminates HTTPS and proxies requests to a Node.js application.
Backend,When should you avoid Apache Kafka?,"Apache Kafka is operationally heavy and overkill for simple task queues. It is a distributed event streaming platform that stores ordered logs of records. It handles massive throughput and lets many consumers replay events independently. It differs from RabbitMQ, which is a traditional broker focused on routing."
Backend,Where have you seen middleware in action?,"Middleware checks a token and rejects unauthenticated requests before reaching the route. It is used for logging, authentication, validation, compression, and error handling. It keeps cross-cutting logic reusable and separate from business code. It is a core concept in Express, Django, and FastAPI."
Backend,Show a real-world example of connection pooling.,"Connection pooling lets a web server reuse ten open connections to handle thousands of requests. It cuts connection overhead and prevents exhausting database connection limits. It needs careful sizing, because too many or too few connections hurt performance. It is provided by tools like PgBouncer and libraries such as HikariCP."
Backend,Describe Apache Kafka briefly.,"Apache Kafka is a distributed event streaming platform that stores ordered logs of records. It is operationally heavy and overkill for simple task queues. It streams click events from a website to analytics systems. It differs from RabbitMQ, which is a traditional broker focused on routing."
Backend,What does load balancer mean?,"Load balancer is a component that distributes incoming traffic across multiple servers. It is used to scale applications and avoid a single point of failure. It sends requests across four application servers using round robin. It is available as hardware or software such as Nginx, HAProxy, and cloud load balancers."
Backend,Walk me through a simple example of reverse proxy.,Reverse proxy lets Nginx accept HTTPS traffic and pass it to a local application. It is a server that sits in front of backend servers and forwards client requests. It adds a network hop and another component to configure and monitor.
Backend,What should I learn alongside pagination?,"Pagination comes as offset-based or cursor-based styles. It is the practice of returning large result sets in smaller pages. It can show duplicates or gaps when data changes, and deep offsets get slow. It returns twenty items per request with a next cursor token."
Backend,How does Docker container differ from related concepts?,"Docker container is orchestrated at scale by Kubernetes. It is used to run software consistently across development and production. It removes works-on-my-machine problems and starts much faster than virtual machines. It shares the host kernel, so isolation is weaker than a full virtual machine."
Backend,What is an alternative to REST API?,REST API is often compared with GraphQL and gRPC for service communication. It is used to let web and mobile clients communicate with servers over HTTP. It uses GET /users/5 to read a user and DELETE /users/5 to remove one.
Backend,When should you use API versioning?,"API versioning is used to ship breaking changes without disrupting existing clients. It is the practice of managing changes to an API through distinct versions. It gives clients time to migrate and keeps integrations stable. It can use URL paths, headers, or query parameters."
Backend,When should you avoid reverse proxy?,"Reverse proxy adds a network hop and another component to configure and monitor. It hides internal servers and centralizes security and performance features. It lets Nginx accept HTTPS traffic and pass it to a local application. It differs from a forward proxy, which represents clients instead of servers."
Backend,What does API gateway mean?,"API gateway is a single entry point that routes, authenticates, and manages API requests to services. It simplifies clients and enforces security, throttling, and monitoring in one place. It can become a bottleneck and single point of failure if poorly designed."
Backend,Give an example of ACID transaction.,"ACID transaction transfers money by debiting one account and crediting another, or neither. It keeps data correct even during failures or concurrent access. It adds locking and coordination overhead that limits scalability. It contrasts with BASE systems that favor availability and eventual consistency."
Backend,What are the benefits of using Redis?,"Redis delivers very low latency and offers expiry and atomic operations. It is used for caching, sessions, leaderboards, and rate limiting. It is limited by available memory, and persistence settings can risk data loss. It is similar to Memcached but offers richer data structures."
Backend,What are the disadvantages of session authentication?,"Session authentication needs server storage and shared stores when scaling across multiple instances. It is a method where the server stores login state and gives the client a session ID. It allows easy revocation because the server controls session data. It contrasts with token-based approaches like JWT, which are stateless."
Backend,Define gRPC in simple words.,"gRPC is a high-performance remote procedure call framework using HTTP/2 and Protocol Buffers. It is used for fast communication between internal microservices. It offers compact binary messages, streaming, and generated client code. It lets a payment service call an inventory service through a generated stub."
Backend,What are the limitations of API gateway?,"API gateway can become a bottleneck and single point of failure if poorly designed. It is used in microservice systems to centralize cross-cutting concerns. It simplifies clients and enforces security, throttling, and monitoring in one place. It receives mobile app calls and routes them to user, order, and payment services."
Backend,Why is middleware considered important?,"Middleware keeps cross-cutting logic reusable and separate from business code. It is used for logging, authentication, validation, compression, and error handling. It can slow requests if too many layers run, and ordering mistakes cause subtle bugs. It is a core concept in Express, Django, and FastAPI."
Backend,What is the basic idea behind Redis?,"Redis is an in-memory data store supporting strings, hashes, lists, sets, and more. It is used for caching, sessions, leaderboards, and rate limiting. It delivers very low latency and offers expiry and atomic operations. It is similar to Memcached but offers richer data structures."
Backend,How does background job differ from related concepts?,"Background job is built with Celery, Sidekiq, or BullMQ on top of queues. It is used for emails, report generation, and image processing. It keeps responses fast and allows retries and scheduling. It resizes uploaded images with a Celery worker after the upload completes."
Backend,When should you use microservice?,"Microservice is used in large systems where teams need to scale and deploy separately. It allows independent scaling, technology choices, and fault isolation. It adds network complexity, distributed debugging, and data consistency challenges. It contrasts with the monolith, which keeps everything in one deployable unit."
Backend,What is related to middleware?,"Middleware is a core concept in Express, Django, and FastAPI. It is used for logging, authentication, validation, compression, and error handling. It can slow requests if too many layers run, and ordering mistakes cause subtle bugs. It checks a token and rejects unauthenticated requests before reaching the route."
Backend,What should you watch out for when using OAuth 2.0?,"OAuth 2.0 is complex to implement correctly, and misconfigured redirects create security holes. It is an authorization framework that lets apps access resources on a user's behalf without passwords. It is used for sign in with Google and granting limited API access."
Backend,What should you watch out for when using WebSocket?,"WebSocket holds connections open, which complicates scaling and load balancing. It is a protocol that keeps a persistent two-way connection between client and server. It is used for chat, live notifications, multiplayer games, and trading dashboards. It differs from HTTP polling and Server-Sent Events, which are one-directional."
Backend,What are the drawbacks of API versioning?,"API versioning multiplies maintenance work when many versions must be supported. It is the practice of managing changes to an API through distinct versions. It exposes /v1/users and /v2/users side by side. It can use URL paths, headers, or query parameters."
Backend,Walk me through a simple example of database normalization.,"Database normalization moves customer addresses into a separate table instead of repeating them per order. It is used when designing relational schemas to keep data consistent. It prevents update anomalies and saves storage by storing each fact once. It increases the number of joins, which can slow read-heavy queries."
Backend,What is a practical example of database normalization?,"Database normalization moves customer addresses into a separate table instead of repeating them per order. It is used when designing relational schemas to keep data consistent. It prevents update anomalies and saves storage by storing each fact once. It is balanced against denormalization, which duplicates data for faster reads."
Backend,How is message queue typically used in real projects?,"Message queue is used to decouple services and handle work asynchronously. It is a system that stores messages sent by producers until consumers process them. It queues email jobs so the web request returns immediately. It is implemented by RabbitMQ, SQS, and Kafka."
Backend,What should I learn alongside Nginx?,Nginx competes with Apache and Caddy. It is a high-performance web server that also works as a reverse proxy and load balancer. It is used to serve static files and route traffic to application servers. It has a configuration syntax that is easy to misconfigure.
Backend,What is load balancer?,"Load balancer is a component that distributes incoming traffic across multiple servers. It is used to scale applications and avoid a single point of failure. It is available as hardware or software such as Nginx, HAProxy, and cloud load balancers."
Backend,What should you watch out for when using N+1 query problem?,"N+1 query problem is hard to spot in development because small datasets hide the slowness. It is detected when ORMs load a list and then access related objects in a loop. It is solved with joins, eager loading, or batching."
Backend,Define OAuth 2.0 in simple words.,"OAuth 2.0 is an authorization framework that lets apps access resources on a user's behalf without passwords. It lets a calendar app read your Google contacts after you approve access. It is extended by OpenID Connect, which adds authentication identity."
Backend,Show a real-world example of dependency injection.,"Dependency injection passes a database repository into a service through its constructor. It is used to decouple components and make code testable. It adds indirection and configuration that can confuse newcomers. It is supported by Spring, NestJS, and FastAPI's Depends."
Backend,What is background job?,"Background job is a task run outside the request-response cycle by a worker process. It is used for emails, report generation, and image processing. It keeps responses fast and allows retries and scheduling. It is built with Celery, Sidekiq, or BullMQ on top of queues."
Backend,What are the limitations of REST API?,REST API can cause over-fetching or multiple round trips when clients need related data. It is an architectural style where resources are exposed through URLs and standard HTTP methods. It is often compared with GraphQL and gRPC for service communication.
Backend,What is reverse proxy?,"Reverse proxy is a server that sits in front of backend servers and forwards client requests. It is used for TLS termination, caching, compression, and routing. It hides internal servers and centralizes security and performance features. It differs from a forward proxy, which represents clients instead of servers."
Backend,What is the main purpose of webhook?,"Webhook is used to receive notifications such as payment completion. It is an HTTP callback where a service sends event data to your URL. It needs signature verification, retries, and idempotent handling. It lets Stripe notify your server when a payment succeeds."
Backend,When should you avoid API versioning?,"API versioning multiplies maintenance work when many versions must be supported. It is used to ship breaking changes without disrupting existing clients. It gives clients time to migrate and keeps integrations stable. It can use URL paths, headers, or query parameters."
Backend,What are the alternatives or companions of background job?,"Background job is built with Celery, Sidekiq, or BullMQ on top of queues. It is a task run outside the request-response cycle by a worker process. It needs monitoring, and failed or duplicate jobs must be handled. It resizes uploaded images with a Celery worker after the upload completes."
Backend,Why do developers use monolith?,"Monolith is used for early-stage products and small teams that need to move quickly. It is an application built and deployed as one single unit. It is simple to develop, test, deploy, and debug locally. It runs web, billing, and admin code in one deployable application."
Backend,What is an alternative to session authentication?,"Session authentication contrasts with token-based approaches like JWT, which are stateless. It is used in traditional web apps that keep users logged in through cookies. It sets a session cookie after login and looks up the user on each request."
Backend,Can you illustrate load balancer with an example?,"Load balancer sends requests across four application servers using round robin. It is a component that distributes incoming traffic across multiple servers. It is used to scale applications and avoid a single point of failure. It is available as hardware or software such as Nginx, HAProxy, and cloud load balancers."
Backend,What are the benefits of using webhook?,Webhook avoids polling and delivers events in near real time. It is an HTTP callback where a service sends event data to your URL. It is used to receive notifications such as payment completion. It is the push counterpart of polling an API.
Backend,What are the downsides of load balancer?,"Load balancer can itself become a bottleneck or failure point without redundancy. It is used to scale applications and avoid a single point of failure. It is available as hardware or software such as Nginx, HAProxy, and cloud load balancers."
Backend,What are the alternatives or companions of database replication?,"Database replication is different from sharding, which splits data rather than copying it. It is used for high availability, backups, and distributing read traffic. It keeps the service running if the primary fails and scales reads. It can show replication lag, so replicas may return slightly outdated data."
Backend,What does webhook mean?,"Webhook is an HTTP callback where a service sends event data to your URL. It is used to receive notifications such as payment completion. It needs signature verification, retries, and idempotent handling. It is the push counterpart of polling an API."
Backend,Where is connection pooling commonly applied?,"Connection pooling is used so applications avoid opening a new connection for every request. It cuts connection overhead and prevents exhausting database connection limits. It needs careful sizing, because too many or too few connections hurt performance. It is provided by tools like PgBouncer and libraries such as HikariCP."
Backend,What makes idempotency valuable?,"Idempotency prevents duplicate charges or records when requests are retried. It is used in APIs for safe retries, especially for payments. It requires storing keys or state and careful design for each endpoint. It makes sending the same payment request with one idempotency key charge once."
Backend,Can you give a short overview of ACID transaction?,"ACID transaction is a database transaction that guarantees atomicity, consistency, isolation, and durability. It keeps data correct even during failures or concurrent access. It adds locking and coordination overhead that limits scalability. It contrasts with BASE systems that favor availability and eventual consistency."
Backend,Explain session authentication.,Session authentication is a method where the server stores login state and gives the client a session ID. It allows easy revocation because the server controls session data. It needs server storage and shared stores when scaling across multiple instances.
Backend,What are the alternatives or companions of pagination?,"Pagination comes as offset-based or cursor-based styles. It is the practice of returning large result sets in smaller pages. It is used for lists, feeds, and search results. It can show duplicates or gaps when data changes, and deep offsets get slow."
Backend,What are common pitfalls with reverse proxy?,"Reverse proxy adds a network hop and another component to configure and monitor. It is a server that sits in front of backend servers and forwards client requests. It differs from a forward proxy, which represents clients instead of servers."
Backend,Can you give a short overview of Docker container?,"Docker container is a lightweight, isolated package containing an application and its dependencies. It is used to run software consistently across development and production. It shares the host kernel, so isolation is weaker than a full virtual machine. It is orchestrated at scale by Kubernetes."
Backend,How does reverse proxy help developers?,"Reverse proxy hides internal servers and centralizes security and performance features. It is a server that sits in front of backend servers and forwards client requests. It is used for TLS termination, caching, compression, and routing. It differs from a forward proxy, which represents clients instead of servers."
Backend,How is REST API typically used in real projects?,REST API is used to let web and mobile clients communicate with servers over HTTP. It is an architectural style where resources are exposed through URLs and standard HTTP methods. It is often compared with GraphQL and gRPC for service communication.
Backend,What are the drawbacks of middleware?,"Middleware can slow requests if too many layers run, and ordering mistakes cause subtle bugs. It is a function that runs between an incoming request and the final route handler. It checks a token and rejects unauthenticated requests before reaching the route."
Backend,Define WebSocket in simple words.,"WebSocket is a protocol that keeps a persistent two-way connection between client and server. It delivers messages instantly without repeated polling overhead. It pushes new chat messages to every connected user immediately. It differs from HTTP polling and Server-Sent Events, which are one-directional."
Backend,Where have you seen gRPC in action?,"gRPC lets a payment service call an inventory service through a generated stub. It is used for fast communication between internal microservices. It offers compact binary messages, streaming, and generated client code. It is harder to use directly from browsers and to inspect than JSON APIs."
Backend,What are the downsides of database sharding?,"Database sharding complicates queries, joins, transactions, and rebalancing when shards grow unevenly. It is the practice of splitting a large database into smaller pieces across servers. It is used when a single server can no longer handle data size or traffic. It scales storage and write throughput horizontally."
Backend,How does ORM differ from related concepts?,"ORM is an alternative to raw SQL and query builders. It speeds development, improves portability, and helps prevent SQL injection. It can generate inefficient queries and hides what the database is doing. It lets Django models or SQLAlchemy classes represent a users table."
Backend,Can you give a short overview of database index?,"Database index is a data structure, often a B-tree, that speeds up row lookups on chosen columns. It is used on columns frequently searched, joined, or sorted. It makes finding a user by email fast after indexing the email column."
Backend,What makes CORS valuable?,"CORS protects users by blocking unauthorized cross-origin reads by default. It is used to allow trusted frontends on other domains to call an API. It causes confusing errors when headers are misconfigured, and wildcard origins are risky. It lets an app on app.example.com call api.example.com through Access-Control-Allow-Origin."
Backend,What is a practical example of CAP theorem?,"CAP theorem explains why a bank database may reject requests rather than risk inconsistency. It is a principle stating a distributed system cannot guarantee consistency, availability, and partition tolerance simultaneously. It clarifies why systems must choose behavior during network partitions."
Backend,What are the limitations of N+1 query problem?,N+1 query problem is hard to spot in development because small datasets hide the slowness. It is a performance issue where one query triggers many extra queries for related records. It is detected when ORMs load a list and then access related objects in a loop.
Backend,How would you explain stored procedure to a beginner?,Stored procedure is a precompiled set of SQL statements stored and executed inside the database. It is used to encapsulate business logic and repeated database operations. It reduces network round trips and can improve performance and security. It runs a calculate_invoice procedure with one call from the application.
Backend,What should you watch out for when using circuit breaker?,"Circuit breaker needs tuned thresholds, and wrong settings may block healthy calls. It is a pattern that stops calling a failing service after repeated errors. It is used in distributed systems to prevent cascading failures. It is implemented by libraries like Resilience4j and Polly."
Backend,What are common pitfalls with Nginx?,Nginx has a configuration syntax that is easy to misconfigure. It is a high-performance web server that also works as a reverse proxy and load balancer. It is used to serve static files and route traffic to application servers. It handles many concurrent connections efficiently using little memory.
Backend,What does OAuth 2.0 mean?,"OAuth 2.0 is an authorization framework that lets apps access resources on a user's behalf without passwords. It is complex to implement correctly, and misconfigured redirects create security holes. It lets a calendar app read your Google contacts after you approve access."
Backend,How would you explain message queue to a beginner?,Message queue is a system that stores messages sent by producers until consumers process them. It smooths traffic spikes and lets services fail without losing tasks. It adds operational complexity and requires handling duplicates and ordering. It queues email jobs so the web request returns immediately.
Backend,How is circuit breaker used in practice?,Circuit breaker trips after five consecutive timeouts and returns a fallback response. It is a pattern that stops calling a failing service after repeated errors. It protects resources and lets failing services recover. It is implemented by libraries like Resilience4j and Polly.
Backend,Why is load balancer considered important?,"Load balancer improves availability and performance, and enables rolling deployments. It is a component that distributes incoming traffic across multiple servers. It can itself become a bottleneck or failure point without redundancy. It sends requests across four application servers using round robin."
Backend,What does circuit breaker mean?,"Circuit breaker is a pattern that stops calling a failing service after repeated errors. It is used in distributed systems to prevent cascading failures. It needs tuned thresholds, and wrong settings may block healthy calls. It is implemented by libraries like Resilience4j and Polly."
Backend,Explain webhook.,Webhook is an HTTP callback where a service sends event data to your URL. It is used to receive notifications such as payment completion. It lets Stripe notify your server when a payment succeeds. It is the push counterpart of polling an API.
Backend,Where have you seen ACID transaction in action?,"ACID transaction transfers money by debiting one account and crediting another, or neither. It is a database transaction that guarantees atomicity, consistency, isolation, and durability. It is used for operations like payments where partial updates are unacceptable. It adds locking and coordination overhead that limits scalability."
Backend,What are the disadvantages of circuit breaker?,"Circuit breaker needs tuned thresholds, and wrong settings may block healthy calls. It is used in distributed systems to prevent cascading failures. It protects resources and lets failing services recover. It trips after five consecutive timeouts and returns a fallback response. It is implemented by libraries like Resilience4j and Polly."
Backend,How does JWT differ from related concepts?,"JWT is an alternative to server-side sessions and is often used with OAuth 2.0. It is a compact signed token carrying claims, made of header, payload, and signature. It is returned after login and sent in the Authorization header as a Bearer token."
Backend,When should you avoid webhook?,"Webhook needs signature verification, retries, and idempotent handling. It is an HTTP callback where a service sends event data to your URL. It avoids polling and delivers events in near real time. It lets Stripe notify your server when a payment succeeds."
Backend,Why is eventual consistency useful?,Eventual consistency enables high availability and low latency across regions. It is a model where replicas become consistent over time if no new updates occur. It may show stale reads and requires conflict handling. It lets a social media like count appear different for a moment on two servers.
Backend,What problems can JWT cause?,"JWT is hard to revoke before expiry, and storing it unsafely exposes accounts. It is a compact signed token carrying claims, made of header, payload, and signature. It is returned after login and sent in the Authorization header as a Bearer token."
Backend,In which situations is microservice a good choice?,"Microservice is used in large systems where teams need to scale and deploy separately. It is a small independently deployable service responsible for one business capability. It allows independent scaling, technology choices, and fault isolation. It contrasts with the monolith, which keeps everything in one deployable unit."
Backend,What does gRPC mean?,"gRPC is a high-performance remote procedure call framework using HTTP/2 and Protocol Buffers. It offers compact binary messages, streaming, and generated client code. It is harder to use directly from browsers and to inspect than JSON APIs. It is an alternative to REST and GraphQL for service-to-service calls."
Backend,Give an example of microservice.,"Microservice separates payments, inventory, and user accounts into different services. It is a small independently deployable service responsible for one business capability. It is used in large systems where teams need to scale and deploy separately. It contrasts with the monolith, which keeps everything in one deployable unit."
Backend,What is the main purpose of API gateway?,"API gateway is used in microservice systems to centralize cross-cutting concerns. It simplifies clients and enforces security, throttling, and monitoring in one place. It can become a bottleneck and single point of failure if poorly designed. It receives mobile app calls and routes them to user, order, and payment services."
Backend,When should you avoid stored procedure?,"Stored procedure is harder to version, test, and port between database vendors. It is a precompiled set of SQL statements stored and executed inside the database. It runs a calculate_invoice procedure with one call from the application. It is an alternative to ORM-based logic in application code."
Backend,How does API versioning help developers?,"API versioning gives clients time to migrate and keeps integrations stable. It is used to ship breaking changes without disrupting existing clients. It multiplies maintenance work when many versions must be supported. It can use URL paths, headers, or query parameters."
Backend,What does ACID mean in databases?,"ACID describes four guarantees of reliable transactions: Atomicity means all operations succeed or none do, Consistency keeps data valid according to rules, Isolation prevents concurrent transactions from interfering, and Durability ensures committed data survives crashes. Together they protect data integrity in systems like banking applications."
Backend,What does database replication mean?,"Database replication is the process of copying data from a primary database to one or more replicas. It can show replication lag, so replicas may return slightly outdated data. It sends all writes to a primary and dashboard reads to a replica."
Backend,How is reverse proxy used in practice?,"Reverse proxy lets Nginx accept HTTPS traffic and pass it to a local application. It is used for TLS termination, caching, compression, and routing. It adds a network hop and another component to configure and monitor. It differs from a forward proxy, which represents clients instead of servers."
Backend,Where have you seen Docker container in action?,"Docker container packages a Flask app and Python runtime into one image. It is a lightweight, isolated package containing an application and its dependencies. It is used to run software consistently across development and production. It is orchestrated at scale by Kubernetes."
Backend,What do you gain by using eventual consistency?,"Eventual consistency enables high availability and low latency across regions. It is used in highly available distributed databases like DynamoDB and Cassandra. It lets a social media like count appear different for a moment on two servers. It contrasts with strong consistency, which makes all reads return the latest write."
Backend,Walk me through a simple example of cron job.,"Cron job runs a backup script every night at two in the morning. It is used for backups, cleanups, and periodic reports. It is simple, reliable, and requires no extra services. It is defined by five time fields and managed through crontab."
Backend,Describe webhook briefly.,Webhook is an HTTP callback where a service sends event data to your URL. It avoids polling and delivers events in near real time. It lets Stripe notify your server when a payment succeeds. It is the push counterpart of polling an API.
Backend,What are the downsides of monolith?,"Monolith becomes harder to scale and change as the codebase grows. It is an application built and deployed as one single unit. It is simple to develop, test, deploy, and debug locally. It can evolve into a modular monolith or microservices when needed."
Backend,Can you give a short overview of load balancer?,"Load balancer is a component that distributes incoming traffic across multiple servers. It is used to scale applications and avoid a single point of failure. It improves availability and performance, and enables rolling deployments. It sends requests across four application servers using round robin."
Backend,How does Redis compare with similar approaches?,"Redis is similar to Memcached but offers richer data structures. It is an in-memory data store supporting strings, hashes, lists, sets, and more. It delivers very low latency and offers expiry and atomic operations. It stores session data with a 30 minute expiry."
Backend,What makes dependency injection valuable?,Dependency injection lets tests substitute mocks and simplifies swapping implementations. It is used to decouple components and make code testable. It adds indirection and configuration that can confuse newcomers. It passes a database repository into a service through its constructor.
Backend,When should you use Redis?,"Redis is used for caching, sessions, leaderboards, and rate limiting. It is an in-memory data store supporting strings, hashes, lists, sets, and more. It is limited by available memory, and persistence settings can risk data loss. It is similar to Memcached but offers richer data structures."
Backend,What does stored procedure mean?,"Stored procedure is a precompiled set of SQL statements stored and executed inside the database. It is used to encapsulate business logic and repeated database operations. It reduces network round trips and can improve performance and security. It is harder to version, test, and port between database vendors."
Backend,What are the advantages of pagination?,"Pagination reduces response size, memory use, and load times. It is used for lists, feeds, and search results. It can show duplicates or gaps when data changes, and deep offsets get slow. It returns twenty items per request with a next cursor token. It comes as offset-based or cursor-based styles."
Backend,Describe GraphQL briefly.,"GraphQL is a query language where clients request exactly the fields they need from one endpoint. It is used for apps with complex, nested data and varied client requirements. It lets a mobile app request only a user's name and avatar in one call."
Backend,What makes OAuth 2.0 valuable?,"OAuth 2.0 limits access through scopes and avoids sharing user credentials with third parties. It is an authorization framework that lets apps access resources on a user's behalf without passwords. It is extended by OpenID Connect, which adds authentication identity."
Backend,When should you avoid N+1 query problem?,"N+1 query problem is hard to spot in development because small datasets hide the slowness. It is detected when ORMs load a list and then access related objects in a loop. It becomes cheap to fix with eager loading, giving large speedups."
Backend,What is a practical example of WebSocket?,"WebSocket pushes new chat messages to every connected user immediately. It is used for chat, live notifications, multiplayer games, and trading dashboards. It delivers messages instantly without repeated polling overhead. It differs from HTTP polling and Server-Sent Events, which are one-directional."
Backend,Why is REST API considered important?,"REST API is simple, stateless, cacheable, and works with any client that speaks HTTP. It is an architectural style where resources are exposed through URLs and standard HTTP methods. It can cause over-fetching or multiple round trips when clients need related data."
Backend,Can you give a short overview of WebSocket?,"WebSocket is a protocol that keeps a persistent two-way connection between client and server. It is used for chat, live notifications, multiplayer games, and trading dashboards. It delivers messages instantly without repeated polling overhead. It holds connections open, which complicates scaling and load balancing."
Backend,What are the advantages of API gateway?,"API gateway simplifies clients and enforces security, throttling, and monitoring in one place. It is a single entry point that routes, authenticates, and manages API requests to services. It receives mobile app calls and routes them to user, order, and payment services."
Backend,What is an alternative to cron job?,"Cron job is defined by five time fields and managed through crontab. It is a scheduled task that runs automatically at specified times on Unix-like systems. It is used for backups, cleanups, and periodic reports. It runs a backup script every night at two in the morning."
Backend,List the strengths of Docker container.,"Docker container removes works-on-my-machine problems and starts much faster than virtual machines. It is a lightweight, isolated package containing an application and its dependencies. It packages a Flask app and Python runtime into one image. It is orchestrated at scale by Kubernetes."
Backend,What do you gain by using cron job?,"Cron job is simple, reliable, and requires no extra services. It is a scheduled task that runs automatically at specified times on Unix-like systems. It is used for backups, cleanups, and periodic reports. It is hard to monitor and can overlap or silently fail."
Backend,What is the basic idea behind rate limiting?,"Rate limiting is a control that caps how many requests a client can make in a time window. It is used to protect APIs from abuse, scraping, and overload. It keeps service available and fair for all users and reduces costs."
Backend,How is stored procedure typically used in real projects?,"Stored procedure is used to encapsulate business logic and repeated database operations. It is a precompiled set of SQL statements stored and executed inside the database. It is harder to version, test, and port between database vendors. It runs a calculate_invoice procedure with one call from the application."
Backend,How is API gateway used in practice?,"API gateway receives mobile app calls and routes them to user, order, and payment services. It is a single entry point that routes, authenticates, and manages API requests to services. It is offered by tools like Kong, AWS API Gateway, and Apigee."
Backend,What are the downsides of GraphQL?,"GraphQL complicates caching and rate limiting, and can expose expensive queries without depth limits. It is used for apps with complex, nested data and varied client requirements. It avoids over-fetching and under-fetching and gives a strongly typed schema. It is an alternative to REST, and Apollo is a popular implementation."
Backend,What are the alternatives or companions of middleware?,"Middleware is a core concept in Express, Django, and FastAPI. It is a function that runs between an incoming request and the final route handler. It is used for logging, authentication, validation, compression, and error handling. It checks a token and rejects unauthenticated requests before reaching the route."
Backend,How is stored procedure used in practice?,Stored procedure runs a calculate_invoice procedure with one call from the application. It is a precompiled set of SQL statements stored and executed inside the database. It is used to encapsulate business logic and repeated database operations. It is an alternative to ORM-based logic in application code.
Backend,Is there a substitute for database replication?,"Database replication is different from sharding, which splits data rather than copying it. It is used for high availability, backups, and distributing read traffic. It keeps the service running if the primary fails and scales reads. It sends all writes to a primary and dashboard reads to a replica."
Backend,Show a real-world example of cron job.,"Cron job runs a backup script every night at two in the morning. It is used for backups, cleanups, and periodic reports. It is hard to monitor and can overlap or silently fail. It is defined by five time fields and managed through crontab."
Backend,Can you give a short overview of dependency injection?,"Dependency injection is a design pattern where objects receive their dependencies instead of creating them. It is used to decouple components and make code testable. It adds indirection and configuration that can confuse newcomers. It is supported by Spring, NestJS, and FastAPI's Depends."
Backend,What are the drawbacks of cron job?,"Cron job is hard to monitor and can overlap or silently fail. It is used for backups, cleanups, and periodic reports. It is simple, reliable, and requires no extra services. It is defined by five time fields and managed through crontab."
Backend,What makes message queue valuable?,Message queue smooths traffic spikes and lets services fail without losing tasks. It is a system that stores messages sent by producers until consumers process them. It is used to decouple services and handle work asynchronously. It queues email jobs so the web request returns immediately.
Backend,In which situations is CORS a good choice?,"CORS is used to allow trusted frontends on other domains to call an API. It protects users by blocking unauthorized cross-origin reads by default. It causes confusing errors when headers are misconfigured, and wildcard origins are risky. It lets an app on app.example.com call api.example.com through Access-Control-Allow-Origin."
Backend,What makes database index valuable?,"Database index turns slow full table scans into fast lookups, boosting read performance. It is a data structure, often a B-tree, that speeds up row lookups on chosen columns. It makes finding a user by email fast after indexing the email column."
Backend,How does microservice help developers?,"Microservice allows independent scaling, technology choices, and fault isolation. It is used in large systems where teams need to scale and deploy separately. It adds network complexity, distributed debugging, and data consistency challenges. It contrasts with the monolith, which keeps everything in one deployable unit."
Backend,What are the benefits of using eventual consistency?,"Eventual consistency enables high availability and low latency across regions. It is a model where replicas become consistent over time if no new updates occur. It may show stale reads and requires conflict handling. It contrasts with strong consistency, which makes all reads return the latest write."
Backend,What problem does N+1 query problem solve?,"N+1 query problem is detected when ORMs load a list and then access related objects in a loop. It becomes cheap to fix with eager loading, giving large speedups. It runs one query for fifty posts and fifty more for their authors."
Backend,Can you illustrate ACID transaction with an example?,"ACID transaction transfers money by debiting one account and crediting another, or neither. It is a database transaction that guarantees atomicity, consistency, isolation, and durability. It keeps data correct even during failures or concurrent access. It adds locking and coordination overhead that limits scalability."
Backend,Show a real-world example of idempotency.,"Idempotency makes sending the same payment request with one idempotency key charge once. It is the property that repeating an operation produces the same result as doing it once. It is used in APIs for safe retries, especially for payments. It prevents duplicate charges or records when requests are retried."
Backend,Walk me through a simple example of connection pooling.,Connection pooling lets a web server reuse ten open connections to handle thousands of requests. It is used so applications avoid opening a new connection for every request. It cuts connection overhead and prevents exhausting database connection limits. It is provided by tools like PgBouncer and libraries such as HikariCP.
Backend,What is the main purpose of eventual consistency?,"Eventual consistency is used in highly available distributed databases like DynamoDB and Cassandra. It enables high availability and low latency across regions. It lets a social media like count appear different for a moment on two servers. It contrasts with strong consistency, which makes all reads return the latest write."
Backend,What is an alternative to circuit breaker?,"Circuit breaker is implemented by libraries like Resilience4j and Polly. It is a pattern that stops calling a failing service after repeated errors. It is used in distributed systems to prevent cascading failures. It needs tuned thresholds, and wrong settings may block healthy calls."
Backend,What problems can message queue cause?,Message queue adds operational complexity and requires handling duplicates and ordering. It is used to decouple services and handle work asynchronously. It smooths traffic spikes and lets services fail without losing tasks. It queues email jobs so the web request returns immediately.
Backend,When should you avoid GraphQL?,"GraphQL complicates caching and rate limiting, and can expose expensive queries without depth limits. It lets a mobile app request only a user's name and avatar in one call. It is an alternative to REST, and Apollo is a popular implementation."
Backend,Why is Nginx useful?,Nginx handles many concurrent connections efficiently using little memory. It is a high-performance web server that also works as a reverse proxy and load balancer. It is used to serve static files and route traffic to application servers. It competes with Apache and Caddy.
Backend,What is related to message queue?,"Message queue is implemented by RabbitMQ, SQS, and Kafka. It is a system that stores messages sent by producers until consumers process them. It is used to decouple services and handle work asynchronously. It smooths traffic spikes and lets services fail without losing tasks."
Backend,What should I learn alongside middleware?,"Middleware is a core concept in Express, Django, and FastAPI. It is a function that runs between an incoming request and the final route handler. It keeps cross-cutting logic reusable and separate from business code. It checks a token and rejects unauthenticated requests before reaching the route."
Backend,Explain dependency injection.,"Dependency injection is a design pattern where objects receive their dependencies instead of creating them. It lets tests substitute mocks and simplifies swapping implementations. It adds indirection and configuration that can confuse newcomers. It is supported by Spring, NestJS, and FastAPI's Depends."
Backend,Show a real-world example of database migration.,"Database migration adds a phone column to users with an Alembic or Django migration. It is a versioned script that changes a database schema in a controlled way. It is used to evolve tables and columns across environments safely. It makes schema changes repeatable, reviewable, and reversible."
Backend,Walk me through a simple example of gRPC.,gRPC lets a payment service call an inventory service through a generated stub. It is a high-performance remote procedure call framework using HTTP/2 and Protocol Buffers. It is used for fast communication between internal microservices. It is an alternative to REST and GraphQL for service-to-service calls.
Backend,What is REST API?,REST API is an architectural style where resources are exposed through URLs and standard HTTP methods. It is used to let web and mobile clients communicate with servers over HTTP. It is often compared with GraphQL and gRPC for service communication.
Backend,Why is API gateway useful?,"API gateway simplifies clients and enforces security, throttling, and monitoring in one place. It is a single entry point that routes, authenticates, and manages API requests to services. It is used in microservice systems to centralize cross-cutting concerns. It is offered by tools like Kong, AWS API Gateway, and Apigee."
Backend,How is cron job typically used in real projects?,"Cron job is used for backups, cleanups, and periodic reports. It is a scheduled task that runs automatically at specified times on Unix-like systems. It is simple, reliable, and requires no extra services. It is hard to monitor and can overlap or silently fail."
Backend,What are the benefits of using database normalization?,"Database normalization prevents update anomalies and saves storage by storing each fact once. It is used when designing relational schemas to keep data consistent. It moves customer addresses into a separate table instead of repeating them per order. It is balanced against denormalization, which duplicates data for faster reads."
Backend,What are common pitfalls with gRPC?,gRPC is harder to use directly from browsers and to inspect than JSON APIs. It is used for fast communication between internal microservices. It lets a payment service call an inventory service through a generated stub. It is an alternative to REST and GraphQL for service-to-service calls.
Backend,What is dependency injection?,"Dependency injection is a design pattern where objects receive their dependencies instead of creating them. It is used to decouple components and make code testable. It passes a database repository into a service through its constructor. It is supported by Spring, NestJS, and FastAPI's Depends."
Backend,How is API versioning typically used in real projects?,"API versioning is used to ship breaking changes without disrupting existing clients. It gives clients time to migrate and keeps integrations stable. It multiplies maintenance work when many versions must be supported. It can use URL paths, headers, or query parameters."
Backend,Describe a scenario where database migration is applied.,"Database migration adds a phone column to users with an Alembic or Django migration. It is a versioned script that changes a database schema in a controlled way. It is used to evolve tables and columns across environments safely. It is managed by tools like Flyway, Liquibase, and Alembic."
Backend,Can you give a short overview of message queue?,Message queue is a system that stores messages sent by producers until consumers process them. It is used to decouple services and handle work asynchronously. It adds operational complexity and requires handling duplicates and ordering. It queues email jobs so the web request returns immediately.
Backend,Describe caching briefly.,"Caching is the practice of storing frequently used data in fast storage for quick reuse. It risks serving stale data and makes invalidation notoriously hard. It stores a computed homepage result for sixty seconds. It can happen at browser, CDN, application, or database layers."
Backend,What is JWT authentication?,"A JSON Web Token is a signed, compact token containing a header, payload, and signature. After login, the server issues it to the client, which sends it with each request. The server verifies the signature to authenticate users without storing sessions, enabling stateless, scalable authentication across services."
Backend,What problems can SQL join cause?,"SQL join can become slow on large tables without proper indexes. It is an operation that combines rows from two tables based on a related column. It comes in inner, left, right, and full types, which differ in handling unmatched rows."
Backend,What is related to dependency injection?,"Dependency injection is supported by Spring, NestJS, and FastAPI's Depends. It is a design pattern where objects receive their dependencies instead of creating them. It adds indirection and configuration that can confuse newcomers. It passes a database repository into a service through its constructor."
Backend,Give an example of circuit breaker.,Circuit breaker trips after five consecutive timeouts and returns a fallback response. It is a pattern that stops calling a failing service after repeated errors. It is used in distributed systems to prevent cascading failures. It protects resources and lets failing services recover.
Backend,What is ORM?,"ORM is a library that maps database tables to objects in a programming language. It is used to read and write data without writing raw SQL for everything. It speeds development, improves portability, and helps prevent SQL injection. It lets Django models or SQLAlchemy classes represent a users table."
Backend,Why do developers use GraphQL?,"GraphQL is used for apps with complex, nested data and varied client requirements. It is a query language where clients request exactly the fields they need from one endpoint. It avoids over-fetching and under-fetching and gives a strongly typed schema."
Backend,What problem does database sharding solve?,"Database sharding is used when a single server can no longer handle data size or traffic. It stores users with IDs in different ranges on different database servers. It differs from replication, which copies the same data to multiple servers."
Backend,What problems can ORM cause?,"ORM can generate inefficient queries and hides what the database is doing. It is used to read and write data without writing raw SQL for everything. It speeds development, improves portability, and helps prevent SQL injection. It is an alternative to raw SQL and query builders."
Backend,What is monolith used for?,"Monolith is used for early-stage products and small teams that need to move quickly. It becomes harder to scale and change as the codebase grows. It runs web, billing, and admin code in one deployable application. It can evolve into a modular monolith or microservices when needed."
Backend,What is an alternative to ORM?,ORM is an alternative to raw SQL and query builders. It is used to read and write data without writing raw SQL for everything. It can generate inefficient queries and hides what the database is doing. It lets Django models or SQLAlchemy classes represent a users table.
Backend,What are the drawbacks of webhook?,"Webhook needs signature verification, retries, and idempotent handling. It is used to receive notifications such as payment completion. It avoids polling and delivers events in near real time. It lets Stripe notify your server when a payment succeeds. It is the push counterpart of polling an API."
Backend,Define database replication in simple words.,"Database replication is the process of copying data from a primary database to one or more replicas. It keeps the service running if the primary fails and scales reads. It can show replication lag, so replicas may return slightly outdated data."
Backend,What is the difference between authentication and authorization?,"Authentication verifies who a user is, typically through passwords, tokens, or biometrics. Authorization determines what that verified user is allowed to do, such as accessing certain resources or performing admin actions. Authentication happens first, followed by authorization checks using roles or permissions on every protected request."
Backend,What is related to rate limiting?,"Rate limiting uses algorithms like token bucket, leaky bucket, and sliding window. It is a control that caps how many requests a client can make in a time window. It is used to protect APIs from abuse, scraping, and overload. It can block legitimate bursts if limits are too strict."
Backend,How does database migration compare with similar approaches?,"Database migration is managed by tools like Flyway, Liquibase, and Alembic. It is a versioned script that changes a database schema in a controlled way. It is used to evolve tables and columns across environments safely. It makes schema changes repeatable, reviewable, and reversible."
Backend,What are the limitations of database index?,"Database index slows inserts and updates and consumes extra storage. It is used on columns frequently searched, joined, or sorted. It makes finding a user by email fast after indexing the email column. It is analyzed with EXPLAIN plans, and composite indexes cover multiple columns."
Backend,How is SQL join used in practice?,"SQL join joins orders with customers using customer_id to show buyer names. It is used to query data spread across normalized tables. It can become slow on large tables without proper indexes. It comes in inner, left, right, and full types, which differ in handling unmatched rows."
Backend,What makes load balancer valuable?,"Load balancer improves availability and performance, and enables rolling deployments. It is used to scale applications and avoid a single point of failure. It can itself become a bottleneck or failure point without redundancy. It is available as hardware or software such as Nginx, HAProxy, and cloud load balancers."
Backend,How is GraphQL used in practice?,"GraphQL lets a mobile app request only a user's name and avatar in one call. It is a query language where clients request exactly the fields they need from one endpoint. It is an alternative to REST, and Apollo is a popular implementation."
Backend,How is connection pooling typically used in real projects?,"Connection pooling is used so applications avoid opening a new connection for every request. It needs careful sizing, because too many or too few connections hurt performance. It lets a web server reuse ten open connections to handle thousands of requests."
Backend,What is the basic idea behind database sharding?,"Database sharding is the practice of splitting a large database into smaller pieces across servers. It is used when a single server can no longer handle data size or traffic. It scales storage and write throughput horizontally. It complicates queries, joins, transactions, and rebalancing when shards grow unevenly."
Backend,What are the benefits of using CORS?,"CORS protects users by blocking unauthorized cross-origin reads by default. It is a browser security mechanism controlling which origins can request a server's resources. It causes confusing errors when headers are misconfigured, and wildcard origins are risky. It lets an app on app.example.com call api.example.com through Access-Control-Allow-Origin."
Backend,Describe a scenario where API versioning is applied.,API versioning exposes /v1/users and /v2/users side by side. It is used to ship breaking changes without disrupting existing clients. It gives clients time to migrate and keeps integrations stable. It multiplies maintenance work when many versions must be supported.
Backend,What makes API gateway valuable?,"API gateway simplifies clients and enforces security, throttling, and monitoring in one place. It is a single entry point that routes, authenticates, and manages API requests to services. It is offered by tools like Kong, AWS API Gateway, and Apigee."
Backend,What does message queue mean?,"Message queue is a system that stores messages sent by producers until consumers process them. It is used to decouple services and handle work asynchronously. It adds operational complexity and requires handling duplicates and ordering. It is implemented by RabbitMQ, SQS, and Kafka."
Backend,Where is N+1 query problem commonly applied?,"N+1 query problem is detected when ORMs load a list and then access related objects in a loop. It is a performance issue where one query triggers many extra queries for related records. It is solved with joins, eager loading, or batching."
Backend,How would you explain Nginx to a beginner?,Nginx is a high-performance web server that also works as a reverse proxy and load balancer. It handles many concurrent connections efficiently using little memory. It has a configuration syntax that is easy to misconfigure. It terminates HTTPS and proxies requests to a Node.js application.
Backend,What is the basic idea behind JWT?,"JWT is a compact signed token carrying claims, made of header, payload, and signature. It is hard to revoke before expiry, and storing it unsafely exposes accounts. It is returned after login and sent in the Authorization header as a Bearer token."
Backend,Describe a scenario where database index is applied.,"Database index makes finding a user by email fast after indexing the email column. It is used on columns frequently searched, joined, or sorted. It turns slow full table scans into fast lookups, boosting read performance. It is analyzed with EXPLAIN plans, and composite indexes cover multiple columns."
Backend,Where is rate limiting commonly applied?,"Rate limiting is used to protect APIs from abuse, scraping, and overload. It is a control that caps how many requests a client can make in a time window. It uses algorithms like token bucket, leaky bucket, and sliding window."
Backend,How is database sharding used in practice?,"Database sharding stores users with IDs in different ranges on different database servers. It is used when a single server can no longer handle data size or traffic. It scales storage and write throughput horizontally. It differs from replication, which copies the same data to multiple servers."
Backend,What are the drawbacks of idempotency?,"Idempotency requires storing keys or state and careful design for each endpoint. It is used in APIs for safe retries, especially for payments. It prevents duplicate charges or records when requests are retried. It is built into PUT and DELETE semantics but not POST by default."
Backend,Why do developers use circuit breaker?,"Circuit breaker is used in distributed systems to prevent cascading failures. It needs tuned thresholds, and wrong settings may block healthy calls. It trips after five consecutive timeouts and returns a fallback response. It is implemented by libraries like Resilience4j and Polly."
Backend,When should you avoid Docker container?,"Docker container shares the host kernel, so isolation is weaker than a full virtual machine. It is used to run software consistently across development and production. It removes works-on-my-machine problems and starts much faster than virtual machines. It packages a Flask app and Python runtime into one image."
Backend,In which situations is dependency injection a good choice?,Dependency injection is used to decouple components and make code testable. It is a design pattern where objects receive their dependencies instead of creating them. It adds indirection and configuration that can confuse newcomers. It passes a database repository into a service through its constructor.
Backend,Describe JWT briefly.,"JWT is a compact signed token carrying claims, made of header, payload, and signature. It is used for stateless authentication and passing identity between services. It is returned after login and sent in the Authorization header as a Bearer token."
Backend,What are common pitfalls with webhook?,"Webhook needs signature verification, retries, and idempotent handling. It is an HTTP callback where a service sends event data to your URL. It is used to receive notifications such as payment completion. It is the push counterpart of polling an API."
Backend,What does Apache Kafka mean?,"Apache Kafka is a distributed event streaming platform that stores ordered logs of records. It is used for real-time data pipelines, event sourcing, and log aggregation. It streams click events from a website to analytics systems. It differs from RabbitMQ, which is a traditional broker focused on routing."
Backend,Describe a scenario where middleware is applied.,"Middleware checks a token and rejects unauthenticated requests before reaching the route. It is used for logging, authentication, validation, compression, and error handling. It can slow requests if too many layers run, and ordering mistakes cause subtle bugs. It is a core concept in Express, Django, and FastAPI."
Backend,When should you use Nginx?,Nginx is used to serve static files and route traffic to application servers. It is a high-performance web server that also works as a reverse proxy and load balancer. It handles many concurrent connections efficiently using little memory. It competes with Apache and Caddy.
Backend,In which situations is database normalization a good choice?,"Database normalization is used when designing relational schemas to keep data consistent. It increases the number of joins, which can slow read-heavy queries. It moves customer addresses into a separate table instead of repeating them per order. It is balanced against denormalization, which duplicates data for faster reads."
Backend,Where is webhook commonly applied?,"Webhook is used to receive notifications such as payment completion. It avoids polling and delivers events in near real time. It needs signature verification, retries, and idempotent handling. It lets Stripe notify your server when a payment succeeds. It is the push counterpart of polling an API."
Backend,What problems can ACID transaction cause?,"ACID transaction adds locking and coordination overhead that limits scalability. It is used for operations like payments where partial updates are unacceptable. It keeps data correct even during failures or concurrent access. It transfers money by debiting one account and crediting another, or neither."
Backend,What are the alternatives or companions of database normalization?,"Database normalization is balanced against denormalization, which duplicates data for faster reads. It is the process of organizing tables to reduce redundancy and dependency problems. It is used when designing relational schemas to keep data consistent. It prevents update anomalies and saves storage by storing each fact once."
Backend,What should I learn alongside connection pooling?,Connection pooling is provided by tools like PgBouncer and libraries such as HikariCP. It is a technique that keeps a set of reusable database connections open. It lets a web server reuse ten open connections to handle thousands of requests.
Backend,List the strengths of API gateway.,"API gateway simplifies clients and enforces security, throttling, and monitoring in one place. It is a single entry point that routes, authenticates, and manages API requests to services. It can become a bottleneck and single point of failure if poorly designed."
Backend,What are the disadvantages of message queue?,Message queue adds operational complexity and requires handling duplicates and ordering. It is a system that stores messages sent by producers until consumers process them. It is used to decouple services and handle work asynchronously. It queues email jobs so the web request returns immediately.
Backend,How would you explain monolith to a beginner?,"Monolith is an application built and deployed as one single unit. It is used for early-stage products and small teams that need to move quickly. It becomes harder to scale and change as the codebase grows. It runs web, billing, and admin code in one deployable application."
Backend,What does eventual consistency mean?,Eventual consistency is a model where replicas become consistent over time if no new updates occur. It is used in highly available distributed databases like DynamoDB and Cassandra. It lets a social media like count appear different for a moment on two servers.
Backend,What is an alternative to pagination?,"Pagination comes as offset-based or cursor-based styles. It is the practice of returning large result sets in smaller pages. It is used for lists, feeds, and search results. It can show duplicates or gaps when data changes, and deep offsets get slow."
Backend,In which situations is rate limiting a good choice?,"Rate limiting is used to protect APIs from abuse, scraping, and overload. It keeps service available and fair for all users and reduces costs. It can block legitimate bursts if limits are too strict. It returns HTTP 429 after a user exceeds one hundred requests per minute."
Backend,When should you avoid pagination?,"Pagination can show duplicates or gaps when data changes, and deep offsets get slow. It is used for lists, feeds, and search results. It reduces response size, memory use, and load times. It returns twenty items per request with a next cursor token."
Backend,What should I learn alongside API versioning?,"API versioning can use URL paths, headers, or query parameters. It is the practice of managing changes to an API through distinct versions. It is used to ship breaking changes without disrupting existing clients. It exposes /v1/users and /v2/users side by side."
Backend,What are the benefits of using cron job?,"Cron job is simple, reliable, and requires no extra services. It is used for backups, cleanups, and periodic reports. It runs a backup script every night at two in the morning. It is defined by five time fields and managed through crontab."
Backend,What is CAP theorem?,"CAP theorem is a principle stating a distributed system cannot guarantee consistency, availability, and partition tolerance simultaneously. It clarifies why systems must choose behavior during network partitions. It explains why a bank database may reject requests rather than risk inconsistency."
Backend,What is the main purpose of database sharding?,Database sharding is used when a single server can no longer handle data size or traffic. It is the practice of splitting a large database into smaller pieces across servers. It stores users with IDs in different ranges on different database servers.
Backend,Can you give a short overview of reverse proxy?,"Reverse proxy is a server that sits in front of backend servers and forwards client requests. It is used for TLS termination, caching, compression, and routing. It hides internal servers and centralizes security and performance features. It adds a network hop and another component to configure and monitor."
Backend,Describe a scenario where API gateway is applied.,"API gateway receives mobile app calls and routes them to user, order, and payment services. It simplifies clients and enforces security, throttling, and monitoring in one place. It can become a bottleneck and single point of failure if poorly designed."
Backend,What other concepts are connected to SQL join?,"SQL join comes in inner, left, right, and full types, which differ in handling unmatched rows. It is used to query data spread across normalized tables. It lets relational data stay organized without duplicating information. It joins orders with customers using customer_id to show buyer names."
Backend,What are the drawbacks of stored procedure?,"Stored procedure is harder to version, test, and port between database vendors. It is used to encapsulate business logic and repeated database operations. It reduces network round trips and can improve performance and security. It is an alternative to ORM-based logic in application code."
Backend,Define cron job in simple words.,"Cron job is a scheduled task that runs automatically at specified times on Unix-like systems. It is simple, reliable, and requires no extra services. It is hard to monitor and can overlap or silently fail. It is defined by five time fields and managed through crontab."
Backend,Define database migration in simple words.,"Database migration is a versioned script that changes a database schema in a controlled way. It makes schema changes repeatable, reviewable, and reversible. It can lock tables or lose data if applied carelessly on large production systems. It adds a phone column to users with an Alembic or Django migration."
Backend,List the strengths of REST API.,"REST API is simple, stateless, cacheable, and works with any client that speaks HTTP. It can cause over-fetching or multiple round trips when clients need related data. It uses GET /users/5 to read a user and DELETE /users/5 to remove one."
Backend,Why is GraphQL useful?,"GraphQL avoids over-fetching and under-fetching and gives a strongly typed schema. It is a query language where clients request exactly the fields they need from one endpoint. It is used for apps with complex, nested data and varied client requirements."
Backend,What do you gain by using database sharding?,"Database sharding scales storage and write throughput horizontally. It is the practice of splitting a large database into smaller pieces across servers. It complicates queries, joins, transactions, and rebalancing when shards grow unevenly. It stores users with IDs in different ranges on different database servers."
Backend,Walk me through a simple example of dependency injection.,Dependency injection passes a database repository into a service through its constructor. It is a design pattern where objects receive their dependencies instead of creating them. It lets tests substitute mocks and simplifies swapping implementations. It adds indirection and configuration that can confuse newcomers.
Backend,What is related to circuit breaker?,Circuit breaker is implemented by libraries like Resilience4j and Polly. It is a pattern that stops calling a failing service after repeated errors. It is used in distributed systems to prevent cascading failures. It trips after five consecutive timeouts and returns a fallback response.
Backend,Why is database replication useful?,"Database replication keeps the service running if the primary fails and scales reads. It is used for high availability, backups, and distributing read traffic. It sends all writes to a primary and dashboard reads to a replica. It is different from sharding, which splits data rather than copying it."
Backend,How does SQL join help developers?,"SQL join lets relational data stay organized without duplicating information. It is used to query data spread across normalized tables. It can become slow on large tables without proper indexes. It comes in inner, left, right, and full types, which differ in handling unmatched rows."
Backend,What are the drawbacks of N+1 query problem?,N+1 query problem is hard to spot in development because small datasets hide the slowness. It is a performance issue where one query triggers many extra queries for related records. It runs one query for fifty posts and fifty more for their authors.
Backend,What is API gateway used for?,"API gateway is used in microservice systems to centralize cross-cutting concerns. It simplifies clients and enforces security, throttling, and monitoring in one place. It can become a bottleneck and single point of failure if poorly designed. It receives mobile app calls and routes them to user, order, and payment services."
Backend,What are the alternatives or companions of circuit breaker?,"Circuit breaker is implemented by libraries like Resilience4j and Polly. It is used in distributed systems to prevent cascading failures. It needs tuned thresholds, and wrong settings may block healthy calls. It trips after five consecutive timeouts and returns a fallback response."
Backend,Define stored procedure in simple words.,"Stored procedure is a precompiled set of SQL statements stored and executed inside the database. It reduces network round trips and can improve performance and security. It is harder to version, test, and port between database vendors. It runs a calculate_invoice procedure with one call from the application."
Backend,What are common pitfalls with eventual consistency?,Eventual consistency may show stale reads and requires conflict handling. It is a model where replicas become consistent over time if no new updates occur. It is used in highly available distributed databases like DynamoDB and Cassandra. It enables high availability and low latency across regions.
Backend,What do you gain by using microservice?,"Microservice allows independent scaling, technology choices, and fault isolation. It is a small independently deployable service responsible for one business capability. It is used in large systems where teams need to scale and deploy separately. It contrasts with the monolith, which keeps everything in one deployable unit."
Backend,Where have you seen connection pooling in action?,Connection pooling lets a web server reuse ten open connections to handle thousands of requests. It is a technique that keeps a set of reusable database connections open. It is used so applications avoid opening a new connection for every request.
Backend,What are the downsides of idempotency?,"Idempotency requires storing keys or state and careful design for each endpoint. It is used in APIs for safe retries, especially for payments. It prevents duplicate charges or records when requests are retried. It is built into PUT and DELETE semantics but not POST by default."
Backend,How is webhook typically used in real projects?,Webhook is used to receive notifications such as payment completion. It is an HTTP callback where a service sends event data to your URL. It avoids polling and delivers events in near real time. It lets Stripe notify your server when a payment succeeds.
Backend,What makes database normalization valuable?,"Database normalization prevents update anomalies and saves storage by storing each fact once. It is the process of organizing tables to reduce redundancy and dependency problems. It increases the number of joins, which can slow read-heavy queries. It is balanced against denormalization, which duplicates data for faster reads."
Backend,What is an alternative to eventual consistency?,"Eventual consistency contrasts with strong consistency, which makes all reads return the latest write. It is a model where replicas become consistent over time if no new updates occur. It is used in highly available distributed databases like DynamoDB and Cassandra."
Backend,What should I learn alongside GraphQL?,"GraphQL is an alternative to REST, and Apollo is a popular implementation. It is a query language where clients request exactly the fields they need from one endpoint. It lets a mobile app request only a user's name and avatar in one call."
Backend,What are the alternatives or companions of database sharding?,"Database sharding differs from replication, which copies the same data to multiple servers. It is the practice of splitting a large database into smaller pieces across servers. It is used when a single server can no longer handle data size or traffic. It scales storage and write throughput horizontally."
Backend,How would you explain gRPC to a beginner?,gRPC is a high-performance remote procedure call framework using HTTP/2 and Protocol Buffers. It is used for fast communication between internal microservices. It is harder to use directly from browsers and to inspect than JSON APIs. It lets a payment service call an inventory service through a generated stub.
Backend,Why is session authentication considered important?,"Session authentication allows easy revocation because the server controls session data. It needs server storage and shared stores when scaling across multiple instances. It sets a session cookie after login and looks up the user on each request. It contrasts with token-based approaches like JWT, which are stateless."
Backend,What are the alternatives or companions of ACID transaction?,"ACID transaction contrasts with BASE systems that favor availability and eventual consistency. It keeps data correct even during failures or concurrent access. It adds locking and coordination overhead that limits scalability. It transfers money by debiting one account and crediting another, or neither."
Backend,How is microservice typically used in real projects?,"Microservice is used in large systems where teams need to scale and deploy separately. It allows independent scaling, technology choices, and fault isolation. It separates payments, inventory, and user accounts into different services. It contrasts with the monolith, which keeps everything in one deployable unit."
Backend,What should you watch out for when using GraphQL?,"GraphQL complicates caching and rate limiting, and can expose expensive queries without depth limits. It is a query language where clients request exactly the fields they need from one endpoint. It lets a mobile app request only a user's name and avatar in one call."
Backend,What problems can circuit breaker cause?,"Circuit breaker needs tuned thresholds, and wrong settings may block healthy calls. It is a pattern that stops calling a failing service after repeated errors. It protects resources and lets failing services recover. It is implemented by libraries like Resilience4j and Polly."
Backend,Why is idempotency useful?,"Idempotency prevents duplicate charges or records when requests are retried. It is the property that repeating an operation produces the same result as doing it once. It is used in APIs for safe retries, especially for payments. It makes sending the same payment request with one idempotency key charge once."
Backend,What problem does database replication solve?,"Database replication is used for high availability, backups, and distributing read traffic. It keeps the service running if the primary fails and scales reads. It can show replication lag, so replicas may return slightly outdated data. It is different from sharding, which splits data rather than copying it."
Backend,What should you watch out for when using Apache Kafka?,"Apache Kafka is operationally heavy and overkill for simple task queues. It is used for real-time data pipelines, event sourcing, and log aggregation. It streams click events from a website to analytics systems. It differs from RabbitMQ, which is a traditional broker focused on routing."
Backend,What makes monolith valuable?,"Monolith is simple to develop, test, deploy, and debug locally. It is an application built and deployed as one single unit. It becomes harder to scale and change as the codebase grows. It runs web, billing, and admin code in one deployable application."
Backend,Is there a substitute for dependency injection?,"Dependency injection is supported by Spring, NestJS, and FastAPI's Depends. It is used to decouple components and make code testable. It adds indirection and configuration that can confuse newcomers. It passes a database repository into a service through its constructor."
Backend,In which situations is REST API a good choice?,REST API is used to let web and mobile clients communicate with servers over HTTP. It is an architectural style where resources are exposed through URLs and standard HTTP methods. It uses GET /users/5 to read a user and DELETE /users/5 to remove one.
Backend,When should you use load balancer?,"Load balancer is used to scale applications and avoid a single point of failure. It is a component that distributes incoming traffic across multiple servers. It sends requests across four application servers using round robin. It is available as hardware or software such as Nginx, HAProxy, and cloud load balancers."
Backend,What should you watch out for when using background job?,"Background job needs monitoring, and failed or duplicate jobs must be handled. It is a task run outside the request-response cycle by a worker process. It resizes uploaded images with a Celery worker after the upload completes. It is built with Celery, Sidekiq, or BullMQ on top of queues."
Backend,Can you give a short overview of database replication?,"Database replication is the process of copying data from a primary database to one or more replicas. It is used for high availability, backups, and distributing read traffic. It keeps the service running if the primary fails and scales reads."
Backend,What should you watch out for when using JWT?,"JWT is hard to revoke before expiry, and storing it unsafely exposes accounts. It is a compact signed token carrying claims, made of header, payload, and signature. It is an alternative to server-side sessions and is often used with OAuth 2.0."
Backend,What is the main purpose of ACID transaction?,"ACID transaction is used for operations like payments where partial updates are unacceptable. It is a database transaction that guarantees atomicity, consistency, isolation, and durability. It adds locking and coordination overhead that limits scalability. It contrasts with BASE systems that favor availability and eventual consistency."
Backend,Describe a scenario where CORS is applied.,"CORS lets an app on app.example.com call api.example.com through Access-Control-Allow-Origin. It is a browser security mechanism controlling which origins can request a server's resources. It causes confusing errors when headers are misconfigured, and wildcard origins are risky. It is enforced by browsers and not by tools like curl."
Backend,Why is OAuth 2.0 useful?,"OAuth 2.0 limits access through scopes and avoids sharing user credentials with third parties. It is used for sign in with Google and granting limited API access. It lets a calendar app read your Google contacts after you approve access. It is extended by OpenID Connect, which adds authentication identity."
Backend,Is there a substitute for database sharding?,"Database sharding differs from replication, which copies the same data to multiple servers. It is the practice of splitting a large database into smaller pieces across servers. It complicates queries, joins, transactions, and rebalancing when shards grow unevenly. It stores users with IDs in different ranges on different database servers."
Backend,When should you avoid OAuth 2.0?,"OAuth 2.0 is complex to implement correctly, and misconfigured redirects create security holes. It is used for sign in with Google and granting limited API access. It lets a calendar app read your Google contacts after you approve access. It is extended by OpenID Connect, which adds authentication identity."
Backend,What are the disadvantages of webhook?,"Webhook needs signature verification, retries, and idempotent handling. It is an HTTP callback where a service sends event data to your URL. It lets Stripe notify your server when a payment succeeds. It is the push counterpart of polling an API."
Backend,What are the drawbacks of REST API?,"REST API can cause over-fetching or multiple round trips when clients need related data. It is an architectural style where resources are exposed through URLs and standard HTTP methods. It is simple, stateless, cacheable, and works with any client that speaks HTTP."
Backend,In which situations is database replication a good choice?,"Database replication is used for high availability, backups, and distributing read traffic. It can show replication lag, so replicas may return slightly outdated data. It sends all writes to a primary and dashboard reads to a replica. It is different from sharding, which splits data rather than copying it."
Backend,Explain Nginx.,Nginx is a high-performance web server that also works as a reverse proxy and load balancer. It is used to serve static files and route traffic to application servers. It has a configuration syntax that is easy to misconfigure. It terminates HTTPS and proxies requests to a Node.js application.
Backend,How does Apache Kafka differ from related concepts?,"Apache Kafka differs from RabbitMQ, which is a traditional broker focused on routing. It is a distributed event streaming platform that stores ordered logs of records. It is operationally heavy and overkill for simple task queues. It streams click events from a website to analytics systems."
Backend,What are the downsides of gRPC?,gRPC is harder to use directly from browsers and to inspect than JSON APIs. It is a high-performance remote procedure call framework using HTTP/2 and Protocol Buffers. It lets a payment service call an inventory service through a generated stub.
Backend,When should you use database migration?,"Database migration is used to evolve tables and columns across environments safely. It is a versioned script that changes a database schema in a controlled way. It adds a phone column to users with an Alembic or Django migration. It is managed by tools like Flyway, Liquibase, and Alembic."
Backend,What problem does JWT solve?,"JWT is used for stateless authentication and passing identity between services. It is a compact signed token carrying claims, made of header, payload, and signature. It lets servers verify users without storing sessions, which helps horizontal scaling. It is hard to revoke before expiry, and storing it unsafely exposes accounts."
Backend,How is database replication used in practice?,"Database replication sends all writes to a primary and dashboard reads to a replica. It is the process of copying data from a primary database to one or more replicas. It is different from sharding, which splits data rather than copying it."
Backend,What problems can OAuth 2.0 cause?,"OAuth 2.0 is complex to implement correctly, and misconfigured redirects create security holes. It is used for sign in with Google and granting limited API access. It limits access through scopes and avoids sharing user credentials with third parties. It is extended by OpenID Connect, which adds authentication identity."
Backend,What is a practical example of ORM?,"ORM lets Django models or SQLAlchemy classes represent a users table. It is used to read and write data without writing raw SQL for everything. It speeds development, improves portability, and helps prevent SQL injection. It can generate inefficient queries and hides what the database is doing."
Backend,How is database migration used in practice?,"Database migration adds a phone column to users with an Alembic or Django migration. It is a versioned script that changes a database schema in a controlled way. It makes schema changes repeatable, reviewable, and reversible. It can lock tables or lose data if applied carelessly on large production systems."
Backend,Is there a substitute for reverse proxy?,"Reverse proxy differs from a forward proxy, which represents clients instead of servers. It is used for TLS termination, caching, compression, and routing. It hides internal servers and centralizes security and performance features. It adds a network hop and another component to configure and monitor."
Backend,What is WebSocket used for?,"WebSocket is used for chat, live notifications, multiplayer games, and trading dashboards. It delivers messages instantly without repeated polling overhead. It holds connections open, which complicates scaling and load balancing. It differs from HTTP polling and Server-Sent Events, which are one-directional."
Backend,Walk me through a simple example of API gateway.,"API gateway receives mobile app calls and routes them to user, order, and payment services. It can become a bottleneck and single point of failure if poorly designed. It is offered by tools like Kong, AWS API Gateway, and Apigee."
Backend,Walk me through a simple example of webhook.,"Webhook lets Stripe notify your server when a payment succeeds. It is an HTTP callback where a service sends event data to your URL. It avoids polling and delivers events in near real time. It needs signature verification, retries, and idempotent handling."
Backend,What is database index used for?,"Database index is used on columns frequently searched, joined, or sorted. It turns slow full table scans into fast lookups, boosting read performance. It makes finding a user by email fast after indexing the email column. It is analyzed with EXPLAIN plans, and composite indexes cover multiple columns."
Backend,How would you explain Apache Kafka to a beginner?,"Apache Kafka is a distributed event streaming platform that stores ordered logs of records. It is used for real-time data pipelines, event sourcing, and log aggregation. It is operationally heavy and overkill for simple task queues. It streams click events from a website to analytics systems."
Backend,What is an alternative to database sharding?,"Database sharding differs from replication, which copies the same data to multiple servers. It is used when a single server can no longer handle data size or traffic. It scales storage and write throughput horizontally. It stores users with IDs in different ranges on different database servers."
Backend,Why is API versioning considered important?,API versioning gives clients time to migrate and keeps integrations stable. It is the practice of managing changes to an API through distinct versions. It is used to ship breaking changes without disrupting existing clients. It multiplies maintenance work when many versions must be supported.
Backend,Where have you seen Apache Kafka in action?,"Apache Kafka streams click events from a website to analytics systems. It is used for real-time data pipelines, event sourcing, and log aggregation. It is operationally heavy and overkill for simple task queues. It differs from RabbitMQ, which is a traditional broker focused on routing."
Backend,What are the advantages of middleware?,"Middleware keeps cross-cutting logic reusable and separate from business code. It is a function that runs between an incoming request and the final route handler. It is used for logging, authentication, validation, compression, and error handling. It checks a token and rejects unauthenticated requests before reaching the route."
Backend,What are the advantages of database replication?,"Database replication keeps the service running if the primary fails and scales reads. It is the process of copying data from a primary database to one or more replicas. It is different from sharding, which splits data rather than copying it."
Backend,What are common pitfalls with SQL join?,"SQL join can become slow on large tables without proper indexes. It is an operation that combines rows from two tables based on a related column. It lets relational data stay organized without duplicating information. It comes in inner, left, right, and full types, which differ in handling unmatched rows."
Backend,What do you gain by using GraphQL?,"GraphQL avoids over-fetching and under-fetching and gives a strongly typed schema. It is used for apps with complex, nested data and varied client requirements. It complicates caching and rate limiting, and can expose expensive queries without depth limits. It is an alternative to REST, and Apollo is a popular implementation."
Backend,How does database replication help developers?,"Database replication keeps the service running if the primary fails and scales reads. It is the process of copying data from a primary database to one or more replicas. It is used for high availability, backups, and distributing read traffic."
Backend,How would you explain database replication to a beginner?,"Database replication is the process of copying data from a primary database to one or more replicas. It can show replication lag, so replicas may return slightly outdated data. It is different from sharding, which splits data rather than copying it."
Backend,What are the benefits of using OAuth 2.0?,"OAuth 2.0 limits access through scopes and avoids sharing user credentials with third parties. It is an authorization framework that lets apps access resources on a user's behalf without passwords. It is complex to implement correctly, and misconfigured redirects create security holes."
Backend,Why do developers use session authentication?,Session authentication is used in traditional web apps that keep users logged in through cookies. It is a method where the server stores login state and gives the client a session ID. It needs server storage and shared stores when scaling across multiple instances.
Backend,When should you avoid ACID transaction?,"ACID transaction adds locking and coordination overhead that limits scalability. It is a database transaction that guarantees atomicity, consistency, isolation, and durability. It keeps data correct even during failures or concurrent access. It contrasts with BASE systems that favor availability and eventual consistency."
Backend,What problems can session authentication cause?,Session authentication needs server storage and shared stores when scaling across multiple instances. It is a method where the server stores login state and gives the client a session ID. It allows easy revocation because the server controls session data.
Backend,What are the limitations of JWT?,"JWT is hard to revoke before expiry, and storing it unsafely exposes accounts. It is returned after login and sent in the Authorization header as a Bearer token. It is an alternative to server-side sessions and is often used with OAuth 2.0."
Backend,Show a real-world example of API gateway.,"API gateway receives mobile app calls and routes them to user, order, and payment services. It is used in microservice systems to centralize cross-cutting concerns. It simplifies clients and enforces security, throttling, and monitoring in one place. It can become a bottleneck and single point of failure if poorly designed."
Backend,What makes connection pooling valuable?,Connection pooling cuts connection overhead and prevents exhausting database connection limits. It is used so applications avoid opening a new connection for every request. It lets a web server reuse ten open connections to handle thousands of requests. It is provided by tools like PgBouncer and libraries such as HikariCP.
Backend,List the strengths of idempotency.,"Idempotency prevents duplicate charges or records when requests are retried. It is the property that repeating an operation produces the same result as doing it once. It is used in APIs for safe retries, especially for payments. It is built into PUT and DELETE semantics but not POST by default."
Backend,What other concepts are connected to API gateway?,"API gateway is offered by tools like Kong, AWS API Gateway, and Apigee. It is a single entry point that routes, authenticates, and manages API requests to services. It simplifies clients and enforces security, throttling, and monitoring in one place."
Backend,What should I learn alongside ORM?,ORM is an alternative to raw SQL and query builders. It is a library that maps database tables to objects in a programming language. It is used to read and write data without writing raw SQL for everything. It can generate inefficient queries and hides what the database is doing.
Backend,Where is message queue commonly applied?,Message queue is used to decouple services and handle work asynchronously. It is a system that stores messages sent by producers until consumers process them. It smooths traffic spikes and lets services fail without losing tasks. It adds operational complexity and requires handling duplicates and ordering.
Backend,When should you avoid REST API?,REST API can cause over-fetching or multiple round trips when clients need related data. It is an architectural style where resources are exposed through URLs and standard HTTP methods. It is used to let web and mobile clients communicate with servers over HTTP.
Backend,What is an alternative to database migration?,"Database migration is managed by tools like Flyway, Liquibase, and Alembic. It is a versioned script that changes a database schema in a controlled way. It is used to evolve tables and columns across environments safely. It adds a phone column to users with an Alembic or Django migration."
Backend,What are the drawbacks of circuit breaker?,"Circuit breaker needs tuned thresholds, and wrong settings may block healthy calls. It is a pattern that stops calling a failing service after repeated errors. It protects resources and lets failing services recover. It trips after five consecutive timeouts and returns a fallback response."
Backend,How does load balancer help developers?,"Load balancer improves availability and performance, and enables rolling deployments. It can itself become a bottleneck or failure point without redundancy. It sends requests across four application servers using round robin. It is available as hardware or software such as Nginx, HAProxy, and cloud load balancers."
Backend,Why is monolith considered important?,"Monolith is simple to develop, test, deploy, and debug locally. It is an application built and deployed as one single unit. It runs web, billing, and admin code in one deployable application. It can evolve into a modular monolith or microservices when needed."
Backend,What problem does caching solve?,"Caching is used to cut database load and speed up repeated requests. It is the practice of storing frequently used data in fast storage for quick reuse. It stores a computed homepage result for sixty seconds. It can happen at browser, CDN, application, or database layers."
Backend,What problems can REST API cause?,"REST API can cause over-fetching or multiple round trips when clients need related data. It is used to let web and mobile clients communicate with servers over HTTP. It is simple, stateless, cacheable, and works with any client that speaks HTTP."
Backend,In which situations is background job a good choice?,"Background job is used for emails, report generation, and image processing. It is a task run outside the request-response cycle by a worker process. It keeps responses fast and allows retries and scheduling. It is built with Celery, Sidekiq, or BullMQ on top of queues."
Backend,Why do developers use gRPC?,"gRPC is used for fast communication between internal microservices. It offers compact binary messages, streaming, and generated client code. It lets a payment service call an inventory service through a generated stub. It is an alternative to REST and GraphQL for service-to-service calls."
Backend,How is OAuth 2.0 used in practice?,"OAuth 2.0 lets a calendar app read your Google contacts after you approve access. It is used for sign in with Google and granting limited API access. It is complex to implement correctly, and misconfigured redirects create security holes. It is extended by OpenID Connect, which adds authentication identity."
Backend,What problems can API versioning cause?,API versioning multiplies maintenance work when many versions must be supported. It is used to ship breaking changes without disrupting existing clients. It gives clients time to migrate and keeps integrations stable. It exposes /v1/users and /v2/users side by side.
Backend,Explain Redis.,"Redis is an in-memory data store supporting strings, hashes, lists, sets, and more. It is used for caching, sessions, leaderboards, and rate limiting. It is limited by available memory, and persistence settings can risk data loss. It is similar to Memcached but offers richer data structures."
Backend,What is the basic idea behind database normalization?,"Database normalization is the process of organizing tables to reduce redundancy and dependency problems. It is used when designing relational schemas to keep data consistent. It increases the number of joins, which can slow read-heavy queries. It moves customer addresses into a separate table instead of repeating them per order."
Backend,Describe a scenario where Apache Kafka is applied.,"Apache Kafka streams click events from a website to analytics systems. It is a distributed event streaming platform that stores ordered logs of records. It is used for real-time data pipelines, event sourcing, and log aggregation. It is operationally heavy and overkill for simple task queues."
Backend,In which situations is caching a good choice?,"Caching is used to cut database load and speed up repeated requests. It is the practice of storing frequently used data in fast storage for quick reuse. It risks serving stale data and makes invalidation notoriously hard. It can happen at browser, CDN, application, or database layers."
Backend,Define Apache Kafka in simple words.,"Apache Kafka is a distributed event streaming platform that stores ordered logs of records. It is used for real-time data pipelines, event sourcing, and log aggregation. It is operationally heavy and overkill for simple task queues. It differs from RabbitMQ, which is a traditional broker focused on routing."
Backend,What are the advantages of circuit breaker?,"Circuit breaker protects resources and lets failing services recover. It is a pattern that stops calling a failing service after repeated errors. It needs tuned thresholds, and wrong settings may block healthy calls. It trips after five consecutive timeouts and returns a fallback response."
Backend,What problem does rate limiting solve?,"Rate limiting is used to protect APIs from abuse, scraping, and overload. It is a control that caps how many requests a client can make in a time window. It returns HTTP 429 after a user exceeds one hundred requests per minute."
Backend,When should you use circuit breaker?,"Circuit breaker is used in distributed systems to prevent cascading failures. It is a pattern that stops calling a failing service after repeated errors. It needs tuned thresholds, and wrong settings may block healthy calls. It trips after five consecutive timeouts and returns a fallback response."
Backend,Can you give a short overview of webhook?,Webhook is an HTTP callback where a service sends event data to your URL. It is used to receive notifications such as payment completion. It avoids polling and delivers events in near real time. It is the push counterpart of polling an API.
Backend,Why is ACID transaction useful?,"ACID transaction keeps data correct even during failures or concurrent access. It is a database transaction that guarantees atomicity, consistency, isolation, and durability. It transfers money by debiting one account and crediting another, or neither. It contrasts with BASE systems that favor availability and eventual consistency."
Backend,How is N+1 query problem typically used in real projects?,N+1 query problem is detected when ORMs load a list and then access related objects in a loop. It is hard to spot in development because small datasets hide the slowness. It runs one query for fifty posts and fifty more for their authors.
Backend,What is a practical example of database index?,"Database index makes finding a user by email fast after indexing the email column. It is a data structure, often a B-tree, that speeds up row lookups on chosen columns. It is used on columns frequently searched, joined, or sorted. It slows inserts and updates and consumes extra storage."
Backend,What problems can reverse proxy cause?,"Reverse proxy adds a network hop and another component to configure and monitor. It is a server that sits in front of backend servers and forwards client requests. It is used for TLS termination, caching, compression, and routing. It hides internal servers and centralizes security and performance features."
Backend,What problem does API versioning solve?,API versioning is used to ship breaking changes without disrupting existing clients. It gives clients time to migrate and keeps integrations stable. It multiplies maintenance work when many versions must be supported. It exposes /v1/users and /v2/users side by side.
Backend,Walk me through a simple example of stored procedure.,"Stored procedure runs a calculate_invoice procedure with one call from the application. It is a precompiled set of SQL statements stored and executed inside the database. It is harder to version, test, and port between database vendors. It is an alternative to ORM-based logic in application code."
Backend,What is ACID transaction used for?,"ACID transaction is used for operations like payments where partial updates are unacceptable. It is a database transaction that guarantees atomicity, consistency, isolation, and durability. It keeps data correct even during failures or concurrent access. It transfers money by debiting one account and crediting another, or neither."
Backend,Describe a scenario where load balancer is applied.,"Load balancer sends requests across four application servers using round robin. It is used to scale applications and avoid a single point of failure. It can itself become a bottleneck or failure point without redundancy. It is available as hardware or software such as Nginx, HAProxy, and cloud load balancers."
Backend,Give an example of middleware.,"Middleware checks a token and rejects unauthenticated requests before reaching the route. It is a function that runs between an incoming request and the final route handler. It is used for logging, authentication, validation, compression, and error handling. It is a core concept in Express, Django, and FastAPI."
Backend,What problems can database sharding cause?,"Database sharding complicates queries, joins, transactions, and rebalancing when shards grow unevenly. It is the practice of splitting a large database into smaller pieces across servers. It stores users with IDs in different ranges on different database servers. It differs from replication, which copies the same data to multiple servers."
Backend,What other concepts are connected to middleware?,"Middleware is a core concept in Express, Django, and FastAPI. It is used for logging, authentication, validation, compression, and error handling. It keeps cross-cutting logic reusable and separate from business code. It can slow requests if too many layers run, and ordering mistakes cause subtle bugs."
Backend,What makes Redis valuable?,"Redis delivers very low latency and offers expiry and atomic operations. It is an in-memory data store supporting strings, hashes, lists, sets, and more. It is used for caching, sessions, leaderboards, and rate limiting. It is limited by available memory, and persistence settings can risk data loss."
Backend,What makes Nginx valuable?,Nginx handles many concurrent connections efficiently using little memory. It is used to serve static files and route traffic to application servers. It has a configuration syntax that is easy to misconfigure. It terminates HTTPS and proxies requests to a Node.js application.
Backend,Why is Nginx considered important?,Nginx handles many concurrent connections efficiently using little memory. It is a high-performance web server that also works as a reverse proxy and load balancer. It has a configuration syntax that is easy to misconfigure. It terminates HTTPS and proxies requests to a Node.js application.
Backend,What are the benefits of using dependency injection?,Dependency injection lets tests substitute mocks and simplifies swapping implementations. It is a design pattern where objects receive their dependencies instead of creating them. It adds indirection and configuration that can confuse newcomers. It passes a database repository into a service through its constructor.
Backend,How does database index help developers?,"Database index turns slow full table scans into fast lookups, boosting read performance. It is used on columns frequently searched, joined, or sorted. It slows inserts and updates and consumes extra storage. It is analyzed with EXPLAIN plans, and composite indexes cover multiple columns."
Backend,Explain middleware.,"Middleware is a function that runs between an incoming request and the final route handler. It can slow requests if too many layers run, and ordering mistakes cause subtle bugs. It checks a token and rejects unauthenticated requests before reaching the route."
Backend,Can you illustrate connection pooling with an example?,Connection pooling lets a web server reuse ten open connections to handle thousands of requests. It is used so applications avoid opening a new connection for every request. It is provided by tools like PgBouncer and libraries such as HikariCP.
Backend,How does N+1 query problem help developers?,"N+1 query problem becomes cheap to fix with eager loading, giving large speedups. It is a performance issue where one query triggers many extra queries for related records. It is detected when ORMs load a list and then access related objects in a loop."
Backend,How is Docker container typically used in real projects?,"Docker container is used to run software consistently across development and production. It is a lightweight, isolated package containing an application and its dependencies. It removes works-on-my-machine problems and starts much faster than virtual machines. It packages a Flask app and Python runtime into one image."
Backend,Is there a substitute for CAP theorem?,"CAP theorem is extended by PACELC, which also considers latency. It is a principle stating a distributed system cannot guarantee consistency, availability, and partition tolerance simultaneously. It is used to reason about trade-offs when designing distributed databases. It clarifies why systems must choose behavior during network partitions."
Backend,Describe rate limiting briefly.,"Rate limiting is a control that caps how many requests a client can make in a time window. It is used to protect APIs from abuse, scraping, and overload. It returns HTTP 429 after a user exceeds one hundred requests per minute."
Backend,Why do developers use Docker container?,"Docker container is used to run software consistently across development and production. It is a lightweight, isolated package containing an application and its dependencies. It removes works-on-my-machine problems and starts much faster than virtual machines. It is orchestrated at scale by Kubernetes."
Backend,Why is N+1 query problem considered important?,"N+1 query problem becomes cheap to fix with eager loading, giving large speedups. It is a performance issue where one query triggers many extra queries for related records. It is hard to spot in development because small datasets hide the slowness."
Backend,What is related to stored procedure?,"Stored procedure is an alternative to ORM-based logic in application code. It is used to encapsulate business logic and repeated database operations. It reduces network round trips and can improve performance and security. It is harder to version, test, and port between database vendors."
Backend,What is the main purpose of ORM?,ORM is used to read and write data without writing raw SQL for everything. It is a library that maps database tables to objects in a programming language. It can generate inefficient queries and hides what the database is doing.
Backend,Show a real-world example of rate limiting.,"Rate limiting returns HTTP 429 after a user exceeds one hundred requests per minute. It is used to protect APIs from abuse, scraping, and overload. It keeps service available and fair for all users and reduces costs. It can block legitimate bursts if limits are too strict."
Backend,Why do developers use API versioning?,API versioning is used to ship breaking changes without disrupting existing clients. It is the practice of managing changes to an API through distinct versions. It multiplies maintenance work when many versions must be supported. It exposes /v1/users and /v2/users side by side.
Backend,What are the alternatives or companions of session authentication?,"Session authentication contrasts with token-based approaches like JWT, which are stateless. It is a method where the server stores login state and gives the client a session ID. It allows easy revocation because the server controls session data. It needs server storage and shared stores when scaling across multiple instances."
Backend,What are the disadvantages of Apache Kafka?,"Apache Kafka is operationally heavy and overkill for simple task queues. It is a distributed event streaming platform that stores ordered logs of records. It is used for real-time data pipelines, event sourcing, and log aggregation. It differs from RabbitMQ, which is a traditional broker focused on routing."
Backend,How is circuit breaker typically used in real projects?,"Circuit breaker is used in distributed systems to prevent cascading failures. It protects resources and lets failing services recover. It needs tuned thresholds, and wrong settings may block healthy calls. It trips after five consecutive timeouts and returns a fallback response. It is implemented by libraries like Resilience4j and Polly."
Backend,Is there a substitute for rate limiting?,"Rate limiting uses algorithms like token bucket, leaky bucket, and sliding window. It keeps service available and fair for all users and reduces costs. It can block legitimate bursts if limits are too strict. It returns HTTP 429 after a user exceeds one hundred requests per minute."
Backend,List the strengths of database normalization.,"Database normalization prevents update anomalies and saves storage by storing each fact once. It is used when designing relational schemas to keep data consistent. It increases the number of joins, which can slow read-heavy queries. It moves customer addresses into a separate table instead of repeating them per order."
Backend,In which situations is API versioning a good choice?,"API versioning is used to ship breaking changes without disrupting existing clients. It is the practice of managing changes to an API through distinct versions. It multiplies maintenance work when many versions must be supported. It can use URL paths, headers, or query parameters."
Backend,What is Docker container used for?,"Docker container is used to run software consistently across development and production. It is a lightweight, isolated package containing an application and its dependencies. It shares the host kernel, so isolation is weaker than a full virtual machine. It is orchestrated at scale by Kubernetes."
Backend,What is the basic idea behind microservice?,"Microservice is a small independently deployable service responsible for one business capability. It is used in large systems where teams need to scale and deploy separately. It allows independent scaling, technology choices, and fault isolation. It separates payments, inventory, and user accounts into different services."
Backend,Where is eventual consistency commonly applied?,Eventual consistency is used in highly available distributed databases like DynamoDB and Cassandra. It is a model where replicas become consistent over time if no new updates occur. It enables high availability and low latency across regions. It may show stale reads and requires conflict handling.
Backend,When should you avoid circuit breaker?,"Circuit breaker needs tuned thresholds, and wrong settings may block healthy calls. It protects resources and lets failing services recover. It trips after five consecutive timeouts and returns a fallback response. It is implemented by libraries like Resilience4j and Polly."
Backend,Where is cron job commonly applied?,"Cron job is used for backups, cleanups, and periodic reports. It is a scheduled task that runs automatically at specified times on Unix-like systems. It is simple, reliable, and requires no extra services. It is defined by five time fields and managed through crontab."
Backend,In which situations is Nginx a good choice?,Nginx is used to serve static files and route traffic to application servers. It handles many concurrent connections efficiently using little memory. It has a configuration syntax that is easy to misconfigure. It terminates HTTPS and proxies requests to a Node.js application. It competes with Apache and Caddy.
Backend,What are the disadvantages of microservice?,"Microservice adds network complexity, distributed debugging, and data consistency challenges. It is a small independently deployable service responsible for one business capability. It separates payments, inventory, and user accounts into different services. It contrasts with the monolith, which keeps everything in one deployable unit."
Backend,What are the drawbacks of API gateway?,"API gateway can become a bottleneck and single point of failure if poorly designed. It is used in microservice systems to centralize cross-cutting concerns. It simplifies clients and enforces security, throttling, and monitoring in one place. It is offered by tools like Kong, AWS API Gateway, and Apigee."
Backend,How does gRPC help developers?,"gRPC offers compact binary messages, streaming, and generated client code. It is harder to use directly from browsers and to inspect than JSON APIs. It lets a payment service call an inventory service through a generated stub. It is an alternative to REST and GraphQL for service-to-service calls."
Backend,In which situations is cron job a good choice?,"Cron job is used for backups, cleanups, and periodic reports. It is a scheduled task that runs automatically at specified times on Unix-like systems. It is simple, reliable, and requires no extra services. It runs a backup script every night at two in the morning."
Backend,How does Nginx differ from related concepts?,Nginx competes with Apache and Caddy. It is a high-performance web server that also works as a reverse proxy and load balancer. It is used to serve static files and route traffic to application servers. It handles many concurrent connections efficiently using little memory.
Backend,What is the main purpose of Nginx?,Nginx is used to serve static files and route traffic to application servers. It is a high-performance web server that also works as a reverse proxy and load balancer. It terminates HTTPS and proxies requests to a Node.js application. It competes with Apache and Caddy.
Backend,How does CAP theorem compare with similar approaches?,"CAP theorem is extended by PACELC, which also considers latency. It is a principle stating a distributed system cannot guarantee consistency, availability, and partition tolerance simultaneously. It clarifies why systems must choose behavior during network partitions. It explains why a bank database may reject requests rather than risk inconsistency."
Backend,Show a real-world example of CORS.,"CORS lets an app on app.example.com call api.example.com through Access-Control-Allow-Origin. It protects users by blocking unauthorized cross-origin reads by default. It causes confusing errors when headers are misconfigured, and wildcard origins are risky. It is enforced by browsers and not by tools like curl."
Backend,How does API gateway help developers?,"API gateway simplifies clients and enforces security, throttling, and monitoring in one place. It is used in microservice systems to centralize cross-cutting concerns. It can become a bottleneck and single point of failure if poorly designed. It receives mobile app calls and routes them to user, order, and payment services."
Backend,How does CORS differ from related concepts?,CORS is enforced by browsers and not by tools like curl. It is used to allow trusted frontends on other domains to call an API. It protects users by blocking unauthorized cross-origin reads by default. It lets an app on app.example.com call api.example.com through Access-Control-Allow-Origin.
Backend,Show a real-world example of ORM.,"ORM lets Django models or SQLAlchemy classes represent a users table. It is used to read and write data without writing raw SQL for everything. It speeds development, improves portability, and helps prevent SQL injection. It is an alternative to raw SQL and query builders."
Backend,Can you illustrate rate limiting with an example?,Rate limiting returns HTTP 429 after a user exceeds one hundred requests per minute. It is a control that caps how many requests a client can make in a time window. It keeps service available and fair for all users and reduces costs.
Backend,What do you gain by using JWT?,"JWT lets servers verify users without storing sessions, which helps horizontal scaling. It is a compact signed token carrying claims, made of header, payload, and signature. It is used for stateless authentication and passing identity between services. It is hard to revoke before expiry, and storing it unsafely exposes accounts."
Backend,Why is Docker container useful?,Docker container removes works-on-my-machine problems and starts much faster than virtual machines. It is used to run software consistently across development and production. It packages a Flask app and Python runtime into one image. It is orchestrated at scale by Kubernetes.
Backend,Walk me through a simple example of monolith.,"Monolith runs web, billing, and admin code in one deployable application. It is simple to develop, test, deploy, and debug locally. It becomes harder to scale and change as the codebase grows. It can evolve into a modular monolith or microservices when needed."
Backend,How would you explain load balancer to a beginner?,"Load balancer is a component that distributes incoming traffic across multiple servers. It improves availability and performance, and enables rolling deployments. It sends requests across four application servers using round robin. It is available as hardware or software such as Nginx, HAProxy, and cloud load balancers."
Backend,Show a real-world example of stored procedure.,Stored procedure runs a calculate_invoice procedure with one call from the application. It is a precompiled set of SQL statements stored and executed inside the database. It is used to encapsulate business logic and repeated database operations. It reduces network round trips and can improve performance and security.
Backend,How does OAuth 2.0 differ from related concepts?,"OAuth 2.0 is extended by OpenID Connect, which adds authentication identity. It is an authorization framework that lets apps access resources on a user's behalf without passwords. It lets a calendar app read your Google contacts after you approve access."
Backend,What are the disadvantages of GraphQL?,"GraphQL complicates caching and rate limiting, and can expose expensive queries without depth limits. It is used for apps with complex, nested data and varied client requirements. It lets a mobile app request only a user's name and avatar in one call."
Backend,What should you watch out for when using database replication?,"Database replication can show replication lag, so replicas may return slightly outdated data. It is the process of copying data from a primary database to one or more replicas. It is used for high availability, backups, and distributing read traffic."
Backend,How does SQL join differ from related concepts?,"SQL join comes in inner, left, right, and full types, which differ in handling unmatched rows. It is used to query data spread across normalized tables. It can become slow on large tables without proper indexes. It joins orders with customers using customer_id to show buyer names."
Backend,How does stored procedure differ from related concepts?,"Stored procedure is an alternative to ORM-based logic in application code. It reduces network round trips and can improve performance and security. It is harder to version, test, and port between database vendors. It runs a calculate_invoice procedure with one call from the application."
Backend,Where is JWT commonly applied?,"JWT is used for stateless authentication and passing identity between services. It lets servers verify users without storing sessions, which helps horizontal scaling. It is hard to revoke before expiry, and storing it unsafely exposes accounts. It is an alternative to server-side sessions and is often used with OAuth 2.0."
Backend,What other concepts are connected to eventual consistency?,"Eventual consistency contrasts with strong consistency, which makes all reads return the latest write. It is a model where replicas become consistent over time if no new updates occur. It is used in highly available distributed databases like DynamoDB and Cassandra. It may show stale reads and requires conflict handling."
Backend,How is session authentication typically used in real projects?,"Session authentication is used in traditional web apps that keep users logged in through cookies. It sets a session cookie after login and looks up the user on each request. It contrasts with token-based approaches like JWT, which are stateless."
Backend,What should you watch out for when using Nginx?,Nginx has a configuration syntax that is easy to misconfigure. It is a high-performance web server that also works as a reverse proxy and load balancer. It handles many concurrent connections efficiently using little memory. It terminates HTTPS and proxies requests to a Node.js application.
Backend,What are the limitations of monolith?,"Monolith becomes harder to scale and change as the codebase grows. It is used for early-stage products and small teams that need to move quickly. It is simple to develop, test, deploy, and debug locally. It can evolve into a modular monolith or microservices when needed."
Backend,Why is microservice considered important?,"Microservice allows independent scaling, technology choices, and fault isolation. It is a small independently deployable service responsible for one business capability. It separates payments, inventory, and user accounts into different services. It contrasts with the monolith, which keeps everything in one deployable unit."
Backend,Can you illustrate gRPC with an example?,gRPC lets a payment service call an inventory service through a generated stub. It is a high-performance remote procedure call framework using HTTP/2 and Protocol Buffers. It is used for fast communication between internal microservices. It is harder to use directly from browsers and to inspect than JSON APIs.
Backend,What should I learn alongside N+1 query problem?,"N+1 query problem is solved with joins, eager loading, or batching. It is a performance issue where one query triggers many extra queries for related records. It is detected when ORMs load a list and then access related objects in a loop."
Backend,When should you use Docker container?,"Docker container is used to run software consistently across development and production. It is a lightweight, isolated package containing an application and its dependencies. It packages a Flask app and Python runtime into one image. It is orchestrated at scale by Kubernetes."
Backend,Why do developers use stored procedure?,Stored procedure is used to encapsulate business logic and repeated database operations. It is a precompiled set of SQL statements stored and executed inside the database. It runs a calculate_invoice procedure with one call from the application. It is an alternative to ORM-based logic in application code.
Backend,When should you avoid monolith?,"Monolith becomes harder to scale and change as the codebase grows. It is an application built and deployed as one single unit. It is simple to develop, test, deploy, and debug locally. It runs web, billing, and admin code in one deployable application."
Backend,Is there a substitute for session authentication?,"Session authentication contrasts with token-based approaches like JWT, which are stateless. It is a method where the server stores login state and gives the client a session ID. It sets a session cookie after login and looks up the user on each request."
Backend,Describe a scenario where dependency injection is applied.,Dependency injection passes a database repository into a service through its constructor. It is used to decouple components and make code testable. It lets tests substitute mocks and simplifies swapping implementations. It adds indirection and configuration that can confuse newcomers.
Backend,When should you avoid eventual consistency?,"Eventual consistency may show stale reads and requires conflict handling. It is a model where replicas become consistent over time if no new updates occur. It is used in highly available distributed databases like DynamoDB and Cassandra. It contrasts with strong consistency, which makes all reads return the latest write."
Backend,Explain reverse proxy.,"Reverse proxy is a server that sits in front of backend servers and forwards client requests. It is used for TLS termination, caching, compression, and routing. It hides internal servers and centralizes security and performance features. It lets Nginx accept HTTPS traffic and pass it to a local application."
Backend,What is an alternative to middleware?,"Middleware is a core concept in Express, Django, and FastAPI. It is a function that runs between an incoming request and the final route handler. It keeps cross-cutting logic reusable and separate from business code. It can slow requests if too many layers run, and ordering mistakes cause subtle bugs."
Backend,What is the basic idea behind SQL join?,"SQL join is an operation that combines rows from two tables based on a related column. It joins orders with customers using customer_id to show buyer names. It comes in inner, left, right, and full types, which differ in handling unmatched rows."
Backend,When should you use database index?,"Database index is used on columns frequently searched, joined, or sorted. It slows inserts and updates and consumes extra storage. It makes finding a user by email fast after indexing the email column. It is analyzed with EXPLAIN plans, and composite indexes cover multiple columns."
Backend,What is a practical example of API versioning?,API versioning exposes /v1/users and /v2/users side by side. It is the practice of managing changes to an API through distinct versions. It is used to ship breaking changes without disrupting existing clients. It multiplies maintenance work when many versions must be supported.
Backend,Walk me through a simple example of CORS.,CORS lets an app on app.example.com call api.example.com through Access-Control-Allow-Origin. It is used to allow trusted frontends on other domains to call an API. It protects users by blocking unauthorized cross-origin reads by default. It is enforced by browsers and not by tools like curl.
Backend,What should you watch out for when using SQL join?,"SQL join can become slow on large tables without proper indexes. It is used to query data spread across normalized tables. It lets relational data stay organized without duplicating information. It comes in inner, left, right, and full types, which differ in handling unmatched rows."
Backend,What problems can rate limiting cause?,"Rate limiting can block legitimate bursts if limits are too strict. It is used to protect APIs from abuse, scraping, and overload. It keeps service available and fair for all users and reduces costs. It uses algorithms like token bucket, leaky bucket, and sliding window."
Backend,What are the disadvantages of REST API?,REST API can cause over-fetching or multiple round trips when clients need related data. It is an architectural style where resources are exposed through URLs and standard HTTP methods. It uses GET /users/5 to read a user and DELETE /users/5 to remove one.
Backend,What problems can API gateway cause?,"API gateway can become a bottleneck and single point of failure if poorly designed. It receives mobile app calls and routes them to user, order, and payment services. It is offered by tools like Kong, AWS API Gateway, and Apigee."
Backend,What is microservice used for?,"Microservice is used in large systems where teams need to scale and deploy separately. It allows independent scaling, technology choices, and fault isolation. It adds network complexity, distributed debugging, and data consistency challenges. It separates payments, inventory, and user accounts into different services."
Backend,In which situations is database index a good choice?,"Database index is used on columns frequently searched, joined, or sorted. It is a data structure, often a B-tree, that speeds up row lookups on chosen columns. It slows inserts and updates and consumes extra storage. It makes finding a user by email fast after indexing the email column."
Backend,What are the limitations of microservice?,"Microservice adds network complexity, distributed debugging, and data consistency challenges. It is a small independently deployable service responsible for one business capability. It is used in large systems where teams need to scale and deploy separately. It allows independent scaling, technology choices, and fault isolation."
Backend,What are the benefits of using middleware?,"Middleware keeps cross-cutting logic reusable and separate from business code. It can slow requests if too many layers run, and ordering mistakes cause subtle bugs. It checks a token and rejects unauthenticated requests before reaching the route. It is a core concept in Express, Django, and FastAPI."
Backend,What problem does API gateway solve?,"API gateway is used in microservice systems to centralize cross-cutting concerns. It is a single entry point that routes, authenticates, and manages API requests to services. It simplifies clients and enforces security, throttling, and monitoring in one place. It is offered by tools like Kong, AWS API Gateway, and Apigee."
Backend,What is a practical example of Apache Kafka?,"Apache Kafka streams click events from a website to analytics systems. It is a distributed event streaming platform that stores ordered logs of records. It is used for real-time data pipelines, event sourcing, and log aggregation. It differs from RabbitMQ, which is a traditional broker focused on routing."
Backend,How does API gateway compare with similar approaches?,"API gateway is offered by tools like Kong, AWS API Gateway, and Apigee. It is a single entry point that routes, authenticates, and manages API requests to services. It is used in microservice systems to centralize cross-cutting concerns. It simplifies clients and enforces security, throttling, and monitoring in one place."
Backend,How is WebSocket used in practice?,"WebSocket pushes new chat messages to every connected user immediately. It is used for chat, live notifications, multiplayer games, and trading dashboards. It holds connections open, which complicates scaling and load balancing. It differs from HTTP polling and Server-Sent Events, which are one-directional."
Backend,Can you give a short overview of N+1 query problem?,"N+1 query problem is a performance issue where one query triggers many extra queries for related records. It becomes cheap to fix with eager loading, giving large speedups. It runs one query for fifty posts and fifty more for their authors. It is solved with joins, eager loading, or batching."
Backend,What are the benefits of using load balancer?,"Load balancer improves availability and performance, and enables rolling deployments. It is a component that distributes incoming traffic across multiple servers. It is used to scale applications and avoid a single point of failure. It sends requests across four application servers using round robin."
Backend,What other concepts are connected to caching?,"Caching can happen at browser, CDN, application, or database layers. It is the practice of storing frequently used data in fast storage for quick reuse. It lowers latency and cost and helps systems handle traffic spikes. It risks serving stale data and makes invalidation notoriously hard."
Backend,In which situations is gRPC a good choice?,"gRPC is used for fast communication between internal microservices. It is a high-performance remote procedure call framework using HTTP/2 and Protocol Buffers. It offers compact binary messages, streaming, and generated client code. It is harder to use directly from browsers and to inspect than JSON APIs."
Backend,What is the basic idea behind CAP theorem?,"CAP theorem is a principle stating a distributed system cannot guarantee consistency, availability, and partition tolerance simultaneously. It clarifies why systems must choose behavior during network partitions. It is often oversimplified, since real systems offer nuanced trade-offs. It is extended by PACELC, which also considers latency."
Backend,What problems can Docker container cause?,"Docker container shares the host kernel, so isolation is weaker than a full virtual machine. It is used to run software consistently across development and production. It packages a Flask app and Python runtime into one image. It is orchestrated at scale by Kubernetes."
Backend,How is API versioning used in practice?,"API versioning exposes /v1/users and /v2/users side by side. It is the practice of managing changes to an API through distinct versions. It is used to ship breaking changes without disrupting existing clients. It can use URL paths, headers, or query parameters."
Backend,Define monolith in simple words.,"Monolith is an application built and deployed as one single unit. It is used for early-stage products and small teams that need to move quickly. It runs web, billing, and admin code in one deployable application. It can evolve into a modular monolith or microservices when needed."
Backend,How does database sharding compare with similar approaches?,"Database sharding differs from replication, which copies the same data to multiple servers. It is used when a single server can no longer handle data size or traffic. It stores users with IDs in different ranges on different database servers."
Backend,How is ORM used in practice?,"ORM lets Django models or SQLAlchemy classes represent a users table. It is a library that maps database tables to objects in a programming language. It is used to read and write data without writing raw SQL for everything. It speeds development, improves portability, and helps prevent SQL injection."
Backend,What is related to WebSocket?,"WebSocket differs from HTTP polling and Server-Sent Events, which are one-directional. It is used for chat, live notifications, multiplayer games, and trading dashboards. It delivers messages instantly without repeated polling overhead. It pushes new chat messages to every connected user immediately."
Backend,What makes cron job valuable?,"Cron job is simple, reliable, and requires no extra services. It is a scheduled task that runs automatically at specified times on Unix-like systems. It runs a backup script every night at two in the morning. It is defined by five time fields and managed through crontab."
Backend,What are common pitfalls with stored procedure?,"Stored procedure is harder to version, test, and port between database vendors. It is a precompiled set of SQL statements stored and executed inside the database. It is used to encapsulate business logic and repeated database operations. It runs a calculate_invoice procedure with one call from the application."
Backend,Where is API gateway commonly applied?,"API gateway is used in microservice systems to centralize cross-cutting concerns. It simplifies clients and enforces security, throttling, and monitoring in one place. It can become a bottleneck and single point of failure if poorly designed. It is offered by tools like Kong, AWS API Gateway, and Apigee."
Backend,What is the main purpose of connection pooling?,Connection pooling is used so applications avoid opening a new connection for every request. It lets a web server reuse ten open connections to handle thousands of requests. It is provided by tools like PgBouncer and libraries such as HikariCP.
Backend,How does database normalization compare with similar approaches?,"Database normalization is balanced against denormalization, which duplicates data for faster reads. It prevents update anomalies and saves storage by storing each fact once. It increases the number of joins, which can slow read-heavy queries. It moves customer addresses into a separate table instead of repeating them per order."
Backend,What are common pitfalls with database sharding?,"Database sharding complicates queries, joins, transactions, and rebalancing when shards grow unevenly. It is the practice of splitting a large database into smaller pieces across servers. It scales storage and write throughput horizontally. It differs from replication, which copies the same data to multiple servers."
Backend,Can you give a short overview of gRPC?,"gRPC is a high-performance remote procedure call framework using HTTP/2 and Protocol Buffers. It is used for fast communication between internal microservices. It offers compact binary messages, streaming, and generated client code. It is an alternative to REST and GraphQL for service-to-service calls."
Backend,Where have you seen database normalization in action?,"Database normalization moves customer addresses into a separate table instead of repeating them per order. It prevents update anomalies and saves storage by storing each fact once. It increases the number of joins, which can slow read-heavy queries. It is balanced against denormalization, which duplicates data for faster reads."
Backend,Describe database normalization briefly.,"Database normalization is the process of organizing tables to reduce redundancy and dependency problems. It is used when designing relational schemas to keep data consistent. It prevents update anomalies and saves storage by storing each fact once. It increases the number of joins, which can slow read-heavy queries."
Backend,What problem does Nginx solve?,Nginx is used to serve static files and route traffic to application servers. It is a high-performance web server that also works as a reverse proxy and load balancer. It handles many concurrent connections efficiently using little memory. It terminates HTTPS and proxies requests to a Node.js application.
Backend,What is a practical example of middleware?,"Middleware checks a token and rejects unauthenticated requests before reaching the route. It is a function that runs between an incoming request and the final route handler. It is used for logging, authentication, validation, compression, and error handling. It keeps cross-cutting logic reusable and separate from business code."
Backend,Walk me through a simple example of background job.,"Background job resizes uploaded images with a Celery worker after the upload completes. It is a task run outside the request-response cycle by a worker process. It needs monitoring, and failed or duplicate jobs must be handled. It is built with Celery, Sidekiq, or BullMQ on top of queues."
Backend,What is the main purpose of microservice?,"Microservice is used in large systems where teams need to scale and deploy separately. It is a small independently deployable service responsible for one business capability. It adds network complexity, distributed debugging, and data consistency challenges. It separates payments, inventory, and user accounts into different services."
Backend,What is session authentication used for?,Session authentication is used in traditional web apps that keep users logged in through cookies. It allows easy revocation because the server controls session data. It sets a session cookie after login and looks up the user on each request.
Backend,What are common pitfalls with pagination?,"Pagination can show duplicates or gaps when data changes, and deep offsets get slow. It is used for lists, feeds, and search results. It reduces response size, memory use, and load times. It returns twenty items per request with a next cursor token. It comes as offset-based or cursor-based styles."
Backend,Where have you seen dependency injection in action?,Dependency injection passes a database repository into a service through its constructor. It is a design pattern where objects receive their dependencies instead of creating them. It is used to decouple components and make code testable. It adds indirection and configuration that can confuse newcomers.
Backend,How does REST API help developers?,"REST API is simple, stateless, cacheable, and works with any client that speaks HTTP. It is an architectural style where resources are exposed through URLs and standard HTTP methods. It is often compared with GraphQL and gRPC for service communication."
Backend,Show a real-world example of REST API.,REST API uses GET /users/5 to read a user and DELETE /users/5 to remove one. It is an architectural style where resources are exposed through URLs and standard HTTP methods. It can cause over-fetching or multiple round trips when clients need related data.
Backend,How does middleware help developers?,"Middleware keeps cross-cutting logic reusable and separate from business code. It is used for logging, authentication, validation, compression, and error handling. It can slow requests if too many layers run, and ordering mistakes cause subtle bugs. It checks a token and rejects unauthenticated requests before reaching the route."
Backend,Where is monolith commonly applied?,"Monolith is used for early-stage products and small teams that need to move quickly. It is an application built and deployed as one single unit. It is simple to develop, test, deploy, and debug locally. It becomes harder to scale and change as the codebase grows."
Backend,What problem does monolith solve?,"Monolith is used for early-stage products and small teams that need to move quickly. It is an application built and deployed as one single unit. It becomes harder to scale and change as the codebase grows. It runs web, billing, and admin code in one deployable application."
Backend,Why is database index considered important?,"Database index turns slow full table scans into fast lookups, boosting read performance. It is used on columns frequently searched, joined, or sorted. It slows inserts and updates and consumes extra storage. It makes finding a user by email fast after indexing the email column."
Backend,List the strengths of CAP theorem.,"CAP theorem clarifies why systems must choose behavior during network partitions. It is a principle stating a distributed system cannot guarantee consistency, availability, and partition tolerance simultaneously. It explains why a bank database may reject requests rather than risk inconsistency. It is extended by PACELC, which also considers latency."
Backend,How does pagination compare with similar approaches?,"Pagination comes as offset-based or cursor-based styles. It is the practice of returning large result sets in smaller pages. It is used for lists, feeds, and search results. It reduces response size, memory use, and load times. It returns twenty items per request with a next cursor token."
Backend,Describe circuit breaker briefly.,Circuit breaker is a pattern that stops calling a failing service after repeated errors. It protects resources and lets failing services recover. It trips after five consecutive timeouts and returns a fallback response. It is implemented by libraries like Resilience4j and Polly.
Backend,Why do developers use CORS?,CORS is used to allow trusted frontends on other domains to call an API. It is a browser security mechanism controlling which origins can request a server's resources. It protects users by blocking unauthorized cross-origin reads by default. It lets an app on app.example.com call api.example.com through Access-Control-Allow-Origin.
Backend,Is there a substitute for CORS?,"CORS is enforced by browsers and not by tools like curl. It is a browser security mechanism controlling which origins can request a server's resources. It protects users by blocking unauthorized cross-origin reads by default. It causes confusing errors when headers are misconfigured, and wildcard origins are risky."
Backend,Define database index in simple words.,"Database index is a data structure, often a B-tree, that speeds up row lookups on chosen columns. It is used on columns frequently searched, joined, or sorted. It slows inserts and updates and consumes extra storage. It is analyzed with EXPLAIN plans, and composite indexes cover multiple columns."
Backend,Where have you seen pagination in action?,"Pagination returns twenty items per request with a next cursor token. It is the practice of returning large result sets in smaller pages. It is used for lists, feeds, and search results. It can show duplicates or gaps when data changes, and deep offsets get slow."
Backend,How does eventual consistency help developers?,Eventual consistency enables high availability and low latency across regions. It is a model where replicas become consistent over time if no new updates occur. It lets a social media like count appear different for a moment on two servers.
Backend,Explain CORS.,"CORS is a browser security mechanism controlling which origins can request a server's resources. It protects users by blocking unauthorized cross-origin reads by default. It causes confusing errors when headers are misconfigured, and wildcard origins are risky. It is enforced by browsers and not by tools like curl."
Backend,Where have you seen webhook in action?,"Webhook lets Stripe notify your server when a payment succeeds. It is an HTTP callback where a service sends event data to your URL. It is used to receive notifications such as payment completion. It needs signature verification, retries, and idempotent handling."
Backend,How does REST API differ from related concepts?,"REST API is often compared with GraphQL and gRPC for service communication. It is an architectural style where resources are exposed through URLs and standard HTTP methods. It is simple, stateless, cacheable, and works with any client that speaks HTTP."
Backend,What problem does middleware solve?,"Middleware is used for logging, authentication, validation, compression, and error handling. It is a function that runs between an incoming request and the final route handler. It checks a token and rejects unauthenticated requests before reaching the route. It is a core concept in Express, Django, and FastAPI."
Backend,What does SQL join mean?,SQL join is an operation that combines rows from two tables based on a related column. It is used to query data spread across normalized tables. It can become slow on large tables without proper indexes. It joins orders with customers using customer_id to show buyer names.
Backend,What are the disadvantages of database index?,"Database index slows inserts and updates and consumes extra storage. It is a data structure, often a B-tree, that speeds up row lookups on chosen columns. It turns slow full table scans into fast lookups, boosting read performance. It is analyzed with EXPLAIN plans, and composite indexes cover multiple columns."
Backend,What is a practical example of dependency injection?,"Dependency injection passes a database repository into a service through its constructor. It is a design pattern where objects receive their dependencies instead of creating them. It is used to decouple components and make code testable. It is supported by Spring, NestJS, and FastAPI's Depends."
Backend,List the strengths of gRPC.,"gRPC offers compact binary messages, streaming, and generated client code. It is used for fast communication between internal microservices. It is harder to use directly from browsers and to inspect than JSON APIs. It is an alternative to REST and GraphQL for service-to-service calls."
Backend,What are common pitfalls with background job?,"Background job needs monitoring, and failed or duplicate jobs must be handled. It is a task run outside the request-response cycle by a worker process. It keeps responses fast and allows retries and scheduling. It resizes uploaded images with a Celery worker after the upload completes."
Backend,How does circuit breaker help developers?,Circuit breaker protects resources and lets failing services recover. It is a pattern that stops calling a failing service after repeated errors. It is used in distributed systems to prevent cascading failures. It is implemented by libraries like Resilience4j and Polly.
Backend,What are the disadvantages of load balancer?,Load balancer can itself become a bottleneck or failure point without redundancy. It is a component that distributes incoming traffic across multiple servers. It is used to scale applications and avoid a single point of failure. It sends requests across four application servers using round robin.
Backend,Show a real-world example of message queue.,Message queue queues email jobs so the web request returns immediately. It is a system that stores messages sent by producers until consumers process them. It is used to decouple services and handle work asynchronously. It smooths traffic spikes and lets services fail without losing tasks.
Backend,What should you watch out for when using dependency injection?,Dependency injection adds indirection and configuration that can confuse newcomers. It is a design pattern where objects receive their dependencies instead of creating them. It lets tests substitute mocks and simplifies swapping implementations. It passes a database repository into a service through its constructor.
Backend,What is Nginx?,Nginx is a high-performance web server that also works as a reverse proxy and load balancer. It is used to serve static files and route traffic to application servers. It handles many concurrent connections efficiently using little memory. It competes with Apache and Caddy.
Backend,What do you gain by using OAuth 2.0?,"OAuth 2.0 limits access through scopes and avoids sharing user credentials with third parties. It is used for sign in with Google and granting limited API access. It is complex to implement correctly, and misconfigured redirects create security holes. It is extended by OpenID Connect, which adds authentication identity."
Backend,What are the alternatives or companions of ORM?,"ORM is an alternative to raw SQL and query builders. It is used to read and write data without writing raw SQL for everything. It speeds development, improves portability, and helps prevent SQL injection. It lets Django models or SQLAlchemy classes represent a users table."
Backend,How does idempotency differ from related concepts?,"Idempotency is built into PUT and DELETE semantics but not POST by default. It is the property that repeating an operation produces the same result as doing it once. It is used in APIs for safe retries, especially for payments."
Backend,When should you avoid CAP theorem?,"CAP theorem is often oversimplified, since real systems offer nuanced trade-offs. It is a principle stating a distributed system cannot guarantee consistency, availability, and partition tolerance simultaneously. It explains why a bank database may reject requests rather than risk inconsistency. It is extended by PACELC, which also considers latency."
Backend,What problems can stored procedure cause?,"Stored procedure is harder to version, test, and port between database vendors. It is used to encapsulate business logic and repeated database operations. It reduces network round trips and can improve performance and security. It runs a calculate_invoice procedure with one call from the application."
Backend,What makes SQL join valuable?,SQL join lets relational data stay organized without duplicating information. It is an operation that combines rows from two tables based on a related column. It is used to query data spread across normalized tables. It joins orders with customers using customer_id to show buyer names.
Backend,What problem does reverse proxy solve?,"Reverse proxy is used for TLS termination, caching, compression, and routing. It is a server that sits in front of backend servers and forwards client requests. It hides internal servers and centralizes security and performance features. It differs from a forward proxy, which represents clients instead of servers."
Backend,How is database normalization typically used in real projects?,"Database normalization is used when designing relational schemas to keep data consistent. It is the process of organizing tables to reduce redundancy and dependency problems. It prevents update anomalies and saves storage by storing each fact once. It increases the number of joins, which can slow read-heavy queries."
Backend,What is an alternative to background job?,"Background job is built with Celery, Sidekiq, or BullMQ on top of queues. It is a task run outside the request-response cycle by a worker process. It keeps responses fast and allows retries and scheduling. It resizes uploaded images with a Celery worker after the upload completes."
Backend,When should you use dependency injection?,Dependency injection is used to decouple components and make code testable. It is a design pattern where objects receive their dependencies instead of creating them. It lets tests substitute mocks and simplifies swapping implementations. It adds indirection and configuration that can confuse newcomers.
Backend,Where is Docker container commonly applied?,Docker container is used to run software consistently across development and production. It removes works-on-my-machine problems and starts much faster than virtual machines. It packages a Flask app and Python runtime into one image. It is orchestrated at scale by Kubernetes.
Backend,What are the benefits of using message queue?,"Message queue smooths traffic spikes and lets services fail without losing tasks. It is used to decouple services and handle work asynchronously. It adds operational complexity and requires handling duplicates and ordering. It queues email jobs so the web request returns immediately. It is implemented by RabbitMQ, SQS, and Kafka."
Backend,What other concepts are connected to session authentication?,"Session authentication contrasts with token-based approaches like JWT, which are stateless. It is a method where the server stores login state and gives the client a session ID. It needs server storage and shared stores when scaling across multiple instances."
Backend,What is N+1 query problem?,"N+1 query problem is a performance issue where one query triggers many extra queries for related records. It becomes cheap to fix with eager loading, giving large speedups. It runs one query for fifty posts and fifty more for their authors."
Backend,How does OAuth 2.0 help developers?,"OAuth 2.0 limits access through scopes and avoids sharing user credentials with third parties. It is complex to implement correctly, and misconfigured redirects create security holes. It lets a calendar app read your Google contacts after you approve access. It is extended by OpenID Connect, which adds authentication identity."
Backend,In which situations is pagination a good choice?,"Pagination is used for lists, feeds, and search results. It reduces response size, memory use, and load times. It can show duplicates or gaps when data changes, and deep offsets get slow. It returns twenty items per request with a next cursor token. It comes as offset-based or cursor-based styles."
Backend,What should I learn alongside Docker container?,Docker container is orchestrated at scale by Kubernetes. It is used to run software consistently across development and production. It removes works-on-my-machine problems and starts much faster than virtual machines. It packages a Flask app and Python runtime into one image.
Backend,What do you gain by using caching?,"Caching lowers latency and cost and helps systems handle traffic spikes. It is used to cut database load and speed up repeated requests. It risks serving stale data and makes invalidation notoriously hard. It can happen at browser, CDN, application, or database layers."
Backend,Show a real-world example of pagination.,"Pagination returns twenty items per request with a next cursor token. It is the practice of returning large result sets in smaller pages. It can show duplicates or gaps when data changes, and deep offsets get slow. It comes as offset-based or cursor-based styles."
Backend,In which situations is reverse proxy a good choice?,"Reverse proxy is used for TLS termination, caching, compression, and routing. It hides internal servers and centralizes security and performance features. It adds a network hop and another component to configure and monitor. It differs from a forward proxy, which represents clients instead of servers."
Backend,What is database indexing?,"A database index is a data structure, usually a B-tree, that lets the database locate rows quickly without scanning the whole table. It speeds up read queries on indexed columns but adds storage overhead and slows writes, since the index must be updated on every insert, update, or delete."
Backend,What is related to CORS?,CORS is enforced by browsers and not by tools like curl. It is a browser security mechanism controlling which origins can request a server's resources. It is used to allow trusted frontends on other domains to call an API. It lets an app on app.example.com call api.example.com through Access-Control-Allow-Origin.
Backend,Why is idempotency considered important?,"Idempotency prevents duplicate charges or records when requests are retried. It is used in APIs for safe retries, especially for payments. It requires storing keys or state and careful design for each endpoint. It is built into PUT and DELETE semantics but not POST by default."
Backend,What makes reverse proxy valuable?,"Reverse proxy hides internal servers and centralizes security and performance features. It is used for TLS termination, caching, compression, and routing. It adds a network hop and another component to configure and monitor. It lets Nginx accept HTTPS traffic and pass it to a local application."
Backend,What are the limitations of database normalization?,"Database normalization increases the number of joins, which can slow read-heavy queries. It is the process of organizing tables to reduce redundancy and dependency problems. It prevents update anomalies and saves storage by storing each fact once. It is balanced against denormalization, which duplicates data for faster reads."
Backend,Where is caching commonly applied?,"Caching is used to cut database load and speed up repeated requests. It risks serving stale data and makes invalidation notoriously hard. It stores a computed homepage result for sixty seconds. It can happen at browser, CDN, application, or database layers."
Backend,When should you use database normalization?,"Database normalization is used when designing relational schemas to keep data consistent. It is the process of organizing tables to reduce redundancy and dependency problems. It increases the number of joins, which can slow read-heavy queries. It is balanced against denormalization, which duplicates data for faster reads."
Backend,How does load balancer compare with similar approaches?,"Load balancer is available as hardware or software such as Nginx, HAProxy, and cloud load balancers. It is a component that distributes incoming traffic across multiple servers. It is used to scale applications and avoid a single point of failure. It improves availability and performance, and enables rolling deployments."
Backend,What problem does gRPC solve?,gRPC is used for fast communication between internal microservices. It is a high-performance remote procedure call framework using HTTP/2 and Protocol Buffers. It is harder to use directly from browsers and to inspect than JSON APIs. It is an alternative to REST and GraphQL for service-to-service calls.
Backend,Why do developers use webhook?,"Webhook is used to receive notifications such as payment completion. It is an HTTP callback where a service sends event data to your URL. It avoids polling and delivers events in near real time. It needs signature verification, retries, and idempotent handling."
Backend,Where is ACID transaction commonly applied?,"ACID transaction is used for operations like payments where partial updates are unacceptable. It keeps data correct even during failures or concurrent access. It transfers money by debiting one account and crediting another, or neither. It contrasts with BASE systems that favor availability and eventual consistency."
Backend,Where is OAuth 2.0 commonly applied?,OAuth 2.0 is used for sign in with Google and granting limited API access. It is an authorization framework that lets apps access resources on a user's behalf without passwords. It limits access through scopes and avoids sharing user credentials with third parties.
Backend,Why is Redis useful?,"Redis delivers very low latency and offers expiry and atomic operations. It is used for caching, sessions, leaderboards, and rate limiting. It is limited by available memory, and persistence settings can risk data loss. It stores session data with a 30 minute expiry."
Backend,How is caching used in practice?,"Caching stores a computed homepage result for sixty seconds. It is used to cut database load and speed up repeated requests. It risks serving stale data and makes invalidation notoriously hard. It can happen at browser, CDN, application, or database layers."
Backend,Give an example of dependency injection.,"Dependency injection passes a database repository into a service through its constructor. It is used to decouple components and make code testable. It lets tests substitute mocks and simplifies swapping implementations. It adds indirection and configuration that can confuse newcomers. It is supported by Spring, NestJS, and FastAPI's Depends."
Backend,How is Nginx typically used in real projects?,Nginx is used to serve static files and route traffic to application servers. It is a high-performance web server that also works as a reverse proxy and load balancer. It has a configuration syntax that is easy to misconfigure. It competes with Apache and Caddy.
Backend,What other concepts are connected to rate limiting?,"Rate limiting uses algorithms like token bucket, leaky bucket, and sliding window. It is used to protect APIs from abuse, scraping, and overload. It can block legitimate bursts if limits are too strict. It returns HTTP 429 after a user exceeds one hundred requests per minute."
Backend,What are the drawbacks of caching?,"Caching risks serving stale data and makes invalidation notoriously hard. It is the practice of storing frequently used data in fast storage for quick reuse. It lowers latency and cost and helps systems handle traffic spikes. It can happen at browser, CDN, application, or database layers."
Backend,What are the downsides of CORS?,"CORS causes confusing errors when headers are misconfigured, and wildcard origins are risky. It is used to allow trusted frontends on other domains to call an API. It lets an app on app.example.com call api.example.com through Access-Control-Allow-Origin. It is enforced by browsers and not by tools like curl."
Backend,What are the benefits of using database migration?,"Database migration makes schema changes repeatable, reviewable, and reversible. It is used to evolve tables and columns across environments safely. It can lock tables or lose data if applied carelessly on large production systems. It is managed by tools like Flyway, Liquibase, and Alembic."
Backend,What does database normalization mean?,"Database normalization is the process of organizing tables to reduce redundancy and dependency problems. It increases the number of joins, which can slow read-heavy queries. It moves customer addresses into a separate table instead of repeating them per order. It is balanced against denormalization, which duplicates data for faster reads."
Backend,What is related to database sharding?,"Database sharding differs from replication, which copies the same data to multiple servers. It is the practice of splitting a large database into smaller pieces across servers. It scales storage and write throughput horizontally. It complicates queries, joins, transactions, and rebalancing when shards grow unevenly."
Backend,What are the alternatives or companions of load balancer?,"Load balancer is available as hardware or software such as Nginx, HAProxy, and cloud load balancers. It is a component that distributes incoming traffic across multiple servers. It is used to scale applications and avoid a single point of failure."
Backend,Can you illustrate database replication with an example?,"Database replication sends all writes to a primary and dashboard reads to a replica. It is used for high availability, backups, and distributing read traffic. It keeps the service running if the primary fails and scales reads. It is different from sharding, which splits data rather than copying it."
Backend,What are common pitfalls with Docker container?,"Docker container shares the host kernel, so isolation is weaker than a full virtual machine. It is a lightweight, isolated package containing an application and its dependencies. It is used to run software consistently across development and production. It is orchestrated at scale by Kubernetes."
Backend,What are the alternatives or companions of REST API?,REST API is often compared with GraphQL and gRPC for service communication. It is an architectural style where resources are exposed through URLs and standard HTTP methods. It is used to let web and mobile clients communicate with servers over HTTP.
Backend,Explain GraphQL.,"GraphQL is a query language where clients request exactly the fields they need from one endpoint. It is used for apps with complex, nested data and varied client requirements. It complicates caching and rate limiting, and can expose expensive queries without depth limits."
Backend,How would you explain CAP theorem to a beginner?,"CAP theorem is a principle stating a distributed system cannot guarantee consistency, availability, and partition tolerance simultaneously. It is used to reason about trade-offs when designing distributed databases. It explains why a bank database may reject requests rather than risk inconsistency."
Backend,What is the main purpose of CAP theorem?,"CAP theorem is used to reason about trade-offs when designing distributed databases. It is a principle stating a distributed system cannot guarantee consistency, availability, and partition tolerance simultaneously. It clarifies why systems must choose behavior during network partitions. It is often oversimplified, since real systems offer nuanced trade-offs."
Backend,What is related to reverse proxy?,"Reverse proxy differs from a forward proxy, which represents clients instead of servers. It is a server that sits in front of backend servers and forwards client requests. It is used for TLS termination, caching, compression, and routing. It hides internal servers and centralizes security and performance features."
Backend,Is there a substitute for API gateway?,"API gateway is offered by tools like Kong, AWS API Gateway, and Apigee. It is used in microservice systems to centralize cross-cutting concerns. It simplifies clients and enforces security, throttling, and monitoring in one place. It receives mobile app calls and routes them to user, order, and payment services."
Backend,What are the advantages of database normalization?,"Database normalization prevents update anomalies and saves storage by storing each fact once. It is used when designing relational schemas to keep data consistent. It increases the number of joins, which can slow read-heavy queries. It is balanced against denormalization, which duplicates data for faster reads."
Backend,What do you gain by using ACID transaction?,"ACID transaction keeps data correct even during failures or concurrent access. It is used for operations like payments where partial updates are unacceptable. It adds locking and coordination overhead that limits scalability. It transfers money by debiting one account and crediting another, or neither."
Backend,Describe Nginx briefly.,Nginx is a high-performance web server that also works as a reverse proxy and load balancer. It handles many concurrent connections efficiently using little memory. It has a configuration syntax that is easy to misconfigure. It competes with Apache and Caddy.
Backend,List the strengths of API versioning.,"API versioning gives clients time to migrate and keeps integrations stable. It is used to ship breaking changes without disrupting existing clients. It multiplies maintenance work when many versions must be supported. It exposes /v1/users and /v2/users side by side. It can use URL paths, headers, or query parameters."
Backend,Describe API versioning briefly.,"API versioning is the practice of managing changes to an API through distinct versions. It gives clients time to migrate and keeps integrations stable. It exposes /v1/users and /v2/users side by side. It can use URL paths, headers, or query parameters."
Backend,What are the limitations of CAP theorem?,"CAP theorem is often oversimplified, since real systems offer nuanced trade-offs. It is used to reason about trade-offs when designing distributed databases. It clarifies why systems must choose behavior during network partitions. It is extended by PACELC, which also considers latency."
Backend,Explain database sharding.,"Database sharding is the practice of splitting a large database into smaller pieces across servers. It complicates queries, joins, transactions, and rebalancing when shards grow unevenly. It stores users with IDs in different ranges on different database servers. It differs from replication, which copies the same data to multiple servers."
Backend,Where is Nginx commonly applied?,Nginx is used to serve static files and route traffic to application servers. It is a high-performance web server that also works as a reverse proxy and load balancer. It has a configuration syntax that is easy to misconfigure. It terminates HTTPS and proxies requests to a Node.js application.
Backend,How would you explain database normalization to a beginner?,Database normalization is the process of organizing tables to reduce redundancy and dependency problems. It prevents update anomalies and saves storage by storing each fact once. It moves customer addresses into a separate table instead of repeating them per order.
Backend,When should you use cron job?,"Cron job is used for backups, cleanups, and periodic reports. It is simple, reliable, and requires no extra services. It runs a backup script every night at two in the morning. It is defined by five time fields and managed through crontab."
Backend,Why is Docker container considered important?,"Docker container removes works-on-my-machine problems and starts much faster than virtual machines. It is a lightweight, isolated package containing an application and its dependencies. It is used to run software consistently across development and production. It packages a Flask app and Python runtime into one image."
Backend,List the strengths of Nginx.,Nginx handles many concurrent connections efficiently using little memory. It is a high-performance web server that also works as a reverse proxy and load balancer. It is used to serve static files and route traffic to application servers. It terminates HTTPS and proxies requests to a Node.js application.
Backend,What are the alternatives or companions of CORS?,"CORS is enforced by browsers and not by tools like curl. It protects users by blocking unauthorized cross-origin reads by default. It causes confusing errors when headers are misconfigured, and wildcard origins are risky. It lets an app on app.example.com call api.example.com through Access-Control-Allow-Origin."
Backend,What should you watch out for when using gRPC?,"gRPC is harder to use directly from browsers and to inspect than JSON APIs. It offers compact binary messages, streaming, and generated client code. It lets a payment service call an inventory service through a generated stub. It is an alternative to REST and GraphQL for service-to-service calls."
Backend,What are the alternatives or companions of idempotency?,"Idempotency is built into PUT and DELETE semantics but not POST by default. It is used in APIs for safe retries, especially for payments. It prevents duplicate charges or records when requests are retried. It makes sending the same payment request with one idempotency key charge once."
Backend,How does ORM compare with similar approaches?,ORM is an alternative to raw SQL and query builders. It is a library that maps database tables to objects in a programming language. It can generate inefficient queries and hides what the database is doing. It lets Django models or SQLAlchemy classes represent a users table.
Backend,In which situations is API gateway a good choice?,"API gateway is used in microservice systems to centralize cross-cutting concerns. It simplifies clients and enforces security, throttling, and monitoring in one place. It receives mobile app calls and routes them to user, order, and payment services. It is offered by tools like Kong, AWS API Gateway, and Apigee."
Backend,What does Docker container mean?,"Docker container is a lightweight, isolated package containing an application and its dependencies. It removes works-on-my-machine problems and starts much faster than virtual machines. It packages a Flask app and Python runtime into one image. It is orchestrated at scale by Kubernetes."
Backend,What should I learn alongside microservice?,"Microservice contrasts with the monolith, which keeps everything in one deployable unit. It is a small independently deployable service responsible for one business capability. It is used in large systems where teams need to scale and deploy separately. It adds network complexity, distributed debugging, and data consistency challenges."
Backend,What are common pitfalls with microservice?,"Microservice adds network complexity, distributed debugging, and data consistency challenges. It is used in large systems where teams need to scale and deploy separately. It separates payments, inventory, and user accounts into different services. It contrasts with the monolith, which keeps everything in one deployable unit."
Backend,How is ACID transaction typically used in real projects?,"ACID transaction is used for operations like payments where partial updates are unacceptable. It keeps data correct even during failures or concurrent access. It adds locking and coordination overhead that limits scalability. It transfers money by debiting one account and crediting another, or neither."
Backend,What is a practical example of cron job?,"Cron job runs a backup script every night at two in the morning. It is a scheduled task that runs automatically at specified times on Unix-like systems. It is used for backups, cleanups, and periodic reports. It is simple, reliable, and requires no extra services."
Backend,What are the alternatives or companions of caching?,"Caching can happen at browser, CDN, application, or database layers. It is the practice of storing frequently used data in fast storage for quick reuse. It lowers latency and cost and helps systems handle traffic spikes. It stores a computed homepage result for sixty seconds."
Backend,What should I learn alongside database index?,"Database index is analyzed with EXPLAIN plans, and composite indexes cover multiple columns. It is a data structure, often a B-tree, that speeds up row lookups on chosen columns. It is used on columns frequently searched, joined, or sorted. It slows inserts and updates and consumes extra storage."
Backend,Why is Redis considered important?,"Redis delivers very low latency and offers expiry and atomic operations. It is limited by available memory, and persistence settings can risk data loss. It stores session data with a 30 minute expiry. It is similar to Memcached but offers richer data structures."
Backend,What should I learn alongside API gateway?,"API gateway is offered by tools like Kong, AWS API Gateway, and Apigee. It is a single entry point that routes, authenticates, and manages API requests to services. It can become a bottleneck and single point of failure if poorly designed."
Backend,What should I learn alongside database sharding?,"Database sharding differs from replication, which copies the same data to multiple servers. It is used when a single server can no longer handle data size or traffic. It scales storage and write throughput horizontally. It complicates queries, joins, transactions, and rebalancing when shards grow unevenly."
Backend,What are the limitations of database migration?,"Database migration can lock tables or lose data if applied carelessly on large production systems. It is used to evolve tables and columns across environments safely. It makes schema changes repeatable, reviewable, and reversible. It adds a phone column to users with an Alembic or Django migration."
Backend,Give an example of OAuth 2.0.,OAuth 2.0 lets a calendar app read your Google contacts after you approve access. It is an authorization framework that lets apps access resources on a user's behalf without passwords. It is used for sign in with Google and granting limited API access.
Backend,Why do developers use pagination?,"Pagination is used for lists, feeds, and search results. It reduces response size, memory use, and load times. It can show duplicates or gaps when data changes, and deep offsets get slow. It returns twenty items per request with a next cursor token."
Backend,What are the limitations of connection pooling?,"Connection pooling needs careful sizing, because too many or too few connections hurt performance. It is a technique that keeps a set of reusable database connections open. It cuts connection overhead and prevents exhausting database connection limits. It is provided by tools like PgBouncer and libraries such as HikariCP."
Backend,What is webhook?,"Webhook is an HTTP callback where a service sends event data to your URL. It avoids polling and delivers events in near real time. It needs signature verification, retries, and idempotent handling. It is the push counterpart of polling an API."
Backend,What is cron job used for?,"Cron job is used for backups, cleanups, and periodic reports. It is simple, reliable, and requires no extra services. It is hard to monitor and can overlap or silently fail. It is defined by five time fields and managed through crontab."
Backend,What should I learn alongside REST API?,REST API is often compared with GraphQL and gRPC for service communication. It is used to let web and mobile clients communicate with servers over HTTP. It uses GET /users/5 to read a user and DELETE /users/5 to remove one.
Backend,What is monolith?,"Monolith is an application built and deployed as one single unit. It becomes harder to scale and change as the codebase grows. It runs web, billing, and admin code in one deployable application. It can evolve into a modular monolith or microservices when needed."
Backend,In which situations is database migration a good choice?,"Database migration is used to evolve tables and columns across environments safely. It makes schema changes repeatable, reviewable, and reversible. It adds a phone column to users with an Alembic or Django migration. It is managed by tools like Flyway, Liquibase, and Alembic."
Backend,What does database index mean?,"Database index is a data structure, often a B-tree, that speeds up row lookups on chosen columns. It turns slow full table scans into fast lookups, boosting read performance. It makes finding a user by email fast after indexing the email column."
Backend,How is eventual consistency typically used in real projects?,"Eventual consistency is used in highly available distributed databases like DynamoDB and Cassandra. It is a model where replicas become consistent over time if no new updates occur. It contrasts with strong consistency, which makes all reads return the latest write."
Backend,Why is microservice useful?,"Microservice allows independent scaling, technology choices, and fault isolation. It is a small independently deployable service responsible for one business capability. It adds network complexity, distributed debugging, and data consistency challenges. It contrasts with the monolith, which keeps everything in one deployable unit."
Backend,When should you avoid database normalization?,"Database normalization increases the number of joins, which can slow read-heavy queries. It is used when designing relational schemas to keep data consistent. It prevents update anomalies and saves storage by storing each fact once. It moves customer addresses into a separate table instead of repeating them per order."
Backend,Describe a scenario where REST API is applied.,REST API uses GET /users/5 to read a user and DELETE /users/5 to remove one. It is an architectural style where resources are exposed through URLs and standard HTTP methods. It is often compared with GraphQL and gRPC for service communication.
Backend,What is related to API gateway?,"API gateway is offered by tools like Kong, AWS API Gateway, and Apigee. It is used in microservice systems to centralize cross-cutting concerns. It can become a bottleneck and single point of failure if poorly designed. It receives mobile app calls and routes them to user, order, and payment services."
Backend,Show a real-world example of database index.,"Database index makes finding a user by email fast after indexing the email column. It is used on columns frequently searched, joined, or sorted. It turns slow full table scans into fast lookups, boosting read performance. It slows inserts and updates and consumes extra storage."
Backend,Why is database migration useful?,"Database migration makes schema changes repeatable, reviewable, and reversible. It is a versioned script that changes a database schema in a controlled way. It is used to evolve tables and columns across environments safely. It can lock tables or lose data if applied carelessly on large production systems."
Backend,When should you use gRPC?,"gRPC is used for fast communication between internal microservices. It offers compact binary messages, streaming, and generated client code. It is harder to use directly from browsers and to inspect than JSON APIs. It is an alternative to REST and GraphQL for service-to-service calls."
Backend,Why do developers use reverse proxy?,"Reverse proxy is used for TLS termination, caching, compression, and routing. It is a server that sits in front of backend servers and forwards client requests. It hides internal servers and centralizes security and performance features. It adds a network hop and another component to configure and monitor."
Backend,Describe database replication briefly.,"Database replication is the process of copying data from a primary database to one or more replicas. It keeps the service running if the primary fails and scales reads. It is different from sharding, which splits data rather than copying it."
Backend,What makes background job valuable?,"Background job keeps responses fast and allows retries and scheduling. It is a task run outside the request-response cycle by a worker process. It needs monitoring, and failed or duplicate jobs must be handled. It is built with Celery, Sidekiq, or BullMQ on top of queues."
Backend,What makes caching valuable?,"Caching lowers latency and cost and helps systems handle traffic spikes. It risks serving stale data and makes invalidation notoriously hard. It stores a computed homepage result for sixty seconds. It can happen at browser, CDN, application, or database layers."
Backend,Where have you seen background job in action?,"Background job resizes uploaded images with a Celery worker after the upload completes. It is a task run outside the request-response cycle by a worker process. It keeps responses fast and allows retries and scheduling. It is built with Celery, Sidekiq, or BullMQ on top of queues."
Backend,How does webhook compare with similar approaches?,"Webhook is the push counterpart of polling an API. It is an HTTP callback where a service sends event data to your URL. It avoids polling and delivers events in near real time. It needs signature verification, retries, and idempotent handling."
Backend,What is stored procedure?,"Stored procedure is a precompiled set of SQL statements stored and executed inside the database. It reduces network round trips and can improve performance and security. It is harder to version, test, and port between database vendors. It is an alternative to ORM-based logic in application code."
Backend,List the strengths of OAuth 2.0.,OAuth 2.0 limits access through scopes and avoids sharing user credentials with third parties. It is an authorization framework that lets apps access resources on a user's behalf without passwords. It is used for sign in with Google and granting limited API access.
Backend,Describe ORM briefly.,ORM is a library that maps database tables to objects in a programming language. It is used to read and write data without writing raw SQL for everything. It can generate inefficient queries and hides what the database is doing.
Backend,Why is reverse proxy considered important?,"Reverse proxy hides internal servers and centralizes security and performance features. It adds a network hop and another component to configure and monitor. It lets Nginx accept HTTPS traffic and pass it to a local application. It differs from a forward proxy, which represents clients instead of servers."
Backend,How is reverse proxy typically used in real projects?,"Reverse proxy is used for TLS termination, caching, compression, and routing. It is a server that sits in front of backend servers and forwards client requests. It adds a network hop and another component to configure and monitor. It differs from a forward proxy, which represents clients instead of servers."
Backend,How is load balancer used in practice?,"Load balancer sends requests across four application servers using round robin. It is a component that distributes incoming traffic across multiple servers. It can itself become a bottleneck or failure point without redundancy. It is available as hardware or software such as Nginx, HAProxy, and cloud load balancers."
Backend,What are the downsides of reverse proxy?,"Reverse proxy adds a network hop and another component to configure and monitor. It is used for TLS termination, caching, compression, and routing. It hides internal servers and centralizes security and performance features. It lets Nginx accept HTTPS traffic and pass it to a local application."
Backend,Define webhook in simple words.,"Webhook is an HTTP callback where a service sends event data to your URL. It is used to receive notifications such as payment completion. It avoids polling and delivers events in near real time. It needs signature verification, retries, and idempotent handling."
Backend,How is session authentication used in practice?,"Session authentication sets a session cookie after login and looks up the user on each request. It is used in traditional web apps that keep users logged in through cookies. It allows easy revocation because the server controls session data. It contrasts with token-based approaches like JWT, which are stateless."
Backend,Define middleware in simple words.,"Middleware is a function that runs between an incoming request and the final route handler. It is used for logging, authentication, validation, compression, and error handling. It keeps cross-cutting logic reusable and separate from business code. It checks a token and rejects unauthenticated requests before reaching the route."
Backend,What does reverse proxy mean?,Reverse proxy is a server that sits in front of backend servers and forwards client requests. It adds a network hop and another component to configure and monitor. It lets Nginx accept HTTPS traffic and pass it to a local application.
Backend,What are the advantages of Redis?,"Redis delivers very low latency and offers expiry and atomic operations. It is an in-memory data store supporting strings, hashes, lists, sets, and more. It is used for caching, sessions, leaderboards, and rate limiting. It stores session data with a 30 minute expiry."
Backend,What are the limitations of CORS?,"CORS causes confusing errors when headers are misconfigured, and wildcard origins are risky. It is a browser security mechanism controlling which origins can request a server's resources. It is used to allow trusted frontends on other domains to call an API."
Backend,What should you watch out for when using caching?,Caching risks serving stale data and makes invalidation notoriously hard. It is used to cut database load and speed up repeated requests. It lowers latency and cost and helps systems handle traffic spikes. It stores a computed homepage result for sixty seconds.
Backend,When should you avoid database sharding?,"Database sharding complicates queries, joins, transactions, and rebalancing when shards grow unevenly. It is the practice of splitting a large database into smaller pieces across servers. It is used when a single server can no longer handle data size or traffic."
Backend,How would you explain API versioning to a beginner?,API versioning is the practice of managing changes to an API through distinct versions. It is used to ship breaking changes without disrupting existing clients. It gives clients time to migrate and keeps integrations stable. It multiplies maintenance work when many versions must be supported.
Backend,What is the basic idea behind database index?,"Database index is a data structure, often a B-tree, that speeds up row lookups on chosen columns. It turns slow full table scans into fast lookups, boosting read performance. It is analyzed with EXPLAIN plans, and composite indexes cover multiple columns."
Backend,What is related to Redis?,"Redis is similar to Memcached but offers richer data structures. It is an in-memory data store supporting strings, hashes, lists, sets, and more. It is used for caching, sessions, leaderboards, and rate limiting. It stores session data with a 30 minute expiry."
Backend,Explain idempotency.,"Idempotency is the property that repeating an operation produces the same result as doing it once. It is used in APIs for safe retries, especially for payments. It is built into PUT and DELETE semantics but not POST by default."
Backend,Give an example of database normalization.,"Database normalization moves customer addresses into a separate table instead of repeating them per order. It is the process of organizing tables to reduce redundancy and dependency problems. It is used when designing relational schemas to keep data consistent. It is balanced against denormalization, which duplicates data for faster reads."
Backend,Walk me through a simple example of JWT.,"JWT is returned after login and sent in the Authorization header as a Bearer token. It is a compact signed token carrying claims, made of header, payload, and signature. It is an alternative to server-side sessions and is often used with OAuth 2.0."
Backend,How does REST API compare with similar approaches?,REST API is often compared with GraphQL and gRPC for service communication. It is an architectural style where resources are exposed through URLs and standard HTTP methods. It is used to let web and mobile clients communicate with servers over HTTP.
Backend,What is idempotency?,"Idempotency is the property that repeating an operation produces the same result as doing it once. It is used in APIs for safe retries, especially for payments. It prevents duplicate charges or records when requests are retried. It is built into PUT and DELETE semantics but not POST by default."
Backend,How is Redis typically used in real projects?,"Redis is used for caching, sessions, leaderboards, and rate limiting. It is limited by available memory, and persistence settings can risk data loss. It stores session data with a 30 minute expiry. It is similar to Memcached but offers richer data structures."
Backend,Describe session authentication briefly.,Session authentication is a method where the server stores login state and gives the client a session ID. It is used in traditional web apps that keep users logged in through cookies. It allows easy revocation because the server controls session data.
Backend,How is microservice used in practice?,"Microservice separates payments, inventory, and user accounts into different services. It is used in large systems where teams need to scale and deploy separately. It allows independent scaling, technology choices, and fault isolation. It contrasts with the monolith, which keeps everything in one deployable unit."
Backend,What are the alternatives or companions of API versioning?,"API versioning can use URL paths, headers, or query parameters. It is the practice of managing changes to an API through distinct versions. It is used to ship breaking changes without disrupting existing clients. It gives clients time to migrate and keeps integrations stable."
Backend,What is WebSocket?,"WebSocket is a protocol that keeps a persistent two-way connection between client and server. It is used for chat, live notifications, multiplayer games, and trading dashboards. It pushes new chat messages to every connected user immediately. It differs from HTTP polling and Server-Sent Events, which are one-directional."
Backend,What is a REST API?,"A REST API is an architectural style for web services where resources are identified by URLs and manipulated using standard HTTP methods like GET, POST, PUT, and DELETE. It is stateless, meaning each request carries all needed information, and typically exchanges data in JSON format, enabling scalable, simple client-server communication."
Backend,What is the basic idea behind session authentication?,Session authentication is a method where the server stores login state and gives the client a session ID. It allows easy revocation because the server controls session data. It sets a session cookie after login and looks up the user on each request.
Backend,Explain JWT.,"JWT is a compact signed token carrying claims, made of header, payload, and signature. It is returned after login and sent in the Authorization header as a Bearer token. It is an alternative to server-side sessions and is often used with OAuth 2.0."
Backend,Why is CORS considered important?,CORS protects users by blocking unauthorized cross-origin reads by default. It is a browser security mechanism controlling which origins can request a server's resources. It is used to allow trusted frontends on other domains to call an API. It lets an app on app.example.com call api.example.com through Access-Control-Allow-Origin.
Backend,What do you gain by using CAP theorem?,"CAP theorem clarifies why systems must choose behavior during network partitions. It is used to reason about trade-offs when designing distributed databases. It explains why a bank database may reject requests rather than risk inconsistency. It is extended by PACELC, which also considers latency."
Backend,What do you gain by using session authentication?,Session authentication allows easy revocation because the server controls session data. It is a method where the server stores login state and gives the client a session ID. It sets a session cookie after login and looks up the user on each request.
Backend,Can you illustrate database index with an example?,"Database index makes finding a user by email fast after indexing the email column. It is a data structure, often a B-tree, that speeds up row lookups on chosen columns. It is used on columns frequently searched, joined, or sorted."
Backend,What should you watch out for when using rate limiting?,Rate limiting can block legitimate bursts if limits are too strict. It is a control that caps how many requests a client can make in a time window. It returns HTTP 429 after a user exceeds one hundred requests per minute.
Backend,How is database normalization used in practice?,"Database normalization moves customer addresses into a separate table instead of repeating them per order. It is the process of organizing tables to reduce redundancy and dependency problems. It increases the number of joins, which can slow read-heavy queries. It is balanced against denormalization, which duplicates data for faster reads."
Backend,What are the downsides of JWT?,"JWT is hard to revoke before expiry, and storing it unsafely exposes accounts. It is returned after login and sent in the Authorization header as a Bearer token. It is an alternative to server-side sessions and is often used with OAuth 2.0."
Backend,What should I learn alongside SQL join?,"SQL join comes in inner, left, right, and full types, which differ in handling unmatched rows. It lets relational data stay organized without duplicating information. It can become slow on large tables without proper indexes. It joins orders with customers using customer_id to show buyer names."
Backend,List the strengths of JWT.,"JWT lets servers verify users without storing sessions, which helps horizontal scaling. It is returned after login and sent in the Authorization header as a Bearer token. It is an alternative to server-side sessions and is often used with OAuth 2.0."
Backend,What other concepts are connected to message queue?,"Message queue is implemented by RabbitMQ, SQS, and Kafka. It is used to decouple services and handle work asynchronously. It smooths traffic spikes and lets services fail without losing tasks. It adds operational complexity and requires handling duplicates and ordering. It queues email jobs so the web request returns immediately."
Backend,What other concepts are connected to idempotency?,Idempotency is built into PUT and DELETE semantics but not POST by default. It is the property that repeating an operation produces the same result as doing it once. It requires storing keys or state and careful design for each endpoint.
Backend,What are the benefits of using reverse proxy?,"Reverse proxy hides internal servers and centralizes security and performance features. It is a server that sits in front of backend servers and forwards client requests. It is used for TLS termination, caching, compression, and routing. It adds a network hop and another component to configure and monitor."
Backend,Where is session authentication commonly applied?,"Session authentication is used in traditional web apps that keep users logged in through cookies. It allows easy revocation because the server controls session data. It needs server storage and shared stores when scaling across multiple instances. It contrasts with token-based approaches like JWT, which are stateless."
Backend,What should you watch out for when using message queue?,Message queue adds operational complexity and requires handling duplicates and ordering. It is a system that stores messages sent by producers until consumers process them. It is used to decouple services and handle work asynchronously. It smooths traffic spikes and lets services fail without losing tasks.
Backend,What is an alternative to message queue?,"Message queue is implemented by RabbitMQ, SQS, and Kafka. It is used to decouple services and handle work asynchronously. It smooths traffic spikes and lets services fail without losing tasks. It queues email jobs so the web request returns immediately."
Backend,Walk me through a simple example of message queue.,"Message queue queues email jobs so the web request returns immediately. It is a system that stores messages sent by producers until consumers process them. It adds operational complexity and requires handling duplicates and ordering. It is implemented by RabbitMQ, SQS, and Kafka."
Backend,What are common pitfalls with message queue?,"Message queue adds operational complexity and requires handling duplicates and ordering. It smooths traffic spikes and lets services fail without losing tasks. It queues email jobs so the web request returns immediately. It is implemented by RabbitMQ, SQS, and Kafka."
Backend,Show a real-world example of monolith.,"Monolith runs web, billing, and admin code in one deployable application. It is an application built and deployed as one single unit. It is used for early-stage products and small teams that need to move quickly. It can evolve into a modular monolith or microservices when needed."
Backend,How does Docker container compare with similar approaches?,"Docker container is orchestrated at scale by Kubernetes. It is a lightweight, isolated package containing an application and its dependencies. It shares the host kernel, so isolation is weaker than a full virtual machine. It packages a Flask app and Python runtime into one image."
Backend,What are the drawbacks of eventual consistency?,Eventual consistency may show stale reads and requires conflict handling. It is used in highly available distributed databases like DynamoDB and Cassandra. It enables high availability and low latency across regions. It lets a social media like count appear different for a moment on two servers.
Backend,What is the basic idea behind API versioning?,"API versioning is the practice of managing changes to an API through distinct versions. It gives clients time to migrate and keeps integrations stable. It multiplies maintenance work when many versions must be supported. It can use URL paths, headers, or query parameters."
Backend,When should you use eventual consistency?,Eventual consistency is used in highly available distributed databases like DynamoDB and Cassandra. It is a model where replicas become consistent over time if no new updates occur. It lets a social media like count appear different for a moment on two servers.
Backend,What are the alternatives or companions of webhook?,"Webhook is the push counterpart of polling an API. It is an HTTP callback where a service sends event data to your URL. It is used to receive notifications such as payment completion. It needs signature verification, retries, and idempotent handling."
Backend,How is load balancer typically used in real projects?,"Load balancer is used to scale applications and avoid a single point of failure. It improves availability and performance, and enables rolling deployments. It sends requests across four application servers using round robin. It is available as hardware or software such as Nginx, HAProxy, and cloud load balancers."
Backend,Can you give a short overview of JWT?,"JWT is a compact signed token carrying claims, made of header, payload, and signature. It lets servers verify users without storing sessions, which helps horizontal scaling. It is an alternative to server-side sessions and is often used with OAuth 2.0."
Backend,How does background job help developers?,"Background job keeps responses fast and allows retries and scheduling. It needs monitoring, and failed or duplicate jobs must be handled. It resizes uploaded images with a Celery worker after the upload completes. It is built with Celery, Sidekiq, or BullMQ on top of queues."
Backend,Give an example of N+1 query problem.,"N+1 query problem runs one query for fifty posts and fifty more for their authors. It is detected when ORMs load a list and then access related objects in a loop. It becomes cheap to fix with eager loading, giving large speedups."
Backend,Describe a scenario where pagination is applied.,"Pagination returns twenty items per request with a next cursor token. It is the practice of returning large result sets in smaller pages. It is used for lists, feeds, and search results. It reduces response size, memory use, and load times. It comes as offset-based or cursor-based styles."
Backend,What is idempotency used for?,"Idempotency is used in APIs for safe retries, especially for payments. It prevents duplicate charges or records when requests are retried. It makes sending the same payment request with one idempotency key charge once. It is built into PUT and DELETE semantics but not POST by default."
Backend,Where have you seen API gateway in action?,"API gateway receives mobile app calls and routes them to user, order, and payment services. It is used in microservice systems to centralize cross-cutting concerns. It can become a bottleneck and single point of failure if poorly designed. It is offered by tools like Kong, AWS API Gateway, and Apigee."
Backend,What do you gain by using webhook?,Webhook avoids polling and delivers events in near real time. It is an HTTP callback where a service sends event data to your URL. It is used to receive notifications such as payment completion. It lets Stripe notify your server when a payment succeeds.
Backend,What is the main purpose of database migration?,"Database migration is used to evolve tables and columns across environments safely. It is a versioned script that changes a database schema in a controlled way. It makes schema changes repeatable, reviewable, and reversible. It can lock tables or lose data if applied carelessly on large production systems."
Backend,What is middleware used for?,"Middleware is used for logging, authentication, validation, compression, and error handling. It is a function that runs between an incoming request and the final route handler. It keeps cross-cutting logic reusable and separate from business code. It is a core concept in Express, Django, and FastAPI."
Backend,How does ORM help developers?,"ORM speeds development, improves portability, and helps prevent SQL injection. It is a library that maps database tables to objects in a programming language. It can generate inefficient queries and hides what the database is doing. It lets Django models or SQLAlchemy classes represent a users table."
Backend,What are the alternatives or companions of monolith?,"Monolith can evolve into a modular monolith or microservices when needed. It is an application built and deployed as one single unit. It is used for early-stage products and small teams that need to move quickly. It is simple to develop, test, deploy, and debug locally."
Backend,What is an alternative to CORS?,CORS is enforced by browsers and not by tools like curl. It is a browser security mechanism controlling which origins can request a server's resources. It protects users by blocking unauthorized cross-origin reads by default. It lets an app on app.example.com call api.example.com through Access-Control-Allow-Origin.
Backend,When should you avoid Redis?,"Redis is limited by available memory, and persistence settings can risk data loss. It is an in-memory data store supporting strings, hashes, lists, sets, and more. It delivers very low latency and offers expiry and atomic operations. It stores session data with a 30 minute expiry."
Backend,What should you watch out for when using microservice?,"Microservice adds network complexity, distributed debugging, and data consistency challenges. It is a small independently deployable service responsible for one business capability. It is used in large systems where teams need to scale and deploy separately. It separates payments, inventory, and user accounts into different services."
Backend,Explain stored procedure.,Stored procedure is a precompiled set of SQL statements stored and executed inside the database. It reduces network round trips and can improve performance and security. It runs a calculate_invoice procedure with one call from the application. It is an alternative to ORM-based logic in application code.
Backend,Explain database index.,"Database index is a data structure, often a B-tree, that speeds up row lookups on chosen columns. It is used on columns frequently searched, joined, or sorted. It slows inserts and updates and consumes extra storage. It makes finding a user by email fast after indexing the email column."
Backend,What is microservices architecture?,"Microservices split an application into small, independent services, each responsible for one business capability and communicating through APIs or messaging. They can be developed, deployed, and scaled separately, improving flexibility and fault isolation, but they add complexity in networking, monitoring, data consistency, and distributed debugging."
Backend,What is an alternative to database replication?,"Database replication is different from sharding, which splits data rather than copying it. It is the process of copying data from a primary database to one or more replicas. It is used for high availability, backups, and distributing read traffic."
Backend,Explain database replication.,Database replication is the process of copying data from a primary database to one or more replicas. It keeps the service running if the primary fails and scales reads. It sends all writes to a primary and dashboard reads to a replica.
Backend,What are the disadvantages of SQL join?,SQL join can become slow on large tables without proper indexes. It is used to query data spread across normalized tables. It lets relational data stay organized without duplicating information. It joins orders with customers using customer_id to show buyer names.
Backend,How does WebSocket differ from related concepts?,"WebSocket differs from HTTP polling and Server-Sent Events, which are one-directional. It is a protocol that keeps a persistent two-way connection between client and server. It is used for chat, live notifications, multiplayer games, and trading dashboards. It delivers messages instantly without repeated polling overhead."
Backend,What is the main purpose of gRPC?,"gRPC is used for fast communication between internal microservices. It is a high-performance remote procedure call framework using HTTP/2 and Protocol Buffers. It offers compact binary messages, streaming, and generated client code. It is an alternative to REST and GraphQL for service-to-service calls."
Backend,What are the limitations of reverse proxy?,"Reverse proxy adds a network hop and another component to configure and monitor. It is a server that sits in front of backend servers and forwards client requests. It hides internal servers and centralizes security and performance features. It differs from a forward proxy, which represents clients instead of servers."
Backend,What is the main purpose of REST API?,"REST API is used to let web and mobile clients communicate with servers over HTTP. It is simple, stateless, cacheable, and works with any client that speaks HTTP. It can cause over-fetching or multiple round trips when clients need related data."
Backend,What is a practical example of ACID transaction?,"ACID transaction transfers money by debiting one account and crediting another, or neither. It is a database transaction that guarantees atomicity, consistency, isolation, and durability. It keeps data correct even during failures or concurrent access. It contrasts with BASE systems that favor availability and eventual consistency."
Backend,Is there a substitute for pagination?,"Pagination comes as offset-based or cursor-based styles. It is the practice of returning large result sets in smaller pages. It reduces response size, memory use, and load times. It can show duplicates or gaps when data changes, and deep offsets get slow."
Backend,How is ACID transaction used in practice?,"ACID transaction transfers money by debiting one account and crediting another, or neither. It is used for operations like payments where partial updates are unacceptable. It keeps data correct even during failures or concurrent access. It contrasts with BASE systems that favor availability and eventual consistency."
Backend,Define circuit breaker in simple words.,"Circuit breaker is a pattern that stops calling a failing service after repeated errors. It protects resources and lets failing services recover. It needs tuned thresholds, and wrong settings may block healthy calls. It trips after five consecutive timeouts and returns a fallback response."
Backend,How is SQL join typically used in real projects?,SQL join is used to query data spread across normalized tables. It lets relational data stay organized without duplicating information. It can become slow on large tables without proper indexes. It joins orders with customers using customer_id to show buyer names.
Backend,How is OAuth 2.0 typically used in real projects?,"OAuth 2.0 is used for sign in with Google and granting limited API access. It limits access through scopes and avoids sharing user credentials with third parties. It lets a calendar app read your Google contacts after you approve access. It is extended by OpenID Connect, which adds authentication identity."
Backend,Why do developers use database index?,"Database index is used on columns frequently searched, joined, or sorted. It is a data structure, often a B-tree, that speeds up row lookups on chosen columns. It slows inserts and updates and consumes extra storage. It is analyzed with EXPLAIN plans, and composite indexes cover multiple columns."
Backend,What are the downsides of ACID transaction?,"ACID transaction adds locking and coordination overhead that limits scalability. It is a database transaction that guarantees atomicity, consistency, isolation, and durability. It keeps data correct even during failures or concurrent access. It transfers money by debiting one account and crediting another, or neither."
Backend,Define message queue in simple words.,"Message queue is a system that stores messages sent by producers until consumers process them. It smooths traffic spikes and lets services fail without losing tasks. It queues email jobs so the web request returns immediately. It is implemented by RabbitMQ, SQS, and Kafka."
Backend,What are common pitfalls with API versioning?,API versioning multiplies maintenance work when many versions must be supported. It is the practice of managing changes to an API through distinct versions. It is used to ship breaking changes without disrupting existing clients. It exposes /v1/users and /v2/users side by side.
Backend,How does N+1 query problem differ from related concepts?,"N+1 query problem is solved with joins, eager loading, or batching. It is a performance issue where one query triggers many extra queries for related records. It becomes cheap to fix with eager loading, giving large speedups. It runs one query for fifty posts and fifty more for their authors."
Backend,Describe Redis briefly.,"Redis is an in-memory data store supporting strings, hashes, lists, sets, and more. It is used for caching, sessions, leaderboards, and rate limiting. It delivers very low latency and offers expiry and atomic operations. It is limited by available memory, and persistence settings can risk data loss."
Backend,What are the limitations of Apache Kafka?,"Apache Kafka is operationally heavy and overkill for simple task queues. It is a distributed event streaming platform that stores ordered logs of records. It is used for real-time data pipelines, event sourcing, and log aggregation. It handles massive throughput and lets many consumers replay events independently."
Backend,How does database migration differ from related concepts?,"Database migration is managed by tools like Flyway, Liquibase, and Alembic. It is a versioned script that changes a database schema in a controlled way. It makes schema changes repeatable, reviewable, and reversible. It adds a phone column to users with an Alembic or Django migration."
Backend,Show a real-world example of database replication.,"Database replication sends all writes to a primary and dashboard reads to a replica. It is the process of copying data from a primary database to one or more replicas. It is used for high availability, backups, and distributing read traffic."
Backend,What is the main purpose of monolith?,Monolith is used for early-stage products and small teams that need to move quickly. It is an application built and deployed as one single unit. It becomes harder to scale and change as the codebase grows. It can evolve into a modular monolith or microservices when needed.
Backend,Show a real-world example of webhook.,"Webhook lets Stripe notify your server when a payment succeeds. It is used to receive notifications such as payment completion. It avoids polling and delivers events in near real time. It needs signature verification, retries, and idempotent handling. It is the push counterpart of polling an API."
Backend,When should you use rate limiting?,"Rate limiting is used to protect APIs from abuse, scraping, and overload. It is a control that caps how many requests a client can make in a time window. It keeps service available and fair for all users and reduces costs."
Backend,Describe a scenario where Nginx is applied.,Nginx terminates HTTPS and proxies requests to a Node.js application. It is a high-performance web server that also works as a reverse proxy and load balancer. It is used to serve static files and route traffic to application servers. It competes with Apache and Caddy.
Backend,What are the downsides of middleware?,"Middleware can slow requests if too many layers run, and ordering mistakes cause subtle bugs. It is used for logging, authentication, validation, compression, and error handling. It checks a token and rejects unauthenticated requests before reaching the route. It is a core concept in Express, Django, and FastAPI."
Backend,What are the limitations of API versioning?,"API versioning multiplies maintenance work when many versions must be supported. It is the practice of managing changes to an API through distinct versions. It gives clients time to migrate and keeps integrations stable. It can use URL paths, headers, or query parameters."
Backend,Give an example of database replication.,"Database replication sends all writes to a primary and dashboard reads to a replica. It is used for high availability, backups, and distributing read traffic. It can show replication lag, so replicas may return slightly outdated data. It is different from sharding, which splits data rather than copying it."
Backend,In which situations is monolith a good choice?,"Monolith is used for early-stage products and small teams that need to move quickly. It is simple to develop, test, deploy, and debug locally. It becomes harder to scale and change as the codebase grows. It runs web, billing, and admin code in one deployable application."
Backend,What should I learn alongside message queue?,"Message queue is implemented by RabbitMQ, SQS, and Kafka. It smooths traffic spikes and lets services fail without losing tasks. It adds operational complexity and requires handling duplicates and ordering. It queues email jobs so the web request returns immediately."
Backend,What are the alternatives or companions of CAP theorem?,"CAP theorem is extended by PACELC, which also considers latency. It clarifies why systems must choose behavior during network partitions. It is often oversimplified, since real systems offer nuanced trade-offs. It explains why a bank database may reject requests rather than risk inconsistency."
Backend,What other concepts are connected to database index?,"Database index is analyzed with EXPLAIN plans, and composite indexes cover multiple columns. It turns slow full table scans into fast lookups, boosting read performance. It slows inserts and updates and consumes extra storage. It makes finding a user by email fast after indexing the email column."
Backend,What problem does OAuth 2.0 solve?,OAuth 2.0 is used for sign in with Google and granting limited API access. It limits access through scopes and avoids sharing user credentials with third parties. It lets a calendar app read your Google contacts after you approve access.
Backend,What are the limitations of eventual consistency?,Eventual consistency may show stale reads and requires conflict handling. It is a model where replicas become consistent over time if no new updates occur. It enables high availability and low latency across regions. It lets a social media like count appear different for a moment on two servers.
Backend,What is API versioning?,"API versioning is the practice of managing changes to an API through distinct versions. It is used to ship breaking changes without disrupting existing clients. It gives clients time to migrate and keeps integrations stable. It can use URL paths, headers, or query parameters."
Backend,What do you gain by using message queue?,Message queue smooths traffic spikes and lets services fail without losing tasks. It is used to decouple services and handle work asynchronously. It adds operational complexity and requires handling duplicates and ordering. It queues email jobs so the web request returns immediately.
Backend,Describe a scenario where message queue is applied.,Message queue queues email jobs so the web request returns immediately. It is a system that stores messages sent by producers until consumers process them. It smooths traffic spikes and lets services fail without losing tasks. It adds operational complexity and requires handling duplicates and ordering.
Backend,What are the benefits of using database sharding?,"Database sharding scales storage and write throughput horizontally. It is the practice of splitting a large database into smaller pieces across servers. It is used when a single server can no longer handle data size or traffic. It differs from replication, which copies the same data to multiple servers."
Backend,What are the advantages of background job?,"Background job keeps responses fast and allows retries and scheduling. It is a task run outside the request-response cycle by a worker process. It needs monitoring, and failed or duplicate jobs must be handled. It resizes uploaded images with a Celery worker after the upload completes."
Backend,How is middleware typically used in real projects?,"Middleware is used for logging, authentication, validation, compression, and error handling. It is a function that runs between an incoming request and the final route handler. It keeps cross-cutting logic reusable and separate from business code. It checks a token and rejects unauthenticated requests before reaching the route."
Backend,What does connection pooling mean?,Connection pooling is a technique that keeps a set of reusable database connections open. It lets a web server reuse ten open connections to handle thousands of requests. It is provided by tools like PgBouncer and libraries such as HikariCP.
Backend,What problems can cron job cause?,"Cron job is hard to monitor and can overlap or silently fail. It is simple, reliable, and requires no extra services. It runs a backup script every night at two in the morning. It is defined by five time fields and managed through crontab."
Backend,Describe ACID transaction briefly.,"ACID transaction is a database transaction that guarantees atomicity, consistency, isolation, and durability. It is used for operations like payments where partial updates are unacceptable. It keeps data correct even during failures or concurrent access. It contrasts with BASE systems that favor availability and eventual consistency."
Backend,What is the main purpose of JWT?,"JWT is used for stateless authentication and passing identity between services. It lets servers verify users without storing sessions, which helps horizontal scaling. It is hard to revoke before expiry, and storing it unsafely exposes accounts. It is an alternative to server-side sessions and is often used with OAuth 2.0."
Backend,What other concepts are connected to reverse proxy?,"Reverse proxy differs from a forward proxy, which represents clients instead of servers. It is a server that sits in front of backend servers and forwards client requests. It adds a network hop and another component to configure and monitor."
Backend,Describe a scenario where session authentication is applied.,"Session authentication sets a session cookie after login and looks up the user on each request. It allows easy revocation because the server controls session data. It needs server storage and shared stores when scaling across multiple instances. It contrasts with token-based approaches like JWT, which are stateless."
Backend,What other concepts are connected to CORS?,"CORS is enforced by browsers and not by tools like curl. It is used to allow trusted frontends on other domains to call an API. It protects users by blocking unauthorized cross-origin reads by default. It causes confusing errors when headers are misconfigured, and wildcard origins are risky."
Backend,What are the alternatives or companions of database index?,"Database index is analyzed with EXPLAIN plans, and composite indexes cover multiple columns. It is a data structure, often a B-tree, that speeds up row lookups on chosen columns. It makes finding a user by email fast after indexing the email column."
Backend,How does caching differ from related concepts?,"Caching can happen at browser, CDN, application, or database layers. It is used to cut database load and speed up repeated requests. It lowers latency and cost and helps systems handle traffic spikes. It risks serving stale data and makes invalidation notoriously hard."
Backend,What are the limitations of load balancer?,"Load balancer can itself become a bottleneck or failure point without redundancy. It is a component that distributes incoming traffic across multiple servers. It is used to scale applications and avoid a single point of failure. It improves availability and performance, and enables rolling deployments."
Backend,What is a practical example of REST API?,REST API uses GET /users/5 to read a user and DELETE /users/5 to remove one. It is used to let web and mobile clients communicate with servers over HTTP. It can cause over-fetching or multiple round trips when clients need related data.
Backend,What problems can caching cause?,"Caching risks serving stale data and makes invalidation notoriously hard. It is used to cut database load and speed up repeated requests. It stores a computed homepage result for sixty seconds. It can happen at browser, CDN, application, or database layers."
Backend,Why is N+1 query problem useful?,"N+1 query problem becomes cheap to fix with eager loading, giving large speedups. It is a performance issue where one query triggers many extra queries for related records. It is hard to spot in development because small datasets hide the slowness. It is solved with joins, eager loading, or batching."
Backend,Give an example of API versioning.,"API versioning exposes /v1/users and /v2/users side by side. It is used to ship breaking changes without disrupting existing clients. It gives clients time to migrate and keeps integrations stable. It multiplies maintenance work when many versions must be supported. It can use URL paths, headers, or query parameters."
Backend,In which situations is message queue a good choice?,"Message queue is used to decouple services and handle work asynchronously. It smooths traffic spikes and lets services fail without losing tasks. It adds operational complexity and requires handling duplicates and ordering. It queues email jobs so the web request returns immediately. It is implemented by RabbitMQ, SQS, and Kafka."
Backend,How does dependency injection help developers?,"Dependency injection lets tests substitute mocks and simplifies swapping implementations. It is a design pattern where objects receive their dependencies instead of creating them. It adds indirection and configuration that can confuse newcomers. It is supported by Spring, NestJS, and FastAPI's Depends."
Backend,What should I learn alongside database replication?,"Database replication is different from sharding, which splits data rather than copying it. It is the process of copying data from a primary database to one or more replicas. It keeps the service running if the primary fails and scales reads."
Backend,What is an alternative to rate limiting?,"Rate limiting uses algorithms like token bucket, leaky bucket, and sliding window. It is used to protect APIs from abuse, scraping, and overload. It keeps service available and fair for all users and reduces costs. It returns HTTP 429 after a user exceeds one hundred requests per minute."
Backend,What other concepts are connected to Nginx?,Nginx competes with Apache and Caddy. It is a high-performance web server that also works as a reverse proxy and load balancer. It handles many concurrent connections efficiently using little memory. It has a configuration syntax that is easy to misconfigure.
Backend,What other concepts are connected to N+1 query problem?,"N+1 query problem is solved with joins, eager loading, or batching. It is a performance issue where one query triggers many extra queries for related records. It becomes cheap to fix with eager loading, giving large speedups. It is hard to spot in development because small datasets hide the slowness."
Backend,What do you gain by using WebSocket?,"WebSocket delivers messages instantly without repeated polling overhead. It is used for chat, live notifications, multiplayer games, and trading dashboards. It holds connections open, which complicates scaling and load balancing. It pushes new chat messages to every connected user immediately."
Backend,List the strengths of pagination.,"Pagination reduces response size, memory use, and load times. It is used for lists, feeds, and search results. It can show duplicates or gaps when data changes, and deep offsets get slow. It returns twenty items per request with a next cursor token."
Backend,Explain ORM.,"ORM is a library that maps database tables to objects in a programming language. It is used to read and write data without writing raw SQL for everything. It speeds development, improves portability, and helps prevent SQL injection. It is an alternative to raw SQL and query builders."
Backend,What is a practical example of database migration?,"Database migration adds a phone column to users with an Alembic or Django migration. It is used to evolve tables and columns across environments safely. It makes schema changes repeatable, reviewable, and reversible. It is managed by tools like Flyway, Liquibase, and Alembic."
Backend,Explain background job.,"Background job is a task run outside the request-response cycle by a worker process. It keeps responses fast and allows retries and scheduling. It resizes uploaded images with a Celery worker after the upload completes. It is built with Celery, Sidekiq, or BullMQ on top of queues."
Backend,What are the benefits of using JWT?,"JWT lets servers verify users without storing sessions, which helps horizontal scaling. It is a compact signed token carrying claims, made of header, payload, and signature. It is returned after login and sent in the Authorization header as a Bearer token."
Backend,When should you avoid JWT?,"JWT is hard to revoke before expiry, and storing it unsafely exposes accounts. It is a compact signed token carrying claims, made of header, payload, and signature. It is used for stateless authentication and passing identity between services. It lets servers verify users without storing sessions, which helps horizontal scaling."
Backend,What is N+1 query problem used for?,"N+1 query problem is detected when ORMs load a list and then access related objects in a loop. It is a performance issue where one query triggers many extra queries for related records. It becomes cheap to fix with eager loading, giving large speedups."
Backend,When should you avoid database migration?,Database migration can lock tables or lose data if applied carelessly on large production systems. It is a versioned script that changes a database schema in a controlled way. It adds a phone column to users with an Alembic or Django migration.
Backend,Define reverse proxy in simple words.,"Reverse proxy is a server that sits in front of backend servers and forwards client requests. It is used for TLS termination, caching, compression, and routing. It adds a network hop and another component to configure and monitor. It differs from a forward proxy, which represents clients instead of servers."
Backend,How is database replication typically used in real projects?,"Database replication is used for high availability, backups, and distributing read traffic. It is the process of copying data from a primary database to one or more replicas. It keeps the service running if the primary fails and scales reads."
Backend,Describe a scenario where OAuth 2.0 is applied.,OAuth 2.0 lets a calendar app read your Google contacts after you approve access. It is an authorization framework that lets apps access resources on a user's behalf without passwords. It limits access through scopes and avoids sharing user credentials with third parties.
Backend,Give an example of gRPC.,"gRPC lets a payment service call an inventory service through a generated stub. It offers compact binary messages, streaming, and generated client code. It is harder to use directly from browsers and to inspect than JSON APIs. It is an alternative to REST and GraphQL for service-to-service calls."
Backend,How is JWT used in practice?,"JWT is returned after login and sent in the Authorization header as a Bearer token. It is a compact signed token carrying claims, made of header, payload, and signature. It is used for stateless authentication and passing identity between services."
Backend,What is the main purpose of load balancer?,Load balancer is used to scale applications and avoid a single point of failure. It is a component that distributes incoming traffic across multiple servers. It can itself become a bottleneck or failure point without redundancy. It sends requests across four application servers using round robin.
Backend,What is an alternative to Docker container?,"Docker container is orchestrated at scale by Kubernetes. It is a lightweight, isolated package containing an application and its dependencies. It removes works-on-my-machine problems and starts much faster than virtual machines. It shares the host kernel, so isolation is weaker than a full virtual machine."
Backend,When should you avoid WebSocket?,"WebSocket holds connections open, which complicates scaling and load balancing. It is a protocol that keeps a persistent two-way connection between client and server. It delivers messages instantly without repeated polling overhead. It pushes new chat messages to every connected user immediately."
Backend,Explain API gateway.,"API gateway is a single entry point that routes, authenticates, and manages API requests to services. It receives mobile app calls and routes them to user, order, and payment services. It is offered by tools like Kong, AWS API Gateway, and Apigee."
Backend,When should you use CORS?,"CORS is used to allow trusted frontends on other domains to call an API. It is a browser security mechanism controlling which origins can request a server's resources. It causes confusing errors when headers are misconfigured, and wildcard origins are risky."
Backend,What is a practical example of caching?,"Caching stores a computed homepage result for sixty seconds. It is the practice of storing frequently used data in fast storage for quick reuse. It risks serving stale data and makes invalidation notoriously hard. It can happen at browser, CDN, application, or database layers."
Backend,What do you gain by using database migration?,"Database migration makes schema changes repeatable, reviewable, and reversible. It is used to evolve tables and columns across environments safely. It can lock tables or lose data if applied carelessly on large production systems. It adds a phone column to users with an Alembic or Django migration."
Backend,How is caching typically used in real projects?,"Caching is used to cut database load and speed up repeated requests. It is the practice of storing frequently used data in fast storage for quick reuse. It lowers latency and cost and helps systems handle traffic spikes. It can happen at browser, CDN, application, or database layers."
Backend,When should you use ORM?,"ORM is used to read and write data without writing raw SQL for everything. It is a library that maps database tables to objects in a programming language. It speeds development, improves portability, and helps prevent SQL injection. It is an alternative to raw SQL and query builders."
Backend,Can you illustrate Nginx with an example?,Nginx terminates HTTPS and proxies requests to a Node.js application. It is a high-performance web server that also works as a reverse proxy and load balancer. It handles many concurrent connections efficiently using little memory. It competes with Apache and Caddy.
Backend,Define eventual consistency in simple words.,Eventual consistency is a model where replicas become consistent over time if no new updates occur. It enables high availability and low latency across regions. It may show stale reads and requires conflict handling. It lets a social media like count appear different for a moment on two servers.
Backend,What are the drawbacks of Docker container?,"Docker container shares the host kernel, so isolation is weaker than a full virtual machine. It removes works-on-my-machine problems and starts much faster than virtual machines. It packages a Flask app and Python runtime into one image. It is orchestrated at scale by Kubernetes."
Backend,In which situations is WebSocket a good choice?,"WebSocket is used for chat, live notifications, multiplayer games, and trading dashboards. It is a protocol that keeps a persistent two-way connection between client and server. It holds connections open, which complicates scaling and load balancing. It pushes new chat messages to every connected user immediately."
Backend,What should you watch out for when using monolith?,"Monolith becomes harder to scale and change as the codebase grows. It is an application built and deployed as one single unit. It is used for early-stage products and small teams that need to move quickly. It is simple to develop, test, deploy, and debug locally."
Backend,List the strengths of cron job.,"Cron job is simple, reliable, and requires no extra services. It is a scheduled task that runs automatically at specified times on Unix-like systems. It is hard to monitor and can overlap or silently fail. It is defined by five time fields and managed through crontab."
Backend,Can you give a short overview of OAuth 2.0?,OAuth 2.0 is an authorization framework that lets apps access resources on a user's behalf without passwords. It is used for sign in with Google and granting limited API access. It limits access through scopes and avoids sharing user credentials with third parties.
Backend,What are the advantages of N+1 query problem?,"N+1 query problem becomes cheap to fix with eager loading, giving large speedups. It is hard to spot in development because small datasets hide the slowness. It runs one query for fifty posts and fifty more for their authors. It is solved with joins, eager loading, or batching."
Backend,Why is GraphQL considered important?,"GraphQL avoids over-fetching and under-fetching and gives a strongly typed schema. It is a query language where clients request exactly the fields they need from one endpoint. It is used for apps with complex, nested data and varied client requirements."
Backend,Walk me through a simple example of Apache Kafka.,"Apache Kafka streams click events from a website to analytics systems. It is used for real-time data pipelines, event sourcing, and log aggregation. It handles massive throughput and lets many consumers replay events independently. It differs from RabbitMQ, which is a traditional broker focused on routing."
Backend,Show a real-world example of reverse proxy.,"Reverse proxy lets Nginx accept HTTPS traffic and pass it to a local application. It is a server that sits in front of backend servers and forwards client requests. It differs from a forward proxy, which represents clients instead of servers."
Backend,What are the downsides of CAP theorem?,"CAP theorem is often oversimplified, since real systems offer nuanced trade-offs. It is used to reason about trade-offs when designing distributed databases. It explains why a bank database may reject requests rather than risk inconsistency. It is extended by PACELC, which also considers latency."
Backend,What is the main purpose of database index?,"Database index is used on columns frequently searched, joined, or sorted. It turns slow full table scans into fast lookups, boosting read performance. It slows inserts and updates and consumes extra storage. It makes finding a user by email fast after indexing the email column."
Backend,How does caching help developers?,Caching lowers latency and cost and helps systems handle traffic spikes. It is the practice of storing frequently used data in fast storage for quick reuse. It risks serving stale data and makes invalidation notoriously hard. It stores a computed homepage result for sixty seconds.
Backend,How would you explain cron job to a beginner?,"Cron job is a scheduled task that runs automatically at specified times on Unix-like systems. It is used for backups, cleanups, and periodic reports. It is simple, reliable, and requires no extra services. It is hard to monitor and can overlap or silently fail."
Backend,What is an alternative to database index?,"Database index is analyzed with EXPLAIN plans, and composite indexes cover multiple columns. It is a data structure, often a B-tree, that speeds up row lookups on chosen columns. It turns slow full table scans into fast lookups, boosting read performance. It slows inserts and updates and consumes extra storage."
Backend,What are the disadvantages of stored procedure?,"Stored procedure is harder to version, test, and port between database vendors. It is a precompiled set of SQL statements stored and executed inside the database. It is used to encapsulate business logic and repeated database operations. It reduces network round trips and can improve performance and security."
Backend,Give an example of API gateway.,"API gateway receives mobile app calls and routes them to user, order, and payment services. It is a single entry point that routes, authenticates, and manages API requests to services. It is used in microservice systems to centralize cross-cutting concerns."
Backend,How does eventual consistency differ from related concepts?,"Eventual consistency contrasts with strong consistency, which makes all reads return the latest write. It is a model where replicas become consistent over time if no new updates occur. It lets a social media like count appear different for a moment on two servers."
Backend,What other concepts are connected to JWT?,"JWT is an alternative to server-side sessions and is often used with OAuth 2.0. It is a compact signed token carrying claims, made of header, payload, and signature. It lets servers verify users without storing sessions, which helps horizontal scaling."
Backend,Where have you seen CORS in action?,CORS lets an app on app.example.com call api.example.com through Access-Control-Allow-Origin. It is a browser security mechanism controlling which origins can request a server's resources. It is used to allow trusted frontends on other domains to call an API. It is enforced by browsers and not by tools like curl.
Backend,Can you give a short overview of connection pooling?,"Connection pooling is a technique that keeps a set of reusable database connections open. It is used so applications avoid opening a new connection for every request. It cuts connection overhead and prevents exhausting database connection limits. It needs careful sizing, because too many or too few connections hurt performance."
Backend,What are the alternatives or companions of rate limiting?,"Rate limiting uses algorithms like token bucket, leaky bucket, and sliding window. It is a control that caps how many requests a client can make in a time window. It keeps service available and fair for all users and reduces costs."
Backend,What should I learn alongside dependency injection?,"Dependency injection is supported by Spring, NestJS, and FastAPI's Depends. It is a design pattern where objects receive their dependencies instead of creating them. It is used to decouple components and make code testable. It passes a database repository into a service through its constructor."
Backend,Why is caching considered important?,"Caching lowers latency and cost and helps systems handle traffic spikes. It is the practice of storing frequently used data in fast storage for quick reuse. It risks serving stale data and makes invalidation notoriously hard. It can happen at browser, CDN, application, or database layers."
Backend,What is API versioning used for?,API versioning is used to ship breaking changes without disrupting existing clients. It is the practice of managing changes to an API through distinct versions. It gives clients time to migrate and keeps integrations stable. It multiplies maintenance work when many versions must be supported.
Backend,What should I learn alongside reverse proxy?,"Reverse proxy differs from a forward proxy, which represents clients instead of servers. It is a server that sits in front of backend servers and forwards client requests. It is used for TLS termination, caching, compression, and routing. It adds a network hop and another component to configure and monitor."
Backend,What problem does microservice solve?,"Microservice is used in large systems where teams need to scale and deploy separately. It is a small independently deployable service responsible for one business capability. It allows independent scaling, technology choices, and fault isolation. It separates payments, inventory, and user accounts into different services."
Backend,What problems can connection pooling cause?,"Connection pooling needs careful sizing, because too many or too few connections hurt performance. It cuts connection overhead and prevents exhausting database connection limits. It lets a web server reuse ten open connections to handle thousands of requests. It is provided by tools like PgBouncer and libraries such as HikariCP."
Backend,What are the advantages of WebSocket?,"WebSocket delivers messages instantly without repeated polling overhead. It is used for chat, live notifications, multiplayer games, and trading dashboards. It holds connections open, which complicates scaling and load balancing. It differs from HTTP polling and Server-Sent Events, which are one-directional."
Backend,In which situations is OAuth 2.0 a good choice?,"OAuth 2.0 is used for sign in with Google and granting limited API access. It is complex to implement correctly, and misconfigured redirects create security holes. It lets a calendar app read your Google contacts after you approve access. It is extended by OpenID Connect, which adds authentication identity."
Backend,Where is database sharding commonly applied?,"Database sharding is used when a single server can no longer handle data size or traffic. It is the practice of splitting a large database into smaller pieces across servers. It complicates queries, joins, transactions, and rebalancing when shards grow unevenly."
Backend,Describe Docker container briefly.,"Docker container is a lightweight, isolated package containing an application and its dependencies. It shares the host kernel, so isolation is weaker than a full virtual machine. It packages a Flask app and Python runtime into one image. It is orchestrated at scale by Kubernetes."
Backend,What are the downsides of database migration?,"Database migration can lock tables or lose data if applied carelessly on large production systems. It makes schema changes repeatable, reviewable, and reversible. It adds a phone column to users with an Alembic or Django migration. It is managed by tools like Flyway, Liquibase, and Alembic."
Backend,What do you gain by using SQL join?,SQL join lets relational data stay organized without duplicating information. It is an operation that combines rows from two tables based on a related column. It is used to query data spread across normalized tables. It can become slow on large tables without proper indexes.
Backend,How is Docker container used in practice?,"Docker container packages a Flask app and Python runtime into one image. It is used to run software consistently across development and production. It shares the host kernel, so isolation is weaker than a full virtual machine. It is orchestrated at scale by Kubernetes."
Backend,How does database sharding help developers?,"Database sharding scales storage and write throughput horizontally. It is the practice of splitting a large database into smaller pieces across servers. It stores users with IDs in different ranges on different database servers. It differs from replication, which copies the same data to multiple servers."
Backend,What are the disadvantages of connection pooling?,"Connection pooling needs careful sizing, because too many or too few connections hurt performance. It is used so applications avoid opening a new connection for every request. It cuts connection overhead and prevents exhausting database connection limits. It is provided by tools like PgBouncer and libraries such as HikariCP."
Backend,What problem does Redis solve?,"Redis is used for caching, sessions, leaderboards, and rate limiting. It is an in-memory data store supporting strings, hashes, lists, sets, and more. It is limited by available memory, and persistence settings can risk data loss. It stores session data with a 30 minute expiry."
Backend,What is load balancer used for?,"Load balancer is used to scale applications and avoid a single point of failure. It is a component that distributes incoming traffic across multiple servers. It is available as hardware or software such as Nginx, HAProxy, and cloud load balancers."
Backend,What problem does CAP theorem solve?,"CAP theorem is used to reason about trade-offs when designing distributed databases. It is a principle stating a distributed system cannot guarantee consistency, availability, and partition tolerance simultaneously. It is often oversimplified, since real systems offer nuanced trade-offs. It is extended by PACELC, which also considers latency."
Backend,Where is stored procedure commonly applied?,"Stored procedure is used to encapsulate business logic and repeated database operations. It reduces network round trips and can improve performance and security. It is harder to version, test, and port between database vendors. It is an alternative to ORM-based logic in application code."
Backend,Show a real-world example of load balancer.,Load balancer sends requests across four application servers using round robin. It is a component that distributes incoming traffic across multiple servers. It is used to scale applications and avoid a single point of failure. It can itself become a bottleneck or failure point without redundancy.
Backend,Where is ORM commonly applied?,ORM is used to read and write data without writing raw SQL for everything. It is a library that maps database tables to objects in a programming language. It lets Django models or SQLAlchemy classes represent a users table. It is an alternative to raw SQL and query builders.
Backend,What are the alternatives or companions of cron job?,Cron job is defined by five time fields and managed through crontab. It is a scheduled task that runs automatically at specified times on Unix-like systems. It is hard to monitor and can overlap or silently fail. It runs a backup script every night at two in the morning.
Backend,What does rate limiting mean?,"Rate limiting is a control that caps how many requests a client can make in a time window. It is used to protect APIs from abuse, scraping, and overload. It uses algorithms like token bucket, leaky bucket, and sliding window."
Backend,What are the drawbacks of microservice?,"Microservice adds network complexity, distributed debugging, and data consistency challenges. It allows independent scaling, technology choices, and fault isolation. It separates payments, inventory, and user accounts into different services. It contrasts with the monolith, which keeps everything in one deployable unit."
Backend,What is related to N+1 query problem?,"N+1 query problem is solved with joins, eager loading, or batching. It is detected when ORMs load a list and then access related objects in a loop. It is hard to spot in development because small datasets hide the slowness."
Backend,What is API gateway?,"API gateway is a single entry point that routes, authenticates, and manages API requests to services. It can become a bottleneck and single point of failure if poorly designed. It receives mobile app calls and routes them to user, order, and payment services."
Backend,What are the disadvantages of database normalization?,"Database normalization increases the number of joins, which can slow read-heavy queries. It is the process of organizing tables to reduce redundancy and dependency problems. It is used when designing relational schemas to keep data consistent. It moves customer addresses into a separate table instead of repeating them per order."
Backend,What problem does idempotency solve?,"Idempotency is used in APIs for safe retries, especially for payments. It is the property that repeating an operation produces the same result as doing it once. It is built into PUT and DELETE semantics but not POST by default."
Backend,What are the advantages of JWT?,"JWT lets servers verify users without storing sessions, which helps horizontal scaling. It is used for stateless authentication and passing identity between services. It is hard to revoke before expiry, and storing it unsafely exposes accounts. It is an alternative to server-side sessions and is often used with OAuth 2.0."
Backend,What other concepts are connected to monolith?,"Monolith can evolve into a modular monolith or microservices when needed. It is an application built and deployed as one single unit. It is simple to develop, test, deploy, and debug locally. It runs web, billing, and admin code in one deployable application."
Backend,Why is JWT considered important?,"JWT lets servers verify users without storing sessions, which helps horizontal scaling. It is used for stateless authentication and passing identity between services. It is hard to revoke before expiry, and storing it unsafely exposes accounts. It is an alternative to server-side sessions and is often used with OAuth 2.0."
Backend,Where is dependency injection commonly applied?,"Dependency injection is used to decouple components and make code testable. It lets tests substitute mocks and simplifies swapping implementations. It adds indirection and configuration that can confuse newcomers. It passes a database repository into a service through its constructor. It is supported by Spring, NestJS, and FastAPI's Depends."
Backend,When should you use monolith?,"Monolith is used for early-stage products and small teams that need to move quickly. It is simple to develop, test, deploy, and debug locally. It runs web, billing, and admin code in one deployable application. It can evolve into a modular monolith or microservices when needed."
Backend,What should I learn alongside OAuth 2.0?,"OAuth 2.0 is extended by OpenID Connect, which adds authentication identity. It is used for sign in with Google and granting limited API access. It limits access through scopes and avoids sharing user credentials with third parties. It lets a calendar app read your Google contacts after you approve access."
Backend,Show a real-world example of Redis.,"Redis stores session data with a 30 minute expiry. It delivers very low latency and offers expiry and atomic operations. It is limited by available memory, and persistence settings can risk data loss. It is similar to Memcached but offers richer data structures."
Backend,Where have you seen SQL join in action?,"SQL join joins orders with customers using customer_id to show buyer names. It is used to query data spread across normalized tables. It lets relational data stay organized without duplicating information. It comes in inner, left, right, and full types, which differ in handling unmatched rows."
Backend,Can you give a short overview of pagination?,"Pagination is the practice of returning large result sets in smaller pages. It reduces response size, memory use, and load times. It can show duplicates or gaps when data changes, and deep offsets get slow. It returns twenty items per request with a next cursor token."
Backend,What should I learn alongside eventual consistency?,"Eventual consistency contrasts with strong consistency, which makes all reads return the latest write. It is used in highly available distributed databases like DynamoDB and Cassandra. It enables high availability and low latency across regions. It may show stale reads and requires conflict handling."
Backend,What are the downsides of WebSocket?,"WebSocket holds connections open, which complicates scaling and load balancing. It is a protocol that keeps a persistent two-way connection between client and server. It pushes new chat messages to every connected user immediately. It differs from HTTP polling and Server-Sent Events, which are one-directional."
Backend,When should you use session authentication?,Session authentication is used in traditional web apps that keep users logged in through cookies. It is a method where the server stores login state and gives the client a session ID. It allows easy revocation because the server controls session data.
Backend,What are the limitations of SQL join?,SQL join can become slow on large tables without proper indexes. It is an operation that combines rows from two tables based on a related column. It is used to query data spread across normalized tables. It lets relational data stay organized without duplicating information.
Backend,Is there a substitute for N+1 query problem?,"N+1 query problem is solved with joins, eager loading, or batching. It becomes cheap to fix with eager loading, giving large speedups. It is hard to spot in development because small datasets hide the slowness. It runs one query for fifty posts and fifty more for their authors."
Backend,What are the downsides of Nginx?,Nginx has a configuration syntax that is easy to misconfigure. It is used to serve static files and route traffic to application servers. It handles many concurrent connections efficiently using little memory. It terminates HTTPS and proxies requests to a Node.js application. It competes with Apache and Caddy.
Backend,Can you illustrate monolith with an example?,"Monolith runs web, billing, and admin code in one deployable application. It is an application built and deployed as one single unit. It is used for early-stage products and small teams that need to move quickly. It becomes harder to scale and change as the codebase grows."
Backend,How does connection pooling differ from related concepts?,Connection pooling is provided by tools like PgBouncer and libraries such as HikariCP. It is a technique that keeps a set of reusable database connections open. It cuts connection overhead and prevents exhausting database connection limits. It lets a web server reuse ten open connections to handle thousands of requests.
Backend,When should you use WebSocket?,"WebSocket is used for chat, live notifications, multiplayer games, and trading dashboards. It delivers messages instantly without repeated polling overhead. It pushes new chat messages to every connected user immediately. It differs from HTTP polling and Server-Sent Events, which are one-directional."
Backend,Where have you seen session authentication in action?,"Session authentication sets a session cookie after login and looks up the user on each request. It is used in traditional web apps that keep users logged in through cookies. It contrasts with token-based approaches like JWT, which are stateless."
Backend,What other concepts are connected to microservice?,"Microservice contrasts with the monolith, which keeps everything in one deployable unit. It is a small independently deployable service responsible for one business capability. It allows independent scaling, technology choices, and fault isolation. It adds network complexity, distributed debugging, and data consistency challenges."
Backend,How does middleware differ from related concepts?,"Middleware is a core concept in Express, Django, and FastAPI. It keeps cross-cutting logic reusable and separate from business code. It can slow requests if too many layers run, and ordering mistakes cause subtle bugs. It checks a token and rejects unauthenticated requests before reaching the route."
Backend,Show a real-world example of Apache Kafka.,"Apache Kafka streams click events from a website to analytics systems. It is a distributed event streaming platform that stores ordered logs of records. It handles massive throughput and lets many consumers replay events independently. It differs from RabbitMQ, which is a traditional broker focused on routing."
Backend,What is connection pooling used for?,"Connection pooling is used so applications avoid opening a new connection for every request. It is a technique that keeps a set of reusable database connections open. It needs careful sizing, because too many or too few connections hurt performance."
Backend,What do you gain by using middleware?,"Middleware keeps cross-cutting logic reusable and separate from business code. It is a function that runs between an incoming request and the final route handler. It can slow requests if too many layers run, and ordering mistakes cause subtle bugs."
Backend,Why is webhook considered important?,"Webhook avoids polling and delivers events in near real time. It is an HTTP callback where a service sends event data to your URL. It needs signature verification, retries, and idempotent handling. It lets Stripe notify your server when a payment succeeds."
Backend,What are the disadvantages of monolith?,"Monolith becomes harder to scale and change as the codebase grows. It is simple to develop, test, deploy, and debug locally. It runs web, billing, and admin code in one deployable application. It can evolve into a modular monolith or microservices when needed."
Backend,Describe a scenario where GraphQL is applied.,"GraphQL lets a mobile app request only a user's name and avatar in one call. It is a query language where clients request exactly the fields they need from one endpoint. It is used for apps with complex, nested data and varied client requirements."
Backend,What problem does ACID transaction solve?,"ACID transaction is used for operations like payments where partial updates are unacceptable. It adds locking and coordination overhead that limits scalability. It transfers money by debiting one account and crediting another, or neither. It contrasts with BASE systems that favor availability and eventual consistency."
Backend,What other concepts are connected to GraphQL?,"GraphQL is an alternative to REST, and Apollo is a popular implementation. It is a query language where clients request exactly the fields they need from one endpoint. It is used for apps with complex, nested data and varied client requirements."
Backend,Can you illustrate message queue with an example?,"Message queue queues email jobs so the web request returns immediately. It is used to decouple services and handle work asynchronously. It smooths traffic spikes and lets services fail without losing tasks. It adds operational complexity and requires handling duplicates and ordering. It is implemented by RabbitMQ, SQS, and Kafka."
Backend,Where have you seen WebSocket in action?,"WebSocket pushes new chat messages to every connected user immediately. It is a protocol that keeps a persistent two-way connection between client and server. It holds connections open, which complicates scaling and load balancing. It differs from HTTP polling and Server-Sent Events, which are one-directional."
Backend,List the strengths of WebSocket.,"WebSocket delivers messages instantly without repeated polling overhead. It is used for chat, live notifications, multiplayer games, and trading dashboards. It pushes new chat messages to every connected user immediately. It differs from HTTP polling and Server-Sent Events, which are one-directional."
Backend,What makes JWT valuable?,"JWT lets servers verify users without storing sessions, which helps horizontal scaling. It is a compact signed token carrying claims, made of header, payload, and signature. It is an alternative to server-side sessions and is often used with OAuth 2.0."
Backend,What are the benefits of using stored procedure?,"Stored procedure reduces network round trips and can improve performance and security. It is harder to version, test, and port between database vendors. It runs a calculate_invoice procedure with one call from the application. It is an alternative to ORM-based logic in application code."
Backend,What is a practical example of stored procedure?,Stored procedure runs a calculate_invoice procedure with one call from the application. It is used to encapsulate business logic and repeated database operations. It reduces network round trips and can improve performance and security. It is an alternative to ORM-based logic in application code.
Backend,What are the disadvantages of idempotency?,"Idempotency requires storing keys or state and careful design for each endpoint. It is used in APIs for safe retries, especially for payments. It prevents duplicate charges or records when requests are retried. It makes sending the same payment request with one idempotency key charge once."
Backend,Can you illustrate idempotency with an example?,"Idempotency makes sending the same payment request with one idempotency key charge once. It is the property that repeating an operation produces the same result as doing it once. It is used in APIs for safe retries, especially for payments."
Backend,What are the advantages of ACID transaction?,"ACID transaction keeps data correct even during failures or concurrent access. It is a database transaction that guarantees atomicity, consistency, isolation, and durability. It adds locking and coordination overhead that limits scalability. It contrasts with BASE systems that favor availability and eventual consistency."
Backend,Why do developers use eventual consistency?,Eventual consistency is used in highly available distributed databases like DynamoDB and Cassandra. It enables high availability and low latency across regions. It may show stale reads and requires conflict handling. It lets a social media like count appear different for a moment on two servers.
Backend,Can you give a short overview of middleware?,"Middleware is a function that runs between an incoming request and the final route handler. It keeps cross-cutting logic reusable and separate from business code. It can slow requests if too many layers run, and ordering mistakes cause subtle bugs. It is a core concept in Express, Django, and FastAPI."
Backend,How does monolith differ from related concepts?,"Monolith can evolve into a modular monolith or microservices when needed. It is an application built and deployed as one single unit. It is simple to develop, test, deploy, and debug locally. It becomes harder to scale and change as the codebase grows."
Backend,Describe gRPC briefly.,"gRPC is a high-performance remote procedure call framework using HTTP/2 and Protocol Buffers. It offers compact binary messages, streaming, and generated client code. It lets a payment service call an inventory service through a generated stub. It is an alternative to REST and GraphQL for service-to-service calls."
Backend,How is JWT typically used in real projects?,"JWT is used for stateless authentication and passing identity between services. It is a compact signed token carrying claims, made of header, payload, and signature. It lets servers verify users without storing sessions, which helps horizontal scaling. It is hard to revoke before expiry, and storing it unsafely exposes accounts."
Backend,Is there a substitute for Apache Kafka?,"Apache Kafka differs from RabbitMQ, which is a traditional broker focused on routing. It is a distributed event streaming platform that stores ordered logs of records. It handles massive throughput and lets many consumers replay events independently. It is operationally heavy and overkill for simple task queues."
Backend,What are the advantages of monolith?,"Monolith is simple to develop, test, deploy, and debug locally. It becomes harder to scale and change as the codebase grows. It runs web, billing, and admin code in one deployable application. It can evolve into a modular monolith or microservices when needed."
Backend,What are the downsides of OAuth 2.0?,"OAuth 2.0 is complex to implement correctly, and misconfigured redirects create security holes. It limits access through scopes and avoids sharing user credentials with third parties. It lets a calendar app read your Google contacts after you approve access. It is extended by OpenID Connect, which adds authentication identity."
Backend,What does database sharding mean?,"Database sharding is the practice of splitting a large database into smaller pieces across servers. It scales storage and write throughput horizontally. It complicates queries, joins, transactions, and rebalancing when shards grow unevenly. It stores users with IDs in different ranges on different database servers."
Backend,Describe a scenario where JWT is applied.,"JWT is returned after login and sent in the Authorization header as a Bearer token. It is hard to revoke before expiry, and storing it unsafely exposes accounts. It is an alternative to server-side sessions and is often used with OAuth 2.0."
Backend,What are the downsides of Apache Kafka?,"Apache Kafka is operationally heavy and overkill for simple task queues. It is a distributed event streaming platform that stores ordered logs of records. It streams click events from a website to analytics systems. It differs from RabbitMQ, which is a traditional broker focused on routing."
Backend,What are the advantages of rate limiting?,"Rate limiting keeps service available and fair for all users and reduces costs. It is used to protect APIs from abuse, scraping, and overload. It returns HTTP 429 after a user exceeds one hundred requests per minute. It uses algorithms like token bucket, leaky bucket, and sliding window."
Backend,Why is OAuth 2.0 considered important?,OAuth 2.0 limits access through scopes and avoids sharing user credentials with third parties. It is an authorization framework that lets apps access resources on a user's behalf without passwords. It lets a calendar app read your Google contacts after you approve access.
Backend,What are the benefits of using GraphQL?,"GraphQL avoids over-fetching and under-fetching and gives a strongly typed schema. It is used for apps with complex, nested data and varied client requirements. It complicates caching and rate limiting, and can expose expensive queries without depth limits. It is an alternative to REST, and Apollo is a popular implementation."
Backend,How does database normalization differ from related concepts?,"Database normalization is balanced against denormalization, which duplicates data for faster reads. It is the process of organizing tables to reduce redundancy and dependency problems. It is used when designing relational schemas to keep data consistent. It moves customer addresses into a separate table instead of repeating them per order."
Backend,What do you gain by using API gateway?,"API gateway simplifies clients and enforces security, throttling, and monitoring in one place. It can become a bottleneck and single point of failure if poorly designed. It receives mobile app calls and routes them to user, order, and payment services."
Backend,What are the downsides of circuit breaker?,"Circuit breaker needs tuned thresholds, and wrong settings may block healthy calls. It is used in distributed systems to prevent cascading failures. It trips after five consecutive timeouts and returns a fallback response. It is implemented by libraries like Resilience4j and Polly."
Backend,Why do developers use JWT?,JWT is used for stateless authentication and passing identity between services. It is returned after login and sent in the Authorization header as a Bearer token. It is an alternative to server-side sessions and is often used with OAuth 2.0.
Backend,Show a real-world example of WebSocket.,"WebSocket pushes new chat messages to every connected user immediately. It is a protocol that keeps a persistent two-way connection between client and server. It is used for chat, live notifications, multiplayer games, and trading dashboards. It holds connections open, which complicates scaling and load balancing."
Backend,How does Redis help developers?,"Redis delivers very low latency and offers expiry and atomic operations. It is an in-memory data store supporting strings, hashes, lists, sets, and more. It is used for caching, sessions, leaderboards, and rate limiting. It is similar to Memcached but offers richer data structures."
Backend,Walk me through a simple example of OAuth 2.0.,"OAuth 2.0 lets a calendar app read your Google contacts after you approve access. It is an authorization framework that lets apps access resources on a user's behalf without passwords. It is complex to implement correctly, and misconfigured redirects create security holes."
Backend,Show a real-world example of microservice.,"Microservice separates payments, inventory, and user accounts into different services. It is a small independently deployable service responsible for one business capability. It is used in large systems where teams need to scale and deploy separately. It allows independent scaling, technology choices, and fault isolation."
Backend,What is related to Nginx?,Nginx competes with Apache and Caddy. It is used to serve static files and route traffic to application servers. It handles many concurrent connections efficiently using little memory. It has a configuration syntax that is easy to misconfigure. It terminates HTTPS and proxies requests to a Node.js application.
Backend,How does JWT compare with similar approaches?,JWT is an alternative to server-side sessions and is often used with OAuth 2.0. It is used for stateless authentication and passing identity between services. It is returned after login and sent in the Authorization header as a Bearer token.
Backend,What is an alternative to GraphQL?,"GraphQL is an alternative to REST, and Apollo is a popular implementation. It is used for apps with complex, nested data and varied client requirements. It avoids over-fetching and under-fetching and gives a strongly typed schema. It complicates caching and rate limiting, and can expose expensive queries without depth limits."
Backend,What problems can pagination cause?,"Pagination can show duplicates or gaps when data changes, and deep offsets get slow. It is the practice of returning large result sets in smaller pages. It is used for lists, feeds, and search results. It reduces response size, memory use, and load times."
Backend,What are the downsides of message queue?,"Message queue adds operational complexity and requires handling duplicates and ordering. It is a system that stores messages sent by producers until consumers process them. It is used to decouple services and handle work asynchronously. It is implemented by RabbitMQ, SQS, and Kafka."
Backend,What problem does database index solve?,"Database index is used on columns frequently searched, joined, or sorted. It is a data structure, often a B-tree, that speeds up row lookups on chosen columns. It makes finding a user by email fast after indexing the email column."
Backend,In which situations is eventual consistency a good choice?,"Eventual consistency is used in highly available distributed databases like DynamoDB and Cassandra. It lets a social media like count appear different for a moment on two servers. It contrasts with strong consistency, which makes all reads return the latest write."
Backend,What should you watch out for when using ORM?,"ORM can generate inefficient queries and hides what the database is doing. It is a library that maps database tables to objects in a programming language. It speeds development, improves portability, and helps prevent SQL injection. It is an alternative to raw SQL and query builders."
