domain,question,answer
Cyber Security,What is a practical example of symmetric encryption?,Symmetric encryption encrypts a file with AES-256 using one shared key. It is used for bulk data such as disk encryption and file protection. It struggles with secure key distribution between parties. It is often combined with asymmetric encryption in TLS.
Cyber Security,What is a DDoS attack?,"A distributed denial-of-service attack floods a server or network with traffic from many compromised devices, exhausting resources so legitimate users cannot access the service. Defenses include rate limiting, traffic filtering, content delivery networks, load balancing, and dedicated mitigation services that absorb and scrub malicious traffic before it reaches the application."
Cyber Security,What are the advantages of intrusion detection system?,"Intrusion detection system gives visibility and alerts that enable fast response. It is used to detect intrusions and policy violations. It generates false positives and only detects instead of blocking. It differs from an intrusion prevention system, which blocks traffic automatically."
Cyber Security,What is an alternative to vulnerability scanning?,Vulnerability scanning is complemented by penetration testing for deeper validation. It is the automated checking of systems for known weaknesses. It is used regularly to find missing patches and misconfigurations. It covers many assets quickly and cheaply. It produces false positives and cannot confirm real exploitability.
Cyber Security,How would you explain firewall to a beginner?,Firewall is a security control that filters network traffic using defined rules. It cannot stop attacks inside allowed traffic or insider threats alone. It blocks incoming connections on port 23 while allowing HTTPS. It ranges from packet filters to next-generation firewalls and web application firewalls.
Cyber Security,What are the downsides of privilege escalation?,"Privilege escalation can turn a small compromise into full system control. It is the exploitation of a flaw to gain higher access than intended. It is limited through patching, least privilege, and monitoring. It lets a normal user become administrator through a vulnerable service."
Cyber Security,What are the limitations of brute force attack?,"Brute force attack succeeds quickly against short or common passwords. It is an attack that tries many password or key combinations until one works. It tries thousands of passwords per minute on an SSH login. It differs from credential stuffing, which reuses leaked passwords."
Cyber Security,What makes cross-site scripting valuable?,"Cross-site scripting is preventable through output encoding, sanitization, and Content Security Policy. It is tested for wherever user input is displayed back on web pages. It can steal session cookies, deface pages, and perform actions as victims. It comes in stored, reflected, and DOM-based forms."
Cyber Security,What is the basic idea behind digital signature?,"Digital signature is a cryptographic proof that a message came from a signer and was not altered. It provides authenticity, integrity, and non-repudiation. It depends on keeping private keys secure and trusting certificates. It is created by signing a hash with a private key."
Cyber Security,How does malware compare with similar approaches?,"Malware is analyzed through static and dynamic analysis in sandboxes. It is software designed to damage, disrupt, or gain unauthorized access to systems. It is detected by antivirus, endpoint detection, and safe user habits. It can cause data theft, system damage, and spread across networks."
Cyber Security,How does asymmetric encryption differ from related concepts?,"Asymmetric encryption includes RSA and elliptic curve cryptography. It is used for key exchange, digital signatures, and secure email. It removes the need to share a secret in advance. It is much slower than symmetric encryption and needs larger keys."
Cyber Security,Describe a scenario where SSH is applied.,SSH connects to a server with ssh user@host using a private key. It is a protocol for secure remote login and command execution over an encrypted channel. It is used by administrators to manage servers. It is exposed to brute force attempts if password login is enabled.
Cyber Security,How does honeypot differ from related concepts?,"Honeypot scales up to honeynets and honeytokens. It is used to detect intrusions and collect threat intelligence. It gives early warning and reveals attacker techniques. It requires careful isolation, since a compromised honeypot can become a foothold. It exposes a fake database server that logs every access attempt."
Cyber Security,How is threat modeling typically used in real projects?,"Threat modeling is used during design to find security flaws early. It is a structured process for identifying and prioritizing potential threats to a system. It finds issues cheaply before code is written. It includes STRIDE, DREAD, and attack trees."
Cyber Security,Walk me through a simple example of incident response.,"Incident response isolates infected machines, preserves evidence, and restores from clean backups. It is the organized approach to detecting, containing, and recovering from security incidents. It is used whenever a breach or attack is suspected. It follows phases like preparation, detection, containment, eradication, recovery, and lessons learned."
Cyber Security,What are the alternatives or companions of hashing?,"Hashing differs from encryption, which can be reversed with a key. It is a one-way function that turns data into a fixed-length digest. It is used for password storage, integrity checks, and digital signatures. It is not reversible, and fast hashes are unsafe for passwords."
Cyber Security,What is an alternative to man-in-the-middle attack?,Man-in-the-middle attack includes ARP spoofing and SSL stripping. It is an attack where someone secretly intercepts or alters communication between two parties. It is common on unsecured public Wi-Fi and compromised networks. It lets an attacker on a cafe network read unencrypted traffic.
Cyber Security,When should you use symmetric encryption?,Symmetric encryption is used for bulk data such as disk encryption and file protection. It is fast and efficient for large amounts of data. It struggles with secure key distribution between parties. It encrypts a file with AES-256 using one shared key.
Cyber Security,What is the basic idea behind malware?,"Malware is software designed to damage, disrupt, or gain unauthorized access to systems. It is used by attackers to steal data, spy, or control machines. It is detected by antivirus, endpoint detection, and safe user habits. It can cause data theft, system damage, and spread across networks."
Cyber Security,Describe a scenario where least privilege is applied.,"Least privilege gives a support agent read access to tickets but not billing data. It is a principle giving users and programs only the access they need. It limits the damage from mistakes and compromised accounts. It needs ongoing review, since permissions tend to accumulate."
Cyber Security,Why is password salting useful?,Password salting defeats rainbow tables and keeps identical passwords from sharing the same hash. It is the practice of adding a random value to a password before hashing. It is used when storing passwords in databases. It does not stop brute force against weak passwords by itself.
Cyber Security,What are the drawbacks of brute force attack?,Brute force attack succeeds quickly against short or common passwords. It is an attack that tries many password or key combinations until one works. It is used against weak passwords and exposed login pages. It tries thousands of passwords per minute on an SSH login.
Cyber Security,What are the benefits of using patch management?,Patch management removes the easiest paths for attackers. It is used to close known vulnerabilities across systems. It can cause downtime or compatibility issues if not tested. It applies a monthly operating system security update across all laptops. It is helped by asset inventory and automated tools.
Cyber Security,What are the limitations of network segmentation?,Network segmentation increases design complexity and management effort. It is dividing a network into separate zones with controlled traffic between them. It is used to isolate sensitive systems such as payment servers. It places guest Wi-Fi on a separate VLAN from internal servers.
Cyber Security,Describe a scenario where social engineering is applied.,"Social engineering has a caller pose as IT support and ask for a password. It is the manipulation of people into revealing information or performing actions. It is countered by training, verification procedures, and a reporting culture. It includes phishing, pretexting, baiting, and tailgating."
Cyber Security,List the strengths of firewall.,Firewall reduces exposure by allowing only necessary traffic. It is a security control that filters network traffic using defined rules. It is used at network edges and on hosts to block unauthorized connections. It cannot stop attacks inside allowed traffic or insider threats alone.
Cyber Security,What are the limitations of directory traversal?,Directory traversal can expose configuration files and passwords. It is an attack that uses path sequences like ../ to access files outside the intended folder. It is prevented by validating paths and using allow-lists. It requests ../../etc/passwd through a file download parameter. It is also called path traversal.
Cyber Security,What are the drawbacks of TLS?,"TLS cannot protect endpoints, and weak configurations or old versions are vulnerable. It is used for HTTPS, email, and secure APIs. It protects confidentiality and integrity and verifies the server identity. It shows the padlock in the browser for HTTPS sites. It is the successor of SSL."
Cyber Security,What other concepts are connected to directory traversal?,Directory traversal is also called path traversal. It is an attack that uses path sequences like ../ to access files outside the intended folder. It is prevented by validating paths and using allow-lists. It can expose configuration files and passwords. It requests ../../etc/passwd through a file download parameter.
Cyber Security,What should you watch out for when using DNS spoofing?,DNS spoofing can silently send users to lookalike sites. It is an attack that gives false DNS answers to redirect users to malicious sites. It is used by attackers to harvest credentials and spread malware. It is also called DNS cache poisoning.
Cyber Security,What is related to data loss prevention?,"Data loss prevention monitors endpoints, networks, and cloud storage. It is a set of tools and policies that stop sensitive data from leaving the organization. It can cause false positives that block legitimate work. It blocks an email carrying credit card numbers to an external address."
Cyber Security,Describe a scenario where password salting is applied.,Password salting stores a unique salt next to each user's hash. It is the practice of adding a random value to a password before hashing. It is used when storing passwords in databases. It does not stop brute force against weak passwords by itself.
Cyber Security,What is a practical example of endpoint detection and response?,Endpoint detection and response isolates a laptop when it sees ransomware-like file encryption. It is a tool that monitors endpoints for malicious behavior and enables response. It is used to detect advanced threats on laptops and servers. It requires agents and skilled analysts and can slow devices.
Cyber Security,What are the advantages of digital signature?,"Digital signature provides authenticity, integrity, and non-repudiation. It is a cryptographic proof that a message came from a signer and was not altered. It is used for software updates, contracts, and certificates. It depends on keeping private keys secure and trusting certificates."
Cyber Security,Show a real-world example of session hijacking.,"Session hijacking steals a session cookie from an open Wi-Fi network. It is taking over a user's active session by stealing its identifier. It is prevented by HTTPS, secure cookies, and short session lifetimes. It is related to session fixation."
Cyber Security,What are the drawbacks of password manager?,"Password manager creates a single point of failure if the master password is weak. It is used so people can have strong, different passwords for every account. It reduces reuse and makes phishing easier to spot through domain matching. It fills a random twenty-character password on a login form."
Cyber Security,What makes SQL injection valuable?,"SQL injection is fully preventable with parameterized queries, which keep data separate from code. It is tested for in login forms, search boxes, and any database-backed input. It abuses a login by entering a quote and OR 1=1 to bypass the password check."
Cyber Security,What is the main purpose of endpoint detection and response?,Endpoint detection and response is used to detect advanced threats on laptops and servers. It is a tool that monitors endpoints for malicious behavior and enables response. It offers deep visibility and rapid containment of compromised devices. It isolates a laptop when it sees ransomware-like file encryption.
Cyber Security,Is there a substitute for buffer overflow?,"Buffer overflow is mitigated by stack canaries, ASLR, and non-executable memory. It is prevented by bounds checking, memory-safe languages, and compiler protections. It can crash programs or let attackers run arbitrary code. It happens when copying a long string into a small fixed array."
Cyber Security,Explain CSRF.,"CSRF is an attack that tricks a logged-in user's browser into sending unwanted requests. It is blocked effectively by anti-CSRF tokens and SameSite cookies. It can perform actions as the victim without stealing their credentials. It differs from XSS, since it exploits a server's trust in the user's browser."
Cyber Security,What are common pitfalls with SQL injection?,"SQL injection can expose, modify, or delete data and sometimes give attackers control of the server. It abuses a login by entering a quote and OR 1=1 to bypass the password check. It is defended against by prepared statements, input validation, and least-privilege database accounts."
Cyber Security,What are common pitfalls with firewall?,Firewall cannot stop attacks inside allowed traffic or insider threats alone. It is a security control that filters network traffic using defined rules. It is used at network edges and on hosts to block unauthorized connections. It blocks incoming connections on port 23 while allowing HTTPS.
Cyber Security,What are the advantages of network segmentation?,"Network segmentation limits lateral movement and contains breaches. It is dividing a network into separate zones with controlled traffic between them. It is used to isolate sensitive systems such as payment servers. It is implemented with VLANs, firewalls, and microsegmentation."
Cyber Security,Can you give a short overview of cross-site scripting?,Cross-site scripting is an attack that injects malicious scripts into pages viewed by other users. It is tested for wherever user input is displayed back on web pages. It runs a script from a comment field in every visitor's browser.
Cyber Security,How does zero trust compare with similar approaches?,"Zero trust follows the motto never trust, always verify. It is a security model that never trusts any user or device by default. It takes substantial effort to implement and can slow users down. It checks identity and device health on every request, even inside the network."
Cyber Security,What are the benefits of using password salting?,"Password salting defeats rainbow tables and keeps identical passwords from sharing the same hash. It is the practice of adding a random value to a password before hashing. It is used when storing passwords in databases. It should be paired with slow hashing like bcrypt, scrypt, or Argon2."
Cyber Security,Give an example of SSH.,SSH connects to a server with ssh user@host using a private key. It is used by administrators to manage servers. It protects credentials and supports key-based authentication. It is exposed to brute force attempts if password login is enabled. It replaced insecure protocols like Telnet.
Cyber Security,What problem does password salting solve?,"Password salting is used when storing passwords in databases. It does not stop brute force against weak passwords by itself. It stores a unique salt next to each user's hash. It should be paired with slow hashing like bcrypt, scrypt, or Argon2."
Cyber Security,What does clickjacking mean?,Clickjacking is an attack that tricks users into clicking something hidden under a visible element. It is blocked by X-Frame-Options and the CSP frame-ancestors directive. It abuses legitimate pages loaded in invisible frames. It overlays a transparent frame of a bank page over a fake prize button.
Cyber Security,What are the alternatives or companions of public key infrastructure?,"Public key infrastructure includes certificate authorities, registration authorities, and revocation lists. It is a framework of certificates and authorities that manages public keys and identities. It depends on certificate authorities, and a compromised authority harms trust. It lets browsers trust a website because a known authority signed its certificate."
Cyber Security,Show a real-world example of TLS.,"TLS shows the padlock in the browser for HTTPS sites. It is a protocol that encrypts and authenticates data sent between clients and servers. It is used for HTTPS, email, and secure APIs. It protects confidentiality and integrity and verifies the server identity."
Cyber Security,In which situations is cross-site scripting a good choice?,"Cross-site scripting is tested for wherever user input is displayed back on web pages. It is an attack that injects malicious scripts into pages viewed by other users. It runs a script from a comment field in every visitor's browser. It comes in stored, reflected, and DOM-based forms."
Cyber Security,What are the benefits of using directory traversal?,Directory traversal is prevented by validating paths and using allow-lists. It is an attack that uses path sequences like ../ to access files outside the intended folder. It requests ../../etc/passwd through a file download parameter. It is also called path traversal.
Cyber Security,Why is password salting considered important?,"Password salting defeats rainbow tables and keeps identical passwords from sharing the same hash. It is used when storing passwords in databases. It does not stop brute force against weak passwords by itself. It should be paired with slow hashing like bcrypt, scrypt, or Argon2."
Cyber Security,Where is VPN commonly applied?,"VPN is used for secure remote access and protecting traffic on untrusted networks. It protects data in transit and hides the user's IP address from sites. It lets an employee reach the company intranet from home securely. It uses protocols like WireGuard, OpenVPN, and IPsec."
Cyber Security,What problems can social engineering cause?,"Social engineering bypasses technical controls entirely by targeting trust. It is the manipulation of people into revealing information or performing actions. It is countered by training, verification procedures, and a reporting culture. It has a caller pose as IT support and ask for a password."
Cyber Security,What does SIEM mean?,"SIEM is a platform that collects and correlates security logs for analysis and alerts. It is expensive and noisy, and needs tuning to avoid alert fatigue. It alerts when many failed logins are followed by a success. It is offered by Splunk, Microsoft Sentinel, and Elastic."
Cyber Security,Where have you seen public key infrastructure in action?,"Public key infrastructure lets browsers trust a website because a known authority signed its certificate. It is a framework of certificates and authorities that manages public keys and identities. It is used for HTTPS, code signing, and email encryption. It enables trust between strangers on the internet."
Cyber Security,What problems can VPN cause?,VPN does not make users anonymous and shifts trust to the VPN provider. It is used for secure remote access and protecting traffic on untrusted networks. It protects data in transit and hides the user's IP address from sites. It lets an employee reach the company intranet from home securely.
Cyber Security,What is related to cross-site scripting?,"Cross-site scripting comes in stored, reflected, and DOM-based forms. It is tested for wherever user input is displayed back on web pages. It is preventable through output encoding, sanitization, and Content Security Policy. It runs a script from a comment field in every visitor's browser."
Cyber Security,Why do developers use password salting?,Password salting is used when storing passwords in databases. It is the practice of adding a random value to a password before hashing. It defeats rainbow tables and keeps identical passwords from sharing the same hash. It does not stop brute force against weak passwords by itself.
Cyber Security,How is network segmentation used in practice?,"Network segmentation places guest Wi-Fi on a separate VLAN from internal servers. It is dividing a network into separate zones with controlled traffic between them. It is used to isolate sensitive systems such as payment servers. It is implemented with VLANs, firewalls, and microsegmentation."
Cyber Security,When should you avoid password manager?,Password manager creates a single point of failure if the master password is weak. It is an application that stores and generates unique passwords securely. It fills a random twenty-character password on a login form. It works best with multi-factor authentication.
Cyber Security,Give an example of buffer overflow.,"Buffer overflow happens when copying a long string into a small fixed array. It is a bug where a program writes beyond the end of a memory buffer. It can crash programs or let attackers run arbitrary code. It is mitigated by stack canaries, ASLR, and non-executable memory."
Cyber Security,What other concepts are connected to privilege escalation?,"Privilege escalation occurs vertically to higher roles or horizontally to other users' accounts. It is limited through patching, least privilege, and monitoring. It can turn a small compromise into full system control. It lets a normal user become administrator through a vulnerable service."
Cyber Security,How would you explain endpoint detection and response to a beginner?,Endpoint detection and response is a tool that monitors endpoints for malicious behavior and enables response. It is used to detect advanced threats on laptops and servers. It isolates a laptop when it sees ransomware-like file encryption. It goes beyond traditional antivirus signature matching.
Cyber Security,What do you gain by using password manager?,"Password manager reduces reuse and makes phishing easier to spot through domain matching. It is an application that stores and generates unique passwords securely. It is used so people can have strong, different passwords for every account. It creates a single point of failure if the master password is weak."
Cyber Security,How does hashing compare with similar approaches?,"Hashing differs from encryption, which can be reversed with a key. It is a one-way function that turns data into a fixed-length digest. It is not reversible, and fast hashes are unsafe for passwords. It verifies a downloaded file against a published SHA-256 checksum."
Cyber Security,Walk me through a simple example of cross-site scripting.,"Cross-site scripting runs a script from a comment field in every visitor's browser. It is an attack that injects malicious scripts into pages viewed by other users. It is preventable through output encoding, sanitization, and Content Security Policy. It can steal session cookies, deface pages, and perform actions as victims."
Cyber Security,Show a real-world example of directory traversal.,Directory traversal requests ../../etc/passwd through a file download parameter. It is an attack that uses path sequences like ../ to access files outside the intended folder. It is tested wherever file names come from user input. It can expose configuration files and passwords. It is also called path traversal.
Cyber Security,What do you gain by using directory traversal?,Directory traversal is prevented by validating paths and using allow-lists. It is an attack that uses path sequences like ../ to access files outside the intended folder. It is tested wherever file names come from user input. It can expose configuration files and passwords. It is also called path traversal.
Cyber Security,When should you use zero trust?,"Zero trust is used to protect cloud and remote-work environments. It is a security model that never trusts any user or device by default. It checks identity and device health on every request, even inside the network. It follows the motto never trust, always verify."
Cyber Security,Where is buffer overflow commonly applied?,"Buffer overflow is studied in low-level languages like C and C++. It is a bug where a program writes beyond the end of a memory buffer. It can crash programs or let attackers run arbitrary code. It is mitigated by stack canaries, ASLR, and non-executable memory."
Cyber Security,Is there a substitute for incident response?,"Incident response follows phases like preparation, detection, containment, eradication, recovery, and lessons learned. It is the organized approach to detecting, containing, and recovering from security incidents. It is used whenever a breach or attack is suspected. It reduces damage and recovery time through prepared playbooks."
Cyber Security,What is a practical example of social engineering?,"Social engineering has a caller pose as IT support and ask for a password. It is the manipulation of people into revealing information or performing actions. It bypasses technical controls entirely by targeting trust. It includes phishing, pretexting, baiting, and tailgating."
Cyber Security,What does ransomware mean?,"Ransomware is malware that encrypts files and demands payment for the decryption key. It is used by criminals against hospitals, businesses, and individuals for extortion. It can halt operations, leak stolen data, and offers no guarantee of recovery after payment. It often arrives through phishing or exposed remote desktop services."
Cyber Security,What is a practical example of asymmetric encryption?,"Asymmetric encryption lets anyone encrypt a message with a public key that only the owner can read. It is used for key exchange, digital signatures, and secure email. It is much slower than symmetric encryption and needs larger keys. It includes RSA and elliptic curve cryptography."
Cyber Security,What is cross-site scripting?,"Cross-site scripting is an attack that injects malicious scripts into pages viewed by other users. It is tested for wherever user input is displayed back on web pages. It runs a script from a comment field in every visitor's browser. It comes in stored, reflected, and DOM-based forms."
Cyber Security,Is there a substitute for malware?,"Malware is analyzed through static and dynamic analysis in sandboxes. It is used by attackers to steal data, spy, or control machines. It is detected by antivirus, endpoint detection, and safe user habits. It includes viruses, worms, trojans, spyware, and ransomware."
Cyber Security,Define SIEM in simple words.,"SIEM is a platform that collects and correlates security logs for analysis and alerts. It gives central visibility across systems and supports compliance. It alerts when many failed logins are followed by a success. It is offered by Splunk, Microsoft Sentinel, and Elastic."
Cyber Security,Explain least privilege.,Least privilege is a principle giving users and programs only the access they need. It limits the damage from mistakes and compromised accounts. It gives a support agent read access to tickets but not billing data. It supports separation of duties and role-based access control.
Cyber Security,What is the basic idea behind honeypot?,"Honeypot is a decoy system designed to attract and study attackers. It gives early warning and reveals attacker techniques. It requires careful isolation, since a compromised honeypot can become a foothold. It exposes a fake database server that logs every access attempt."
Cyber Security,What are the disadvantages of public key infrastructure?,"Public key infrastructure depends on certificate authorities, and a compromised authority harms trust. It enables trust between strangers on the internet. It lets browsers trust a website because a known authority signed its certificate. It includes certificate authorities, registration authorities, and revocation lists."
Cyber Security,Is there a substitute for man-in-the-middle attack?,"Man-in-the-middle attack includes ARP spoofing and SSL stripping. It is common on unsecured public Wi-Fi and compromised networks. It is prevented by TLS, certificate validation, and VPNs. It can expose passwords and let attackers modify messages. It lets an attacker on a cafe network read unencrypted traffic."
Cyber Security,What problem does penetration testing solve?,Penetration testing is used before launches and for compliance checks. It finds real exploitable issues and shows their impact. It covers a limited time and scope and costs money. It has testers exploit a web app's flaw to reach customer records.
Cyber Security,How would you explain intrusion detection system to a beginner?,"Intrusion detection system is a system that monitors network or host activity for suspicious behavior. It gives visibility and alerts that enable fast response. It alerts when a host scans many ports in seconds. It differs from an intrusion prevention system, which blocks traffic automatically."
Cyber Security,Where is brute force attack commonly applied?,"Brute force attack is used against weak passwords and exposed login pages. It succeeds quickly against short or common passwords. It tries thousands of passwords per minute on an SSH login. It differs from credential stuffing, which reuses leaked passwords."
Cyber Security,What is buffer overflow?,"Buffer overflow is a bug where a program writes beyond the end of a memory buffer. It is studied in low-level languages like C and C++. It happens when copying a long string into a small fixed array. It is mitigated by stack canaries, ASLR, and non-executable memory."
Cyber Security,How is firewall typically used in real projects?,Firewall is used at network edges and on hosts to block unauthorized connections. It is a security control that filters network traffic using defined rules. It cannot stop attacks inside allowed traffic or insider threats alone. It blocks incoming connections on port 23 while allowing HTTPS.
Cyber Security,Is there a substitute for firewall?,Firewall ranges from packet filters to next-generation firewalls and web application firewalls. It is used at network edges and on hosts to block unauthorized connections. It reduces exposure by allowing only necessary traffic. It cannot stop attacks inside allowed traffic or insider threats alone.
Cyber Security,What are the alternatives or companions of ransomware?,"Ransomware often arrives through phishing or exposed remote desktop services. It is malware that encrypts files and demands payment for the decryption key. It is used by criminals against hospitals, businesses, and individuals for extortion. It locks all files with a note demanding bitcoin."
Cyber Security,What are the alternatives or companions of man-in-the-middle attack?,"Man-in-the-middle attack includes ARP spoofing and SSL stripping. It is an attack where someone secretly intercepts or alters communication between two parties. It is common on unsecured public Wi-Fi and compromised networks. It is prevented by TLS, certificate validation, and VPNs."
Cyber Security,What is a practical example of honeypot?,"Honeypot exposes a fake database server that logs every access attempt. It is a decoy system designed to attract and study attackers. It gives early warning and reveals attacker techniques. It requires careful isolation, since a compromised honeypot can become a foothold. It scales up to honeynets and honeytokens."
Cyber Security,How does SIEM compare with similar approaches?,"SIEM is offered by Splunk, Microsoft Sentinel, and Elastic. It is used by security teams to detect and investigate threats. It is expensive and noisy, and needs tuning to avoid alert fatigue. It alerts when many failed logins are followed by a success."
Cyber Security,What is a practical example of cross-site scripting?,Cross-site scripting runs a script from a comment field in every visitor's browser. It is an attack that injects malicious scripts into pages viewed by other users. It is tested for wherever user input is displayed back on web pages.
Cyber Security,Describe a scenario where CSRF is applied.,"CSRF makes a hidden form on a malicious page submit a money transfer to a bank. It is blocked effectively by anti-CSRF tokens and SameSite cookies. It differs from XSS, since it exploits a server's trust in the user's browser."
Cyber Security,What is password salting used for?,"Password salting is used when storing passwords in databases. It is the practice of adding a random value to a password before hashing. It does not stop brute force against weak passwords by itself. It should be paired with slow hashing like bcrypt, scrypt, or Argon2."
Cyber Security,What is related to man-in-the-middle attack?,"Man-in-the-middle attack includes ARP spoofing and SSL stripping. It is an attack where someone secretly intercepts or alters communication between two parties. It is common on unsecured public Wi-Fi and compromised networks. It is prevented by TLS, certificate validation, and VPNs. It can expose passwords and let attackers modify messages."
Cyber Security,What are common pitfalls with SIEM?,"SIEM is expensive and noisy, and needs tuning to avoid alert fatigue. It is used by security teams to detect and investigate threats. It gives central visibility across systems and supports compliance. It alerts when many failed logins are followed by a success."
Cyber Security,What makes DNS spoofing valuable?,"DNS spoofing is countered by DNSSEC, encrypted DNS, and HTTPS. It is an attack that gives false DNS answers to redirect users to malicious sites. It is used by attackers to harvest credentials and spread malware. It makes a bank's domain resolve to an attacker's server."
Cyber Security,What problems can penetration testing cause?,Penetration testing covers a limited time and scope and costs money. It is an authorized simulated attack to find weaknesses in a system. It finds real exploitable issues and shows their impact. It has testers exploit a web app's flaw to reach customer records.
Cyber Security,Where have you seen social engineering in action?,"Social engineering has a caller pose as IT support and ask for a password. It is the manipulation of people into revealing information or performing actions. It is used by attackers because humans are often easier targets than systems. It includes phishing, pretexting, baiting, and tailgating."
Cyber Security,Give an example of patch management.,"Patch management applies a monthly operating system security update across all laptops. It is the process of identifying, testing, and installing software updates. It is used to close known vulnerabilities across systems. It is helped by asset inventory and automated tools."
Cyber Security,What is VPN?,"VPN is a service that creates an encrypted tunnel between a device and a network. It protects data in transit and hides the user's IP address from sites. It does not make users anonymous and shifts trust to the VPN provider. It uses protocols like WireGuard, OpenVPN, and IPsec."
Cyber Security,What are the disadvantages of password salting?,Password salting does not stop brute force against weak passwords by itself. It is the practice of adding a random value to a password before hashing. It is used when storing passwords in databases. It stores a unique salt next to each user's hash.
Cyber Security,What are the drawbacks of threat modeling?,"Threat modeling needs expertise and time, and models go stale as systems change. It is a structured process for identifying and prioritizing potential threats to a system. It uses STRIDE to examine each component for spoofing or tampering. It includes STRIDE, DREAD, and attack trees."
Cyber Security,What are the benefits of using CSRF?,CSRF is blocked effectively by anti-CSRF tokens and SameSite cookies. It is relevant for state-changing actions such as transfers and password changes. It can perform actions as the victim without stealing their credentials. It makes a hidden form on a malicious page submit a money transfer to a bank.
Cyber Security,What makes buffer overflow valuable?,"Buffer overflow is prevented by bounds checking, memory-safe languages, and compiler protections. It is a bug where a program writes beyond the end of a memory buffer. It can crash programs or let attackers run arbitrary code. It is mitigated by stack canaries, ASLR, and non-executable memory."
Cyber Security,What are the benefits of using ransomware?,"Ransomware can be mitigated with offline backups, patching, and network segmentation. It is malware that encrypts files and demands payment for the decryption key. It is used by criminals against hospitals, businesses, and individuals for extortion. It locks all files with a note demanding bitcoin."
Cyber Security,What other concepts are connected to endpoint detection and response?,Endpoint detection and response goes beyond traditional antivirus signature matching. It is used to detect advanced threats on laptops and servers. It offers deep visibility and rapid containment of compromised devices. It requires agents and skilled analysts and can slow devices.
Cyber Security,What is related to firewall?,Firewall ranges from packet filters to next-generation firewalls and web application firewalls. It is a security control that filters network traffic using defined rules. It cannot stop attacks inside allowed traffic or insider threats alone. It blocks incoming connections on port 23 while allowing HTTPS.
Cyber Security,How does DNS spoofing compare with similar approaches?,"DNS spoofing is also called DNS cache poisoning. It is an attack that gives false DNS answers to redirect users to malicious sites. It is countered by DNSSEC, encrypted DNS, and HTTPS. It makes a bank's domain resolve to an attacker's server."
Cyber Security,What are common pitfalls with password manager?,Password manager creates a single point of failure if the master password is weak. It is an application that stores and generates unique passwords securely. It reduces reuse and makes phishing easier to spot through domain matching. It works best with multi-factor authentication.
Cyber Security,Give an example of symmetric encryption.,Symmetric encryption encrypts a file with AES-256 using one shared key. It is used for bulk data such as disk encryption and file protection. It is fast and efficient for large amounts of data. It is often combined with asymmetric encryption in TLS.
Cyber Security,Can you give a short overview of social engineering?,"Social engineering is the manipulation of people into revealing information or performing actions. It is used by attackers because humans are often easier targets than systems. It has a caller pose as IT support and ask for a password. It includes phishing, pretexting, baiting, and tailgating."
Cyber Security,How does network segmentation compare with similar approaches?,"Network segmentation is implemented with VLANs, firewalls, and microsegmentation. It is dividing a network into separate zones with controlled traffic between them. It limits lateral movement and contains breaches. It increases design complexity and management effort. It places guest Wi-Fi on a separate VLAN from internal servers."
Cyber Security,Show a real-world example of ransomware.,"Ransomware locks all files with a note demanding bitcoin. It is malware that encrypts files and demands payment for the decryption key. It can be mitigated with offline backups, patching, and network segmentation. It often arrives through phishing or exposed remote desktop services."
Cyber Security,How does threat modeling differ from related concepts?,"Threat modeling includes STRIDE, DREAD, and attack trees. It is used during design to find security flaws early. It finds issues cheaply before code is written. It needs expertise and time, and models go stale as systems change. It uses STRIDE to examine each component for spoofing or tampering."
Cyber Security,What is the main purpose of OWASP Top 10?,OWASP Top 10 is used as an awareness and secure coding baseline. It gives teams a common priority list for fixing issues. It is not exhaustive and should not be the only security standard. It lists risks such as broken access control and injection.
Cyber Security,What is the main purpose of public key infrastructure?,"Public key infrastructure is used for HTTPS, code signing, and email encryption. It enables trust between strangers on the internet. It lets browsers trust a website because a known authority signed its certificate. It includes certificate authorities, registration authorities, and revocation lists."
Cyber Security,Describe buffer overflow briefly.,Buffer overflow is a bug where a program writes beyond the end of a memory buffer. It is studied in low-level languages like C and C++. It can crash programs or let attackers run arbitrary code. It happens when copying a long string into a small fixed array.
Cyber Security,What are the benefits of using incident response?,"Incident response reduces damage and recovery time through prepared playbooks. It is the organized approach to detecting, containing, and recovering from security incidents. It isolates infected machines, preserves evidence, and restores from clean backups. It follows phases like preparation, detection, containment, eradication, recovery, and lessons learned."
Cyber Security,Can you illustrate digital signature with an example?,"Digital signature lets a developer sign an app so users verify it. It is used for software updates, contracts, and certificates. It provides authenticity, integrity, and non-repudiation. It depends on keeping private keys secure and trusting certificates. It is created by signing a hash with a private key."
Cyber Security,What are the disadvantages of network segmentation?,"Network segmentation increases design complexity and management effort. It is dividing a network into separate zones with controlled traffic between them. It limits lateral movement and contains breaches. It places guest Wi-Fi on a separate VLAN from internal servers. It is implemented with VLANs, firewalls, and microsegmentation."
Cyber Security,What are common pitfalls with digital signature?,"Digital signature depends on keeping private keys secure and trusting certificates. It is a cryptographic proof that a message came from a signer and was not altered. It provides authenticity, integrity, and non-repudiation. It lets a developer sign an app so users verify it."
Cyber Security,What is least privilege?,"Least privilege is a principle giving users and programs only the access they need. It needs ongoing review, since permissions tend to accumulate. It gives a support agent read access to tickets but not billing data. It supports separation of duties and role-based access control."
Cyber Security,What is a practical example of ransomware?,"Ransomware locks all files with a note demanding bitcoin. It is malware that encrypts files and demands payment for the decryption key. It is used by criminals against hospitals, businesses, and individuals for extortion. It often arrives through phishing or exposed remote desktop services."
Cyber Security,Walk me through a simple example of man-in-the-middle attack.,Man-in-the-middle attack lets an attacker on a cafe network read unencrypted traffic. It is an attack where someone secretly intercepts or alters communication between two parties. It is common on unsecured public Wi-Fi and compromised networks. It can expose passwords and let attackers modify messages.
Cyber Security,What are the limitations of CSRF?,CSRF can perform actions as the victim without stealing their credentials. It is an attack that tricks a logged-in user's browser into sending unwanted requests. It is relevant for state-changing actions such as transfers and password changes. It is blocked effectively by anti-CSRF tokens and SameSite cookies.
Cyber Security,Where is asymmetric encryption commonly applied?,"Asymmetric encryption is used for key exchange, digital signatures, and secure email. It is encryption using a public key to encrypt and a private key to decrypt. It lets anyone encrypt a message with a public key that only the owner can read. It includes RSA and elliptic curve cryptography."
Cyber Security,Where is vulnerability scanning commonly applied?,Vulnerability scanning is used regularly to find missing patches and misconfigurations. It produces false positives and cannot confirm real exploitability. It uses a scanner like Nessus or OpenVAS to list outdated software. It is complemented by penetration testing for deeper validation.
Cyber Security,Describe ransomware briefly.,"Ransomware is malware that encrypts files and demands payment for the decryption key. It is used by criminals against hospitals, businesses, and individuals for extortion. It can halt operations, leak stolen data, and offers no guarantee of recovery after payment."
Cyber Security,Walk me through a simple example of SQL injection.,"SQL injection abuses a login by entering a quote and OR 1=1 to bypass the password check. It is an attack that inserts malicious SQL into input so the database runs it. It is fully preventable with parameterized queries, which keep data separate from code."
Cyber Security,How is social engineering typically used in real projects?,"Social engineering is used by attackers because humans are often easier targets than systems. It is countered by training, verification procedures, and a reporting culture. It bypasses technical controls entirely by targeting trust. It has a caller pose as IT support and ask for a password."
Cyber Security,What is related to CSRF?,"CSRF differs from XSS, since it exploits a server's trust in the user's browser. It is an attack that tricks a logged-in user's browser into sending unwanted requests. It is relevant for state-changing actions such as transfers and password changes."
Cyber Security,What does password salting mean?,"Password salting is the practice of adding a random value to a password before hashing. It is used when storing passwords in databases. It does not stop brute force against weak passwords by itself. It should be paired with slow hashing like bcrypt, scrypt, or Argon2."
Cyber Security,What makes symmetric encryption valuable?,Symmetric encryption is fast and efficient for large amounts of data. It is encryption that uses the same secret key for encryption and decryption. It struggles with secure key distribution between parties. It encrypts a file with AES-256 using one shared key.
Cyber Security,Show a real-world example of DNS spoofing.,"DNS spoofing makes a bank's domain resolve to an attacker's server. It is an attack that gives false DNS answers to redirect users to malicious sites. It is countered by DNSSEC, encrypted DNS, and HTTPS. It can silently send users to lookalike sites. It is also called DNS cache poisoning."
Cyber Security,What is intrusion detection system?,"Intrusion detection system is a system that monitors network or host activity for suspicious behavior. It is used to detect intrusions and policy violations. It generates false positives and only detects instead of blocking. It differs from an intrusion prevention system, which blocks traffic automatically."
Cyber Security,Where have you seen vulnerability scanning in action?,Vulnerability scanning uses a scanner like Nessus or OpenVAS to list outdated software. It is the automated checking of systems for known weaknesses. It is used regularly to find missing patches and misconfigurations. It covers many assets quickly and cheaply. It produces false positives and cannot confirm real exploitability.
Cyber Security,What is the main purpose of DNS spoofing?,"DNS spoofing is used by attackers to harvest credentials and spread malware. It is an attack that gives false DNS answers to redirect users to malicious sites. It is countered by DNSSEC, encrypted DNS, and HTTPS. It can silently send users to lookalike sites."
Cyber Security,How would you explain phishing to a beginner?,"Phishing is a social engineering attack using fake messages or sites to steal credentials. It is delivered by attackers through email, SMS, and fake login pages. It is reduced by awareness training, email filtering, and multi-factor authentication. It can lead to account takeover, malware infection, and financial loss."
Cyber Security,What is an alternative to phishing?,"Phishing includes spear phishing for targeted victims and vishing by phone. It is a social engineering attack using fake messages or sites to steal credentials. It is reduced by awareness training, email filtering, and multi-factor authentication. It sends an email imitating a bank that links to a fake login page."
Cyber Security,What is related to password salting?,"Password salting should be paired with slow hashing like bcrypt, scrypt, or Argon2. It is the practice of adding a random value to a password before hashing. It is used when storing passwords in databases. It defeats rainbow tables and keeps identical passwords from sharing the same hash."
Cyber Security,What are the benefits of using least privilege?,"Least privilege limits the damage from mistakes and compromised accounts. It needs ongoing review, since permissions tend to accumulate. It gives a support agent read access to tickets but not billing data. It supports separation of duties and role-based access control."
Cyber Security,Is there a substitute for DNS spoofing?,DNS spoofing is also called DNS cache poisoning. It is an attack that gives false DNS answers to redirect users to malicious sites. It is used by attackers to harvest credentials and spread malware. It can silently send users to lookalike sites.
Cyber Security,Define cross-site scripting in simple words.,"Cross-site scripting is an attack that injects malicious scripts into pages viewed by other users. It is preventable through output encoding, sanitization, and Content Security Policy. It can steal session cookies, deface pages, and perform actions as victims. It runs a script from a comment field in every visitor's browser."
Cyber Security,How is ransomware used in practice?,"Ransomware locks all files with a note demanding bitcoin. It is malware that encrypts files and demands payment for the decryption key. It can be mitigated with offline backups, patching, and network segmentation. It can halt operations, leak stolen data, and offers no guarantee of recovery after payment."
Cyber Security,What should I learn alongside network segmentation?,"Network segmentation is implemented with VLANs, firewalls, and microsegmentation. It is used to isolate sensitive systems such as payment servers. It limits lateral movement and contains breaches. It increases design complexity and management effort. It places guest Wi-Fi on a separate VLAN from internal servers."
Cyber Security,How does asymmetric encryption compare with similar approaches?,"Asymmetric encryption includes RSA and elliptic curve cryptography. It is encryption using a public key to encrypt and a private key to decrypt. It is used for key exchange, digital signatures, and secure email. It is much slower than symmetric encryption and needs larger keys."
Cyber Security,Why is phishing useful?,"Phishing is reduced by awareness training, email filtering, and multi-factor authentication. It is delivered by attackers through email, SMS, and fake login pages. It can lead to account takeover, malware infection, and financial loss. It includes spear phishing for targeted victims and vishing by phone."
Cyber Security,Walk me through a simple example of intrusion detection system.,"Intrusion detection system alerts when a host scans many ports in seconds. It is used to detect intrusions and policy violations. It gives visibility and alerts that enable fast response. It differs from an intrusion prevention system, which blocks traffic automatically."
Cyber Security,What is the basic idea behind cross-site scripting?,"Cross-site scripting is an attack that injects malicious scripts into pages viewed by other users. It is preventable through output encoding, sanitization, and Content Security Policy. It runs a script from a comment field in every visitor's browser. It comes in stored, reflected, and DOM-based forms."
Cyber Security,What are common pitfalls with buffer overflow?,"Buffer overflow can crash programs or let attackers run arbitrary code. It is studied in low-level languages like C and C++. It is prevented by bounds checking, memory-safe languages, and compiler protections. It is mitigated by stack canaries, ASLR, and non-executable memory."
Cyber Security,What problem does directory traversal solve?,Directory traversal is tested wherever file names come from user input. It is an attack that uses path sequences like ../ to access files outside the intended folder. It can expose configuration files and passwords. It requests ../../etc/passwd through a file download parameter. It is also called path traversal.
Cyber Security,Is there a substitute for session hijacking?,"Session hijacking is related to session fixation. It is taking over a user's active session by stealing its identifier. It is attempted through XSS, network sniffing, or predictable tokens. It lets attackers act as the user without knowing the password."
Cyber Security,What is firewall?,Firewall is a security control that filters network traffic using defined rules. It is used at network edges and on hosts to block unauthorized connections. It blocks incoming connections on port 23 while allowing HTTPS. It ranges from packet filters to next-generation firewalls and web application firewalls.
Cyber Security,What is a practical example of CSRF?,"CSRF makes a hidden form on a malicious page submit a money transfer to a bank. It is an attack that tricks a logged-in user's browser into sending unwanted requests. It differs from XSS, since it exploits a server's trust in the user's browser."
Cyber Security,List the strengths of digital signature.,"Digital signature provides authenticity, integrity, and non-repudiation. It is a cryptographic proof that a message came from a signer and was not altered. It lets a developer sign an app so users verify it. It is created by signing a hash with a private key."
Cyber Security,What is privilege escalation used for?,"Privilege escalation is used by attackers after initial access to take control. It is limited through patching, least privilege, and monitoring. It can turn a small compromise into full system control. It occurs vertically to higher roles or horizontally to other users' accounts."
Cyber Security,What do you gain by using session hijacking?,"Session hijacking is prevented by HTTPS, secure cookies, and short session lifetimes. It is attempted through XSS, network sniffing, or predictable tokens. It lets attackers act as the user without knowing the password. It steals a session cookie from an open Wi-Fi network. It is related to session fixation."
Cyber Security,What are the alternatives or companions of data loss prevention?,"Data loss prevention monitors endpoints, networks, and cloud storage. It is a set of tools and policies that stop sensitive data from leaving the organization. It is used to protect customer records, source code, and personal data. It can cause false positives that block legitimate work."
Cyber Security,Why is symmetric encryption considered important?,Symmetric encryption is fast and efficient for large amounts of data. It is used for bulk data such as disk encryption and file protection. It struggles with secure key distribution between parties. It is often combined with asymmetric encryption in TLS.
Cyber Security,What is related to penetration testing?,"Penetration testing differs from vulnerability scanning, which is automated and less deep. It is used before launches and for compliance checks. It finds real exploitable issues and shows their impact. It covers a limited time and scope and costs money."
Cyber Security,What problem does zero trust solve?,"Zero trust is used to protect cloud and remote-work environments. It is a security model that never trusts any user or device by default. It takes substantial effort to implement and can slow users down. It checks identity and device health on every request, even inside the network."
Cyber Security,What problems can session hijacking cause?,"Session hijacking lets attackers act as the user without knowing the password. It is attempted through XSS, network sniffing, or predictable tokens. It is prevented by HTTPS, secure cookies, and short session lifetimes. It steals a session cookie from an open Wi-Fi network. It is related to session fixation."
Cyber Security,Describe password manager briefly.,"Password manager is an application that stores and generates unique passwords securely. It is used so people can have strong, different passwords for every account. It creates a single point of failure if the master password is weak. It works best with multi-factor authentication."
Cyber Security,What are the downsides of directory traversal?,Directory traversal can expose configuration files and passwords. It is an attack that uses path sequences like ../ to access files outside the intended folder. It is tested wherever file names come from user input. It is prevented by validating paths and using allow-lists.
Cyber Security,List the strengths of intrusion detection system.,"Intrusion detection system gives visibility and alerts that enable fast response. It generates false positives and only detects instead of blocking. It alerts when a host scans many ports in seconds. It differs from an intrusion prevention system, which blocks traffic automatically."
Cyber Security,What makes SSH valuable?,SSH protects credentials and supports key-based authentication. It is a protocol for secure remote login and command execution over an encrypted channel. It is used by administrators to manage servers. It is exposed to brute force attempts if password login is enabled. It replaced insecure protocols like Telnet.
Cyber Security,How is endpoint detection and response typically used in real projects?,Endpoint detection and response is used to detect advanced threats on laptops and servers. It requires agents and skilled analysts and can slow devices. It isolates a laptop when it sees ransomware-like file encryption. It goes beyond traditional antivirus signature matching.
Cyber Security,What is phishing used for?,"Phishing is delivered by attackers through email, SMS, and fake login pages. It is reduced by awareness training, email filtering, and multi-factor authentication. It can lead to account takeover, malware infection, and financial loss. It sends an email imitating a bank that links to a fake login page."
Cyber Security,Where have you seen cross-site scripting in action?,"Cross-site scripting runs a script from a comment field in every visitor's browser. It is an attack that injects malicious scripts into pages viewed by other users. It is preventable through output encoding, sanitization, and Content Security Policy. It comes in stored, reflected, and DOM-based forms."
Cyber Security,What other concepts are connected to SSH?,SSH replaced insecure protocols like Telnet. It is a protocol for secure remote login and command execution over an encrypted channel. It is used by administrators to manage servers. It connects to a server with ssh user@host using a private key.
Cyber Security,What should you watch out for when using data loss prevention?,"Data loss prevention can cause false positives that block legitimate work. It is a set of tools and policies that stop sensitive data from leaving the organization. It is used to protect customer records, source code, and personal data. It reduces accidental leaks and supports regulatory compliance."
Cyber Security,How would you explain multi-factor authentication to a beginner?,"Multi-factor authentication is authentication requiring two or more independent proof types. It can be bypassed by phishing or SIM swapping, and adds user friction. It asks for a password and a code from an authenticator app. It is strongest with hardware security keys and passkeys."
Cyber Security,What are the disadvantages of endpoint detection and response?,Endpoint detection and response requires agents and skilled analysts and can slow devices. It is a tool that monitors endpoints for malicious behavior and enables response. It offers deep visibility and rapid containment of compromised devices. It goes beyond traditional antivirus signature matching.
Cyber Security,Describe threat modeling briefly.,"Threat modeling is a structured process for identifying and prioritizing potential threats to a system. It is used during design to find security flaws early. It needs expertise and time, and models go stale as systems change. It uses STRIDE to examine each component for spoofing or tampering."
Cyber Security,How does cross-site scripting help developers?,"Cross-site scripting is preventable through output encoding, sanitization, and Content Security Policy. It is an attack that injects malicious scripts into pages viewed by other users. It can steal session cookies, deface pages, and perform actions as victims. It runs a script from a comment field in every visitor's browser."
Cyber Security,What are the benefits of using DDoS attack?,"DDoS attack is mitigated with CDNs, rate limiting, and scrubbing services. It is used by attackers to take down websites and services. It causes downtime, lost revenue, and can hide other attacks. It uses a botnet to send millions of requests to a website."
Cyber Security,What does DNS spoofing mean?,DNS spoofing is an attack that gives false DNS answers to redirect users to malicious sites. It is used by attackers to harvest credentials and spread malware. It can silently send users to lookalike sites. It is also called DNS cache poisoning.
Cyber Security,What are the disadvantages of symmetric encryption?,Symmetric encryption struggles with secure key distribution between parties. It is encryption that uses the same secret key for encryption and decryption. It is fast and efficient for large amounts of data. It encrypts a file with AES-256 using one shared key.
Cyber Security,What should I learn alongside threat modeling?,"Threat modeling includes STRIDE, DREAD, and attack trees. It is a structured process for identifying and prioritizing potential threats to a system. It needs expertise and time, and models go stale as systems change. It uses STRIDE to examine each component for spoofing or tampering."
Cyber Security,Give an example of penetration testing.,"Penetration testing has testers exploit a web app's flaw to reach customer records. It is used before launches and for compliance checks. It covers a limited time and scope and costs money. It differs from vulnerability scanning, which is automated and less deep."
Cyber Security,What makes zero trust valuable?,"Zero trust limits the damage from stolen credentials through continuous verification. It is used to protect cloud and remote-work environments. It takes substantial effort to implement and can slow users down. It checks identity and device health on every request, even inside the network."
Cyber Security,How is social engineering used in practice?,"Social engineering has a caller pose as IT support and ask for a password. It is used by attackers because humans are often easier targets than systems. It is countered by training, verification procedures, and a reporting culture. It includes phishing, pretexting, baiting, and tailgating."
Cyber Security,Is there a substitute for network segmentation?,"Network segmentation is implemented with VLANs, firewalls, and microsegmentation. It is dividing a network into separate zones with controlled traffic between them. It limits lateral movement and contains breaches. It places guest Wi-Fi on a separate VLAN from internal servers."
Cyber Security,How does clickjacking differ from related concepts?,Clickjacking is also called UI redress. It is an attack that tricks users into clicking something hidden under a visible element. It is used to make victims perform unintended actions like likes or payments. It overlays a transparent frame of a bank page over a fake prize button.
Cyber Security,What makes data loss prevention valuable?,"Data loss prevention reduces accidental leaks and supports regulatory compliance. It is used to protect customer records, source code, and personal data. It can cause false positives that block legitimate work. It blocks an email carrying credit card numbers to an external address. It monitors endpoints, networks, and cloud storage."
Cyber Security,What problem does privilege escalation solve?,"Privilege escalation is used by attackers after initial access to take control. It is limited through patching, least privilege, and monitoring. It can turn a small compromise into full system control. It lets a normal user become administrator through a vulnerable service."
Cyber Security,How is SIEM used in practice?,"SIEM alerts when many failed logins are followed by a success. It is a platform that collects and correlates security logs for analysis and alerts. It is expensive and noisy, and needs tuning to avoid alert fatigue. It is offered by Splunk, Microsoft Sentinel, and Elastic."
Cyber Security,What do you gain by using SSH?,SSH protects credentials and supports key-based authentication. It is a protocol for secure remote login and command execution over an encrypted channel. It is used by administrators to manage servers. It connects to a server with ssh user@host using a private key. It replaced insecure protocols like Telnet.
Cyber Security,What are the advantages of SIEM?,"SIEM gives central visibility across systems and supports compliance. It is used by security teams to detect and investigate threats. It alerts when many failed logins are followed by a success. It is offered by Splunk, Microsoft Sentinel, and Elastic."
Cyber Security,What are the limitations of phishing?,"Phishing can lead to account takeover, malware infection, and financial loss. It is reduced by awareness training, email filtering, and multi-factor authentication. It sends an email imitating a bank that links to a fake login page. It includes spear phishing for targeted victims and vishing by phone."
Cyber Security,What is the main purpose of ransomware?,"Ransomware is used by criminals against hospitals, businesses, and individuals for extortion. It is malware that encrypts files and demands payment for the decryption key. It can be mitigated with offline backups, patching, and network segmentation. It often arrives through phishing or exposed remote desktop services."
Cyber Security,Where is SQL injection commonly applied?,"SQL injection is tested for in login forms, search boxes, and any database-backed input. It is fully preventable with parameterized queries, which keep data separate from code. It abuses a login by entering a quote and OR 1=1 to bypass the password check."
Cyber Security,What are the drawbacks of public key infrastructure?,"Public key infrastructure depends on certificate authorities, and a compromised authority harms trust. It is a framework of certificates and authorities that manages public keys and identities. It enables trust between strangers on the internet. It includes certificate authorities, registration authorities, and revocation lists."
Cyber Security,When should you use session hijacking?,"Session hijacking is attempted through XSS, network sniffing, or predictable tokens. It is taking over a user's active session by stealing its identifier. It is prevented by HTTPS, secure cookies, and short session lifetimes. It steals a session cookie from an open Wi-Fi network. It is related to session fixation."
Cyber Security,What is directory traversal?,Directory traversal is an attack that uses path sequences like ../ to access files outside the intended folder. It is prevented by validating paths and using allow-lists. It can expose configuration files and passwords. It is also called path traversal.
Cyber Security,Define hashing in simple words.,"Hashing is a one-way function that turns data into a fixed-length digest. It detects any change in data, since small differences change the digest. It is not reversible, and fast hashes are unsafe for passwords. It verifies a downloaded file against a published SHA-256 checksum."
Cyber Security,What is a practical example of OWASP Top 10?,OWASP Top 10 lists risks such as broken access control and injection. It is a regularly updated list of the most critical web application security risks. It gives teams a common priority list for fixing issues. It is not exhaustive and should not be the only security standard.
Cyber Security,What does buffer overflow mean?,"Buffer overflow is a bug where a program writes beyond the end of a memory buffer. It is studied in low-level languages like C and C++. It is prevented by bounds checking, memory-safe languages, and compiler protections. It is mitigated by stack canaries, ASLR, and non-executable memory."
Cyber Security,What is password manager?,Password manager is an application that stores and generates unique passwords securely. It reduces reuse and makes phishing easier to spot through domain matching. It creates a single point of failure if the master password is weak. It works best with multi-factor authentication.
Cyber Security,What are the drawbacks of session hijacking?,"Session hijacking lets attackers act as the user without knowing the password. It is attempted through XSS, network sniffing, or predictable tokens. It is prevented by HTTPS, secure cookies, and short session lifetimes. It steals a session cookie from an open Wi-Fi network."
Cyber Security,What should you watch out for when using SQL injection?,"SQL injection can expose, modify, or delete data and sometimes give attackers control of the server. It is tested for in login forms, search boxes, and any database-backed input. It is defended against by prepared statements, input validation, and least-privilege database accounts."
Cyber Security,When should you use intrusion detection system?,"Intrusion detection system is used to detect intrusions and policy violations. It is a system that monitors network or host activity for suspicious behavior. It alerts when a host scans many ports in seconds. It differs from an intrusion prevention system, which blocks traffic automatically."
Cyber Security,What problems can public key infrastructure cause?,"Public key infrastructure depends on certificate authorities, and a compromised authority harms trust. It is a framework of certificates and authorities that manages public keys and identities. It lets browsers trust a website because a known authority signed its certificate."
Cyber Security,Explain buffer overflow.,"Buffer overflow is a bug where a program writes beyond the end of a memory buffer. It is studied in low-level languages like C and C++. It is prevented by bounds checking, memory-safe languages, and compiler protections. It can crash programs or let attackers run arbitrary code."
Cyber Security,List the strengths of password manager.,Password manager reduces reuse and makes phishing easier to spot through domain matching. It is an application that stores and generates unique passwords securely. It creates a single point of failure if the master password is weak. It fills a random twenty-character password on a login form.
Cyber Security,How does symmetric encryption differ from related concepts?,Symmetric encryption is often combined with asymmetric encryption in TLS. It is used for bulk data such as disk encryption and file protection. It is fast and efficient for large amounts of data. It encrypts a file with AES-256 using one shared key.
Cyber Security,Give an example of session hijacking.,"Session hijacking steals a session cookie from an open Wi-Fi network. It is attempted through XSS, network sniffing, or predictable tokens. It is prevented by HTTPS, secure cookies, and short session lifetimes. It lets attackers act as the user without knowing the password."
Cyber Security,What makes honeypot valuable?,"Honeypot gives early warning and reveals attacker techniques. It is used to detect intrusions and collect threat intelligence. It requires careful isolation, since a compromised honeypot can become a foothold. It exposes a fake database server that logs every access attempt. It scales up to honeynets and honeytokens."
Cyber Security,What do you gain by using incident response?,"Incident response reduces damage and recovery time through prepared playbooks. It is used whenever a breach or attack is suspected. It isolates infected machines, preserves evidence, and restores from clean backups. It follows phases like preparation, detection, containment, eradication, recovery, and lessons learned."
Cyber Security,Why is privilege escalation useful?,"Privilege escalation is limited through patching, least privilege, and monitoring. It is used by attackers after initial access to take control. It can turn a small compromise into full system control. It lets a normal user become administrator through a vulnerable service."
Cyber Security,Give an example of brute force attack.,"Brute force attack tries thousands of passwords per minute on an SSH login. It is used against weak passwords and exposed login pages. It is slowed by lockouts, rate limiting, and strong passwords. It differs from credential stuffing, which reuses leaked passwords."
Cyber Security,Describe malware briefly.,"Malware is software designed to damage, disrupt, or gain unauthorized access to systems. It can cause data theft, system damage, and spread across networks. It includes viruses, worms, trojans, spyware, and ransomware. It is analyzed through static and dynamic analysis in sandboxes."
Cyber Security,Describe a scenario where OWASP Top 10 is applied.,OWASP Top 10 lists risks such as broken access control and injection. It is a regularly updated list of the most critical web application security risks. It is not exhaustive and should not be the only security standard. It is published by the Open Worldwide Application Security Project.
Cyber Security,What makes CSRF valuable?,CSRF is blocked effectively by anti-CSRF tokens and SameSite cookies. It is an attack that tricks a logged-in user's browser into sending unwanted requests. It makes a hidden form on a malicious page submit a money transfer to a bank.
Cyber Security,What is intrusion detection system used for?,Intrusion detection system is used to detect intrusions and policy violations. It gives visibility and alerts that enable fast response. It generates false positives and only detects instead of blocking. It alerts when a host scans many ports in seconds.
Cyber Security,How would you explain TLS to a beginner?,"TLS is a protocol that encrypts and authenticates data sent between clients and servers. It cannot protect endpoints, and weak configurations or old versions are vulnerable. It shows the padlock in the browser for HTTPS sites. It is the successor of SSL."
Cyber Security,Where is public key infrastructure commonly applied?,"Public key infrastructure is used for HTTPS, code signing, and email encryption. It enables trust between strangers on the internet. It depends on certificate authorities, and a compromised authority harms trust. It lets browsers trust a website because a known authority signed its certificate."
Cyber Security,How does SIEM help developers?,SIEM gives central visibility across systems and supports compliance. It is a platform that collects and correlates security logs for analysis and alerts. It is used by security teams to detect and investigate threats. It alerts when many failed logins are followed by a success.
Cyber Security,List the strengths of penetration testing.,"Penetration testing finds real exploitable issues and shows their impact. It is an authorized simulated attack to find weaknesses in a system. It has testers exploit a web app's flaw to reach customer records. It differs from vulnerability scanning, which is automated and less deep."
Cyber Security,What are the downsides of DDoS attack?,"DDoS attack causes downtime, lost revenue, and can hide other attacks. It is an attack that floods a target with traffic from many sources. It is mitigated with CDNs, rate limiting, and scrubbing services. It uses a botnet to send millions of requests to a website."
Cyber Security,List the strengths of TLS.,"TLS protects confidentiality and integrity and verifies the server identity. It is a protocol that encrypts and authenticates data sent between clients and servers. It cannot protect endpoints, and weak configurations or old versions are vulnerable. It is the successor of SSL."
Cyber Security,Describe a scenario where incident response is applied.,"Incident response isolates infected machines, preserves evidence, and restores from clean backups. It is the organized approach to detecting, containing, and recovering from security incidents. It fails when plans are untested or roles are unclear. It follows phases like preparation, detection, containment, eradication, recovery, and lessons learned."
Cyber Security,What are the alternatives or companions of patch management?,Patch management is helped by asset inventory and automated tools. It is used to close known vulnerabilities across systems. It removes the easiest paths for attackers. It can cause downtime or compatibility issues if not tested. It applies a monthly operating system security update across all laptops.
Cyber Security,When should you avoid clickjacking?,Clickjacking abuses legitimate pages loaded in invisible frames. It is an attack that tricks users into clicking something hidden under a visible element. It is used to make victims perform unintended actions like likes or payments. It is also called UI redress.
Cyber Security,What are the downsides of OWASP Top 10?,OWASP Top 10 is not exhaustive and should not be the only security standard. It is a regularly updated list of the most critical web application security risks. It gives teams a common priority list for fixing issues. It lists risks such as broken access control and injection.
Cyber Security,Walk me through a simple example of public key infrastructure.,"Public key infrastructure lets browsers trust a website because a known authority signed its certificate. It is a framework of certificates and authorities that manages public keys and identities. It enables trust between strangers on the internet. It depends on certificate authorities, and a compromised authority harms trust."
Cyber Security,What is a practical example of patch management?,Patch management applies a monthly operating system security update across all laptops. It is used to close known vulnerabilities across systems. It removes the easiest paths for attackers. It can cause downtime or compatibility issues if not tested. It is helped by asset inventory and automated tools.
Cyber Security,When should you avoid zero trust?,"Zero trust takes substantial effort to implement and can slow users down. It is a security model that never trusts any user or device by default. It limits the damage from stolen credentials through continuous verification. It checks identity and device health on every request, even inside the network."
Cyber Security,What is the main purpose of brute force attack?,"Brute force attack is used against weak passwords and exposed login pages. It is slowed by lockouts, rate limiting, and strong passwords. It succeeds quickly against short or common passwords. It tries thousands of passwords per minute on an SSH login."
Cyber Security,How is least privilege typically used in real projects?,"Least privilege is used when designing roles, permissions, and service accounts. It is a principle giving users and programs only the access they need. It needs ongoing review, since permissions tend to accumulate. It gives a support agent read access to tickets but not billing data."
Cyber Security,How does ransomware help developers?,"Ransomware can be mitigated with offline backups, patching, and network segmentation. It is malware that encrypts files and demands payment for the decryption key. It locks all files with a note demanding bitcoin. It often arrives through phishing or exposed remote desktop services."
Cyber Security,What is TLS?,"TLS is a protocol that encrypts and authenticates data sent between clients and servers. It protects confidentiality and integrity and verifies the server identity. It cannot protect endpoints, and weak configurations or old versions are vulnerable. It shows the padlock in the browser for HTTPS sites."
Cyber Security,When should you avoid least privilege?,"Least privilege needs ongoing review, since permissions tend to accumulate. It is a principle giving users and programs only the access they need. It is used when designing roles, permissions, and service accounts. It gives a support agent read access to tickets but not billing data."
Cyber Security,What are the benefits of using DNS spoofing?,"DNS spoofing is countered by DNSSEC, encrypted DNS, and HTTPS. It is an attack that gives false DNS answers to redirect users to malicious sites. It can silently send users to lookalike sites. It makes a bank's domain resolve to an attacker's server."
Cyber Security,Define DNS spoofing in simple words.,"DNS spoofing is an attack that gives false DNS answers to redirect users to malicious sites. It is used by attackers to harvest credentials and spread malware. It is countered by DNSSEC, encrypted DNS, and HTTPS. It is also called DNS cache poisoning."
Cyber Security,List the strengths of hashing.,"Hashing detects any change in data, since small differences change the digest. It is used for password storage, integrity checks, and digital signatures. It verifies a downloaded file against a published SHA-256 checksum. It differs from encryption, which can be reversed with a key."
Cyber Security,When should you avoid phishing?,"Phishing can lead to account takeover, malware infection, and financial loss. It is a social engineering attack using fake messages or sites to steal credentials. It sends an email imitating a bank that links to a fake login page. It includes spear phishing for targeted victims and vishing by phone."
Cyber Security,Where is intrusion detection system commonly applied?,"Intrusion detection system is used to detect intrusions and policy violations. It generates false positives and only detects instead of blocking. It alerts when a host scans many ports in seconds. It differs from an intrusion prevention system, which blocks traffic automatically."
Cyber Security,How is hashing used in practice?,"Hashing verifies a downloaded file against a published SHA-256 checksum. It is a one-way function that turns data into a fixed-length digest. It is used for password storage, integrity checks, and digital signatures. It detects any change in data, since small differences change the digest."
Cyber Security,Can you illustrate password manager with an example?,"Password manager fills a random twenty-character password on a login form. It is an application that stores and generates unique passwords securely. It is used so people can have strong, different passwords for every account. It works best with multi-factor authentication."
Cyber Security,What are the advantages of hashing?,"Hashing detects any change in data, since small differences change the digest. It is a one-way function that turns data into a fixed-length digest. It is used for password storage, integrity checks, and digital signatures. It verifies a downloaded file against a published SHA-256 checksum."
Cyber Security,When should you avoid CSRF?,CSRF can perform actions as the victim without stealing their credentials. It is relevant for state-changing actions such as transfers and password changes. It is blocked effectively by anti-CSRF tokens and SameSite cookies. It makes a hidden form on a malicious page submit a money transfer to a bank.
Cyber Security,Why is symmetric encryption useful?,Symmetric encryption is fast and efficient for large amounts of data. It is encryption that uses the same secret key for encryption and decryption. It struggles with secure key distribution between parties. It is often combined with asymmetric encryption in TLS.
Cyber Security,In which situations is TLS a good choice?,"TLS is used for HTTPS, email, and secure APIs. It is a protocol that encrypts and authenticates data sent between clients and servers. It cannot protect endpoints, and weak configurations or old versions are vulnerable. It shows the padlock in the browser for HTTPS sites."
Cyber Security,What should you watch out for when using malware?,"Malware can cause data theft, system damage, and spread across networks. It is used by attackers to steal data, spy, or control machines. It includes viruses, worms, trojans, spyware, and ransomware. It is analyzed through static and dynamic analysis in sandboxes."
Cyber Security,How does man-in-the-middle attack differ from related concepts?,"Man-in-the-middle attack includes ARP spoofing and SSL stripping. It is an attack where someone secretly intercepts or alters communication between two parties. It is prevented by TLS, certificate validation, and VPNs. It lets an attacker on a cafe network read unencrypted traffic."
Cyber Security,What is an alternative to digital signature?,"Digital signature is created by signing a hash with a private key. It is a cryptographic proof that a message came from a signer and was not altered. It provides authenticity, integrity, and non-repudiation. It depends on keeping private keys secure and trusting certificates."
Cyber Security,Can you illustrate directory traversal with an example?,Directory traversal requests ../../etc/passwd through a file download parameter. It is an attack that uses path sequences like ../ to access files outside the intended folder. It is tested wherever file names come from user input. It is prevented by validating paths and using allow-lists.
Cyber Security,How does clickjacking compare with similar approaches?,Clickjacking is also called UI redress. It is used to make victims perform unintended actions like likes or payments. It is blocked by X-Frame-Options and the CSP frame-ancestors directive. It overlays a transparent frame of a bank page over a fake prize button.
Cyber Security,What are the advantages of zero trust?,"Zero trust limits the damage from stolen credentials through continuous verification. It is a security model that never trusts any user or device by default. It is used to protect cloud and remote-work environments. It follows the motto never trust, always verify."
Cyber Security,Walk me through a simple example of OWASP Top 10.,OWASP Top 10 lists risks such as broken access control and injection. It is a regularly updated list of the most critical web application security risks. It is used as an awareness and secure coding baseline. It is published by the Open Worldwide Application Security Project.
Cyber Security,What is the basic idea behind password manager?,Password manager is an application that stores and generates unique passwords securely. It reduces reuse and makes phishing easier to spot through domain matching. It creates a single point of failure if the master password is weak. It fills a random twenty-character password on a login form.
Cyber Security,Walk me through a simple example of data loss prevention.,"Data loss prevention blocks an email carrying credit card numbers to an external address. It is used to protect customer records, source code, and personal data. It reduces accidental leaks and supports regulatory compliance. It can cause false positives that block legitimate work. It monitors endpoints, networks, and cloud storage."
Cyber Security,Why do developers use DDoS attack?,"DDoS attack is used by attackers to take down websites and services. It is mitigated with CDNs, rate limiting, and scrubbing services. It uses a botnet to send millions of requests to a website. It differs from a single-source denial-of-service attack."
Cyber Security,What are the benefits of using intrusion detection system?,"Intrusion detection system gives visibility and alerts that enable fast response. It is a system that monitors network or host activity for suspicious behavior. It generates false positives and only detects instead of blocking. It differs from an intrusion prevention system, which blocks traffic automatically."
Cyber Security,Give an example of digital signature.,"Digital signature lets a developer sign an app so users verify it. It is used for software updates, contracts, and certificates. It depends on keeping private keys secure and trusting certificates. It is created by signing a hash with a private key."
Cyber Security,Why is incident response useful?,"Incident response reduces damage and recovery time through prepared playbooks. It is the organized approach to detecting, containing, and recovering from security incidents. It is used whenever a breach or attack is suspected. It fails when plans are untested or roles are unclear."
Cyber Security,How would you explain digital signature to a beginner?,"Digital signature is a cryptographic proof that a message came from a signer and was not altered. It is used for software updates, contracts, and certificates. It lets a developer sign an app so users verify it. It is created by signing a hash with a private key."
Cyber Security,What do you gain by using endpoint detection and response?,Endpoint detection and response offers deep visibility and rapid containment of compromised devices. It is a tool that monitors endpoints for malicious behavior and enables response. It requires agents and skilled analysts and can slow devices. It goes beyond traditional antivirus signature matching.
Cyber Security,Show a real-world example of digital signature.,"Digital signature lets a developer sign an app so users verify it. It is a cryptographic proof that a message came from a signer and was not altered. It is used for software updates, contracts, and certificates. It depends on keeping private keys secure and trusting certificates."
Cyber Security,How is ransomware typically used in real projects?,"Ransomware is used by criminals against hospitals, businesses, and individuals for extortion. It is malware that encrypts files and demands payment for the decryption key. It can halt operations, leak stolen data, and offers no guarantee of recovery after payment. It often arrives through phishing or exposed remote desktop services."
Cyber Security,What problems can man-in-the-middle attack cause?,Man-in-the-middle attack can expose passwords and let attackers modify messages. It is an attack where someone secretly intercepts or alters communication between two parties. It is common on unsecured public Wi-Fi and compromised networks. It lets an attacker on a cafe network read unencrypted traffic.
Cyber Security,What are common pitfalls with incident response?,"Incident response fails when plans are untested or roles are unclear. It is used whenever a breach or attack is suspected. It isolates infected machines, preserves evidence, and restores from clean backups. It follows phases like preparation, detection, containment, eradication, recovery, and lessons learned."
Cyber Security,What should I learn alongside CSRF?,"CSRF differs from XSS, since it exploits a server's trust in the user's browser. It is an attack that tricks a logged-in user's browser into sending unwanted requests. It makes a hidden form on a malicious page submit a money transfer to a bank."
Cyber Security,Where have you seen SIEM in action?,SIEM alerts when many failed logins are followed by a success. It is a platform that collects and correlates security logs for analysis and alerts. It is used by security teams to detect and investigate threats. It gives central visibility across systems and supports compliance.
Cyber Security,What does patch management mean?,"Patch management is the process of identifying, testing, and installing software updates. It is used to close known vulnerabilities across systems. It can cause downtime or compatibility issues if not tested. It is helped by asset inventory and automated tools."
Cyber Security,Can you illustrate buffer overflow with an example?,"Buffer overflow happens when copying a long string into a small fixed array. It is a bug where a program writes beyond the end of a memory buffer. It is prevented by bounds checking, memory-safe languages, and compiler protections. It is mitigated by stack canaries, ASLR, and non-executable memory."
Cyber Security,What are the alternatives or companions of brute force attack?,"Brute force attack differs from credential stuffing, which reuses leaked passwords. It is an attack that tries many password or key combinations until one works. It succeeds quickly against short or common passwords. It tries thousands of passwords per minute on an SSH login."
Cyber Security,What should you watch out for when using VPN?,"VPN does not make users anonymous and shifts trust to the VPN provider. It is used for secure remote access and protecting traffic on untrusted networks. It protects data in transit and hides the user's IP address from sites. It uses protocols like WireGuard, OpenVPN, and IPsec."
Cyber Security,What should I learn alongside brute force attack?,"Brute force attack differs from credential stuffing, which reuses leaked passwords. It is an attack that tries many password or key combinations until one works. It is slowed by lockouts, rate limiting, and strong passwords. It tries thousands of passwords per minute on an SSH login."
Cyber Security,What is the basic idea behind vulnerability scanning?,Vulnerability scanning is the automated checking of systems for known weaknesses. It produces false positives and cannot confirm real exploitability. It uses a scanner like Nessus or OpenVAS to list outdated software. It is complemented by penetration testing for deeper validation.
Cyber Security,When should you avoid malware?,"Malware can cause data theft, system damage, and spread across networks. It is used by attackers to steal data, spy, or control machines. It is detected by antivirus, endpoint detection, and safe user habits. It is analyzed through static and dynamic analysis in sandboxes."
Cyber Security,When should you use hashing?,"Hashing is used for password storage, integrity checks, and digital signatures. It is not reversible, and fast hashes are unsafe for passwords. It verifies a downloaded file against a published SHA-256 checksum. It differs from encryption, which can be reversed with a key."
Cyber Security,Explain endpoint detection and response.,Endpoint detection and response is a tool that monitors endpoints for malicious behavior and enables response. It offers deep visibility and rapid containment of compromised devices. It requires agents and skilled analysts and can slow devices. It goes beyond traditional antivirus signature matching.
Cyber Security,What are the drawbacks of password salting?,Password salting does not stop brute force against weak passwords by itself. It is the practice of adding a random value to a password before hashing. It defeats rainbow tables and keeps identical passwords from sharing the same hash. It stores a unique salt next to each user's hash.
Cyber Security,What does brute force attack mean?,"Brute force attack is an attack that tries many password or key combinations until one works. It is used against weak passwords and exposed login pages. It is slowed by lockouts, rate limiting, and strong passwords. It differs from credential stuffing, which reuses leaked passwords."
Cyber Security,How does hashing help developers?,"Hashing detects any change in data, since small differences change the digest. It is used for password storage, integrity checks, and digital signatures. It is not reversible, and fast hashes are unsafe for passwords. It differs from encryption, which can be reversed with a key."
Cyber Security,Is there a substitute for VPN?,"VPN uses protocols like WireGuard, OpenVPN, and IPsec. It is a service that creates an encrypted tunnel between a device and a network. It does not make users anonymous and shifts trust to the VPN provider. It lets an employee reach the company intranet from home securely."
Cyber Security,What other concepts are connected to phishing?,"Phishing includes spear phishing for targeted victims and vishing by phone. It is a social engineering attack using fake messages or sites to steal credentials. It is delivered by attackers through email, SMS, and fake login pages. It can lead to account takeover, malware infection, and financial loss."
Cyber Security,What is symmetric encryption used for?,Symmetric encryption is used for bulk data such as disk encryption and file protection. It is encryption that uses the same secret key for encryption and decryption. It struggles with secure key distribution between parties. It encrypts a file with AES-256 using one shared key.
Cyber Security,What should I learn alongside session hijacking?,"Session hijacking is related to session fixation. It is taking over a user's active session by stealing its identifier. It is attempted through XSS, network sniffing, or predictable tokens. It lets attackers act as the user without knowing the password. It steals a session cookie from an open Wi-Fi network."
Cyber Security,Show a real-world example of intrusion detection system.,"Intrusion detection system alerts when a host scans many ports in seconds. It is a system that monitors network or host activity for suspicious behavior. It generates false positives and only detects instead of blocking. It differs from an intrusion prevention system, which blocks traffic automatically."
Cyber Security,Where have you seen asymmetric encryption in action?,Asymmetric encryption lets anyone encrypt a message with a public key that only the owner can read. It is encryption using a public key to encrypt and a private key to decrypt. It is much slower than symmetric encryption and needs larger keys. It includes RSA and elliptic curve cryptography.
Cyber Security,What do you gain by using SQL injection?,"SQL injection is fully preventable with parameterized queries, which keep data separate from code. It is an attack that inserts malicious SQL into input so the database runs it. It is tested for in login forms, search boxes, and any database-backed input."
Cyber Security,Describe social engineering briefly.,"Social engineering is the manipulation of people into revealing information or performing actions. It is used by attackers because humans are often easier targets than systems. It is countered by training, verification procedures, and a reporting culture. It includes phishing, pretexting, baiting, and tailgating."
Cyber Security,Show a real-world example of multi-factor authentication.,"Multi-factor authentication asks for a password and a code from an authenticator app. It is authentication requiring two or more independent proof types. It stops most account takeovers even when passwords leak. It can be bypassed by phishing or SIM swapping, and adds user friction."
Cyber Security,What is zero trust used for?,"Zero trust is used to protect cloud and remote-work environments. It limits the damage from stolen credentials through continuous verification. It takes substantial effort to implement and can slow users down. It checks identity and device health on every request, even inside the network."
Cyber Security,Walk me through a simple example of endpoint detection and response.,Endpoint detection and response isolates a laptop when it sees ransomware-like file encryption. It offers deep visibility and rapid containment of compromised devices. It requires agents and skilled analysts and can slow devices. It goes beyond traditional antivirus signature matching.
Cyber Security,Why is DDoS attack considered important?,"DDoS attack is mitigated with CDNs, rate limiting, and scrubbing services. It is an attack that floods a target with traffic from many sources. It is used by attackers to take down websites and services. It causes downtime, lost revenue, and can hide other attacks."
Cyber Security,How is password salting typically used in real projects?,"Password salting is used when storing passwords in databases. It defeats rainbow tables and keeps identical passwords from sharing the same hash. It stores a unique salt next to each user's hash. It should be paired with slow hashing like bcrypt, scrypt, or Argon2."
Cyber Security,Can you give a short overview of SQL injection?,"SQL injection is an attack that inserts malicious SQL into input so the database runs it. It is tested for in login forms, search boxes, and any database-backed input. It abuses a login by entering a quote and OR 1=1 to bypass the password check."
Cyber Security,What is related to TLS?,"TLS is the successor of SSL. It is a protocol that encrypts and authenticates data sent between clients and servers. It cannot protect endpoints, and weak configurations or old versions are vulnerable. It shows the padlock in the browser for HTTPS sites."
Cyber Security,What should you watch out for when using SSH?,SSH is exposed to brute force attempts if password login is enabled. It is a protocol for secure remote login and command execution over an encrypted channel. It is used by administrators to manage servers. It protects credentials and supports key-based authentication.
Cyber Security,What is the basic idea behind directory traversal?,Directory traversal is an attack that uses path sequences like ../ to access files outside the intended folder. It is tested wherever file names come from user input. It requests ../../etc/passwd through a file download parameter. It is also called path traversal.
Cyber Security,Define TLS in simple words.,"TLS is a protocol that encrypts and authenticates data sent between clients and servers. It is used for HTTPS, email, and secure APIs. It protects confidentiality and integrity and verifies the server identity. It cannot protect endpoints, and weak configurations or old versions are vulnerable."
Cyber Security,What are the drawbacks of social engineering?,"Social engineering bypasses technical controls entirely by targeting trust. It is the manipulation of people into revealing information or performing actions. It is used by attackers because humans are often easier targets than systems. It includes phishing, pretexting, baiting, and tailgating."
Cyber Security,Describe clickjacking briefly.,Clickjacking is an attack that tricks users into clicking something hidden under a visible element. It is used to make victims perform unintended actions like likes or payments. It is blocked by X-Frame-Options and the CSP frame-ancestors directive. It abuses legitimate pages loaded in invisible frames.
Cyber Security,How would you explain SQL injection to a beginner?,"SQL injection is an attack that inserts malicious SQL into input so the database runs it. It can expose, modify, or delete data and sometimes give attackers control of the server. It is defended against by prepared statements, input validation, and least-privilege database accounts."
Cyber Security,What is the main purpose of least privilege?,"Least privilege is used when designing roles, permissions, and service accounts. It is a principle giving users and programs only the access they need. It limits the damage from mistakes and compromised accounts. It supports separation of duties and role-based access control."
Cyber Security,What problems can cross-site scripting cause?,"Cross-site scripting can steal session cookies, deface pages, and perform actions as victims. It is an attack that injects malicious scripts into pages viewed by other users. It is preventable through output encoding, sanitization, and Content Security Policy. It comes in stored, reflected, and DOM-based forms."
Cyber Security,What are the downsides of clickjacking?,Clickjacking abuses legitimate pages loaded in invisible frames. It is an attack that tricks users into clicking something hidden under a visible element. It is used to make victims perform unintended actions like likes or payments. It overlays a transparent frame of a bank page over a fake prize button.
Cyber Security,In which situations is hashing a good choice?,"Hashing is used for password storage, integrity checks, and digital signatures. It detects any change in data, since small differences change the digest. It is not reversible, and fast hashes are unsafe for passwords. It verifies a downloaded file against a published SHA-256 checksum."
Cyber Security,Why is endpoint detection and response useful?,Endpoint detection and response offers deep visibility and rapid containment of compromised devices. It is a tool that monitors endpoints for malicious behavior and enables response. It is used to detect advanced threats on laptops and servers. It isolates a laptop when it sees ransomware-like file encryption.
Cyber Security,What are the disadvantages of DDoS attack?,"DDoS attack causes downtime, lost revenue, and can hide other attacks. It is an attack that floods a target with traffic from many sources. It is mitigated with CDNs, rate limiting, and scrubbing services. It differs from a single-source denial-of-service attack."
Cyber Security,What are the downsides of least privilege?,"Least privilege needs ongoing review, since permissions tend to accumulate. It is a principle giving users and programs only the access they need. It limits the damage from mistakes and compromised accounts. It supports separation of duties and role-based access control."
Cyber Security,How is public key infrastructure used in practice?,"Public key infrastructure lets browsers trust a website because a known authority signed its certificate. It enables trust between strangers on the internet. It depends on certificate authorities, and a compromised authority harms trust. It includes certificate authorities, registration authorities, and revocation lists."
Cyber Security,Why do developers use session hijacking?,"Session hijacking is attempted through XSS, network sniffing, or predictable tokens. It is prevented by HTTPS, secure cookies, and short session lifetimes. It lets attackers act as the user without knowing the password. It steals a session cookie from an open Wi-Fi network."
Cyber Security,What is the main purpose of CSRF?,CSRF is relevant for state-changing actions such as transfers and password changes. It is an attack that tricks a logged-in user's browser into sending unwanted requests. It is blocked effectively by anti-CSRF tokens and SameSite cookies. It can perform actions as the victim without stealing their credentials.
Cyber Security,Can you give a short overview of SIEM?,"SIEM is a platform that collects and correlates security logs for analysis and alerts. It is used by security teams to detect and investigate threats. It is expensive and noisy, and needs tuning to avoid alert fatigue. It is offered by Splunk, Microsoft Sentinel, and Elastic."
Cyber Security,What does SQL injection mean?,"SQL injection is an attack that inserts malicious SQL into input so the database runs it. It is tested for in login forms, search boxes, and any database-backed input. It is defended against by prepared statements, input validation, and least-privilege database accounts."
Cyber Security,What is incident response?,"Incident response is the organized approach to detecting, containing, and recovering from security incidents. It is used whenever a breach or attack is suspected. It isolates infected machines, preserves evidence, and restores from clean backups. It follows phases like preparation, detection, containment, eradication, recovery, and lessons learned."
Cyber Security,What are the limitations of incident response?,"Incident response fails when plans are untested or roles are unclear. It is used whenever a breach or attack is suspected. It reduces damage and recovery time through prepared playbooks. It follows phases like preparation, detection, containment, eradication, recovery, and lessons learned."
Cyber Security,What are the disadvantages of vulnerability scanning?,Vulnerability scanning produces false positives and cannot confirm real exploitability. It is used regularly to find missing patches and misconfigurations. It covers many assets quickly and cheaply. It uses a scanner like Nessus or OpenVAS to list outdated software. It is complemented by penetration testing for deeper validation.
Cyber Security,List the strengths of social engineering.,"Social engineering is countered by training, verification procedures, and a reporting culture. It is the manipulation of people into revealing information or performing actions. It has a caller pose as IT support and ask for a password. It includes phishing, pretexting, baiting, and tailgating."
Cyber Security,What other concepts are connected to hashing?,"Hashing differs from encryption, which can be reversed with a key. It is a one-way function that turns data into a fixed-length digest. It is used for password storage, integrity checks, and digital signatures. It verifies a downloaded file against a published SHA-256 checksum."
Cyber Security,List the strengths of data loss prevention.,Data loss prevention reduces accidental leaks and supports regulatory compliance. It is a set of tools and policies that stop sensitive data from leaving the organization. It can cause false positives that block legitimate work. It blocks an email carrying credit card numbers to an external address.
Cyber Security,What problems can patch management cause?,"Patch management can cause downtime or compatibility issues if not tested. It is the process of identifying, testing, and installing software updates. It is used to close known vulnerabilities across systems. It applies a monthly operating system security update across all laptops."
Cyber Security,Where is firewall commonly applied?,Firewall is used at network edges and on hosts to block unauthorized connections. It reduces exposure by allowing only necessary traffic. It cannot stop attacks inside allowed traffic or insider threats alone. It blocks incoming connections on port 23 while allowing HTTPS.
Cyber Security,How is phishing typically used in real projects?,"Phishing is delivered by attackers through email, SMS, and fake login pages. It is a social engineering attack using fake messages or sites to steal credentials. It is reduced by awareness training, email filtering, and multi-factor authentication. It includes spear phishing for targeted victims and vishing by phone."
Cyber Security,What is related to social engineering?,"Social engineering includes phishing, pretexting, baiting, and tailgating. It is the manipulation of people into revealing information or performing actions. It is countered by training, verification procedures, and a reporting culture. It has a caller pose as IT support and ask for a password."
Cyber Security,What makes multi-factor authentication valuable?,"Multi-factor authentication stops most account takeovers even when passwords leak. It is authentication requiring two or more independent proof types. It is used for email, banking, and administrator accounts. It asks for a password and a code from an authenticator app. It is strongest with hardware security keys and passkeys."
Cyber Security,Define directory traversal in simple words.,Directory traversal is an attack that uses path sequences like ../ to access files outside the intended folder. It is tested wherever file names come from user input. It is prevented by validating paths and using allow-lists. It is also called path traversal.
Cyber Security,What problems can data loss prevention cause?,"Data loss prevention can cause false positives that block legitimate work. It is a set of tools and policies that stop sensitive data from leaving the organization. It is used to protect customer records, source code, and personal data. It monitors endpoints, networks, and cloud storage."
Cyber Security,What is digital signature used for?,"Digital signature is used for software updates, contracts, and certificates. It is a cryptographic proof that a message came from a signer and was not altered. It provides authenticity, integrity, and non-repudiation. It depends on keeping private keys secure and trusting certificates."
Cyber Security,What problem does hashing solve?,"Hashing is used for password storage, integrity checks, and digital signatures. It detects any change in data, since small differences change the digest. It verifies a downloaded file against a published SHA-256 checksum. It differs from encryption, which can be reversed with a key."
Cyber Security,Describe intrusion detection system briefly.,"Intrusion detection system is a system that monitors network or host activity for suspicious behavior. It generates false positives and only detects instead of blocking. It alerts when a host scans many ports in seconds. It differs from an intrusion prevention system, which blocks traffic automatically."
Cyber Security,Why is multi-factor authentication considered important?,Multi-factor authentication stops most account takeovers even when passwords leak. It is authentication requiring two or more independent proof types. It asks for a password and a code from an authenticator app. It is strongest with hardware security keys and passkeys.
Cyber Security,What are the advantages of password manager?,"Password manager reduces reuse and makes phishing easier to spot through domain matching. It is used so people can have strong, different passwords for every account. It fills a random twenty-character password on a login form. It works best with multi-factor authentication."
Cyber Security,What problems can asymmetric encryption cause?,"Asymmetric encryption is much slower than symmetric encryption and needs larger keys. It is encryption using a public key to encrypt and a private key to decrypt. It is used for key exchange, digital signatures, and secure email. It includes RSA and elliptic curve cryptography."
Cyber Security,What are the disadvantages of directory traversal?,Directory traversal can expose configuration files and passwords. It is an attack that uses path sequences like ../ to access files outside the intended folder. It is tested wherever file names come from user input. It requests ../../etc/passwd through a file download parameter.
Cyber Security,What problems can OWASP Top 10 cause?,OWASP Top 10 is not exhaustive and should not be the only security standard. It is used as an awareness and secure coding baseline. It gives teams a common priority list for fixing issues. It is published by the Open Worldwide Application Security Project.
Cyber Security,Can you give a short overview of clickjacking?,Clickjacking is an attack that tricks users into clicking something hidden under a visible element. It is used to make victims perform unintended actions like likes or payments. It abuses legitimate pages loaded in invisible frames. It is also called UI redress.
Cyber Security,How is DDoS attack typically used in real projects?,"DDoS attack is used by attackers to take down websites and services. It is an attack that floods a target with traffic from many sources. It is mitigated with CDNs, rate limiting, and scrubbing services. It uses a botnet to send millions of requests to a website."
Cyber Security,How does VPN help developers?,"VPN protects data in transit and hides the user's IP address from sites. It is a service that creates an encrypted tunnel between a device and a network. It lets an employee reach the company intranet from home securely. It uses protocols like WireGuard, OpenVPN, and IPsec."
Cyber Security,How does least privilege differ from related concepts?,"Least privilege supports separation of duties and role-based access control. It is a principle giving users and programs only the access they need. It needs ongoing review, since permissions tend to accumulate. It gives a support agent read access to tickets but not billing data."
Cyber Security,Describe a scenario where digital signature is applied.,"Digital signature lets a developer sign an app so users verify it. It is a cryptographic proof that a message came from a signer and was not altered. It is used for software updates, contracts, and certificates. It provides authenticity, integrity, and non-repudiation."
Cyber Security,What are the limitations of SIEM?,"SIEM is expensive and noisy, and needs tuning to avoid alert fatigue. It is used by security teams to detect and investigate threats. It alerts when many failed logins are followed by a success. It is offered by Splunk, Microsoft Sentinel, and Elastic."
Cyber Security,What are the advantages of SSH?,SSH protects credentials and supports key-based authentication. It is a protocol for secure remote login and command execution over an encrypted channel. It is used by administrators to manage servers. It connects to a server with ssh user@host using a private key.
Cyber Security,In which situations is multi-factor authentication a good choice?,"Multi-factor authentication is used for email, banking, and administrator accounts. It is authentication requiring two or more independent proof types. It stops most account takeovers even when passwords leak. It asks for a password and a code from an authenticator app. It is strongest with hardware security keys and passkeys."
Cyber Security,What makes threat modeling valuable?,"Threat modeling finds issues cheaply before code is written. It is a structured process for identifying and prioritizing potential threats to a system. It needs expertise and time, and models go stale as systems change. It uses STRIDE to examine each component for spoofing or tampering."
Cyber Security,What are the alternatives or companions of vulnerability scanning?,Vulnerability scanning is complemented by penetration testing for deeper validation. It is the automated checking of systems for known weaknesses. It is used regularly to find missing patches and misconfigurations. It covers many assets quickly and cheaply. It produces false positives and cannot confirm real exploitability.
Cyber Security,What should you watch out for when using endpoint detection and response?,Endpoint detection and response requires agents and skilled analysts and can slow devices. It is a tool that monitors endpoints for malicious behavior and enables response. It is used to detect advanced threats on laptops and servers. It offers deep visibility and rapid containment of compromised devices.
Cyber Security,How would you explain least privilege to a beginner?,"Least privilege is a principle giving users and programs only the access they need. It is used when designing roles, permissions, and service accounts. It limits the damage from mistakes and compromised accounts. It gives a support agent read access to tickets but not billing data."
Cyber Security,When should you use SQL injection?,"SQL injection is tested for in login forms, search boxes, and any database-backed input. It is fully preventable with parameterized queries, which keep data separate from code. It is defended against by prepared statements, input validation, and least-privilege database accounts."
Cyber Security,What does digital signature mean?,"Digital signature is a cryptographic proof that a message came from a signer and was not altered. It is used for software updates, contracts, and certificates. It depends on keeping private keys secure and trusting certificates. It is created by signing a hash with a private key."
Cyber Security,Can you illustrate SSH with an example?,SSH connects to a server with ssh user@host using a private key. It is a protocol for secure remote login and command execution over an encrypted channel. It is used by administrators to manage servers. It protects credentials and supports key-based authentication.
Cyber Security,Why is asymmetric encryption considered important?,Asymmetric encryption removes the need to share a secret in advance. It is encryption using a public key to encrypt and a private key to decrypt. It is much slower than symmetric encryption and needs larger keys. It includes RSA and elliptic curve cryptography.
Cyber Security,Why do developers use threat modeling?,"Threat modeling is used during design to find security flaws early. It finds issues cheaply before code is written. It needs expertise and time, and models go stale as systems change. It uses STRIDE to examine each component for spoofing or tampering."
Cyber Security,Where have you seen incident response in action?,"Incident response isolates infected machines, preserves evidence, and restores from clean backups. It is the organized approach to detecting, containing, and recovering from security incidents. It reduces damage and recovery time through prepared playbooks. It fails when plans are untested or roles are unclear."
Cyber Security,What are the drawbacks of intrusion detection system?,Intrusion detection system generates false positives and only detects instead of blocking. It is a system that monitors network or host activity for suspicious behavior. It is used to detect intrusions and policy violations. It gives visibility and alerts that enable fast response.
Cyber Security,Why is privilege escalation considered important?,"Privilege escalation is limited through patching, least privilege, and monitoring. It is the exploitation of a flaw to gain higher access than intended. It is used by attackers after initial access to take control. It occurs vertically to higher roles or horizontally to other users' accounts."
Cyber Security,Where have you seen symmetric encryption in action?,Symmetric encryption encrypts a file with AES-256 using one shared key. It is encryption that uses the same secret key for encryption and decryption. It is fast and efficient for large amounts of data. It is often combined with asymmetric encryption in TLS.
Cyber Security,How does TLS differ from related concepts?,"TLS is the successor of SSL. It is a protocol that encrypts and authenticates data sent between clients and servers. It protects confidentiality and integrity and verifies the server identity. It cannot protect endpoints, and weak configurations or old versions are vulnerable."
Cyber Security,How would you explain directory traversal to a beginner?,Directory traversal is an attack that uses path sequences like ../ to access files outside the intended folder. It is tested wherever file names come from user input. It is prevented by validating paths and using allow-lists. It requests ../../etc/passwd through a file download parameter.
Cyber Security,What are common pitfalls with hashing?,"Hashing is not reversible, and fast hashes are unsafe for passwords. It is a one-way function that turns data into a fixed-length digest. It is used for password storage, integrity checks, and digital signatures. It differs from encryption, which can be reversed with a key."
Cyber Security,Can you illustrate clickjacking with an example?,Clickjacking overlays a transparent frame of a bank page over a fake prize button. It is an attack that tricks users into clicking something hidden under a visible element. It is used to make victims perform unintended actions like likes or payments. It is also called UI redress.
Cyber Security,Walk me through a simple example of password salting.,"Password salting stores a unique salt next to each user's hash. It is the practice of adding a random value to a password before hashing. It defeats rainbow tables and keeps identical passwords from sharing the same hash. It should be paired with slow hashing like bcrypt, scrypt, or Argon2."
Cyber Security,What are common pitfalls with malware?,"Malware can cause data theft, system damage, and spread across networks. It is software designed to damage, disrupt, or gain unauthorized access to systems. It is used by attackers to steal data, spy, or control machines. It includes viruses, worms, trojans, spyware, and ransomware."
Cyber Security,What other concepts are connected to ransomware?,"Ransomware often arrives through phishing or exposed remote desktop services. It is malware that encrypts files and demands payment for the decryption key. It can halt operations, leak stolen data, and offers no guarantee of recovery after payment. It locks all files with a note demanding bitcoin."
Cyber Security,What do you gain by using network segmentation?,"Network segmentation limits lateral movement and contains breaches. It is dividing a network into separate zones with controlled traffic between them. It is used to isolate sensitive systems such as payment servers. It is implemented with VLANs, firewalls, and microsegmentation."
Cyber Security,What makes TLS valuable?,TLS protects confidentiality and integrity and verifies the server identity. It is a protocol that encrypts and authenticates data sent between clients and servers. It shows the padlock in the browser for HTTPS sites. It is the successor of SSL.
Cyber Security,What are the benefits of using hashing?,"Hashing detects any change in data, since small differences change the digest. It is a one-way function that turns data into a fixed-length digest. It is used for password storage, integrity checks, and digital signatures. It differs from encryption, which can be reversed with a key."
Cyber Security,Walk me through a simple example of TLS.,"TLS shows the padlock in the browser for HTTPS sites. It is a protocol that encrypts and authenticates data sent between clients and servers. It is used for HTTPS, email, and secure APIs. It cannot protect endpoints, and weak configurations or old versions are vulnerable."
Cyber Security,When should you avoid hashing?,"Hashing is not reversible, and fast hashes are unsafe for passwords. It is used for password storage, integrity checks, and digital signatures. It detects any change in data, since small differences change the digest. It differs from encryption, which can be reversed with a key."
Cyber Security,What do you gain by using DNS spoofing?,"DNS spoofing is countered by DNSSEC, encrypted DNS, and HTTPS. It is an attack that gives false DNS answers to redirect users to malicious sites. It can silently send users to lookalike sites. It makes a bank's domain resolve to an attacker's server. It is also called DNS cache poisoning."
Cyber Security,What are the disadvantages of session hijacking?,"Session hijacking lets attackers act as the user without knowing the password. It is taking over a user's active session by stealing its identifier. It is prevented by HTTPS, secure cookies, and short session lifetimes. It steals a session cookie from an open Wi-Fi network."
Cyber Security,What are the alternatives or companions of privilege escalation?,"Privilege escalation occurs vertically to higher roles or horizontally to other users' accounts. It is the exploitation of a flaw to gain higher access than intended. It is used by attackers after initial access to take control. It is limited through patching, least privilege, and monitoring."
Cyber Security,How does least privilege compare with similar approaches?,"Least privilege supports separation of duties and role-based access control. It limits the damage from mistakes and compromised accounts. It needs ongoing review, since permissions tend to accumulate. It gives a support agent read access to tickets but not billing data."
Cyber Security,What are the downsides of firewall?,Firewall cannot stop attacks inside allowed traffic or insider threats alone. It is a security control that filters network traffic using defined rules. It is used at network edges and on hosts to block unauthorized connections. It reduces exposure by allowing only necessary traffic.
Cyber Security,Explain directory traversal.,Directory traversal is an attack that uses path sequences like ../ to access files outside the intended folder. It is tested wherever file names come from user input. It can expose configuration files and passwords. It is also called path traversal.
Cyber Security,Where is malware commonly applied?,"Malware is used by attackers to steal data, spy, or control machines. It is software designed to damage, disrupt, or gain unauthorized access to systems. It is detected by antivirus, endpoint detection, and safe user habits. It includes viruses, worms, trojans, spyware, and ransomware."
Cyber Security,Give an example of firewall.,Firewall blocks incoming connections on port 23 while allowing HTTPS. It is a security control that filters network traffic using defined rules. It reduces exposure by allowing only necessary traffic. It cannot stop attacks inside allowed traffic or insider threats alone.
Cyber Security,How would you explain honeypot to a beginner?,Honeypot is a decoy system designed to attract and study attackers. It is used to detect intrusions and collect threat intelligence. It gives early warning and reveals attacker techniques. It exposes a fake database server that logs every access attempt. It scales up to honeynets and honeytokens.
Cyber Security,How does honeypot help developers?,Honeypot gives early warning and reveals attacker techniques. It is a decoy system designed to attract and study attackers. It is used to detect intrusions and collect threat intelligence. It exposes a fake database server that logs every access attempt. It scales up to honeynets and honeytokens.
Cyber Security,What are common pitfalls with penetration testing?,Penetration testing covers a limited time and scope and costs money. It is an authorized simulated attack to find weaknesses in a system. It is used before launches and for compliance checks. It has testers exploit a web app's flaw to reach customer records.
Cyber Security,What are common pitfalls with privilege escalation?,"Privilege escalation can turn a small compromise into full system control. It is the exploitation of a flaw to gain higher access than intended. It is limited through patching, least privilege, and monitoring. It occurs vertically to higher roles or horizontally to other users' accounts."
Cyber Security,What is the main purpose of cross-site scripting?,"Cross-site scripting is tested for wherever user input is displayed back on web pages. It is preventable through output encoding, sanitization, and Content Security Policy. It can steal session cookies, deface pages, and perform actions as victims. It runs a script from a comment field in every visitor's browser."
Cyber Security,Describe SSH briefly.,SSH is a protocol for secure remote login and command execution over an encrypted channel. It is used by administrators to manage servers. It protects credentials and supports key-based authentication. It connects to a server with ssh user@host using a private key. It replaced insecure protocols like Telnet.
Cyber Security,Where have you seen firewall in action?,Firewall blocks incoming connections on port 23 while allowing HTTPS. It reduces exposure by allowing only necessary traffic. It cannot stop attacks inside allowed traffic or insider threats alone. It ranges from packet filters to next-generation firewalls and web application firewalls.
Cyber Security,What should I learn alongside clickjacking?,Clickjacking is also called UI redress. It is used to make victims perform unintended actions like likes or payments. It abuses legitimate pages loaded in invisible frames. It overlays a transparent frame of a bank page over a fake prize button.
Cyber Security,How does least privilege help developers?,Least privilege limits the damage from mistakes and compromised accounts. It is a principle giving users and programs only the access they need. It gives a support agent read access to tickets but not billing data. It supports separation of duties and role-based access control.
Cyber Security,When should you avoid password salting?,"Password salting does not stop brute force against weak passwords by itself. It is used when storing passwords in databases. It stores a unique salt next to each user's hash. It should be paired with slow hashing like bcrypt, scrypt, or Argon2."
Cyber Security,How does vulnerability scanning compare with similar approaches?,Vulnerability scanning is complemented by penetration testing for deeper validation. It is used regularly to find missing patches and misconfigurations. It covers many assets quickly and cheaply. It produces false positives and cannot confirm real exploitability. It uses a scanner like Nessus or OpenVAS to list outdated software.
Cyber Security,What are the benefits of using OWASP Top 10?,OWASP Top 10 gives teams a common priority list for fixing issues. It is a regularly updated list of the most critical web application security risks. It is used as an awareness and secure coding baseline. It is published by the Open Worldwide Application Security Project.
Cyber Security,Can you illustrate VPN with an example?,"VPN lets an employee reach the company intranet from home securely. It protects data in transit and hides the user's IP address from sites. It does not make users anonymous and shifts trust to the VPN provider. It uses protocols like WireGuard, OpenVPN, and IPsec."
Cyber Security,Why is SSH considered important?,SSH protects credentials and supports key-based authentication. It is a protocol for secure remote login and command execution over an encrypted channel. It is used by administrators to manage servers. It is exposed to brute force attempts if password login is enabled.
Cyber Security,What should I learn alongside password manager?,"Password manager works best with multi-factor authentication. It is an application that stores and generates unique passwords securely. It is used so people can have strong, different passwords for every account. It creates a single point of failure if the master password is weak."
Cyber Security,Describe a scenario where honeypot is applied.,"Honeypot exposes a fake database server that logs every access attempt. It is used to detect intrusions and collect threat intelligence. It gives early warning and reveals attacker techniques. It requires careful isolation, since a compromised honeypot can become a foothold. It scales up to honeynets and honeytokens."
Cyber Security,Define SQL injection in simple words.,"SQL injection is an attack that inserts malicious SQL into input so the database runs it. It is fully preventable with parameterized queries, which keep data separate from code. It can expose, modify, or delete data and sometimes give attackers control of the server."
Cyber Security,What should you watch out for when using SIEM?,"SIEM is expensive and noisy, and needs tuning to avoid alert fatigue. It is a platform that collects and correlates security logs for analysis and alerts. It is used by security teams to detect and investigate threats. It gives central visibility across systems and supports compliance."
Cyber Security,What makes least privilege valuable?,"Least privilege limits the damage from mistakes and compromised accounts. It is a principle giving users and programs only the access they need. It is used when designing roles, permissions, and service accounts. It needs ongoing review, since permissions tend to accumulate."
Cyber Security,Why do developers use SQL injection?,"SQL injection is tested for in login forms, search boxes, and any database-backed input. It is an attack that inserts malicious SQL into input so the database runs it. It abuses a login by entering a quote and OR 1=1 to bypass the password check."
Cyber Security,List the strengths of privilege escalation.,"Privilege escalation is limited through patching, least privilege, and monitoring. It can turn a small compromise into full system control. It lets a normal user become administrator through a vulnerable service. It occurs vertically to higher roles or horizontally to other users' accounts."
Cyber Security,List the strengths of asymmetric encryption.,"Asymmetric encryption removes the need to share a secret in advance. It is encryption using a public key to encrypt and a private key to decrypt. It is used for key exchange, digital signatures, and secure email. It includes RSA and elliptic curve cryptography."
Cyber Security,When should you avoid man-in-the-middle attack?,Man-in-the-middle attack can expose passwords and let attackers modify messages. It is an attack where someone secretly intercepts or alters communication between two parties. It is common on unsecured public Wi-Fi and compromised networks. It includes ARP spoofing and SSL stripping.
Cyber Security,Why is hashing useful?,"Hashing detects any change in data, since small differences change the digest. It is a one-way function that turns data into a fixed-length digest. It is not reversible, and fast hashes are unsafe for passwords. It differs from encryption, which can be reversed with a key."
Cyber Security,What is the main purpose of directory traversal?,Directory traversal is tested wherever file names come from user input. It is an attack that uses path sequences like ../ to access files outside the intended folder. It is prevented by validating paths and using allow-lists. It can expose configuration files and passwords.
Cyber Security,When should you use honeypot?,"Honeypot is used to detect intrusions and collect threat intelligence. It is a decoy system designed to attract and study attackers. It gives early warning and reveals attacker techniques. It requires careful isolation, since a compromised honeypot can become a foothold. It scales up to honeynets and honeytokens."
Cyber Security,What is related to hashing?,"Hashing differs from encryption, which can be reversed with a key. It detects any change in data, since small differences change the digest. It is not reversible, and fast hashes are unsafe for passwords. It verifies a downloaded file against a published SHA-256 checksum."
Cyber Security,Why is multi-factor authentication useful?,"Multi-factor authentication stops most account takeovers even when passwords leak. It is used for email, banking, and administrator accounts. It asks for a password and a code from an authenticator app. It is strongest with hardware security keys and passkeys."
Cyber Security,In which situations is zero trust a good choice?,Zero trust is used to protect cloud and remote-work environments. It is a security model that never trusts any user or device by default. It limits the damage from stolen credentials through continuous verification. It takes substantial effort to implement and can slow users down.
Cyber Security,Is there a substitute for brute force attack?,"Brute force attack differs from credential stuffing, which reuses leaked passwords. It is an attack that tries many password or key combinations until one works. It is used against weak passwords and exposed login pages. It tries thousands of passwords per minute on an SSH login."
Cyber Security,What is a practical example of zero trust?,"Zero trust checks identity and device health on every request, even inside the network. It limits the damage from stolen credentials through continuous verification. It takes substantial effort to implement and can slow users down. It follows the motto never trust, always verify."
Cyber Security,What are common pitfalls with phishing?,"Phishing can lead to account takeover, malware infection, and financial loss. It is a social engineering attack using fake messages or sites to steal credentials. It is reduced by awareness training, email filtering, and multi-factor authentication. It sends an email imitating a bank that links to a fake login page."
Cyber Security,Walk me through a simple example of malware.,"Malware includes viruses, worms, trojans, spyware, and ransomware. It is software designed to damage, disrupt, or gain unauthorized access to systems. It is used by attackers to steal data, spy, or control machines. It is analyzed through static and dynamic analysis in sandboxes."
Cyber Security,How does buffer overflow help developers?,"Buffer overflow is prevented by bounds checking, memory-safe languages, and compiler protections. It is a bug where a program writes beyond the end of a memory buffer. It happens when copying a long string into a small fixed array. It is mitigated by stack canaries, ASLR, and non-executable memory."
Cyber Security,What are the benefits of using SQL injection?,"SQL injection is fully preventable with parameterized queries, which keep data separate from code. It can expose, modify, or delete data and sometimes give attackers control of the server. It abuses a login by entering a quote and OR 1=1 to bypass the password check."
Cyber Security,What is a firewall?,"A firewall monitors and filters network traffic based on predefined security rules, allowing or blocking packets between trusted and untrusted networks. Types include packet-filtering, stateful inspection, application-layer, and next-generation firewalls. It reduces exposure to unauthorized access but should be combined with intrusion detection, patching, and endpoint protection."
Cyber Security,How does session hijacking compare with similar approaches?,"Session hijacking is related to session fixation. It is taking over a user's active session by stealing its identifier. It is prevented by HTTPS, secure cookies, and short session lifetimes. It lets attackers act as the user without knowing the password."
Cyber Security,What do you gain by using vulnerability scanning?,Vulnerability scanning covers many assets quickly and cheaply. It is the automated checking of systems for known weaknesses. It is used regularly to find missing patches and misconfigurations. It uses a scanner like Nessus or OpenVAS to list outdated software. It is complemented by penetration testing for deeper validation.
Cyber Security,Show a real-world example of CSRF.,CSRF makes a hidden form on a malicious page submit a money transfer to a bank. It is an attack that tricks a logged-in user's browser into sending unwanted requests. It can perform actions as the victim without stealing their credentials.
Cyber Security,What are the alternatives or companions of SSH?,SSH replaced insecure protocols like Telnet. It is used by administrators to manage servers. It protects credentials and supports key-based authentication. It is exposed to brute force attempts if password login is enabled. It connects to a server with ssh user@host using a private key.
Cyber Security,List the strengths of incident response.,"Incident response reduces damage and recovery time through prepared playbooks. It is the organized approach to detecting, containing, and recovering from security incidents. It is used whenever a breach or attack is suspected. It follows phases like preparation, detection, containment, eradication, recovery, and lessons learned."
Cyber Security,What is a practical example of session hijacking?,"Session hijacking steals a session cookie from an open Wi-Fi network. It is taking over a user's active session by stealing its identifier. It is attempted through XSS, network sniffing, or predictable tokens. It lets attackers act as the user without knowing the password. It is related to session fixation."
Cyber Security,Describe a scenario where symmetric encryption is applied.,Symmetric encryption encrypts a file with AES-256 using one shared key. It is encryption that uses the same secret key for encryption and decryption. It is fast and efficient for large amounts of data. It struggles with secure key distribution between parties.
Cyber Security,What is the main purpose of digital signature?,"Digital signature is used for software updates, contracts, and certificates. It is a cryptographic proof that a message came from a signer and was not altered. It depends on keeping private keys secure and trusting certificates. It lets a developer sign an app so users verify it."
Cyber Security,What are the drawbacks of symmetric encryption?,Symmetric encryption struggles with secure key distribution between parties. It is used for bulk data such as disk encryption and file protection. It is fast and efficient for large amounts of data. It encrypts a file with AES-256 using one shared key.
Cyber Security,What other concepts are connected to brute force attack?,"Brute force attack differs from credential stuffing, which reuses leaked passwords. It is slowed by lockouts, rate limiting, and strong passwords. It succeeds quickly against short or common passwords. It tries thousands of passwords per minute on an SSH login."
Cyber Security,How is network segmentation typically used in real projects?,"Network segmentation is used to isolate sensitive systems such as payment servers. It is dividing a network into separate zones with controlled traffic between them. It increases design complexity and management effort. It is implemented with VLANs, firewalls, and microsegmentation."
Cyber Security,Why is intrusion detection system useful?,"Intrusion detection system gives visibility and alerts that enable fast response. It is used to detect intrusions and policy violations. It alerts when a host scans many ports in seconds. It differs from an intrusion prevention system, which blocks traffic automatically."
Cyber Security,Can you give a short overview of incident response?,"Incident response is the organized approach to detecting, containing, and recovering from security incidents. It is used whenever a breach or attack is suspected. It reduces damage and recovery time through prepared playbooks. It fails when plans are untested or roles are unclear."
Cyber Security,Why is VPN useful?,"VPN protects data in transit and hides the user's IP address from sites. It is used for secure remote access and protecting traffic on untrusted networks. It lets an employee reach the company intranet from home securely. It uses protocols like WireGuard, OpenVPN, and IPsec."
Cyber Security,Can you illustrate brute force attack with an example?,"Brute force attack tries thousands of passwords per minute on an SSH login. It is used against weak passwords and exposed login pages. It succeeds quickly against short or common passwords. It differs from credential stuffing, which reuses leaked passwords."
Cyber Security,How does vulnerability scanning differ from related concepts?,Vulnerability scanning is complemented by penetration testing for deeper validation. It is used regularly to find missing patches and misconfigurations. It produces false positives and cannot confirm real exploitability. It uses a scanner like Nessus or OpenVAS to list outdated software.
Cyber Security,What are the benefits of using man-in-the-middle attack?,"Man-in-the-middle attack is prevented by TLS, certificate validation, and VPNs. It is an attack where someone secretly intercepts or alters communication between two parties. It is common on unsecured public Wi-Fi and compromised networks. It can expose passwords and let attackers modify messages. It includes ARP spoofing and SSL stripping."
Cyber Security,Walk me through a simple example of symmetric encryption.,Symmetric encryption encrypts a file with AES-256 using one shared key. It is encryption that uses the same secret key for encryption and decryption. It is used for bulk data such as disk encryption and file protection. It is fast and efficient for large amounts of data.
Cyber Security,What are the disadvantages of clickjacking?,Clickjacking abuses legitimate pages loaded in invisible frames. It is an attack that tricks users into clicking something hidden under a visible element. It is blocked by X-Frame-Options and the CSP frame-ancestors directive. It overlays a transparent frame of a bank page over a fake prize button.
Cyber Security,Where have you seen password salting in action?,"Password salting stores a unique salt next to each user's hash. It is used when storing passwords in databases. It defeats rainbow tables and keeps identical passwords from sharing the same hash. It should be paired with slow hashing like bcrypt, scrypt, or Argon2."
Cyber Security,What makes directory traversal valuable?,Directory traversal is prevented by validating paths and using allow-lists. It is an attack that uses path sequences like ../ to access files outside the intended folder. It can expose configuration files and passwords. It requests ../../etc/passwd through a file download parameter. It is also called path traversal.
Cyber Security,Where have you seen patch management in action?,Patch management applies a monthly operating system security update across all laptops. It is used to close known vulnerabilities across systems. It can cause downtime or compatibility issues if not tested. It is helped by asset inventory and automated tools.
Cyber Security,What is related to SIEM?,"SIEM is offered by Splunk, Microsoft Sentinel, and Elastic. It is a platform that collects and correlates security logs for analysis and alerts. It is used by security teams to detect and investigate threats. It alerts when many failed logins are followed by a success."
Cyber Security,What are the disadvantages of patch management?,"Patch management can cause downtime or compatibility issues if not tested. It is the process of identifying, testing, and installing software updates. It is used to close known vulnerabilities across systems. It removes the easiest paths for attackers. It applies a monthly operating system security update across all laptops."
Cyber Security,Describe zero trust briefly.,"Zero trust is a security model that never trusts any user or device by default. It is used to protect cloud and remote-work environments. It limits the damage from stolen credentials through continuous verification. It checks identity and device health on every request, even inside the network."
Cyber Security,Can you illustrate DNS spoofing with an example?,"DNS spoofing makes a bank's domain resolve to an attacker's server. It is an attack that gives false DNS answers to redirect users to malicious sites. It is countered by DNSSEC, encrypted DNS, and HTTPS. It can silently send users to lookalike sites."
Cyber Security,Where have you seen data loss prevention in action?,"Data loss prevention blocks an email carrying credit card numbers to an external address. It is a set of tools and policies that stop sensitive data from leaving the organization. It is used to protect customer records, source code, and personal data. It reduces accidental leaks and supports regulatory compliance."
Cyber Security,When should you use CSRF?,CSRF is relevant for state-changing actions such as transfers and password changes. It is blocked effectively by anti-CSRF tokens and SameSite cookies. It can perform actions as the victim without stealing their credentials. It makes a hidden form on a malicious page submit a money transfer to a bank.
Cyber Security,What is a practical example of password manager?,Password manager fills a random twenty-character password on a login form. It is an application that stores and generates unique passwords securely. It reduces reuse and makes phishing easier to spot through domain matching. It creates a single point of failure if the master password is weak.
Cyber Security,What is the basic idea behind network segmentation?,Network segmentation is dividing a network into separate zones with controlled traffic between them. It is used to isolate sensitive systems such as payment servers. It increases design complexity and management effort. It places guest Wi-Fi on a separate VLAN from internal servers.
Cyber Security,What other concepts are connected to clickjacking?,Clickjacking is also called UI redress. It is an attack that tricks users into clicking something hidden under a visible element. It is blocked by X-Frame-Options and the CSP frame-ancestors directive. It overlays a transparent frame of a bank page over a fake prize button.
Cyber Security,What are the limitations of session hijacking?,"Session hijacking lets attackers act as the user without knowing the password. It is taking over a user's active session by stealing its identifier. It is attempted through XSS, network sniffing, or predictable tokens. It is related to session fixation."
Cyber Security,Define phishing in simple words.,"Phishing is a social engineering attack using fake messages or sites to steal credentials. It is delivered by attackers through email, SMS, and fake login pages. It is reduced by awareness training, email filtering, and multi-factor authentication. It includes spear phishing for targeted victims and vishing by phone."
Cyber Security,Where have you seen buffer overflow in action?,"Buffer overflow happens when copying a long string into a small fixed array. It is prevented by bounds checking, memory-safe languages, and compiler protections. It can crash programs or let attackers run arbitrary code. It is mitigated by stack canaries, ASLR, and non-executable memory."
Cyber Security,What are the benefits of using digital signature?,"Digital signature provides authenticity, integrity, and non-repudiation. It is used for software updates, contracts, and certificates. It depends on keeping private keys secure and trusting certificates. It lets a developer sign an app so users verify it. It is created by signing a hash with a private key."
Cyber Security,What is cross-site scripting (XSS)?,"Cross-site scripting lets attackers inject malicious JavaScript into web pages viewed by other users, enabling session theft, defacement, or redirects. Types include stored, reflected, and DOM-based. Defenses include output encoding, input sanitization, Content Security Policy, HttpOnly cookies, and frameworks that automatically escape dynamic content."
Cyber Security,Why is SQL injection useful?,"SQL injection is fully preventable with parameterized queries, which keep data separate from code. It abuses a login by entering a quote and OR 1=1 to bypass the password check. It is defended against by prepared statements, input validation, and least-privilege database accounts."
Cyber Security,Is there a substitute for patch management?,"Patch management is helped by asset inventory and automated tools. It is the process of identifying, testing, and installing software updates. It is used to close known vulnerabilities across systems. It applies a monthly operating system security update across all laptops."
Cyber Security,What is endpoint detection and response?,Endpoint detection and response is a tool that monitors endpoints for malicious behavior and enables response. It is used to detect advanced threats on laptops and servers. It requires agents and skilled analysts and can slow devices. It goes beyond traditional antivirus signature matching.
Cyber Security,What should you watch out for when using public key infrastructure?,"Public key infrastructure depends on certificate authorities, and a compromised authority harms trust. It is a framework of certificates and authorities that manages public keys and identities. It enables trust between strangers on the internet. It lets browsers trust a website because a known authority signed its certificate."
Cyber Security,Give an example of public key infrastructure.,"Public key infrastructure lets browsers trust a website because a known authority signed its certificate. It is a framework of certificates and authorities that manages public keys and identities. It depends on certificate authorities, and a compromised authority harms trust. It includes certificate authorities, registration authorities, and revocation lists."
Cyber Security,What do you gain by using password salting?,"Password salting defeats rainbow tables and keeps identical passwords from sharing the same hash. It is used when storing passwords in databases. It stores a unique salt next to each user's hash. It should be paired with slow hashing like bcrypt, scrypt, or Argon2."
Cyber Security,What are the benefits of using session hijacking?,"Session hijacking is prevented by HTTPS, secure cookies, and short session lifetimes. It is taking over a user's active session by stealing its identifier. It is attempted through XSS, network sniffing, or predictable tokens. It steals a session cookie from an open Wi-Fi network."
Cyber Security,What does threat modeling mean?,"Threat modeling is a structured process for identifying and prioritizing potential threats to a system. It finds issues cheaply before code is written. It uses STRIDE to examine each component for spoofing or tampering. It includes STRIDE, DREAD, and attack trees."
Cyber Security,What is an alternative to TLS?,"TLS is the successor of SSL. It is a protocol that encrypts and authenticates data sent between clients and servers. It protects confidentiality and integrity and verifies the server identity. It cannot protect endpoints, and weak configurations or old versions are vulnerable."
Cyber Security,What are the limitations of asymmetric encryption?,"Asymmetric encryption is much slower than symmetric encryption and needs larger keys. It is used for key exchange, digital signatures, and secure email. It lets anyone encrypt a message with a public key that only the owner can read. It includes RSA and elliptic curve cryptography."
Cyber Security,Is there a substitute for SIEM?,"SIEM is offered by Splunk, Microsoft Sentinel, and Elastic. It is used by security teams to detect and investigate threats. It gives central visibility across systems and supports compliance. It alerts when many failed logins are followed by a success."
Cyber Security,What do you gain by using hashing?,"Hashing detects any change in data, since small differences change the digest. It is a one-way function that turns data into a fixed-length digest. It is used for password storage, integrity checks, and digital signatures. It is not reversible, and fast hashes are unsafe for passwords."
Cyber Security,What makes ransomware valuable?,"Ransomware can be mitigated with offline backups, patching, and network segmentation. It is used by criminals against hospitals, businesses, and individuals for extortion. It can halt operations, leak stolen data, and offers no guarantee of recovery after payment. It locks all files with a note demanding bitcoin."
Cyber Security,What do you gain by using firewall?,Firewall reduces exposure by allowing only necessary traffic. It is used at network edges and on hosts to block unauthorized connections. It cannot stop attacks inside allowed traffic or insider threats alone. It blocks incoming connections on port 23 while allowing HTTPS.
Cyber Security,How does TLS compare with similar approaches?,"TLS is the successor of SSL. It is a protocol that encrypts and authenticates data sent between clients and servers. It is used for HTTPS, email, and secure APIs. It cannot protect endpoints, and weak configurations or old versions are vulnerable."
Cyber Security,What other concepts are connected to buffer overflow?,"Buffer overflow is mitigated by stack canaries, ASLR, and non-executable memory. It is a bug where a program writes beyond the end of a memory buffer. It is prevented by bounds checking, memory-safe languages, and compiler protections. It can crash programs or let attackers run arbitrary code."
Cyber Security,Define public key infrastructure in simple words.,"Public key infrastructure is a framework of certificates and authorities that manages public keys and identities. It is used for HTTPS, code signing, and email encryption. It depends on certificate authorities, and a compromised authority harms trust. It lets browsers trust a website because a known authority signed its certificate."
Cyber Security,In which situations is directory traversal a good choice?,Directory traversal is tested wherever file names come from user input. It is an attack that uses path sequences like ../ to access files outside the intended folder. It is prevented by validating paths and using allow-lists. It can expose configuration files and passwords. It is also called path traversal.
Cyber Security,What is the basic idea behind SQL injection?,"SQL injection is an attack that inserts malicious SQL into input so the database runs it. It is tested for in login forms, search boxes, and any database-backed input. It is fully preventable with parameterized queries, which keep data separate from code."
Cyber Security,Why do developers use public key infrastructure?,"Public key infrastructure is used for HTTPS, code signing, and email encryption. It is a framework of certificates and authorities that manages public keys and identities. It enables trust between strangers on the internet. It lets browsers trust a website because a known authority signed its certificate."
Cyber Security,Describe man-in-the-middle attack briefly.,"Man-in-the-middle attack is an attack where someone secretly intercepts or alters communication between two parties. It is common on unsecured public Wi-Fi and compromised networks. It is prevented by TLS, certificate validation, and VPNs. It includes ARP spoofing and SSL stripping."
Cyber Security,What should I learn alongside buffer overflow?,"Buffer overflow is mitigated by stack canaries, ASLR, and non-executable memory. It is studied in low-level languages like C and C++. It is prevented by bounds checking, memory-safe languages, and compiler protections. It can crash programs or let attackers run arbitrary code."
Cyber Security,Why is hashing considered important?,"Hashing detects any change in data, since small differences change the digest. It is used for password storage, integrity checks, and digital signatures. It is not reversible, and fast hashes are unsafe for passwords. It verifies a downloaded file against a published SHA-256 checksum."
Cyber Security,How does clickjacking help developers?,Clickjacking is blocked by X-Frame-Options and the CSP frame-ancestors directive. It is an attack that tricks users into clicking something hidden under a visible element. It is used to make victims perform unintended actions like likes or payments. It is also called UI redress.
Cyber Security,What are the advantages of data loss prevention?,"Data loss prevention reduces accidental leaks and supports regulatory compliance. It is a set of tools and policies that stop sensitive data from leaving the organization. It can cause false positives that block legitimate work. It monitors endpoints, networks, and cloud storage."
Cyber Security,What should you watch out for when using vulnerability scanning?,Vulnerability scanning produces false positives and cannot confirm real exploitability. It is the automated checking of systems for known weaknesses. It covers many assets quickly and cheaply. It uses a scanner like Nessus or OpenVAS to list outdated software. It is complemented by penetration testing for deeper validation.
Cyber Security,What problems can password manager cause?,"Password manager creates a single point of failure if the master password is weak. It is an application that stores and generates unique passwords securely. It is used so people can have strong, different passwords for every account. It works best with multi-factor authentication."
Cyber Security,Explain zero trust.,"Zero trust is a security model that never trusts any user or device by default. It is used to protect cloud and remote-work environments. It checks identity and device health on every request, even inside the network. It follows the motto never trust, always verify."
Cyber Security,Can you give a short overview of digital signature?,Digital signature is a cryptographic proof that a message came from a signer and was not altered. It depends on keeping private keys secure and trusting certificates. It lets a developer sign an app so users verify it. It is created by signing a hash with a private key.
Cyber Security,What is asymmetric encryption used for?,"Asymmetric encryption is used for key exchange, digital signatures, and secure email. It removes the need to share a secret in advance. It lets anyone encrypt a message with a public key that only the owner can read. It includes RSA and elliptic curve cryptography."
Cyber Security,What are the drawbacks of buffer overflow?,"Buffer overflow can crash programs or let attackers run arbitrary code. It is prevented by bounds checking, memory-safe languages, and compiler protections. It happens when copying a long string into a small fixed array. It is mitigated by stack canaries, ASLR, and non-executable memory."
Cyber Security,Is there a substitute for password salting?,"Password salting should be paired with slow hashing like bcrypt, scrypt, or Argon2. It is the practice of adding a random value to a password before hashing. It is used when storing passwords in databases. It stores a unique salt next to each user's hash."
Cyber Security,How does CSRF differ from related concepts?,"CSRF differs from XSS, since it exploits a server's trust in the user's browser. It is an attack that tricks a logged-in user's browser into sending unwanted requests. It is relevant for state-changing actions such as transfers and password changes. It is blocked effectively by anti-CSRF tokens and SameSite cookies."
Cyber Security,What problems can brute force attack cause?,"Brute force attack succeeds quickly against short or common passwords. It is used against weak passwords and exposed login pages. It is slowed by lockouts, rate limiting, and strong passwords. It tries thousands of passwords per minute on an SSH login. It differs from credential stuffing, which reuses leaked passwords."
Cyber Security,What are common pitfalls with OWASP Top 10?,OWASP Top 10 is not exhaustive and should not be the only security standard. It is a regularly updated list of the most critical web application security risks. It is used as an awareness and secure coding baseline. It lists risks such as broken access control and injection.
Cyber Security,Describe hashing briefly.,"Hashing is a one-way function that turns data into a fixed-length digest. It detects any change in data, since small differences change the digest. It verifies a downloaded file against a published SHA-256 checksum. It differs from encryption, which can be reversed with a key."
Cyber Security,Give an example of cross-site scripting.,"Cross-site scripting runs a script from a comment field in every visitor's browser. It is an attack that injects malicious scripts into pages viewed by other users. It can steal session cookies, deface pages, and perform actions as victims. It comes in stored, reflected, and DOM-based forms."
Cyber Security,What are the benefits of using social engineering?,"Social engineering is countered by training, verification procedures, and a reporting culture. It is used by attackers because humans are often easier targets than systems. It has a caller pose as IT support and ask for a password. It includes phishing, pretexting, baiting, and tailgating."
Cyber Security,What is honeypot used for?,"Honeypot is used to detect intrusions and collect threat intelligence. It gives early warning and reveals attacker techniques. It requires careful isolation, since a compromised honeypot can become a foothold. It exposes a fake database server that logs every access attempt. It scales up to honeynets and honeytokens."
Cyber Security,What do you gain by using asymmetric encryption?,Asymmetric encryption removes the need to share a secret in advance. It is encryption using a public key to encrypt and a private key to decrypt. It lets anyone encrypt a message with a public key that only the owner can read. It includes RSA and elliptic curve cryptography.
Cyber Security,What is the main purpose of clickjacking?,Clickjacking is used to make victims perform unintended actions like likes or payments. It is blocked by X-Frame-Options and the CSP frame-ancestors directive. It overlays a transparent frame of a bank page over a fake prize button. It is also called UI redress.
Cyber Security,What is the basic idea behind SIEM?,"SIEM is a platform that collects and correlates security logs for analysis and alerts. It is used by security teams to detect and investigate threats. It gives central visibility across systems and supports compliance. It is offered by Splunk, Microsoft Sentinel, and Elastic."
Cyber Security,What does password manager mean?,"Password manager is an application that stores and generates unique passwords securely. It is used so people can have strong, different passwords for every account. It reduces reuse and makes phishing easier to spot through domain matching. It works best with multi-factor authentication."
Cyber Security,What are the advantages of cross-site scripting?,"Cross-site scripting is preventable through output encoding, sanitization, and Content Security Policy. It is an attack that injects malicious scripts into pages viewed by other users. It is tested for wherever user input is displayed back on web pages. It comes in stored, reflected, and DOM-based forms."
Cyber Security,In which situations is honeypot a good choice?,"Honeypot is used to detect intrusions and collect threat intelligence. It is a decoy system designed to attract and study attackers. It gives early warning and reveals attacker techniques. It requires careful isolation, since a compromised honeypot can become a foothold."
Cyber Security,Why is threat modeling useful?,Threat modeling finds issues cheaply before code is written. It is a structured process for identifying and prioritizing potential threats to a system. It is used during design to find security flaws early. It uses STRIDE to examine each component for spoofing or tampering.
Cyber Security,What are the downsides of public key infrastructure?,"Public key infrastructure depends on certificate authorities, and a compromised authority harms trust. It is a framework of certificates and authorities that manages public keys and identities. It is used for HTTPS, code signing, and email encryption. It lets browsers trust a website because a known authority signed its certificate."
Cyber Security,What is the main purpose of zero trust?,"Zero trust is used to protect cloud and remote-work environments. It limits the damage from stolen credentials through continuous verification. It checks identity and device health on every request, even inside the network. It follows the motto never trust, always verify."
Cyber Security,Describe a scenario where public key infrastructure is applied.,"Public key infrastructure lets browsers trust a website because a known authority signed its certificate. It is a framework of certificates and authorities that manages public keys and identities. It enables trust between strangers on the internet. It includes certificate authorities, registration authorities, and revocation lists."
Cyber Security,How does password manager help developers?,"Password manager reduces reuse and makes phishing easier to spot through domain matching. It is used so people can have strong, different passwords for every account. It creates a single point of failure if the master password is weak. It fills a random twenty-character password on a login form."
Cyber Security,What is an alternative to patch management?,"Patch management is helped by asset inventory and automated tools. It is the process of identifying, testing, and installing software updates. It is used to close known vulnerabilities across systems. It can cause downtime or compatibility issues if not tested."
Cyber Security,Why is brute force attack considered important?,"Brute force attack is slowed by lockouts, rate limiting, and strong passwords. It is an attack that tries many password or key combinations until one works. It is used against weak passwords and exposed login pages. It succeeds quickly against short or common passwords."
Cyber Security,What should I learn alongside VPN?,"VPN uses protocols like WireGuard, OpenVPN, and IPsec. It is a service that creates an encrypted tunnel between a device and a network. It is used for secure remote access and protecting traffic on untrusted networks. It does not make users anonymous and shifts trust to the VPN provider."
Cyber Security,Can you illustrate DDoS attack with an example?,"DDoS attack uses a botnet to send millions of requests to a website. It is mitigated with CDNs, rate limiting, and scrubbing services. It causes downtime, lost revenue, and can hide other attacks. It differs from a single-source denial-of-service attack."
Cyber Security,What should I learn alongside public key infrastructure?,"Public key infrastructure includes certificate authorities, registration authorities, and revocation lists. It is a framework of certificates and authorities that manages public keys and identities. It is used for HTTPS, code signing, and email encryption. It enables trust between strangers on the internet."
Cyber Security,What is an alternative to hashing?,"Hashing differs from encryption, which can be reversed with a key. It is used for password storage, integrity checks, and digital signatures. It detects any change in data, since small differences change the digest. It is not reversible, and fast hashes are unsafe for passwords."
Cyber Security,What is a practical example of penetration testing?,Penetration testing has testers exploit a web app's flaw to reach customer records. It is an authorized simulated attack to find weaknesses in a system. It is used before launches and for compliance checks. It finds real exploitable issues and shows their impact.
Cyber Security,How does DDoS attack differ from related concepts?,"DDoS attack differs from a single-source denial-of-service attack. It is used by attackers to take down websites and services. It causes downtime, lost revenue, and can hide other attacks. It uses a botnet to send millions of requests to a website."
Cyber Security,What is the main purpose of incident response?,"Incident response is used whenever a breach or attack is suspected. It is the organized approach to detecting, containing, and recovering from security incidents. It reduces damage and recovery time through prepared playbooks. It isolates infected machines, preserves evidence, and restores from clean backups."
Cyber Security,Give an example of clickjacking.,Clickjacking overlays a transparent frame of a bank page over a fake prize button. It is used to make victims perform unintended actions like likes or payments. It abuses legitimate pages loaded in invisible frames. It is also called UI redress.
Cyber Security,How would you explain buffer overflow to a beginner?,"Buffer overflow is a bug where a program writes beyond the end of a memory buffer. It is prevented by bounds checking, memory-safe languages, and compiler protections. It can crash programs or let attackers run arbitrary code. It happens when copying a long string into a small fixed array."
Cyber Security,Is there a substitute for digital signature?,"Digital signature is created by signing a hash with a private key. It is a cryptographic proof that a message came from a signer and was not altered. It is used for software updates, contracts, and certificates. It provides authenticity, integrity, and non-repudiation."
Cyber Security,Where have you seen man-in-the-middle attack in action?,"Man-in-the-middle attack lets an attacker on a cafe network read unencrypted traffic. It is an attack where someone secretly intercepts or alters communication between two parties. It is common on unsecured public Wi-Fi and compromised networks. It is prevented by TLS, certificate validation, and VPNs."
Cyber Security,Why is TLS considered important?,"TLS protects confidentiality and integrity and verifies the server identity. It is a protocol that encrypts and authenticates data sent between clients and servers. It is used for HTTPS, email, and secure APIs. It shows the padlock in the browser for HTTPS sites. It is the successor of SSL."
Cyber Security,What problem does data loss prevention solve?,"Data loss prevention is used to protect customer records, source code, and personal data. It is a set of tools and policies that stop sensitive data from leaving the organization. It reduces accidental leaks and supports regulatory compliance. It monitors endpoints, networks, and cloud storage."
Cyber Security,Where have you seen SQL injection in action?,"SQL injection abuses a login by entering a quote and OR 1=1 to bypass the password check. It is tested for in login forms, search boxes, and any database-backed input. It can expose, modify, or delete data and sometimes give attackers control of the server."
Cyber Security,What are the alternatives or companions of buffer overflow?,"Buffer overflow is mitigated by stack canaries, ASLR, and non-executable memory. It is a bug where a program writes beyond the end of a memory buffer. It is studied in low-level languages like C and C++. It can crash programs or let attackers run arbitrary code."
Cyber Security,List the strengths of malware.,"Malware is detected by antivirus, endpoint detection, and safe user habits. It is software designed to damage, disrupt, or gain unauthorized access to systems. It can cause data theft, system damage, and spread across networks. It includes viruses, worms, trojans, spyware, and ransomware."
Cyber Security,What should I learn alongside incident response?,"Incident response follows phases like preparation, detection, containment, eradication, recovery, and lessons learned. It is the organized approach to detecting, containing, and recovering from security incidents. It is used whenever a breach or attack is suspected. It fails when plans are untested or roles are unclear."
Cyber Security,What is an alternative to intrusion detection system?,"Intrusion detection system differs from an intrusion prevention system, which blocks traffic automatically. It is used to detect intrusions and policy violations. It generates false positives and only detects instead of blocking. It alerts when a host scans many ports in seconds."
Cyber Security,What are the disadvantages of brute force attack?,"Brute force attack succeeds quickly against short or common passwords. It is used against weak passwords and exposed login pages. It tries thousands of passwords per minute on an SSH login. It differs from credential stuffing, which reuses leaked passwords."
Cyber Security,Can you illustrate malware with an example?,"Malware includes viruses, worms, trojans, spyware, and ransomware. It is software designed to damage, disrupt, or gain unauthorized access to systems. It is used by attackers to steal data, spy, or control machines. It can cause data theft, system damage, and spread across networks."
Cyber Security,Walk me through a simple example of digital signature.,Digital signature lets a developer sign an app so users verify it. It is a cryptographic proof that a message came from a signer and was not altered. It depends on keeping private keys secure and trusting certificates. It is created by signing a hash with a private key.
Cyber Security,Describe a scenario where man-in-the-middle attack is applied.,Man-in-the-middle attack lets an attacker on a cafe network read unencrypted traffic. It is an attack where someone secretly intercepts or alters communication between two parties. It can expose passwords and let attackers modify messages. It includes ARP spoofing and SSL stripping.
Cyber Security,How does man-in-the-middle attack compare with similar approaches?,Man-in-the-middle attack includes ARP spoofing and SSL stripping. It is an attack where someone secretly intercepts or alters communication between two parties. It is common on unsecured public Wi-Fi and compromised networks. It can expose passwords and let attackers modify messages.
Cyber Security,What is an alternative to public key infrastructure?,"Public key infrastructure includes certificate authorities, registration authorities, and revocation lists. It enables trust between strangers on the internet. It depends on certificate authorities, and a compromised authority harms trust. It lets browsers trust a website because a known authority signed its certificate."
Cyber Security,How does brute force attack compare with similar approaches?,"Brute force attack differs from credential stuffing, which reuses leaked passwords. It is used against weak passwords and exposed login pages. It succeeds quickly against short or common passwords. It tries thousands of passwords per minute on an SSH login."
Cyber Security,Can you illustrate endpoint detection and response with an example?,Endpoint detection and response isolates a laptop when it sees ransomware-like file encryption. It is used to detect advanced threats on laptops and servers. It offers deep visibility and rapid containment of compromised devices. It goes beyond traditional antivirus signature matching.
Cyber Security,What problems can firewall cause?,Firewall cannot stop attacks inside allowed traffic or insider threats alone. It is a security control that filters network traffic using defined rules. It is used at network edges and on hosts to block unauthorized connections. It ranges from packet filters to next-generation firewalls and web application firewalls.
Cyber Security,How does ransomware compare with similar approaches?,"Ransomware often arrives through phishing or exposed remote desktop services. It is used by criminals against hospitals, businesses, and individuals for extortion. It can be mitigated with offline backups, patching, and network segmentation. It can halt operations, leak stolen data, and offers no guarantee of recovery after payment."
Cyber Security,How is brute force attack typically used in real projects?,"Brute force attack is used against weak passwords and exposed login pages. It is an attack that tries many password or key combinations until one works. It is slowed by lockouts, rate limiting, and strong passwords. It succeeds quickly against short or common passwords."
Cyber Security,What makes malware valuable?,"Malware is detected by antivirus, endpoint detection, and safe user habits. It is used by attackers to steal data, spy, or control machines. It includes viruses, worms, trojans, spyware, and ransomware. It is analyzed through static and dynamic analysis in sandboxes."
Cyber Security,What is a practical example of data loss prevention?,Data loss prevention blocks an email carrying credit card numbers to an external address. It is a set of tools and policies that stop sensitive data from leaving the organization. It reduces accidental leaks and supports regulatory compliance. It can cause false positives that block legitimate work.
Cyber Security,Define symmetric encryption in simple words.,Symmetric encryption is encryption that uses the same secret key for encryption and decryption. It is used for bulk data such as disk encryption and file protection. It struggles with secure key distribution between parties. It encrypts a file with AES-256 using one shared key.
Cyber Security,What are the limitations of symmetric encryption?,Symmetric encryption struggles with secure key distribution between parties. It is used for bulk data such as disk encryption and file protection. It encrypts a file with AES-256 using one shared key. It is often combined with asymmetric encryption in TLS.
Cyber Security,What other concepts are connected to public key infrastructure?,"Public key infrastructure includes certificate authorities, registration authorities, and revocation lists. It is a framework of certificates and authorities that manages public keys and identities. It is used for HTTPS, code signing, and email encryption. It lets browsers trust a website because a known authority signed its certificate."
Cyber Security,How does CSRF compare with similar approaches?,"CSRF differs from XSS, since it exploits a server's trust in the user's browser. It is blocked effectively by anti-CSRF tokens and SameSite cookies. It makes a hidden form on a malicious page submit a money transfer to a bank."
Cyber Security,What are common pitfalls with TLS?,"TLS cannot protect endpoints, and weak configurations or old versions are vulnerable. It is used for HTTPS, email, and secure APIs. It protects confidentiality and integrity and verifies the server identity. It shows the padlock in the browser for HTTPS sites."
Cyber Security,Where is session hijacking commonly applied?,"Session hijacking is attempted through XSS, network sniffing, or predictable tokens. It is taking over a user's active session by stealing its identifier. It is prevented by HTTPS, secure cookies, and short session lifetimes. It steals a session cookie from an open Wi-Fi network."
Cyber Security,Why do developers use privilege escalation?,"Privilege escalation is used by attackers after initial access to take control. It is the exploitation of a flaw to gain higher access than intended. It is limited through patching, least privilege, and monitoring. It lets a normal user become administrator through a vulnerable service."
Cyber Security,When should you use phishing?,"Phishing is delivered by attackers through email, SMS, and fake login pages. It is a social engineering attack using fake messages or sites to steal credentials. It sends an email imitating a bank that links to a fake login page."
Cyber Security,When should you use malware?,"Malware is used by attackers to steal data, spy, or control machines. It is software designed to damage, disrupt, or gain unauthorized access to systems. It can cause data theft, system damage, and spread across networks. It includes viruses, worms, trojans, spyware, and ransomware."
Cyber Security,Where is password manager commonly applied?,"Password manager is used so people can have strong, different passwords for every account. It is an application that stores and generates unique passwords securely. It creates a single point of failure if the master password is weak. It works best with multi-factor authentication."
Cyber Security,Why do developers use asymmetric encryption?,"Asymmetric encryption is used for key exchange, digital signatures, and secure email. It is encryption using a public key to encrypt and a private key to decrypt. It lets anyone encrypt a message with a public key that only the owner can read."
Cyber Security,What are the advantages of vulnerability scanning?,Vulnerability scanning covers many assets quickly and cheaply. It is the automated checking of systems for known weaknesses. It is used regularly to find missing patches and misconfigurations. It produces false positives and cannot confirm real exploitability. It is complemented by penetration testing for deeper validation.
Cyber Security,When should you use threat modeling?,Threat modeling is used during design to find security flaws early. It is a structured process for identifying and prioritizing potential threats to a system. It finds issues cheaply before code is written. It uses STRIDE to examine each component for spoofing or tampering.
Cyber Security,How does endpoint detection and response help developers?,Endpoint detection and response offers deep visibility and rapid containment of compromised devices. It is used to detect advanced threats on laptops and servers. It requires agents and skilled analysts and can slow devices. It goes beyond traditional antivirus signature matching.
Cyber Security,What is an alternative to OWASP Top 10?,OWASP Top 10 is published by the Open Worldwide Application Security Project. It is a regularly updated list of the most critical web application security risks. It gives teams a common priority list for fixing issues. It lists risks such as broken access control and injection.
Cyber Security,What problems can CSRF cause?,CSRF can perform actions as the victim without stealing their credentials. It is an attack that tricks a logged-in user's browser into sending unwanted requests. It makes a hidden form on a malicious page submit a money transfer to a bank.
Cyber Security,Where have you seen SSH in action?,SSH connects to a server with ssh user@host using a private key. It is a protocol for secure remote login and command execution over an encrypted channel. It is used by administrators to manage servers. It replaced insecure protocols like Telnet.
Cyber Security,What is the basic idea behind CSRF?,"CSRF is an attack that tricks a logged-in user's browser into sending unwanted requests. It is relevant for state-changing actions such as transfers and password changes. It differs from XSS, since it exploits a server's trust in the user's browser."
Cyber Security,When should you use cross-site scripting?,"Cross-site scripting is tested for wherever user input is displayed back on web pages. It is preventable through output encoding, sanitization, and Content Security Policy. It can steal session cookies, deface pages, and perform actions as victims. It comes in stored, reflected, and DOM-based forms."
Cyber Security,What are the advantages of SQL injection?,"SQL injection is fully preventable with parameterized queries, which keep data separate from code. It is tested for in login forms, search boxes, and any database-backed input. It can expose, modify, or delete data and sometimes give attackers control of the server."
Cyber Security,How is CSRF used in practice?,"CSRF makes a hidden form on a malicious page submit a money transfer to a bank. It is relevant for state-changing actions such as transfers and password changes. It differs from XSS, since it exploits a server's trust in the user's browser."
Cyber Security,What is related to intrusion detection system?,"Intrusion detection system differs from an intrusion prevention system, which blocks traffic automatically. It is a system that monitors network or host activity for suspicious behavior. It is used to detect intrusions and policy violations. It alerts when a host scans many ports in seconds."
Cyber Security,How would you explain data loss prevention to a beginner?,"Data loss prevention is a set of tools and policies that stop sensitive data from leaving the organization. It is used to protect customer records, source code, and personal data. It reduces accidental leaks and supports regulatory compliance. It blocks an email carrying credit card numbers to an external address."
Cyber Security,How is patch management used in practice?,"Patch management applies a monthly operating system security update across all laptops. It is the process of identifying, testing, and installing software updates. It is used to close known vulnerabilities across systems. It removes the easiest paths for attackers. It is helped by asset inventory and automated tools."
Cyber Security,Is there a substitute for penetration testing?,"Penetration testing differs from vulnerability scanning, which is automated and less deep. It is an authorized simulated attack to find weaknesses in a system. It is used before launches and for compliance checks. It finds real exploitable issues and shows their impact."
Cyber Security,How does social engineering help developers?,"Social engineering is countered by training, verification procedures, and a reporting culture. It is the manipulation of people into revealing information or performing actions. It is used by attackers because humans are often easier targets than systems. It includes phishing, pretexting, baiting, and tailgating."
Cyber Security,Show a real-world example of OWASP Top 10.,OWASP Top 10 lists risks such as broken access control and injection. It is a regularly updated list of the most critical web application security risks. It gives teams a common priority list for fixing issues. It is published by the Open Worldwide Application Security Project.
Cyber Security,What are common pitfalls with cross-site scripting?,"Cross-site scripting can steal session cookies, deface pages, and perform actions as victims. It is tested for wherever user input is displayed back on web pages. It is preventable through output encoding, sanitization, and Content Security Policy. It comes in stored, reflected, and DOM-based forms."
Cyber Security,What should you watch out for when using zero trust?,Zero trust takes substantial effort to implement and can slow users down. It is a security model that never trusts any user or device by default. It is used to protect cloud and remote-work environments. It limits the damage from stolen credentials through continuous verification.
Cyber Security,Why do developers use digital signature?,"Digital signature is used for software updates, contracts, and certificates. It depends on keeping private keys secure and trusting certificates. It lets a developer sign an app so users verify it. It is created by signing a hash with a private key."
Cyber Security,What are the alternatives or companions of network segmentation?,"Network segmentation is implemented with VLANs, firewalls, and microsegmentation. It is dividing a network into separate zones with controlled traffic between them. It is used to isolate sensitive systems such as payment servers. It places guest Wi-Fi on a separate VLAN from internal servers."
Cyber Security,Show a real-world example of symmetric encryption.,Symmetric encryption encrypts a file with AES-256 using one shared key. It is encryption that uses the same secret key for encryption and decryption. It struggles with secure key distribution between parties. It is often combined with asymmetric encryption in TLS.
Cyber Security,What problem does brute force attack solve?,"Brute force attack is used against weak passwords and exposed login pages. It is an attack that tries many password or key combinations until one works. It is slowed by lockouts, rate limiting, and strong passwords. It differs from credential stuffing, which reuses leaked passwords."
Cyber Security,What is the basic idea behind SSH?,SSH is a protocol for secure remote login and command execution over an encrypted channel. It protects credentials and supports key-based authentication. It is exposed to brute force attempts if password login is enabled. It replaced insecure protocols like Telnet.
Cyber Security,Explain digital signature.,"Digital signature is a cryptographic proof that a message came from a signer and was not altered. It is used for software updates, contracts, and certificates. It provides authenticity, integrity, and non-repudiation. It lets a developer sign an app so users verify it."
Cyber Security,How is endpoint detection and response used in practice?,Endpoint detection and response isolates a laptop when it sees ransomware-like file encryption. It is used to detect advanced threats on laptops and servers. It offers deep visibility and rapid containment of compromised devices. It requires agents and skilled analysts and can slow devices.
Cyber Security,What is a practical example of least privilege?,"Least privilege gives a support agent read access to tickets but not billing data. It is used when designing roles, permissions, and service accounts. It limits the damage from mistakes and compromised accounts. It needs ongoing review, since permissions tend to accumulate."
Cyber Security,What are the limitations of privilege escalation?,"Privilege escalation can turn a small compromise into full system control. It is used by attackers after initial access to take control. It is limited through patching, least privilege, and monitoring. It lets a normal user become administrator through a vulnerable service."
Cyber Security,What do you gain by using privilege escalation?,"Privilege escalation is limited through patching, least privilege, and monitoring. It is the exploitation of a flaw to gain higher access than intended. It is used by attackers after initial access to take control. It lets a normal user become administrator through a vulnerable service."
Cyber Security,Is there a substitute for zero trust?,"Zero trust follows the motto never trust, always verify. It is used to protect cloud and remote-work environments. It takes substantial effort to implement and can slow users down. It checks identity and device health on every request, even inside the network."
Cyber Security,What do you gain by using social engineering?,"Social engineering is countered by training, verification procedures, and a reporting culture. It bypasses technical controls entirely by targeting trust. It has a caller pose as IT support and ask for a password. It includes phishing, pretexting, baiting, and tailgating."
Cyber Security,What is related to threat modeling?,"Threat modeling includes STRIDE, DREAD, and attack trees. It is used during design to find security flaws early. It needs expertise and time, and models go stale as systems change. It uses STRIDE to examine each component for spoofing or tampering."
Cyber Security,What is the basic idea behind incident response?,"Incident response is the organized approach to detecting, containing, and recovering from security incidents. It is used whenever a breach or attack is suspected. It reduces damage and recovery time through prepared playbooks. It follows phases like preparation, detection, containment, eradication, recovery, and lessons learned."
Cyber Security,How does incident response differ from related concepts?,"Incident response follows phases like preparation, detection, containment, eradication, recovery, and lessons learned. It is used whenever a breach or attack is suspected. It fails when plans are untested or roles are unclear. It isolates infected machines, preserves evidence, and restores from clean backups."
Cyber Security,What are the disadvantages of TLS?,"TLS cannot protect endpoints, and weak configurations or old versions are vulnerable. It is a protocol that encrypts and authenticates data sent between clients and servers. It is used for HTTPS, email, and secure APIs. It is the successor of SSL."
Cyber Security,What is hashing?,"Hashing is a one-way function that turns data into a fixed-length digest. It is used for password storage, integrity checks, and digital signatures. It is not reversible, and fast hashes are unsafe for passwords. It verifies a downloaded file against a published SHA-256 checksum."
Cyber Security,What are common pitfalls with clickjacking?,Clickjacking abuses legitimate pages loaded in invisible frames. It is used to make victims perform unintended actions like likes or payments. It is blocked by X-Frame-Options and the CSP frame-ancestors directive. It overlays a transparent frame of a bank page over a fake prize button.
Cyber Security,Why is zero trust considered important?,"Zero trust limits the damage from stolen credentials through continuous verification. It is used to protect cloud and remote-work environments. It checks identity and device health on every request, even inside the network. It follows the motto never trust, always verify."
Cyber Security,Why do developers use symmetric encryption?,Symmetric encryption is used for bulk data such as disk encryption and file protection. It is fast and efficient for large amounts of data. It struggles with secure key distribution between parties. It is often combined with asymmetric encryption in TLS.
Cyber Security,Where is penetration testing commonly applied?,"Penetration testing is used before launches and for compliance checks. It is an authorized simulated attack to find weaknesses in a system. It finds real exploitable issues and shows their impact. It differs from vulnerability scanning, which is automated and less deep."
Cyber Security,What should you watch out for when using buffer overflow?,"Buffer overflow can crash programs or let attackers run arbitrary code. It is a bug where a program writes beyond the end of a memory buffer. It is prevented by bounds checking, memory-safe languages, and compiler protections. It is mitigated by stack canaries, ASLR, and non-executable memory."
Cyber Security,What makes endpoint detection and response valuable?,Endpoint detection and response offers deep visibility and rapid containment of compromised devices. It is a tool that monitors endpoints for malicious behavior and enables response. It isolates a laptop when it sees ransomware-like file encryption. It goes beyond traditional antivirus signature matching.
Cyber Security,What is the basic idea behind TLS?,"TLS is a protocol that encrypts and authenticates data sent between clients and servers. It is used for HTTPS, email, and secure APIs. It cannot protect endpoints, and weak configurations or old versions are vulnerable. It shows the padlock in the browser for HTTPS sites."
Cyber Security,What are the drawbacks of privilege escalation?,"Privilege escalation can turn a small compromise into full system control. It is the exploitation of a flaw to gain higher access than intended. It is used by attackers after initial access to take control. It is limited through patching, least privilege, and monitoring."
Cyber Security,What is password manager used for?,"Password manager is used so people can have strong, different passwords for every account. It is an application that stores and generates unique passwords securely. It creates a single point of failure if the master password is weak. It fills a random twenty-character password on a login form."
Cyber Security,What are the downsides of intrusion detection system?,"Intrusion detection system generates false positives and only detects instead of blocking. It is used to detect intrusions and policy violations. It gives visibility and alerts that enable fast response. It differs from an intrusion prevention system, which blocks traffic automatically."
Cyber Security,How does directory traversal help developers?,Directory traversal is prevented by validating paths and using allow-lists. It is an attack that uses path sequences like ../ to access files outside the intended folder. It is tested wherever file names come from user input. It requests ../../etc/passwd through a file download parameter.
Cyber Security,List the strengths of session hijacking.,"Session hijacking is prevented by HTTPS, secure cookies, and short session lifetimes. It is attempted through XSS, network sniffing, or predictable tokens. It lets attackers act as the user without knowing the password. It steals a session cookie from an open Wi-Fi network."
Cyber Security,How would you explain malware to a beginner?,"Malware is software designed to damage, disrupt, or gain unauthorized access to systems. It is used by attackers to steal data, spy, or control machines. It can cause data theft, system damage, and spread across networks. It is analyzed through static and dynamic analysis in sandboxes."
Cyber Security,What are the benefits of using firewall?,Firewall reduces exposure by allowing only necessary traffic. It is used at network edges and on hosts to block unauthorized connections. It blocks incoming connections on port 23 while allowing HTTPS. It ranges from packet filters to next-generation firewalls and web application firewalls.
Cyber Security,What should you watch out for when using penetration testing?,"Penetration testing covers a limited time and scope and costs money. It is an authorized simulated attack to find weaknesses in a system. It is used before launches and for compliance checks. It differs from vulnerability scanning, which is automated and less deep."
Cyber Security,What are the advantages of firewall?,Firewall reduces exposure by allowing only necessary traffic. It cannot stop attacks inside allowed traffic or insider threats alone. It blocks incoming connections on port 23 while allowing HTTPS. It ranges from packet filters to next-generation firewalls and web application firewalls.
Cyber Security,Give an example of endpoint detection and response.,Endpoint detection and response isolates a laptop when it sees ransomware-like file encryption. It is a tool that monitors endpoints for malicious behavior and enables response. It is used to detect advanced threats on laptops and servers. It goes beyond traditional antivirus signature matching.
Cyber Security,What are the limitations of TLS?,"TLS cannot protect endpoints, and weak configurations or old versions are vulnerable. It is a protocol that encrypts and authenticates data sent between clients and servers. It shows the padlock in the browser for HTTPS sites. It is the successor of SSL."
Cyber Security,What are the benefits of using network segmentation?,"Network segmentation limits lateral movement and contains breaches. It is dividing a network into separate zones with controlled traffic between them. It increases design complexity and management effort. It places guest Wi-Fi on a separate VLAN from internal servers. It is implemented with VLANs, firewalls, and microsegmentation."
Cyber Security,Show a real-world example of incident response.,"Incident response isolates infected machines, preserves evidence, and restores from clean backups. It is the organized approach to detecting, containing, and recovering from security incidents. It is used whenever a breach or attack is suspected. It fails when plans are untested or roles are unclear."
Cyber Security,What are the drawbacks of least privilege?,"Least privilege needs ongoing review, since permissions tend to accumulate. It is used when designing roles, permissions, and service accounts. It limits the damage from mistakes and compromised accounts. It gives a support agent read access to tickets but not billing data."
Cyber Security,What are the disadvantages of digital signature?,"Digital signature depends on keeping private keys secure and trusting certificates. It is a cryptographic proof that a message came from a signer and was not altered. It is used for software updates, contracts, and certificates. It is created by signing a hash with a private key."
Cyber Security,Walk me through a simple example of asymmetric encryption.,Asymmetric encryption lets anyone encrypt a message with a public key that only the owner can read. It is encryption using a public key to encrypt and a private key to decrypt. It is much slower than symmetric encryption and needs larger keys.
Cyber Security,Where have you seen digital signature in action?,"Digital signature lets a developer sign an app so users verify it. It is a cryptographic proof that a message came from a signer and was not altered. It is used for software updates, contracts, and certificates. It is created by signing a hash with a private key."
Cyber Security,What are the limitations of least privilege?,"Least privilege needs ongoing review, since permissions tend to accumulate. It is a principle giving users and programs only the access they need. It is used when designing roles, permissions, and service accounts. It supports separation of duties and role-based access control."
Cyber Security,What does malware mean?,"Malware is software designed to damage, disrupt, or gain unauthorized access to systems. It is detected by antivirus, endpoint detection, and safe user habits. It can cause data theft, system damage, and spread across networks. It is analyzed through static and dynamic analysis in sandboxes."
Cyber Security,Give an example of data loss prevention.,"Data loss prevention blocks an email carrying credit card numbers to an external address. It is used to protect customer records, source code, and personal data. It reduces accidental leaks and supports regulatory compliance. It monitors endpoints, networks, and cloud storage."
Cyber Security,Walk me through a simple example of SIEM.,"SIEM alerts when many failed logins are followed by a success. It is a platform that collects and correlates security logs for analysis and alerts. It is used by security teams to detect and investigate threats. It is offered by Splunk, Microsoft Sentinel, and Elastic."
Cyber Security,Why is intrusion detection system considered important?,Intrusion detection system gives visibility and alerts that enable fast response. It is a system that monitors network or host activity for suspicious behavior. It generates false positives and only detects instead of blocking. It alerts when a host scans many ports in seconds.
Cyber Security,Is there a substitute for clickjacking?,Clickjacking is also called UI redress. It is an attack that tricks users into clicking something hidden under a visible element. It abuses legitimate pages loaded in invisible frames. It overlays a transparent frame of a bank page over a fake prize button.
Cyber Security,What are the limitations of password salting?,Password salting does not stop brute force against weak passwords by itself. It is used when storing passwords in databases. It defeats rainbow tables and keeps identical passwords from sharing the same hash. It stores a unique salt next to each user's hash.
Cyber Security,What is network segmentation?,"Network segmentation is dividing a network into separate zones with controlled traffic between them. It is used to isolate sensitive systems such as payment servers. It increases design complexity and management effort. It is implemented with VLANs, firewalls, and microsegmentation."
Cyber Security,Where is network segmentation commonly applied?,"Network segmentation is used to isolate sensitive systems such as payment servers. It is dividing a network into separate zones with controlled traffic between them. It limits lateral movement and contains breaches. It is implemented with VLANs, firewalls, and microsegmentation."
Cyber Security,Give an example of SQL injection.,"SQL injection abuses a login by entering a quote and OR 1=1 to bypass the password check. It is an attack that inserts malicious SQL into input so the database runs it. It can expose, modify, or delete data and sometimes give attackers control of the server."
Cyber Security,When should you avoid privilege escalation?,"Privilege escalation can turn a small compromise into full system control. It is limited through patching, least privilege, and monitoring. It lets a normal user become administrator through a vulnerable service. It occurs vertically to higher roles or horizontally to other users' accounts."
Cyber Security,What is related to asymmetric encryption?,Asymmetric encryption includes RSA and elliptic curve cryptography. It is encryption using a public key to encrypt and a private key to decrypt. It is much slower than symmetric encryption and needs larger keys. It lets anyone encrypt a message with a public key that only the owner can read.
Cyber Security,Why do developers use zero trust?,"Zero trust is used to protect cloud and remote-work environments. It is a security model that never trusts any user or device by default. It limits the damage from stolen credentials through continuous verification. It follows the motto never trust, always verify."
Cyber Security,What is an alternative to SSH?,SSH replaced insecure protocols like Telnet. It is a protocol for secure remote login and command execution over an encrypted channel. It is used by administrators to manage servers. It protects credentials and supports key-based authentication. It connects to a server with ssh user@host using a private key.
Cyber Security,Describe a scenario where clickjacking is applied.,Clickjacking overlays a transparent frame of a bank page over a fake prize button. It is used to make victims perform unintended actions like likes or payments. It is blocked by X-Frame-Options and the CSP frame-ancestors directive. It is also called UI redress.
Cyber Security,What is the basic idea behind DDoS attack?,"DDoS attack is an attack that floods a target with traffic from many sources. It is used by attackers to take down websites and services. It is mitigated with CDNs, rate limiting, and scrubbing services. It uses a botnet to send millions of requests to a website."
Cyber Security,What are common pitfalls with ransomware?,"Ransomware can halt operations, leak stolen data, and offers no guarantee of recovery after payment. It is used by criminals against hospitals, businesses, and individuals for extortion. It can be mitigated with offline backups, patching, and network segmentation. It locks all files with a note demanding bitcoin."
Cyber Security,Why do developers use brute force attack?,"Brute force attack is used against weak passwords and exposed login pages. It is slowed by lockouts, rate limiting, and strong passwords. It succeeds quickly against short or common passwords. It tries thousands of passwords per minute on an SSH login. It differs from credential stuffing, which reuses leaked passwords."
Cyber Security,Why is threat modeling considered important?,"Threat modeling finds issues cheaply before code is written. It is used during design to find security flaws early. It needs expertise and time, and models go stale as systems change. It uses STRIDE to examine each component for spoofing or tampering."
Cyber Security,What is the basic idea behind buffer overflow?,"Buffer overflow is a bug where a program writes beyond the end of a memory buffer. It is studied in low-level languages like C and C++. It can crash programs or let attackers run arbitrary code. It is mitigated by stack canaries, ASLR, and non-executable memory."
Cyber Security,Is there a substitute for SQL injection?,"SQL injection is defended against by prepared statements, input validation, and least-privilege database accounts. It is tested for in login forms, search boxes, and any database-backed input. It abuses a login by entering a quote and OR 1=1 to bypass the password check."
Cyber Security,What is the main purpose of session hijacking?,"Session hijacking is attempted through XSS, network sniffing, or predictable tokens. It is taking over a user's active session by stealing its identifier. It is prevented by HTTPS, secure cookies, and short session lifetimes. It is related to session fixation."
Cyber Security,Describe symmetric encryption briefly.,Symmetric encryption is encryption that uses the same secret key for encryption and decryption. It is used for bulk data such as disk encryption and file protection. It struggles with secure key distribution between parties. It is often combined with asymmetric encryption in TLS.
Cyber Security,What other concepts are connected to zero trust?,"Zero trust follows the motto never trust, always verify. It is used to protect cloud and remote-work environments. It limits the damage from stolen credentials through continuous verification. It checks identity and device health on every request, even inside the network."
Cyber Security,Where have you seen threat modeling in action?,"Threat modeling uses STRIDE to examine each component for spoofing or tampering. It is used during design to find security flaws early. It needs expertise and time, and models go stale as systems change. It includes STRIDE, DREAD, and attack trees."
Cyber Security,What should I learn alongside SSH?,SSH replaced insecure protocols like Telnet. It is a protocol for secure remote login and command execution over an encrypted channel. It protects credentials and supports key-based authentication. It connects to a server with ssh user@host using a private key.
Cyber Security,Where is DNS spoofing commonly applied?,DNS spoofing is used by attackers to harvest credentials and spread malware. It is an attack that gives false DNS answers to redirect users to malicious sites. It can silently send users to lookalike sites. It makes a bank's domain resolve to an attacker's server.
Cyber Security,In which situations is symmetric encryption a good choice?,Symmetric encryption is used for bulk data such as disk encryption and file protection. It is encryption that uses the same secret key for encryption and decryption. It struggles with secure key distribution between parties. It is often combined with asymmetric encryption in TLS.
Cyber Security,When should you avoid DDoS attack?,"DDoS attack causes downtime, lost revenue, and can hide other attacks. It is used by attackers to take down websites and services. It is mitigated with CDNs, rate limiting, and scrubbing services. It uses a botnet to send millions of requests to a website."
Cyber Security,Describe penetration testing briefly.,"Penetration testing is an authorized simulated attack to find weaknesses in a system. It is used before launches and for compliance checks. It covers a limited time and scope and costs money. It differs from vulnerability scanning, which is automated and less deep."
Cyber Security,Where is cross-site scripting commonly applied?,"Cross-site scripting is tested for wherever user input is displayed back on web pages. It is preventable through output encoding, sanitization, and Content Security Policy. It runs a script from a comment field in every visitor's browser. It comes in stored, reflected, and DOM-based forms."
Cyber Security,When should you use vulnerability scanning?,Vulnerability scanning is used regularly to find missing patches and misconfigurations. It is the automated checking of systems for known weaknesses. It covers many assets quickly and cheaply. It produces false positives and cannot confirm real exploitability. It is complemented by penetration testing for deeper validation.
Cyber Security,Walk me through a simple example of buffer overflow.,"Buffer overflow happens when copying a long string into a small fixed array. It is studied in low-level languages like C and C++. It can crash programs or let attackers run arbitrary code. It is mitigated by stack canaries, ASLR, and non-executable memory."
Cyber Security,Why is clickjacking useful?,Clickjacking is blocked by X-Frame-Options and the CSP frame-ancestors directive. It is an attack that tricks users into clicking something hidden under a visible element. It overlays a transparent frame of a bank page over a fake prize button. It is also called UI redress.
Cyber Security,What other concepts are connected to password salting?,"Password salting should be paired with slow hashing like bcrypt, scrypt, or Argon2. It is used when storing passwords in databases. It defeats rainbow tables and keeps identical passwords from sharing the same hash. It does not stop brute force against weak passwords by itself."
Cyber Security,What problem does intrusion detection system solve?,"Intrusion detection system is used to detect intrusions and policy violations. It gives visibility and alerts that enable fast response. It generates false positives and only detects instead of blocking. It differs from an intrusion prevention system, which blocks traffic automatically."
Cyber Security,What should I learn alongside penetration testing?,"Penetration testing differs from vulnerability scanning, which is automated and less deep. It is an authorized simulated attack to find weaknesses in a system. It covers a limited time and scope and costs money. It has testers exploit a web app's flaw to reach customer records."
Cyber Security,Why is password manager useful?,"Password manager reduces reuse and makes phishing easier to spot through domain matching. It is an application that stores and generates unique passwords securely. It is used so people can have strong, different passwords for every account. It fills a random twenty-character password on a login form."
Cyber Security,What is endpoint detection and response used for?,Endpoint detection and response is used to detect advanced threats on laptops and servers. It offers deep visibility and rapid containment of compromised devices. It requires agents and skilled analysts and can slow devices. It isolates a laptop when it sees ransomware-like file encryption.
Cyber Security,Define endpoint detection and response in simple words.,Endpoint detection and response is a tool that monitors endpoints for malicious behavior and enables response. It is used to detect advanced threats on laptops and servers. It offers deep visibility and rapid containment of compromised devices. It isolates a laptop when it sees ransomware-like file encryption.
Cyber Security,Can you give a short overview of password salting?,Password salting is the practice of adding a random value to a password before hashing. It is used when storing passwords in databases. It defeats rainbow tables and keeps identical passwords from sharing the same hash. It stores a unique salt next to each user's hash.
Cyber Security,What problems can threat modeling cause?,"Threat modeling needs expertise and time, and models go stale as systems change. It is a structured process for identifying and prioritizing potential threats to a system. It is used during design to find security flaws early. It finds issues cheaply before code is written."
Cyber Security,Show a real-world example of cross-site scripting.,"Cross-site scripting runs a script from a comment field in every visitor's browser. It is tested for wherever user input is displayed back on web pages. It is preventable through output encoding, sanitization, and Content Security Policy. It can steal session cookies, deface pages, and perform actions as victims."
Cyber Security,Describe a scenario where directory traversal is applied.,Directory traversal requests ../../etc/passwd through a file download parameter. It is tested wherever file names come from user input. It is prevented by validating paths and using allow-lists. It can expose configuration files and passwords. It is also called path traversal.
Cyber Security,Define man-in-the-middle attack in simple words.,Man-in-the-middle attack is an attack where someone secretly intercepts or alters communication between two parties. It can expose passwords and let attackers modify messages. It lets an attacker on a cafe network read unencrypted traffic. It includes ARP spoofing and SSL stripping.
Cyber Security,When should you avoid asymmetric encryption?,Asymmetric encryption is much slower than symmetric encryption and needs larger keys. It removes the need to share a secret in advance. It lets anyone encrypt a message with a public key that only the owner can read. It includes RSA and elliptic curve cryptography.
Cyber Security,In which situations is SSH a good choice?,SSH is used by administrators to manage servers. It is a protocol for secure remote login and command execution over an encrypted channel. It connects to a server with ssh user@host using a private key. It replaced insecure protocols like Telnet.
Cyber Security,Describe SQL injection briefly.,"SQL injection is an attack that inserts malicious SQL into input so the database runs it. It is fully preventable with parameterized queries, which keep data separate from code. It abuses a login by entering a quote and OR 1=1 to bypass the password check."
Cyber Security,What are the disadvantages of threat modeling?,"Threat modeling needs expertise and time, and models go stale as systems change. It is a structured process for identifying and prioritizing potential threats to a system. It is used during design to find security flaws early. It uses STRIDE to examine each component for spoofing or tampering."
Cyber Security,In which situations is phishing a good choice?,"Phishing is delivered by attackers through email, SMS, and fake login pages. It is reduced by awareness training, email filtering, and multi-factor authentication. It can lead to account takeover, malware infection, and financial loss. It includes spear phishing for targeted victims and vishing by phone."
Cyber Security,Where have you seen least privilege in action?,"Least privilege gives a support agent read access to tickets but not billing data. It is used when designing roles, permissions, and service accounts. It needs ongoing review, since permissions tend to accumulate. It supports separation of duties and role-based access control."
Cyber Security,Where have you seen DNS spoofing in action?,"DNS spoofing makes a bank's domain resolve to an attacker's server. It is an attack that gives false DNS answers to redirect users to malicious sites. It is countered by DNSSEC, encrypted DNS, and HTTPS. It is also called DNS cache poisoning."
Cyber Security,How would you explain hashing to a beginner?,"Hashing is a one-way function that turns data into a fixed-length digest. It is used for password storage, integrity checks, and digital signatures. It detects any change in data, since small differences change the digest. It is not reversible, and fast hashes are unsafe for passwords."
Cyber Security,Why is VPN considered important?,VPN protects data in transit and hides the user's IP address from sites. It is a service that creates an encrypted tunnel between a device and a network. It does not make users anonymous and shifts trust to the VPN provider.
Cyber Security,What does OWASP Top 10 mean?,OWASP Top 10 is a regularly updated list of the most critical web application security risks. It is used as an awareness and secure coding baseline. It gives teams a common priority list for fixing issues. It is not exhaustive and should not be the only security standard.
Cyber Security,What are the advantages of clickjacking?,Clickjacking is blocked by X-Frame-Options and the CSP frame-ancestors directive. It is used to make victims perform unintended actions like likes or payments. It abuses legitimate pages loaded in invisible frames. It overlays a transparent frame of a bank page over a fake prize button.
Cyber Security,What is an alternative to VPN?,"VPN uses protocols like WireGuard, OpenVPN, and IPsec. It protects data in transit and hides the user's IP address from sites. It does not make users anonymous and shifts trust to the VPN provider. It lets an employee reach the company intranet from home securely."
Cyber Security,What is the basic idea behind phishing?,"Phishing is a social engineering attack using fake messages or sites to steal credentials. It is reduced by awareness training, email filtering, and multi-factor authentication. It can lead to account takeover, malware infection, and financial loss. It includes spear phishing for targeted victims and vishing by phone."
Cyber Security,What does TLS mean?,"TLS is a protocol that encrypts and authenticates data sent between clients and servers. It is used for HTTPS, email, and secure APIs. It cannot protect endpoints, and weak configurations or old versions are vulnerable. It is the successor of SSL."
Cyber Security,How does digital signature compare with similar approaches?,"Digital signature is created by signing a hash with a private key. It is a cryptographic proof that a message came from a signer and was not altered. It is used for software updates, contracts, and certificates. It lets a developer sign an app so users verify it."
Cyber Security,What should I learn alongside honeypot?,Honeypot scales up to honeynets and honeytokens. It is a decoy system designed to attract and study attackers. It is used to detect intrusions and collect threat intelligence. It gives early warning and reveals attacker techniques. It exposes a fake database server that logs every access attempt.
Cyber Security,Can you illustrate OWASP Top 10 with an example?,OWASP Top 10 lists risks such as broken access control and injection. It is used as an awareness and secure coding baseline. It gives teams a common priority list for fixing issues. It is not exhaustive and should not be the only security standard.
Cyber Security,What are the benefits of using brute force attack?,"Brute force attack is slowed by lockouts, rate limiting, and strong passwords. It is an attack that tries many password or key combinations until one works. It is used against weak passwords and exposed login pages. It tries thousands of passwords per minute on an SSH login."
Cyber Security,What is ransomware?,"Ransomware is malware that encrypts files and demands payment for the decryption key. It can be mitigated with offline backups, patching, and network segmentation. It locks all files with a note demanding bitcoin. It often arrives through phishing or exposed remote desktop services."
Cyber Security,What are common pitfalls with password salting?,"Password salting does not stop brute force against weak passwords by itself. It is the practice of adding a random value to a password before hashing. It stores a unique salt next to each user's hash. It should be paired with slow hashing like bcrypt, scrypt, or Argon2."
Cyber Security,What is clickjacking?,Clickjacking is an attack that tricks users into clicking something hidden under a visible element. It is used to make victims perform unintended actions like likes or payments. It overlays a transparent frame of a bank page over a fake prize button. It is also called UI redress.
Cyber Security,What is SQL injection used for?,"SQL injection is tested for in login forms, search boxes, and any database-backed input. It abuses a login by entering a quote and OR 1=1 to bypass the password check. It is defended against by prepared statements, input validation, and least-privilege database accounts."
Cyber Security,Why do developers use multi-factor authentication?,"Multi-factor authentication is used for email, banking, and administrator accounts. It stops most account takeovers even when passwords leak. It asks for a password and a code from an authenticator app. It is strongest with hardware security keys and passkeys."
Cyber Security,What are the downsides of VPN?,"VPN does not make users anonymous and shifts trust to the VPN provider. It protects data in transit and hides the user's IP address from sites. It lets an employee reach the company intranet from home securely. It uses protocols like WireGuard, OpenVPN, and IPsec."
Cyber Security,What is buffer overflow used for?,"Buffer overflow is studied in low-level languages like C and C++. It is a bug where a program writes beyond the end of a memory buffer. It happens when copying a long string into a small fixed array. It is mitigated by stack canaries, ASLR, and non-executable memory."
Cyber Security,How does public key infrastructure differ from related concepts?,"Public key infrastructure includes certificate authorities, registration authorities, and revocation lists. It is a framework of certificates and authorities that manages public keys and identities. It is used for HTTPS, code signing, and email encryption. It depends on certificate authorities, and a compromised authority harms trust."
Cyber Security,How would you explain man-in-the-middle attack to a beginner?,Man-in-the-middle attack is an attack where someone secretly intercepts or alters communication between two parties. It is common on unsecured public Wi-Fi and compromised networks. It lets an attacker on a cafe network read unencrypted traffic. It includes ARP spoofing and SSL stripping.
Cyber Security,How is honeypot used in practice?,Honeypot exposes a fake database server that logs every access attempt. It is a decoy system designed to attract and study attackers. It is used to detect intrusions and collect threat intelligence. It gives early warning and reveals attacker techniques. It scales up to honeynets and honeytokens.
Cyber Security,Where is SIEM commonly applied?,SIEM is used by security teams to detect and investigate threats. It is a platform that collects and correlates security logs for analysis and alerts. It gives central visibility across systems and supports compliance. It alerts when many failed logins are followed by a success.
Cyber Security,Why is firewall useful?,Firewall reduces exposure by allowing only necessary traffic. It is a security control that filters network traffic using defined rules. It is used at network edges and on hosts to block unauthorized connections. It blocks incoming connections on port 23 while allowing HTTPS.
Cyber Security,Define password manager in simple words.,Password manager is an application that stores and generates unique passwords securely. It creates a single point of failure if the master password is weak. It fills a random twenty-character password on a login form. It works best with multi-factor authentication.
Cyber Security,What are common pitfalls with VPN?,"VPN does not make users anonymous and shifts trust to the VPN provider. It is a service that creates an encrypted tunnel between a device and a network. It protects data in transit and hides the user's IP address from sites. It uses protocols like WireGuard, OpenVPN, and IPsec."
Cyber Security,What are the disadvantages of malware?,"Malware can cause data theft, system damage, and spread across networks. It is software designed to damage, disrupt, or gain unauthorized access to systems. It is detected by antivirus, endpoint detection, and safe user habits. It is analyzed through static and dynamic analysis in sandboxes."
Cyber Security,What is the main purpose of VPN?,VPN is used for secure remote access and protecting traffic on untrusted networks. It protects data in transit and hides the user's IP address from sites. It does not make users anonymous and shifts trust to the VPN provider. It lets an employee reach the company intranet from home securely.
Cyber Security,What is the basic idea behind data loss prevention?,"Data loss prevention is a set of tools and policies that stop sensitive data from leaving the organization. It reduces accidental leaks and supports regulatory compliance. It can cause false positives that block legitimate work. It monitors endpoints, networks, and cloud storage."
Cyber Security,Describe endpoint detection and response briefly.,Endpoint detection and response is a tool that monitors endpoints for malicious behavior and enables response. It offers deep visibility and rapid containment of compromised devices. It requires agents and skilled analysts and can slow devices. It isolates a laptop when it sees ransomware-like file encryption.
Cyber Security,Can you illustrate cross-site scripting with an example?,"Cross-site scripting runs a script from a comment field in every visitor's browser. It is an attack that injects malicious scripts into pages viewed by other users. It is tested for wherever user input is displayed back on web pages. It comes in stored, reflected, and DOM-based forms."
Cyber Security,When should you use asymmetric encryption?,"Asymmetric encryption is used for key exchange, digital signatures, and secure email. It is much slower than symmetric encryption and needs larger keys. It lets anyone encrypt a message with a public key that only the owner can read. It includes RSA and elliptic curve cryptography."
Cyber Security,List the strengths of password salting.,"Password salting defeats rainbow tables and keeps identical passwords from sharing the same hash. It is the practice of adding a random value to a password before hashing. It should be paired with slow hashing like bcrypt, scrypt, or Argon2."
Cyber Security,What is a practical example of incident response?,"Incident response isolates infected machines, preserves evidence, and restores from clean backups. It reduces damage and recovery time through prepared playbooks. It fails when plans are untested or roles are unclear. It follows phases like preparation, detection, containment, eradication, recovery, and lessons learned."
Cyber Security,What is the basic idea behind brute force attack?,"Brute force attack is an attack that tries many password or key combinations until one works. It is slowed by lockouts, rate limiting, and strong passwords. It tries thousands of passwords per minute on an SSH login. It differs from credential stuffing, which reuses leaked passwords."
Cyber Security,What are the downsides of DNS spoofing?,DNS spoofing can silently send users to lookalike sites. It is an attack that gives false DNS answers to redirect users to malicious sites. It makes a bank's domain resolve to an attacker's server. It is also called DNS cache poisoning.
Cyber Security,What problem does VPN solve?,"VPN is used for secure remote access and protecting traffic on untrusted networks. It is a service that creates an encrypted tunnel between a device and a network. It lets an employee reach the company intranet from home securely. It uses protocols like WireGuard, OpenVPN, and IPsec."
Cyber Security,Give an example of threat modeling.,Threat modeling uses STRIDE to examine each component for spoofing or tampering. It is a structured process for identifying and prioritizing potential threats to a system. It is used during design to find security flaws early. It finds issues cheaply before code is written.
Cyber Security,When should you use SSH?,SSH is used by administrators to manage servers. It is a protocol for secure remote login and command execution over an encrypted channel. It protects credentials and supports key-based authentication. It connects to a server with ssh user@host using a private key.
Cyber Security,Define least privilege in simple words.,"Least privilege is a principle giving users and programs only the access they need. It is used when designing roles, permissions, and service accounts. It needs ongoing review, since permissions tend to accumulate. It supports separation of duties and role-based access control."
Cyber Security,How would you explain symmetric encryption to a beginner?,Symmetric encryption is encryption that uses the same secret key for encryption and decryption. It struggles with secure key distribution between parties. It encrypts a file with AES-256 using one shared key. It is often combined with asymmetric encryption in TLS.
Cyber Security,What are the drawbacks of asymmetric encryption?,"Asymmetric encryption is much slower than symmetric encryption and needs larger keys. It is used for key exchange, digital signatures, and secure email. It removes the need to share a secret in advance. It includes RSA and elliptic curve cryptography."
Cyber Security,What is vulnerability scanning used for?,Vulnerability scanning is used regularly to find missing patches and misconfigurations. It is the automated checking of systems for known weaknesses. It produces false positives and cannot confirm real exploitability. It uses a scanner like Nessus or OpenVAS to list outdated software.
Cyber Security,Describe a scenario where network segmentation is applied.,"Network segmentation places guest Wi-Fi on a separate VLAN from internal servers. It is dividing a network into separate zones with controlled traffic between them. It limits lateral movement and contains breaches. It is implemented with VLANs, firewalls, and microsegmentation."
Cyber Security,How is threat modeling used in practice?,"Threat modeling uses STRIDE to examine each component for spoofing or tampering. It is a structured process for identifying and prioritizing potential threats to a system. It is used during design to find security flaws early. It needs expertise and time, and models go stale as systems change."
Cyber Security,List the strengths of cross-site scripting.,"Cross-site scripting is preventable through output encoding, sanitization, and Content Security Policy. It is tested for wherever user input is displayed back on web pages. It can steal session cookies, deface pages, and perform actions as victims. It runs a script from a comment field in every visitor's browser."
Cyber Security,What are the advantages of threat modeling?,"Threat modeling finds issues cheaply before code is written. It is used during design to find security flaws early. It needs expertise and time, and models go stale as systems change. It uses STRIDE to examine each component for spoofing or tampering. It includes STRIDE, DREAD, and attack trees."
Cyber Security,Where is multi-factor authentication commonly applied?,"Multi-factor authentication is used for email, banking, and administrator accounts. It is authentication requiring two or more independent proof types. It asks for a password and a code from an authenticator app. It is strongest with hardware security keys and passkeys."
Cyber Security,Define OWASP Top 10 in simple words.,OWASP Top 10 is a regularly updated list of the most critical web application security risks. It is used as an awareness and secure coding baseline. It is not exhaustive and should not be the only security standard. It lists risks such as broken access control and injection.
Cyber Security,Can you illustrate intrusion detection system with an example?,Intrusion detection system alerts when a host scans many ports in seconds. It is a system that monitors network or host activity for suspicious behavior. It is used to detect intrusions and policy violations. It gives visibility and alerts that enable fast response.
Cyber Security,What problems can buffer overflow cause?,"Buffer overflow can crash programs or let attackers run arbitrary code. It is a bug where a program writes beyond the end of a memory buffer. It is studied in low-level languages like C and C++. It is prevented by bounds checking, memory-safe languages, and compiler protections."
Cyber Security,How does data loss prevention compare with similar approaches?,"Data loss prevention monitors endpoints, networks, and cloud storage. It is a set of tools and policies that stop sensitive data from leaving the organization. It reduces accidental leaks and supports regulatory compliance. It blocks an email carrying credit card numbers to an external address."
Cyber Security,Define zero trust in simple words.,Zero trust is a security model that never trusts any user or device by default. It is used to protect cloud and remote-work environments. It limits the damage from stolen credentials through continuous verification. It takes substantial effort to implement and can slow users down.
Cyber Security,Explain SQL injection.,"SQL injection is an attack that inserts malicious SQL into input so the database runs it. It abuses a login by entering a quote and OR 1=1 to bypass the password check. It is defended against by prepared statements, input validation, and least-privilege database accounts."
Cyber Security,List the strengths of OWASP Top 10.,OWASP Top 10 gives teams a common priority list for fixing issues. It is not exhaustive and should not be the only security standard. It lists risks such as broken access control and injection. It is published by the Open Worldwide Application Security Project.
Cyber Security,What does endpoint detection and response mean?,Endpoint detection and response is a tool that monitors endpoints for malicious behavior and enables response. It requires agents and skilled analysts and can slow devices. It isolates a laptop when it sees ransomware-like file encryption. It goes beyond traditional antivirus signature matching.
Cyber Security,How is session hijacking typically used in real projects?,"Session hijacking is attempted through XSS, network sniffing, or predictable tokens. It is taking over a user's active session by stealing its identifier. It is prevented by HTTPS, secure cookies, and short session lifetimes. It lets attackers act as the user without knowing the password."
Cyber Security,What are the alternatives or companions of directory traversal?,Directory traversal is also called path traversal. It is tested wherever file names come from user input. It is prevented by validating paths and using allow-lists. It can expose configuration files and passwords. It requests ../../etc/passwd through a file download parameter.
Cyber Security,Why do developers use malware?,"Malware is used by attackers to steal data, spy, or control machines. It is detected by antivirus, endpoint detection, and safe user habits. It can cause data theft, system damage, and spread across networks. It is analyzed through static and dynamic analysis in sandboxes."
Cyber Security,Describe a scenario where SIEM is applied.,"SIEM alerts when many failed logins are followed by a success. It is a platform that collects and correlates security logs for analysis and alerts. It gives central visibility across systems and supports compliance. It is expensive and noisy, and needs tuning to avoid alert fatigue."
Cyber Security,Can you illustrate SQL injection with an example?,"SQL injection abuses a login by entering a quote and OR 1=1 to bypass the password check. It is fully preventable with parameterized queries, which keep data separate from code. It can expose, modify, or delete data and sometimes give attackers control of the server."
Cyber Security,Where have you seen clickjacking in action?,Clickjacking overlays a transparent frame of a bank page over a fake prize button. It is an attack that tricks users into clicking something hidden under a visible element. It is blocked by X-Frame-Options and the CSP frame-ancestors directive. It is also called UI redress.
Cyber Security,What do you gain by using patch management?,"Patch management removes the easiest paths for attackers. It is the process of identifying, testing, and installing software updates. It can cause downtime or compatibility issues if not tested. It applies a monthly operating system security update across all laptops."
Cyber Security,Give an example of intrusion detection system.,Intrusion detection system alerts when a host scans many ports in seconds. It is a system that monitors network or host activity for suspicious behavior. It is used to detect intrusions and policy violations. It generates false positives and only detects instead of blocking.
Cyber Security,What do you gain by using SIEM?,"SIEM gives central visibility across systems and supports compliance. It is a platform that collects and correlates security logs for analysis and alerts. It is expensive and noisy, and needs tuning to avoid alert fatigue. It alerts when many failed logins are followed by a success."
Cyber Security,List the strengths of ransomware.,"Ransomware can be mitigated with offline backups, patching, and network segmentation. It can halt operations, leak stolen data, and offers no guarantee of recovery after payment. It locks all files with a note demanding bitcoin. It often arrives through phishing or exposed remote desktop services."
Cyber Security,In which situations is intrusion detection system a good choice?,Intrusion detection system is used to detect intrusions and policy violations. It is a system that monitors network or host activity for suspicious behavior. It generates false positives and only detects instead of blocking. It alerts when a host scans many ports in seconds.
Cyber Security,Can you give a short overview of threat modeling?,"Threat modeling is a structured process for identifying and prioritizing potential threats to a system. It needs expertise and time, and models go stale as systems change. It uses STRIDE to examine each component for spoofing or tampering. It includes STRIDE, DREAD, and attack trees."
Cyber Security,What is related to DNS spoofing?,"DNS spoofing is also called DNS cache poisoning. It is an attack that gives false DNS answers to redirect users to malicious sites. It is countered by DNSSEC, encrypted DNS, and HTTPS. It can silently send users to lookalike sites."
Cyber Security,What is an alternative to privilege escalation?,Privilege escalation occurs vertically to higher roles or horizontally to other users' accounts. It is used by attackers after initial access to take control. It can turn a small compromise into full system control. It lets a normal user become administrator through a vulnerable service.
Cyber Security,What does CSRF mean?,"CSRF is an attack that tricks a logged-in user's browser into sending unwanted requests. It makes a hidden form on a malicious page submit a money transfer to a bank. It differs from XSS, since it exploits a server's trust in the user's browser."
Cyber Security,Give an example of vulnerability scanning.,Vulnerability scanning uses a scanner like Nessus or OpenVAS to list outdated software. It is the automated checking of systems for known weaknesses. It is used regularly to find missing patches and misconfigurations. It produces false positives and cannot confirm real exploitability.
Cyber Security,What are the downsides of endpoint detection and response?,Endpoint detection and response requires agents and skilled analysts and can slow devices. It is used to detect advanced threats on laptops and servers. It offers deep visibility and rapid containment of compromised devices. It goes beyond traditional antivirus signature matching.
Cyber Security,What makes brute force attack valuable?,"Brute force attack is slowed by lockouts, rate limiting, and strong passwords. It is used against weak passwords and exposed login pages. It succeeds quickly against short or common passwords. It tries thousands of passwords per minute on an SSH login. It differs from credential stuffing, which reuses leaked passwords."
Cyber Security,What problem does password manager solve?,"Password manager is used so people can have strong, different passwords for every account. It reduces reuse and makes phishing easier to spot through domain matching. It creates a single point of failure if the master password is weak. It works best with multi-factor authentication."
Cyber Security,Describe a scenario where session hijacking is applied.,"Session hijacking steals a session cookie from an open Wi-Fi network. It is attempted through XSS, network sniffing, or predictable tokens. It is prevented by HTTPS, secure cookies, and short session lifetimes. It lets attackers act as the user without knowing the password. It is related to session fixation."
Cyber Security,What problems can phishing cause?,"Phishing can lead to account takeover, malware infection, and financial loss. It is delivered by attackers through email, SMS, and fake login pages. It sends an email imitating a bank that links to a fake login page. It includes spear phishing for targeted victims and vishing by phone."
Cyber Security,Why is buffer overflow considered important?,"Buffer overflow is prevented by bounds checking, memory-safe languages, and compiler protections. It is a bug where a program writes beyond the end of a memory buffer. It can crash programs or let attackers run arbitrary code. It happens when copying a long string into a small fixed array."
Cyber Security,Show a real-world example of zero trust.,"Zero trust checks identity and device health on every request, even inside the network. It is a security model that never trusts any user or device by default. It limits the damage from stolen credentials through continuous verification. It takes substantial effort to implement and can slow users down."
Cyber Security,What is a practical example of DDoS attack?,"DDoS attack uses a botnet to send millions of requests to a website. It is an attack that floods a target with traffic from many sources. It is mitigated with CDNs, rate limiting, and scrubbing services. It differs from a single-source denial-of-service attack."
Cyber Security,How is password manager used in practice?,Password manager fills a random twenty-character password on a login form. It reduces reuse and makes phishing easier to spot through domain matching. It creates a single point of failure if the master password is weak. It works best with multi-factor authentication.
Cyber Security,Why do developers use hashing?,"Hashing is used for password storage, integrity checks, and digital signatures. It detects any change in data, since small differences change the digest. It is not reversible, and fast hashes are unsafe for passwords. It differs from encryption, which can be reversed with a key."
Cyber Security,Describe data loss prevention briefly.,"Data loss prevention is a set of tools and policies that stop sensitive data from leaving the organization. It is used to protect customer records, source code, and personal data. It can cause false positives that block legitimate work. It monitors endpoints, networks, and cloud storage."
Cyber Security,What is related to phishing?,"Phishing includes spear phishing for targeted victims and vishing by phone. It is a social engineering attack using fake messages or sites to steal credentials. It can lead to account takeover, malware infection, and financial loss. It sends an email imitating a bank that links to a fake login page."
Cyber Security,What is related to SQL injection?,"SQL injection is defended against by prepared statements, input validation, and least-privilege database accounts. It is fully preventable with parameterized queries, which keep data separate from code. It abuses a login by entering a quote and OR 1=1 to bypass the password check."
Cyber Security,What are the disadvantages of data loss prevention?,Data loss prevention can cause false positives that block legitimate work. It is a set of tools and policies that stop sensitive data from leaving the organization. It reduces accidental leaks and supports regulatory compliance. It blocks an email carrying credit card numbers to an external address.
Cyber Security,Describe a scenario where ransomware is applied.,"Ransomware locks all files with a note demanding bitcoin. It can be mitigated with offline backups, patching, and network segmentation. It can halt operations, leak stolen data, and offers no guarantee of recovery after payment. It often arrives through phishing or exposed remote desktop services."
Cyber Security,When should you use OWASP Top 10?,OWASP Top 10 is used as an awareness and secure coding baseline. It is a regularly updated list of the most critical web application security risks. It lists risks such as broken access control and injection. It is published by the Open Worldwide Application Security Project.
Cyber Security,Why do developers use SIEM?,"SIEM is used by security teams to detect and investigate threats. It gives central visibility across systems and supports compliance. It is expensive and noisy, and needs tuning to avoid alert fatigue. It alerts when many failed logins are followed by a success."
Cyber Security,What makes network segmentation valuable?,"Network segmentation limits lateral movement and contains breaches. It is dividing a network into separate zones with controlled traffic between them. It is used to isolate sensitive systems such as payment servers. It increases design complexity and management effort. It is implemented with VLANs, firewalls, and microsegmentation."
Cyber Security,What are the benefits of using TLS?,"TLS protects confidentiality and integrity and verifies the server identity. It is a protocol that encrypts and authenticates data sent between clients and servers. It is used for HTTPS, email, and secure APIs. It shows the padlock in the browser for HTTPS sites."
Cyber Security,What do you gain by using public key infrastructure?,"Public key infrastructure enables trust between strangers on the internet. It is a framework of certificates and authorities that manages public keys and identities. It depends on certificate authorities, and a compromised authority harms trust. It includes certificate authorities, registration authorities, and revocation lists."
Cyber Security,What are the drawbacks of zero trust?,"Zero trust takes substantial effort to implement and can slow users down. It limits the damage from stolen credentials through continuous verification. It checks identity and device health on every request, even inside the network. It follows the motto never trust, always verify."
Cyber Security,What is phishing and how can you defend against it?,"Phishing is a social engineering attack where criminals impersonate trusted entities through emails, messages, or fake websites to steal credentials or install malware. Defenses include user awareness training, verifying sender addresses and links, multi-factor authentication, email filtering, and reporting suspicious messages instead of clicking links or opening unexpected attachments."
Cyber Security,How does cross-site scripting differ from related concepts?,"Cross-site scripting comes in stored, reflected, and DOM-based forms. It is an attack that injects malicious scripts into pages viewed by other users. It is preventable through output encoding, sanitization, and Content Security Policy. It runs a script from a comment field in every visitor's browser."
Cyber Security,How would you explain incident response to a beginner?,"Incident response is the organized approach to detecting, containing, and recovering from security incidents. It fails when plans are untested or roles are unclear. It isolates infected machines, preserves evidence, and restores from clean backups. It follows phases like preparation, detection, containment, eradication, recovery, and lessons learned."
Cyber Security,In which situations is incident response a good choice?,"Incident response is used whenever a breach or attack is suspected. It fails when plans are untested or roles are unclear. It isolates infected machines, preserves evidence, and restores from clean backups. It follows phases like preparation, detection, containment, eradication, recovery, and lessons learned."
Cyber Security,Define privilege escalation in simple words.,"Privilege escalation is the exploitation of a flaw to gain higher access than intended. It is limited through patching, least privilege, and monitoring. It can turn a small compromise into full system control. It lets a normal user become administrator through a vulnerable service."
Cyber Security,Is there a substitute for cross-site scripting?,"Cross-site scripting comes in stored, reflected, and DOM-based forms. It is an attack that injects malicious scripts into pages viewed by other users. It is tested for wherever user input is displayed back on web pages. It can steal session cookies, deface pages, and perform actions as victims."
Cyber Security,Can you give a short overview of patch management?,"Patch management is the process of identifying, testing, and installing software updates. It can cause downtime or compatibility issues if not tested. It applies a monthly operating system security update across all laptops. It is helped by asset inventory and automated tools."
Cyber Security,What are the advantages of DNS spoofing?,"DNS spoofing is countered by DNSSEC, encrypted DNS, and HTTPS. It is an attack that gives false DNS answers to redirect users to malicious sites. It can silently send users to lookalike sites. It is also called DNS cache poisoning."
Cyber Security,Walk me through a simple example of DNS spoofing.,DNS spoofing makes a bank's domain resolve to an attacker's server. It is an attack that gives false DNS answers to redirect users to malicious sites. It is used by attackers to harvest credentials and spread malware. It can silently send users to lookalike sites.
Cyber Security,What should you watch out for when using symmetric encryption?,Symmetric encryption struggles with secure key distribution between parties. It is encryption that uses the same secret key for encryption and decryption. It is used for bulk data such as disk encryption and file protection. It encrypts a file with AES-256 using one shared key.
Cyber Security,What are the downsides of honeypot?,"Honeypot requires careful isolation, since a compromised honeypot can become a foothold. It is used to detect intrusions and collect threat intelligence. It gives early warning and reveals attacker techniques. It exposes a fake database server that logs every access attempt. It scales up to honeynets and honeytokens."
Cyber Security,What are the benefits of using zero trust?,"Zero trust limits the damage from stolen credentials through continuous verification. It is a security model that never trusts any user or device by default. It takes substantial effort to implement and can slow users down. It checks identity and device health on every request, even inside the network."
Cyber Security,What are the disadvantages of password manager?,"Password manager creates a single point of failure if the master password is weak. It is used so people can have strong, different passwords for every account. It reduces reuse and makes phishing easier to spot through domain matching. It works best with multi-factor authentication."
Cyber Security,Can you illustrate multi-factor authentication with an example?,"Multi-factor authentication asks for a password and a code from an authenticator app. It is authentication requiring two or more independent proof types. It can be bypassed by phishing or SIM swapping, and adds user friction. It is strongest with hardware security keys and passkeys."
Cyber Security,In which situations is OWASP Top 10 a good choice?,OWASP Top 10 is used as an awareness and secure coding baseline. It is a regularly updated list of the most critical web application security risks. It is not exhaustive and should not be the only security standard. It lists risks such as broken access control and injection.
Cyber Security,What is the basic idea behind session hijacking?,"Session hijacking is taking over a user's active session by stealing its identifier. It is prevented by HTTPS, secure cookies, and short session lifetimes. It steals a session cookie from an open Wi-Fi network. It is related to session fixation."
Cyber Security,What is the basic idea behind hashing?,"Hashing is a one-way function that turns data into a fixed-length digest. It is used for password storage, integrity checks, and digital signatures. It detects any change in data, since small differences change the digest. It verifies a downloaded file against a published SHA-256 checksum."
Cyber Security,Can you give a short overview of password manager?,"Password manager is an application that stores and generates unique passwords securely. It is used so people can have strong, different passwords for every account. It reduces reuse and makes phishing easier to spot through domain matching. It fills a random twenty-character password on a login form."
Cyber Security,Can you illustrate honeypot with an example?,"Honeypot exposes a fake database server that logs every access attempt. It is a decoy system designed to attract and study attackers. It is used to detect intrusions and collect threat intelligence. It requires careful isolation, since a compromised honeypot can become a foothold."
Cyber Security,What is data loss prevention?,"Data loss prevention is a set of tools and policies that stop sensitive data from leaving the organization. It is used to protect customer records, source code, and personal data. It blocks an email carrying credit card numbers to an external address. It monitors endpoints, networks, and cloud storage."
Cyber Security,Can you give a short overview of SSH?,SSH is a protocol for secure remote login and command execution over an encrypted channel. It is used by administrators to manage servers. It protects credentials and supports key-based authentication. It is exposed to brute force attempts if password login is enabled.
Cyber Security,Describe a scenario where phishing is applied.,"Phishing sends an email imitating a bank that links to a fake login page. It is delivered by attackers through email, SMS, and fake login pages. It can lead to account takeover, malware infection, and financial loss. It includes spear phishing for targeted victims and vishing by phone."
Cyber Security,Describe a scenario where multi-factor authentication is applied.,"Multi-factor authentication asks for a password and a code from an authenticator app. It is authentication requiring two or more independent proof types. It is used for email, banking, and administrator accounts. It stops most account takeovers even when passwords leak."
Cyber Security,What is session hijacking used for?,"Session hijacking is attempted through XSS, network sniffing, or predictable tokens. It is taking over a user's active session by stealing its identifier. It lets attackers act as the user without knowing the password. It steals a session cookie from an open Wi-Fi network."
Cyber Security,What should I learn alongside social engineering?,"Social engineering includes phishing, pretexting, baiting, and tailgating. It is the manipulation of people into revealing information or performing actions. It is used by attackers because humans are often easier targets than systems. It is countered by training, verification procedures, and a reporting culture."
Cyber Security,Why is malware useful?,"Malware is detected by antivirus, endpoint detection, and safe user habits. It is used by attackers to steal data, spy, or control machines. It can cause data theft, system damage, and spread across networks. It includes viruses, worms, trojans, spyware, and ransomware."
Cyber Security,Why is least privilege considered important?,"Least privilege limits the damage from mistakes and compromised accounts. It is a principle giving users and programs only the access they need. It is used when designing roles, permissions, and service accounts. It supports separation of duties and role-based access control."
Cyber Security,Where is man-in-the-middle attack commonly applied?,Man-in-the-middle attack is common on unsecured public Wi-Fi and compromised networks. It is an attack where someone secretly intercepts or alters communication between two parties. It lets an attacker on a cafe network read unencrypted traffic. It includes ARP spoofing and SSL stripping.
Cyber Security,What are the disadvantages of least privilege?,"Least privilege needs ongoing review, since permissions tend to accumulate. It is used when designing roles, permissions, and service accounts. It gives a support agent read access to tickets but not billing data. It supports separation of duties and role-based access control."
Cyber Security,What are the limitations of malware?,"Malware can cause data theft, system damage, and spread across networks. It is software designed to damage, disrupt, or gain unauthorized access to systems. It is used by attackers to steal data, spy, or control machines. It is detected by antivirus, endpoint detection, and safe user habits."
Cyber Security,What other concepts are connected to asymmetric encryption?,Asymmetric encryption includes RSA and elliptic curve cryptography. It removes the need to share a secret in advance. It is much slower than symmetric encryption and needs larger keys. It lets anyone encrypt a message with a public key that only the owner can read.
Cyber Security,Define penetration testing in simple words.,"Penetration testing is an authorized simulated attack to find weaknesses in a system. It finds real exploitable issues and shows their impact. It covers a limited time and scope and costs money. It differs from vulnerability scanning, which is automated and less deep."
Cyber Security,What is the main purpose of vulnerability scanning?,Vulnerability scanning is used regularly to find missing patches and misconfigurations. It is the automated checking of systems for known weaknesses. It uses a scanner like Nessus or OpenVAS to list outdated software. It is complemented by penetration testing for deeper validation.
Cyber Security,How does network segmentation differ from related concepts?,"Network segmentation is implemented with VLANs, firewalls, and microsegmentation. It is dividing a network into separate zones with controlled traffic between them. It increases design complexity and management effort. It places guest Wi-Fi on a separate VLAN from internal servers."
Cyber Security,Explain clickjacking.,Clickjacking is an attack that tricks users into clicking something hidden under a visible element. It is used to make victims perform unintended actions like likes or payments. It overlays a transparent frame of a bank page over a fake prize button.
Cyber Security,Where have you seen OWASP Top 10 in action?,OWASP Top 10 lists risks such as broken access control and injection. It is used as an awareness and secure coding baseline. It is not exhaustive and should not be the only security standard. It is published by the Open Worldwide Application Security Project.
Cyber Security,In which situations is penetration testing a good choice?,"Penetration testing is used before launches and for compliance checks. It finds real exploitable issues and shows their impact. It has testers exploit a web app's flaw to reach customer records. It differs from vulnerability scanning, which is automated and less deep."
Cyber Security,What is the main purpose of asymmetric encryption?,"Asymmetric encryption is used for key exchange, digital signatures, and secure email. It is encryption using a public key to encrypt and a private key to decrypt. It removes the need to share a secret in advance. It is much slower than symmetric encryption and needs larger keys."
Cyber Security,Explain social engineering.,"Social engineering is the manipulation of people into revealing information or performing actions. It is countered by training, verification procedures, and a reporting culture. It bypasses technical controls entirely by targeting trust. It has a caller pose as IT support and ask for a password."
Cyber Security,Where have you seen ransomware in action?,"Ransomware locks all files with a note demanding bitcoin. It is malware that encrypts files and demands payment for the decryption key. It is used by criminals against hospitals, businesses, and individuals for extortion. It can halt operations, leak stolen data, and offers no guarantee of recovery after payment."
Cyber Security,Describe DDoS attack briefly.,"DDoS attack is an attack that floods a target with traffic from many sources. It is used by attackers to take down websites and services. It causes downtime, lost revenue, and can hide other attacks. It differs from a single-source denial-of-service attack."
Cyber Security,Define password salting in simple words.,"Password salting is the practice of adding a random value to a password before hashing. It defeats rainbow tables and keeps identical passwords from sharing the same hash. It should be paired with slow hashing like bcrypt, scrypt, or Argon2."
Cyber Security,Where is threat modeling commonly applied?,"Threat modeling is used during design to find security flaws early. It finds issues cheaply before code is written. It needs expertise and time, and models go stale as systems change. It uses STRIDE to examine each component for spoofing or tampering. It includes STRIDE, DREAD, and attack trees."
Cyber Security,Show a real-world example of VPN.,"VPN lets an employee reach the company intranet from home securely. It is used for secure remote access and protecting traffic on untrusted networks. It does not make users anonymous and shifts trust to the VPN provider. It uses protocols like WireGuard, OpenVPN, and IPsec."
Cyber Security,What does privilege escalation mean?,Privilege escalation is the exploitation of a flaw to gain higher access than intended. It is used by attackers after initial access to take control. It can turn a small compromise into full system control. It occurs vertically to higher roles or horizontally to other users' accounts.
Cyber Security,What is incident response used for?,"Incident response is used whenever a breach or attack is suspected. It is the organized approach to detecting, containing, and recovering from security incidents. It fails when plans are untested or roles are unclear. It isolates infected machines, preserves evidence, and restores from clean backups."
Cyber Security,What is the basic idea behind patch management?,"Patch management is the process of identifying, testing, and installing software updates. It is used to close known vulnerabilities across systems. It removes the easiest paths for attackers. It applies a monthly operating system security update across all laptops. It is helped by asset inventory and automated tools."
Cyber Security,What are common pitfalls with least privilege?,"Least privilege needs ongoing review, since permissions tend to accumulate. It is a principle giving users and programs only the access they need. It limits the damage from mistakes and compromised accounts. It gives a support agent read access to tickets but not billing data."
Cyber Security,Is there a substitute for honeypot?,"Honeypot scales up to honeynets and honeytokens. It is a decoy system designed to attract and study attackers. It gives early warning and reveals attacker techniques. It requires careful isolation, since a compromised honeypot can become a foothold. It exposes a fake database server that logs every access attempt."
Cyber Security,What is an alternative to honeypot?,"Honeypot scales up to honeynets and honeytokens. It is a decoy system designed to attract and study attackers. It requires careful isolation, since a compromised honeypot can become a foothold. It exposes a fake database server that logs every access attempt."
Cyber Security,How would you explain password manager to a beginner?,"Password manager is an application that stores and generates unique passwords securely. It is used so people can have strong, different passwords for every account. It creates a single point of failure if the master password is weak. It fills a random twenty-character password on a login form."
Cyber Security,How would you explain brute force attack to a beginner?,"Brute force attack is an attack that tries many password or key combinations until one works. It is used against weak passwords and exposed login pages. It tries thousands of passwords per minute on an SSH login. It differs from credential stuffing, which reuses leaked passwords."
Cyber Security,Why do developers use ransomware?,"Ransomware is used by criminals against hospitals, businesses, and individuals for extortion. It can be mitigated with offline backups, patching, and network segmentation. It can halt operations, leak stolen data, and offers no guarantee of recovery after payment. It locks all files with a note demanding bitcoin."
Cyber Security,Why do developers use clickjacking?,Clickjacking is used to make victims perform unintended actions like likes or payments. It is an attack that tricks users into clicking something hidden under a visible element. It overlays a transparent frame of a bank page over a fake prize button.
Cyber Security,Why do developers use man-in-the-middle attack?,"Man-in-the-middle attack is common on unsecured public Wi-Fi and compromised networks. It is an attack where someone secretly intercepts or alters communication between two parties. It is prevented by TLS, certificate validation, and VPNs. It can expose passwords and let attackers modify messages. It includes ARP spoofing and SSL stripping."
Cyber Security,Why is honeypot useful?,"Honeypot gives early warning and reveals attacker techniques. It is a decoy system designed to attract and study attackers. It requires careful isolation, since a compromised honeypot can become a foothold. It exposes a fake database server that logs every access attempt. It scales up to honeynets and honeytokens."
Cyber Security,How is cross-site scripting typically used in real projects?,"Cross-site scripting is tested for wherever user input is displayed back on web pages. It can steal session cookies, deface pages, and perform actions as victims. It runs a script from a comment field in every visitor's browser. It comes in stored, reflected, and DOM-based forms."
Cyber Security,What other concepts are connected to honeypot?,"Honeypot scales up to honeynets and honeytokens. It is a decoy system designed to attract and study attackers. It is used to detect intrusions and collect threat intelligence. It requires careful isolation, since a compromised honeypot can become a foothold."
Cyber Security,What other concepts are connected to VPN?,"VPN uses protocols like WireGuard, OpenVPN, and IPsec. It is a service that creates an encrypted tunnel between a device and a network. It protects data in transit and hides the user's IP address from sites. It lets an employee reach the company intranet from home securely."
Cyber Security,Walk me through a simple example of patch management.,"Patch management applies a monthly operating system security update across all laptops. It is the process of identifying, testing, and installing software updates. It removes the easiest paths for attackers. It can cause downtime or compatibility issues if not tested. It is helped by asset inventory and automated tools."
Cyber Security,Can you give a short overview of session hijacking?,"Session hijacking is taking over a user's active session by stealing its identifier. It is prevented by HTTPS, secure cookies, and short session lifetimes. It lets attackers act as the user without knowing the password. It steals a session cookie from an open Wi-Fi network."
Cyber Security,What makes asymmetric encryption valuable?,Asymmetric encryption removes the need to share a secret in advance. It is encryption using a public key to encrypt and a private key to decrypt. It lets anyone encrypt a message with a public key that only the owner can read.
Cyber Security,What are the disadvantages of asymmetric encryption?,"Asymmetric encryption is much slower than symmetric encryption and needs larger keys. It is encryption using a public key to encrypt and a private key to decrypt. It is used for key exchange, digital signatures, and secure email. It removes the need to share a secret in advance."
Cyber Security,Can you give a short overview of symmetric encryption?,Symmetric encryption is encryption that uses the same secret key for encryption and decryption. It is used for bulk data such as disk encryption and file protection. It is fast and efficient for large amounts of data. It is often combined with asymmetric encryption in TLS.
Cyber Security,What is network segmentation used for?,"Network segmentation is used to isolate sensitive systems such as payment servers. It limits lateral movement and contains breaches. It increases design complexity and management effort. It places guest Wi-Fi on a separate VLAN from internal servers. It is implemented with VLANs, firewalls, and microsegmentation."
Cyber Security,Give an example of password salting.,Password salting stores a unique salt next to each user's hash. It is the practice of adding a random value to a password before hashing. It is used when storing passwords in databases. It defeats rainbow tables and keeps identical passwords from sharing the same hash.
Cyber Security,What are the downsides of session hijacking?,"Session hijacking lets attackers act as the user without knowing the password. It is taking over a user's active session by stealing its identifier. It is attempted through XSS, network sniffing, or predictable tokens. It steals a session cookie from an open Wi-Fi network."
Cyber Security,What are the drawbacks of VPN?,"VPN does not make users anonymous and shifts trust to the VPN provider. It is used for secure remote access and protecting traffic on untrusted networks. It lets an employee reach the company intranet from home securely. It uses protocols like WireGuard, OpenVPN, and IPsec."
Cyber Security,Why is least privilege useful?,"Least privilege limits the damage from mistakes and compromised accounts. It is used when designing roles, permissions, and service accounts. It gives a support agent read access to tickets but not billing data. It supports separation of duties and role-based access control."
Cyber Security,Where is phishing commonly applied?,"Phishing is delivered by attackers through email, SMS, and fake login pages. It can lead to account takeover, malware infection, and financial loss. It sends an email imitating a bank that links to a fake login page. It includes spear phishing for targeted victims and vishing by phone."
Cyber Security,What are the benefits of using threat modeling?,"Threat modeling finds issues cheaply before code is written. It is a structured process for identifying and prioritizing potential threats to a system. It is used during design to find security flaws early. It needs expertise and time, and models go stale as systems change."
Cyber Security,What is VPN used for?,"VPN is used for secure remote access and protecting traffic on untrusted networks. It is a service that creates an encrypted tunnel between a device and a network. It does not make users anonymous and shifts trust to the VPN provider. It uses protocols like WireGuard, OpenVPN, and IPsec."
Cyber Security,Can you illustrate threat modeling with an example?,"Threat modeling uses STRIDE to examine each component for spoofing or tampering. It is used during design to find security flaws early. It finds issues cheaply before code is written. It needs expertise and time, and models go stale as systems change."
Cyber Security,Can you illustrate symmetric encryption with an example?,Symmetric encryption encrypts a file with AES-256 using one shared key. It is encryption that uses the same secret key for encryption and decryption. It is used for bulk data such as disk encryption and file protection. It struggles with secure key distribution between parties.
Cyber Security,Give an example of social engineering.,Social engineering has a caller pose as IT support and ask for a password. It is the manipulation of people into revealing information or performing actions. It is used by attackers because humans are often easier targets than systems. It bypasses technical controls entirely by targeting trust.
Cyber Security,Where have you seen penetration testing in action?,Penetration testing has testers exploit a web app's flaw to reach customer records. It is an authorized simulated attack to find weaknesses in a system. It is used before launches and for compliance checks. It covers a limited time and scope and costs money.
Cyber Security,What does man-in-the-middle attack mean?,"Man-in-the-middle attack is an attack where someone secretly intercepts or alters communication between two parties. It is prevented by TLS, certificate validation, and VPNs. It can expose passwords and let attackers modify messages. It includes ARP spoofing and SSL stripping."
Cyber Security,What are common pitfalls with multi-factor authentication?,"Multi-factor authentication can be bypassed by phishing or SIM swapping, and adds user friction. It is authentication requiring two or more independent proof types. It is used for email, banking, and administrator accounts. It is strongest with hardware security keys and passkeys."
Cyber Security,What are the advantages of buffer overflow?,"Buffer overflow is prevented by bounds checking, memory-safe languages, and compiler protections. It is a bug where a program writes beyond the end of a memory buffer. It is studied in low-level languages like C and C++. It is mitigated by stack canaries, ASLR, and non-executable memory."
Cyber Security,What should you watch out for when using TLS?,"TLS cannot protect endpoints, and weak configurations or old versions are vulnerable. It is a protocol that encrypts and authenticates data sent between clients and servers. It protects confidentiality and integrity and verifies the server identity. It is the successor of SSL."
Cyber Security,What should you watch out for when using firewall?,Firewall cannot stop attacks inside allowed traffic or insider threats alone. It is used at network edges and on hosts to block unauthorized connections. It reduces exposure by allowing only necessary traffic. It ranges from packet filters to next-generation firewalls and web application firewalls.
Cyber Security,Walk me through a simple example of firewall.,Firewall blocks incoming connections on port 23 while allowing HTTPS. It is used at network edges and on hosts to block unauthorized connections. It cannot stop attacks inside allowed traffic or insider threats alone. It ranges from packet filters to next-generation firewalls and web application firewalls.
Cyber Security,What other concepts are connected to threat modeling?,"Threat modeling includes STRIDE, DREAD, and attack trees. It is a structured process for identifying and prioritizing potential threats to a system. It finds issues cheaply before code is written. It uses STRIDE to examine each component for spoofing or tampering."
Cyber Security,What is a practical example of hashing?,"Hashing verifies a downloaded file against a published SHA-256 checksum. It is a one-way function that turns data into a fixed-length digest. It is used for password storage, integrity checks, and digital signatures. It differs from encryption, which can be reversed with a key."
Cyber Security,Explain phishing.,"Phishing is a social engineering attack using fake messages or sites to steal credentials. It is reduced by awareness training, email filtering, and multi-factor authentication. It sends an email imitating a bank that links to a fake login page. It includes spear phishing for targeted victims and vishing by phone."
Cyber Security,How is multi-factor authentication typically used in real projects?,"Multi-factor authentication is used for email, banking, and administrator accounts. It is authentication requiring two or more independent proof types. It stops most account takeovers even when passwords leak. It can be bypassed by phishing or SIM swapping, and adds user friction."
Cyber Security,When should you avoid digital signature?,"Digital signature depends on keeping private keys secure and trusting certificates. It is used for software updates, contracts, and certificates. It provides authenticity, integrity, and non-repudiation. It lets a developer sign an app so users verify it. It is created by signing a hash with a private key."
Cyber Security,What is related to clickjacking?,Clickjacking is also called UI redress. It is an attack that tricks users into clicking something hidden under a visible element. It is used to make victims perform unintended actions like likes or payments. It is blocked by X-Frame-Options and the CSP frame-ancestors directive.
Cyber Security,Describe session hijacking briefly.,"Session hijacking is taking over a user's active session by stealing its identifier. It is prevented by HTTPS, secure cookies, and short session lifetimes. It lets attackers act as the user without knowing the password. It is related to session fixation."
Cyber Security,What should I learn alongside multi-factor authentication?,"Multi-factor authentication is strongest with hardware security keys and passkeys. It is authentication requiring two or more independent proof types. It can be bypassed by phishing or SIM swapping, and adds user friction. It asks for a password and a code from an authenticator app."
Cyber Security,How is clickjacking used in practice?,Clickjacking overlays a transparent frame of a bank page over a fake prize button. It is used to make victims perform unintended actions like likes or payments. It is blocked by X-Frame-Options and the CSP frame-ancestors directive. It abuses legitimate pages loaded in invisible frames.
Cyber Security,How is phishing used in practice?,"Phishing sends an email imitating a bank that links to a fake login page. It is a social engineering attack using fake messages or sites to steal credentials. It is reduced by awareness training, email filtering, and multi-factor authentication. It includes spear phishing for targeted victims and vishing by phone."
Cyber Security,What is man-in-the-middle attack?,"Man-in-the-middle attack is an attack where someone secretly intercepts or alters communication between two parties. It is prevented by TLS, certificate validation, and VPNs. It lets an attacker on a cafe network read unencrypted traffic. It includes ARP spoofing and SSL stripping."
Cyber Security,What are the drawbacks of network segmentation?,"Network segmentation increases design complexity and management effort. It is used to isolate sensitive systems such as payment servers. It limits lateral movement and contains breaches. It places guest Wi-Fi on a separate VLAN from internal servers. It is implemented with VLANs, firewalls, and microsegmentation."
Cyber Security,What should you watch out for when using threat modeling?,"Threat modeling needs expertise and time, and models go stale as systems change. It is used during design to find security flaws early. It finds issues cheaply before code is written. It uses STRIDE to examine each component for spoofing or tampering. It includes STRIDE, DREAD, and attack trees."
Cyber Security,Where is zero trust commonly applied?,"Zero trust is used to protect cloud and remote-work environments. It takes substantial effort to implement and can slow users down. It checks identity and device health on every request, even inside the network. It follows the motto never trust, always verify."
Cyber Security,What are the disadvantages of OWASP Top 10?,OWASP Top 10 is not exhaustive and should not be the only security standard. It gives teams a common priority list for fixing issues. It lists risks such as broken access control and injection. It is published by the Open Worldwide Application Security Project.
Cyber Security,How would you explain privilege escalation to a beginner?,"Privilege escalation is the exploitation of a flaw to gain higher access than intended. It is limited through patching, least privilege, and monitoring. It can turn a small compromise into full system control. It occurs vertically to higher roles or horizontally to other users' accounts."
Cyber Security,Is there a substitute for SSH?,SSH replaced insecure protocols like Telnet. It is a protocol for secure remote login and command execution over an encrypted channel. It is used by administrators to manage servers. It is exposed to brute force attempts if password login is enabled.
Cyber Security,Define VPN in simple words.,VPN is a service that creates an encrypted tunnel between a device and a network. It protects data in transit and hides the user's IP address from sites. It does not make users anonymous and shifts trust to the VPN provider.
Cyber Security,What are common pitfalls with DDoS attack?,"DDoS attack causes downtime, lost revenue, and can hide other attacks. It is an attack that floods a target with traffic from many sources. It is used by attackers to take down websites and services. It differs from a single-source denial-of-service attack."
Cyber Security,Why is vulnerability scanning useful?,Vulnerability scanning covers many assets quickly and cheaply. It is the automated checking of systems for known weaknesses. It is used regularly to find missing patches and misconfigurations. It uses a scanner like Nessus or OpenVAS to list outdated software. It is complemented by penetration testing for deeper validation.
Cyber Security,What does public key infrastructure mean?,"Public key infrastructure is a framework of certificates and authorities that manages public keys and identities. It is used for HTTPS, code signing, and email encryption. It enables trust between strangers on the internet. It lets browsers trust a website because a known authority signed its certificate."
Cyber Security,What should I learn alongside TLS?,"TLS is the successor of SSL. It is used for HTTPS, email, and secure APIs. It protects confidentiality and integrity and verifies the server identity. It cannot protect endpoints, and weak configurations or old versions are vulnerable. It shows the padlock in the browser for HTTPS sites."
Cyber Security,Can you give a short overview of CSRF?,CSRF is an attack that tricks a logged-in user's browser into sending unwanted requests. It is relevant for state-changing actions such as transfers and password changes. It is blocked effectively by anti-CSRF tokens and SameSite cookies. It can perform actions as the victim without stealing their credentials.
Cyber Security,Can you illustrate incident response with an example?,"Incident response isolates infected machines, preserves evidence, and restores from clean backups. It is used whenever a breach or attack is suspected. It reduces damage and recovery time through prepared playbooks. It fails when plans are untested or roles are unclear."
Cyber Security,Can you illustrate man-in-the-middle attack with an example?,"Man-in-the-middle attack lets an attacker on a cafe network read unencrypted traffic. It is common on unsecured public Wi-Fi and compromised networks. It is prevented by TLS, certificate validation, and VPNs. It can expose passwords and let attackers modify messages."
Cyber Security,What is an alternative to penetration testing?,"Penetration testing differs from vulnerability scanning, which is automated and less deep. It is an authorized simulated attack to find weaknesses in a system. It finds real exploitable issues and shows their impact. It has testers exploit a web app's flaw to reach customer records."
Cyber Security,What is the main purpose of SIEM?,"SIEM is used by security teams to detect and investigate threats. It is a platform that collects and correlates security logs for analysis and alerts. It is expensive and noisy, and needs tuning to avoid alert fatigue. It is offered by Splunk, Microsoft Sentinel, and Elastic."
Cyber Security,What are the advantages of password salting?,Password salting defeats rainbow tables and keeps identical passwords from sharing the same hash. It is the practice of adding a random value to a password before hashing. It does not stop brute force against weak passwords by itself. It stores a unique salt next to each user's hash.
Cyber Security,What is zero trust?,"Zero trust is a security model that never trusts any user or device by default. It is used to protect cloud and remote-work environments. It limits the damage from stolen credentials through continuous verification. It follows the motto never trust, always verify."
Cyber Security,How does penetration testing differ from related concepts?,"Penetration testing differs from vulnerability scanning, which is automated and less deep. It is an authorized simulated attack to find weaknesses in a system. It finds real exploitable issues and shows their impact. It covers a limited time and scope and costs money."
Cyber Security,Is there a substitute for public key infrastructure?,"Public key infrastructure includes certificate authorities, registration authorities, and revocation lists. It is used for HTTPS, code signing, and email encryption. It enables trust between strangers on the internet. It lets browsers trust a website because a known authority signed its certificate."
Cyber Security,Describe a scenario where data loss prevention is applied.,"Data loss prevention blocks an email carrying credit card numbers to an external address. It is a set of tools and policies that stop sensitive data from leaving the organization. It is used to protect customer records, source code, and personal data. It monitors endpoints, networks, and cloud storage."
Cyber Security,Define threat modeling in simple words.,"Threat modeling is a structured process for identifying and prioritizing potential threats to a system. It finds issues cheaply before code is written. It needs expertise and time, and models go stale as systems change. It uses STRIDE to examine each component for spoofing or tampering."
Cyber Security,Explain brute force attack.,"Brute force attack is an attack that tries many password or key combinations until one works. It succeeds quickly against short or common passwords. It tries thousands of passwords per minute on an SSH login. It differs from credential stuffing, which reuses leaked passwords."
Cyber Security,Show a real-world example of malware.,"Malware includes viruses, worms, trojans, spyware, and ransomware. It is software designed to damage, disrupt, or gain unauthorized access to systems. It can cause data theft, system damage, and spread across networks. It is analyzed through static and dynamic analysis in sandboxes."
Cyber Security,When should you avoid firewall?,Firewall cannot stop attacks inside allowed traffic or insider threats alone. It is a security control that filters network traffic using defined rules. It reduces exposure by allowing only necessary traffic. It ranges from packet filters to next-generation firewalls and web application firewalls.
Cyber Security,What are the limitations of digital signature?,"Digital signature depends on keeping private keys secure and trusting certificates. It is a cryptographic proof that a message came from a signer and was not altered. It is used for software updates, contracts, and certificates. It provides authenticity, integrity, and non-repudiation."
Cyber Security,Can you give a short overview of public key infrastructure?,"Public key infrastructure is a framework of certificates and authorities that manages public keys and identities. It enables trust between strangers on the internet. It depends on certificate authorities, and a compromised authority harms trust. It lets browsers trust a website because a known authority signed its certificate."
Cyber Security,Why is penetration testing useful?,"Penetration testing finds real exploitable issues and shows their impact. It is used before launches and for compliance checks. It covers a limited time and scope and costs money. It differs from vulnerability scanning, which is automated and less deep."
Cyber Security,Why is DNS spoofing useful?,"DNS spoofing is countered by DNSSEC, encrypted DNS, and HTTPS. It is an attack that gives false DNS answers to redirect users to malicious sites. It is used by attackers to harvest credentials and spread malware. It can silently send users to lookalike sites."
Cyber Security,What is the basic idea behind social engineering?,"Social engineering is the manipulation of people into revealing information or performing actions. It is used by attackers because humans are often easier targets than systems. It bypasses technical controls entirely by targeting trust. It includes phishing, pretexting, baiting, and tailgating."
Cyber Security,Is there a substitute for data loss prevention?,"Data loss prevention monitors endpoints, networks, and cloud storage. It is used to protect customer records, source code, and personal data. It reduces accidental leaks and supports regulatory compliance. It can cause false positives that block legitimate work. It blocks an email carrying credit card numbers to an external address."
Cyber Security,How does firewall differ from related concepts?,Firewall ranges from packet filters to next-generation firewalls and web application firewalls. It is a security control that filters network traffic using defined rules. It reduces exposure by allowing only necessary traffic. It blocks incoming connections on port 23 while allowing HTTPS.
Cyber Security,What problems can malware cause?,"Malware can cause data theft, system damage, and spread across networks. It is software designed to damage, disrupt, or gain unauthorized access to systems. It includes viruses, worms, trojans, spyware, and ransomware. It is analyzed through static and dynamic analysis in sandboxes."
Cyber Security,What is a practical example of vulnerability scanning?,Vulnerability scanning uses a scanner like Nessus or OpenVAS to list outdated software. It is the automated checking of systems for known weaknesses. It is used regularly to find missing patches and misconfigurations. It is complemented by penetration testing for deeper validation.
Cyber Security,Define intrusion detection system in simple words.,"Intrusion detection system is a system that monitors network or host activity for suspicious behavior. It is used to detect intrusions and policy violations. It gives visibility and alerts that enable fast response. It differs from an intrusion prevention system, which blocks traffic automatically."
Cyber Security,When should you avoid network segmentation?,"Network segmentation increases design complexity and management effort. It is dividing a network into separate zones with controlled traffic between them. It places guest Wi-Fi on a separate VLAN from internal servers. It is implemented with VLANs, firewalls, and microsegmentation."
Cyber Security,What is least privilege used for?,"Least privilege is used when designing roles, permissions, and service accounts. It is a principle giving users and programs only the access they need. It gives a support agent read access to tickets but not billing data. It supports separation of duties and role-based access control."
Cyber Security,What is a practical example of public key infrastructure?,"Public key infrastructure lets browsers trust a website because a known authority signed its certificate. It is used for HTTPS, code signing, and email encryption. It enables trust between strangers on the internet. It includes certificate authorities, registration authorities, and revocation lists."
Cyber Security,Show a real-world example of data loss prevention.,"Data loss prevention blocks an email carrying credit card numbers to an external address. It is used to protect customer records, source code, and personal data. It can cause false positives that block legitimate work. It monitors endpoints, networks, and cloud storage."
Cyber Security,How does threat modeling help developers?,"Threat modeling finds issues cheaply before code is written. It is a structured process for identifying and prioritizing potential threats to a system. It needs expertise and time, and models go stale as systems change. It includes STRIDE, DREAD, and attack trees."
Cyber Security,Give an example of SIEM.,"SIEM alerts when many failed logins are followed by a success. It is used by security teams to detect and investigate threats. It gives central visibility across systems and supports compliance. It is offered by Splunk, Microsoft Sentinel, and Elastic."
Cyber Security,Define patch management in simple words.,"Patch management is the process of identifying, testing, and installing software updates. It removes the easiest paths for attackers. It can cause downtime or compatibility issues if not tested. It applies a monthly operating system security update across all laptops."
Cyber Security,How would you explain cross-site scripting to a beginner?,"Cross-site scripting is an attack that injects malicious scripts into pages viewed by other users. It is tested for wherever user input is displayed back on web pages. It can steal session cookies, deface pages, and perform actions as victims."
Cyber Security,How does DNS spoofing differ from related concepts?,"DNS spoofing is also called DNS cache poisoning. It is used by attackers to harvest credentials and spread malware. It is countered by DNSSEC, encrypted DNS, and HTTPS. It can silently send users to lookalike sites. It makes a bank's domain resolve to an attacker's server."
Cyber Security,How is password manager typically used in real projects?,"Password manager is used so people can have strong, different passwords for every account. It is an application that stores and generates unique passwords securely. It reduces reuse and makes phishing easier to spot through domain matching. It creates a single point of failure if the master password is weak."
Cyber Security,Can you illustrate data loss prevention with an example?,"Data loss prevention blocks an email carrying credit card numbers to an external address. It is a set of tools and policies that stop sensitive data from leaving the organization. It is used to protect customer records, source code, and personal data."
Cyber Security,What is a practical example of man-in-the-middle attack?,"Man-in-the-middle attack lets an attacker on a cafe network read unencrypted traffic. It is common on unsecured public Wi-Fi and compromised networks. It is prevented by TLS, certificate validation, and VPNs. It can expose passwords and let attackers modify messages. It includes ARP spoofing and SSL stripping."
Cyber Security,How is session hijacking used in practice?,Session hijacking steals a session cookie from an open Wi-Fi network. It is taking over a user's active session by stealing its identifier. It lets attackers act as the user without knowing the password. It is related to session fixation.
Cyber Security,When should you use multi-factor authentication?,"Multi-factor authentication is used for email, banking, and administrator accounts. It stops most account takeovers even when passwords leak. It can be bypassed by phishing or SIM swapping, and adds user friction. It asks for a password and a code from an authenticator app."
Cyber Security,What is the basic idea behind password salting?,Password salting is the practice of adding a random value to a password before hashing. It defeats rainbow tables and keeps identical passwords from sharing the same hash. It does not stop brute force against weak passwords by itself. It stores a unique salt next to each user's hash.
Cyber Security,Why is social engineering useful?,"Social engineering is countered by training, verification procedures, and a reporting culture. It is the manipulation of people into revealing information or performing actions. It bypasses technical controls entirely by targeting trust. It has a caller pose as IT support and ask for a password."
Cyber Security,How does SSH help developers?,SSH protects credentials and supports key-based authentication. It is a protocol for secure remote login and command execution over an encrypted channel. It connects to a server with ssh user@host using a private key. It replaced insecure protocols like Telnet.
Cyber Security,Describe SIEM briefly.,"SIEM is a platform that collects and correlates security logs for analysis and alerts. It is used by security teams to detect and investigate threats. It gives central visibility across systems and supports compliance. It is expensive and noisy, and needs tuning to avoid alert fatigue."
Cyber Security,Is there a substitute for social engineering?,"Social engineering includes phishing, pretexting, baiting, and tailgating. It is countered by training, verification procedures, and a reporting culture. It bypasses technical controls entirely by targeting trust. It has a caller pose as IT support and ask for a password."
Cyber Security,What are the alternatives or companions of OWASP Top 10?,OWASP Top 10 is published by the Open Worldwide Application Security Project. It is a regularly updated list of the most critical web application security risks. It gives teams a common priority list for fixing issues. It is not exhaustive and should not be the only security standard.
Cyber Security,Is there a substitute for TLS?,"TLS is the successor of SSL. It is a protocol that encrypts and authenticates data sent between clients and servers. It is used for HTTPS, email, and secure APIs. It protects confidentiality and integrity and verifies the server identity. It shows the padlock in the browser for HTTPS sites."
Cyber Security,What are common pitfalls with public key infrastructure?,"Public key infrastructure depends on certificate authorities, and a compromised authority harms trust. It is used for HTTPS, code signing, and email encryption. It enables trust between strangers on the internet. It includes certificate authorities, registration authorities, and revocation lists."
Cyber Security,When should you avoid intrusion detection system?,Intrusion detection system generates false positives and only detects instead of blocking. It is a system that monitors network or host activity for suspicious behavior. It gives visibility and alerts that enable fast response. It alerts when a host scans many ports in seconds.
Cyber Security,What should you watch out for when using directory traversal?,Directory traversal can expose configuration files and passwords. It is tested wherever file names come from user input. It is prevented by validating paths and using allow-lists. It requests ../../etc/passwd through a file download parameter. It is also called path traversal.
Cyber Security,Is there a substitute for phishing?,"Phishing includes spear phishing for targeted victims and vishing by phone. It is delivered by attackers through email, SMS, and fake login pages. It is reduced by awareness training, email filtering, and multi-factor authentication. It sends an email imitating a bank that links to a fake login page."
Cyber Security,What other concepts are connected to session hijacking?,"Session hijacking is related to session fixation. It is taking over a user's active session by stealing its identifier. It is attempted through XSS, network sniffing, or predictable tokens. It is prevented by HTTPS, secure cookies, and short session lifetimes."
Cyber Security,Can you give a short overview of buffer overflow?,"Buffer overflow is a bug where a program writes beyond the end of a memory buffer. It can crash programs or let attackers run arbitrary code. It happens when copying a long string into a small fixed array. It is mitigated by stack canaries, ASLR, and non-executable memory."
Cyber Security,What is a practical example of intrusion detection system?,"Intrusion detection system alerts when a host scans many ports in seconds. It is a system that monitors network or host activity for suspicious behavior. It gives visibility and alerts that enable fast response. It differs from an intrusion prevention system, which blocks traffic automatically."
Cyber Security,What problem does clickjacking solve?,Clickjacking is used to make victims perform unintended actions like likes or payments. It is blocked by X-Frame-Options and the CSP frame-ancestors directive. It abuses legitimate pages loaded in invisible frames. It overlays a transparent frame of a bank page over a fake prize button.
Cyber Security,What other concepts are connected to TLS?,TLS is the successor of SSL. It is a protocol that encrypts and authenticates data sent between clients and servers. It protects confidentiality and integrity and verifies the server identity. It shows the padlock in the browser for HTTPS sites.
Cyber Security,What is related to digital signature?,"Digital signature is created by signing a hash with a private key. It is used for software updates, contracts, and certificates. It depends on keeping private keys secure and trusting certificates. It lets a developer sign an app so users verify it."
Cyber Security,Describe a scenario where brute force attack is applied.,"Brute force attack tries thousands of passwords per minute on an SSH login. It is used against weak passwords and exposed login pages. It is slowed by lockouts, rate limiting, and strong passwords. It succeeds quickly against short or common passwords. It differs from credential stuffing, which reuses leaked passwords."
Cyber Security,What should I learn alongside SIEM?,"SIEM is offered by Splunk, Microsoft Sentinel, and Elastic. It is a platform that collects and correlates security logs for analysis and alerts. It is used by security teams to detect and investigate threats. It gives central visibility across systems and supports compliance."
Cyber Security,What makes man-in-the-middle attack valuable?,"Man-in-the-middle attack is prevented by TLS, certificate validation, and VPNs. It is an attack where someone secretly intercepts or alters communication between two parties. It lets an attacker on a cafe network read unencrypted traffic. It includes ARP spoofing and SSL stripping."
Cyber Security,What are the alternatives or companions of multi-factor authentication?,"Multi-factor authentication is strongest with hardware security keys and passkeys. It is used for email, banking, and administrator accounts. It can be bypassed by phishing or SIM swapping, and adds user friction. It asks for a password and a code from an authenticator app."
Cyber Security,Why is network segmentation considered important?,Network segmentation limits lateral movement and contains breaches. It is dividing a network into separate zones with controlled traffic between them. It is used to isolate sensitive systems such as payment servers. It increases design complexity and management effort. It places guest Wi-Fi on a separate VLAN from internal servers.
Cyber Security,Why is clickjacking considered important?,Clickjacking is blocked by X-Frame-Options and the CSP frame-ancestors directive. It is used to make victims perform unintended actions like likes or payments. It abuses legitimate pages loaded in invisible frames. It overlays a transparent frame of a bank page over a fake prize button.
Cyber Security,Can you illustrate session hijacking with an example?,"Session hijacking steals a session cookie from an open Wi-Fi network. It is taking over a user's active session by stealing its identifier. It is attempted through XSS, network sniffing, or predictable tokens. It lets attackers act as the user without knowing the password."
Cyber Security,What are the advantages of man-in-the-middle attack?,"Man-in-the-middle attack is prevented by TLS, certificate validation, and VPNs. It is an attack where someone secretly intercepts or alters communication between two parties. It can expose passwords and let attackers modify messages. It includes ARP spoofing and SSL stripping."
Cyber Security,Why do developers use patch management?,"Patch management is used to close known vulnerabilities across systems. It is the process of identifying, testing, and installing software updates. It removes the easiest paths for attackers. It can cause downtime or compatibility issues if not tested. It applies a monthly operating system security update across all laptops."
Cyber Security,Is there a substitute for intrusion detection system?,"Intrusion detection system differs from an intrusion prevention system, which blocks traffic automatically. It is a system that monitors network or host activity for suspicious behavior. It gives visibility and alerts that enable fast response. It alerts when a host scans many ports in seconds."
Cyber Security,What are common pitfalls with threat modeling?,"Threat modeling needs expertise and time, and models go stale as systems change. It is a structured process for identifying and prioritizing potential threats to a system. It finds issues cheaply before code is written. It includes STRIDE, DREAD, and attack trees."
Cyber Security,Explain multi-factor authentication.,Multi-factor authentication is authentication requiring two or more independent proof types. It stops most account takeovers even when passwords leak. It asks for a password and a code from an authenticator app. It is strongest with hardware security keys and passkeys.
Cyber Security,Describe brute force attack briefly.,"Brute force attack is an attack that tries many password or key combinations until one works. It is used against weak passwords and exposed login pages. It is slowed by lockouts, rate limiting, and strong passwords. It succeeds quickly against short or common passwords."
Cyber Security,What are the limitations of clickjacking?,Clickjacking abuses legitimate pages loaded in invisible frames. It is an attack that tricks users into clicking something hidden under a visible element. It is used to make victims perform unintended actions like likes or payments. It is blocked by X-Frame-Options and the CSP frame-ancestors directive.
Cyber Security,How would you explain DDoS attack to a beginner?,"DDoS attack is an attack that floods a target with traffic from many sources. It is mitigated with CDNs, rate limiting, and scrubbing services. It causes downtime, lost revenue, and can hide other attacks. It uses a botnet to send millions of requests to a website."
Cyber Security,Describe a scenario where vulnerability scanning is applied.,Vulnerability scanning uses a scanner like Nessus or OpenVAS to list outdated software. It is the automated checking of systems for known weaknesses. It is used regularly to find missing patches and misconfigurations. It covers many assets quickly and cheaply.
Cyber Security,What is the main purpose of intrusion detection system?,"Intrusion detection system is used to detect intrusions and policy violations. It is a system that monitors network or host activity for suspicious behavior. It generates false positives and only detects instead of blocking. It differs from an intrusion prevention system, which blocks traffic automatically."
Cyber Security,What are the drawbacks of cross-site scripting?,"Cross-site scripting can steal session cookies, deface pages, and perform actions as victims. It is preventable through output encoding, sanitization, and Content Security Policy. It runs a script from a comment field in every visitor's browser. It comes in stored, reflected, and DOM-based forms."
Cyber Security,What do you gain by using OWASP Top 10?,OWASP Top 10 gives teams a common priority list for fixing issues. It is a regularly updated list of the most critical web application security risks. It is not exhaustive and should not be the only security standard. It is published by the Open Worldwide Application Security Project.
Cyber Security,What is an alternative to DDoS attack?,"DDoS attack differs from a single-source denial-of-service attack. It is mitigated with CDNs, rate limiting, and scrubbing services. It causes downtime, lost revenue, and can hide other attacks. It uses a botnet to send millions of requests to a website."
Cyber Security,How does patch management compare with similar approaches?,Patch management is helped by asset inventory and automated tools. It is used to close known vulnerabilities across systems. It can cause downtime or compatibility issues if not tested. It applies a monthly operating system security update across all laptops.
Cyber Security,What is related to session hijacking?,"Session hijacking is related to session fixation. It is taking over a user's active session by stealing its identifier. It is prevented by HTTPS, secure cookies, and short session lifetimes. It steals a session cookie from an open Wi-Fi network."
Cyber Security,When should you use endpoint detection and response?,Endpoint detection and response is used to detect advanced threats on laptops and servers. It offers deep visibility and rapid containment of compromised devices. It requires agents and skilled analysts and can slow devices. It goes beyond traditional antivirus signature matching.
Cyber Security,Why do developers use TLS?,"TLS is used for HTTPS, email, and secure APIs. It is a protocol that encrypts and authenticates data sent between clients and servers. It protects confidentiality and integrity and verifies the server identity. It shows the padlock in the browser for HTTPS sites. It is the successor of SSL."
Cyber Security,How does firewall compare with similar approaches?,Firewall ranges from packet filters to next-generation firewalls and web application firewalls. It is used at network edges and on hosts to block unauthorized connections. It cannot stop attacks inside allowed traffic or insider threats alone. It blocks incoming connections on port 23 while allowing HTTPS.
Cyber Security,Describe a scenario where intrusion detection system is applied.,"Intrusion detection system alerts when a host scans many ports in seconds. It is a system that monitors network or host activity for suspicious behavior. It is used to detect intrusions and policy violations. It differs from an intrusion prevention system, which blocks traffic automatically."
Cyber Security,Can you illustrate zero trust with an example?,"Zero trust checks identity and device health on every request, even inside the network. It is a security model that never trusts any user or device by default. It limits the damage from stolen credentials through continuous verification. It follows the motto never trust, always verify."
Cyber Security,How does intrusion detection system compare with similar approaches?,"Intrusion detection system differs from an intrusion prevention system, which blocks traffic automatically. It is a system that monitors network or host activity for suspicious behavior. It gives visibility and alerts that enable fast response. It generates false positives and only detects instead of blocking."
Cyber Security,In which situations is public key infrastructure a good choice?,"Public key infrastructure is used for HTTPS, code signing, and email encryption. It is a framework of certificates and authorities that manages public keys and identities. It enables trust between strangers on the internet. It includes certificate authorities, registration authorities, and revocation lists."
Cyber Security,What is patch management used for?,Patch management is used to close known vulnerabilities across systems. It can cause downtime or compatibility issues if not tested. It applies a monthly operating system security update across all laptops. It is helped by asset inventory and automated tools.
Cyber Security,What are the advantages of honeypot?,"Honeypot gives early warning and reveals attacker techniques. It is a decoy system designed to attract and study attackers. It requires careful isolation, since a compromised honeypot can become a foothold. It exposes a fake database server that logs every access attempt."
Cyber Security,What is a practical example of SIEM?,"SIEM alerts when many failed logins are followed by a success. It is a platform that collects and correlates security logs for analysis and alerts. It is used by security teams to detect and investigate threats. It is expensive and noisy, and needs tuning to avoid alert fatigue."
Cyber Security,Describe a scenario where TLS is applied.,"TLS shows the padlock in the browser for HTTPS sites. It is a protocol that encrypts and authenticates data sent between clients and servers. It cannot protect endpoints, and weak configurations or old versions are vulnerable. It is the successor of SSL."
Cyber Security,How does social engineering compare with similar approaches?,"Social engineering includes phishing, pretexting, baiting, and tailgating. It is the manipulation of people into revealing information or performing actions. It is used by attackers because humans are often easier targets than systems. It has a caller pose as IT support and ask for a password."
Cyber Security,What is asymmetric encryption?,"Asymmetric encryption is encryption using a public key to encrypt and a private key to decrypt. It is used for key exchange, digital signatures, and secure email. It lets anyone encrypt a message with a public key that only the owner can read. It includes RSA and elliptic curve cryptography."
Cyber Security,Can you illustrate password salting with an example?,"Password salting stores a unique salt next to each user's hash. It defeats rainbow tables and keeps identical passwords from sharing the same hash. It does not stop brute force against weak passwords by itself. It should be paired with slow hashing like bcrypt, scrypt, or Argon2."
Cyber Security,List the strengths of man-in-the-middle attack.,"Man-in-the-middle attack is prevented by TLS, certificate validation, and VPNs. It is an attack where someone secretly intercepts or alters communication between two parties. It is common on unsecured public Wi-Fi and compromised networks. It lets an attacker on a cafe network read unencrypted traffic."
Cyber Security,How does phishing compare with similar approaches?,"Phishing includes spear phishing for targeted victims and vishing by phone. It is delivered by attackers through email, SMS, and fake login pages. It can lead to account takeover, malware infection, and financial loss. It sends an email imitating a bank that links to a fake login page."
Cyber Security,What is an alternative to threat modeling?,"Threat modeling includes STRIDE, DREAD, and attack trees. It is a structured process for identifying and prioritizing potential threats to a system. It is used during design to find security flaws early. It needs expertise and time, and models go stale as systems change."
Cyber Security,Explain incident response.,"Incident response is the organized approach to detecting, containing, and recovering from security incidents. It is used whenever a breach or attack is suspected. It fails when plans are untested or roles are unclear. It isolates infected machines, preserves evidence, and restores from clean backups."
Cyber Security,What are the advantages of privilege escalation?,"Privilege escalation is limited through patching, least privilege, and monitoring. It is the exploitation of a flaw to gain higher access than intended. It lets a normal user become administrator through a vulnerable service. It occurs vertically to higher roles or horizontally to other users' accounts."
Cyber Security,Where is CSRF commonly applied?,"CSRF is relevant for state-changing actions such as transfers and password changes. It is an attack that tricks a logged-in user's browser into sending unwanted requests. It is blocked effectively by anti-CSRF tokens and SameSite cookies. It differs from XSS, since it exploits a server's trust in the user's browser."
Cyber Security,List the strengths of public key infrastructure.,"Public key infrastructure enables trust between strangers on the internet. It is a framework of certificates and authorities that manages public keys and identities. It depends on certificate authorities, and a compromised authority harms trust. It lets browsers trust a website because a known authority signed its certificate."
Cyber Security,What are the drawbacks of firewall?,Firewall cannot stop attacks inside allowed traffic or insider threats alone. It is used at network edges and on hosts to block unauthorized connections. It blocks incoming connections on port 23 while allowing HTTPS. It ranges from packet filters to next-generation firewalls and web application firewalls.
Cyber Security,Give an example of least privilege.,"Least privilege gives a support agent read access to tickets but not billing data. It is a principle giving users and programs only the access they need. It is used when designing roles, permissions, and service accounts. It needs ongoing review, since permissions tend to accumulate."
Cyber Security,What is public key infrastructure?,"Public key infrastructure is a framework of certificates and authorities that manages public keys and identities. It enables trust between strangers on the internet. It lets browsers trust a website because a known authority signed its certificate. It includes certificate authorities, registration authorities, and revocation lists."
Cyber Security,Explain man-in-the-middle attack.,"Man-in-the-middle attack is an attack where someone secretly intercepts or alters communication between two parties. It is common on unsecured public Wi-Fi and compromised networks. It is prevented by TLS, certificate validation, and VPNs. It can expose passwords and let attackers modify messages. It includes ARP spoofing and SSL stripping."
Cyber Security,How does TLS help developers?,"TLS protects confidentiality and integrity and verifies the server identity. It is used for HTTPS, email, and secure APIs. It cannot protect endpoints, and weak configurations or old versions are vulnerable. It shows the padlock in the browser for HTTPS sites."
Cyber Security,What other concepts are connected to penetration testing?,"Penetration testing differs from vulnerability scanning, which is automated and less deep. It is used before launches and for compliance checks. It covers a limited time and scope and costs money. It has testers exploit a web app's flaw to reach customer records."
Cyber Security,In which situations is SIEM a good choice?,"SIEM is used by security teams to detect and investigate threats. It is a platform that collects and correlates security logs for analysis and alerts. It gives central visibility across systems and supports compliance. It is offered by Splunk, Microsoft Sentinel, and Elastic."
Cyber Security,What does cross-site scripting mean?,"Cross-site scripting is an attack that injects malicious scripts into pages viewed by other users. It is tested for wherever user input is displayed back on web pages. It can steal session cookies, deface pages, and perform actions as victims. It comes in stored, reflected, and DOM-based forms."
Cyber Security,What should I learn alongside digital signature?,"Digital signature is created by signing a hash with a private key. It is used for software updates, contracts, and certificates. It provides authenticity, integrity, and non-repudiation. It depends on keeping private keys secure and trusting certificates. It lets a developer sign an app so users verify it."
Cyber Security,What other concepts are connected to SQL injection?,"SQL injection is defended against by prepared statements, input validation, and least-privilege database accounts. It is an attack that inserts malicious SQL into input so the database runs it. It is tested for in login forms, search boxes, and any database-backed input."
Cyber Security,What is related to endpoint detection and response?,Endpoint detection and response goes beyond traditional antivirus signature matching. It is a tool that monitors endpoints for malicious behavior and enables response. It is used to detect advanced threats on laptops and servers. It offers deep visibility and rapid containment of compromised devices.
Cyber Security,What is an alternative to CSRF?,"CSRF differs from XSS, since it exploits a server's trust in the user's browser. It is relevant for state-changing actions such as transfers and password changes. It makes a hidden form on a malicious page submit a money transfer to a bank."
Cyber Security,What is an alternative to network segmentation?,"Network segmentation is implemented with VLANs, firewalls, and microsegmentation. It is dividing a network into separate zones with controlled traffic between them. It is used to isolate sensitive systems such as payment servers. It limits lateral movement and contains breaches. It increases design complexity and management effort."
Cyber Security,Why is brute force attack useful?,"Brute force attack is slowed by lockouts, rate limiting, and strong passwords. It is an attack that tries many password or key combinations until one works. It succeeds quickly against short or common passwords. It tries thousands of passwords per minute on an SSH login."
Cyber Security,Why is ransomware useful?,"Ransomware can be mitigated with offline backups, patching, and network segmentation. It is used by criminals against hospitals, businesses, and individuals for extortion. It locks all files with a note demanding bitcoin. It often arrives through phishing or exposed remote desktop services."
Cyber Security,What other concepts are connected to network segmentation?,"Network segmentation is implemented with VLANs, firewalls, and microsegmentation. It is dividing a network into separate zones with controlled traffic between them. It is used to isolate sensitive systems such as payment servers. It increases design complexity and management effort."
Cyber Security,Show a real-world example of patch management.,"Patch management applies a monthly operating system security update across all laptops. It is the process of identifying, testing, and installing software updates. It is used to close known vulnerabilities across systems. It can cause downtime or compatibility issues if not tested."
Cyber Security,What are the drawbacks of penetration testing?,Penetration testing covers a limited time and scope and costs money. It is an authorized simulated attack to find weaknesses in a system. It is used before launches and for compliance checks. It finds real exploitable issues and shows their impact.
Cyber Security,Can you give a short overview of man-in-the-middle attack?,Man-in-the-middle attack is an attack where someone secretly intercepts or alters communication between two parties. It is common on unsecured public Wi-Fi and compromised networks. It can expose passwords and let attackers modify messages. It lets an attacker on a cafe network read unencrypted traffic.
Cyber Security,What are the disadvantages of buffer overflow?,"Buffer overflow can crash programs or let attackers run arbitrary code. It is a bug where a program writes beyond the end of a memory buffer. It is prevented by bounds checking, memory-safe languages, and compiler protections. It happens when copying a long string into a small fixed array."
Cyber Security,What is the basic idea behind clickjacking?,Clickjacking is an attack that tricks users into clicking something hidden under a visible element. It is used to make victims perform unintended actions like likes or payments. It is blocked by X-Frame-Options and the CSP frame-ancestors directive. It is also called UI redress.
Cyber Security,What does social engineering mean?,"Social engineering is the manipulation of people into revealing information or performing actions. It is used by attackers because humans are often easier targets than systems. It is countered by training, verification procedures, and a reporting culture. It bypasses technical controls entirely by targeting trust."
Cyber Security,Why do developers use penetration testing?,"Penetration testing is used before launches and for compliance checks. It finds real exploitable issues and shows their impact. It covers a limited time and scope and costs money. It differs from vulnerability scanning, which is automated and less deep."
Cyber Security,Explain DNS spoofing.,"DNS spoofing is an attack that gives false DNS answers to redirect users to malicious sites. It is countered by DNSSEC, encrypted DNS, and HTTPS. It makes a bank's domain resolve to an attacker's server. It is also called DNS cache poisoning."
Cyber Security,What are the drawbacks of endpoint detection and response?,Endpoint detection and response requires agents and skilled analysts and can slow devices. It is a tool that monitors endpoints for malicious behavior and enables response. It is used to detect advanced threats on laptops and servers. It goes beyond traditional antivirus signature matching.
Cyber Security,When should you avoid ransomware?,"Ransomware can halt operations, leak stolen data, and offers no guarantee of recovery after payment. It is malware that encrypts files and demands payment for the decryption key. It can be mitigated with offline backups, patching, and network segmentation. It often arrives through phishing or exposed remote desktop services."
Cyber Security,What should I learn alongside least privilege?,"Least privilege supports separation of duties and role-based access control. It is used when designing roles, permissions, and service accounts. It limits the damage from mistakes and compromised accounts. It gives a support agent read access to tickets but not billing data."
Cyber Security,In which situations is threat modeling a good choice?,"Threat modeling is used during design to find security flaws early. It needs expertise and time, and models go stale as systems change. It uses STRIDE to examine each component for spoofing or tampering. It includes STRIDE, DREAD, and attack trees."
Cyber Security,Why do developers use buffer overflow?,Buffer overflow is studied in low-level languages like C and C++. It is a bug where a program writes beyond the end of a memory buffer. It can crash programs or let attackers run arbitrary code. It happens when copying a long string into a small fixed array.
Cyber Security,What are the drawbacks of vulnerability scanning?,Vulnerability scanning produces false positives and cannot confirm real exploitability. It is used regularly to find missing patches and misconfigurations. It uses a scanner like Nessus or OpenVAS to list outdated software. It is complemented by penetration testing for deeper validation.
Cyber Security,How would you explain OWASP Top 10 to a beginner?,OWASP Top 10 is a regularly updated list of the most critical web application security risks. It is used as an awareness and secure coding baseline. It is not exhaustive and should not be the only security standard. It is published by the Open Worldwide Application Security Project.
Cyber Security,How would you explain vulnerability scanning to a beginner?,Vulnerability scanning is the automated checking of systems for known weaknesses. It is used regularly to find missing patches and misconfigurations. It covers many assets quickly and cheaply. It uses a scanner like Nessus or OpenVAS to list outdated software.
Cyber Security,What makes OWASP Top 10 valuable?,OWASP Top 10 gives teams a common priority list for fixing issues. It is a regularly updated list of the most critical web application security risks. It is used as an awareness and secure coding baseline. It is not exhaustive and should not be the only security standard.
Cyber Security,Describe firewall briefly.,Firewall is a security control that filters network traffic using defined rules. It reduces exposure by allowing only necessary traffic. It cannot stop attacks inside allowed traffic or insider threats alone. It ranges from packet filters to next-generation firewalls and web application firewalls.
Cyber Security,Walk me through a simple example of least privilege.,"Least privilege gives a support agent read access to tickets but not billing data. It is a principle giving users and programs only the access they need. It is used when designing roles, permissions, and service accounts. It supports separation of duties and role-based access control."
Cyber Security,Define multi-factor authentication in simple words.,"Multi-factor authentication is authentication requiring two or more independent proof types. It is used for email, banking, and administrator accounts. It stops most account takeovers even when passwords leak. It asks for a password and a code from an authenticator app."
Cyber Security,What is an alternative to DNS spoofing?,DNS spoofing is also called DNS cache poisoning. It is an attack that gives false DNS answers to redirect users to malicious sites. It can silently send users to lookalike sites. It makes a bank's domain resolve to an attacker's server.
Cyber Security,What are the limitations of ransomware?,"Ransomware can halt operations, leak stolen data, and offers no guarantee of recovery after payment. It is malware that encrypts files and demands payment for the decryption key. It is used by criminals against hospitals, businesses, and individuals for extortion. It locks all files with a note demanding bitcoin."
Cyber Security,How does OWASP Top 10 compare with similar approaches?,OWASP Top 10 is published by the Open Worldwide Application Security Project. It is a regularly updated list of the most critical web application security risks. It is used as an awareness and secure coding baseline. It is not exhaustive and should not be the only security standard.
Cyber Security,List the strengths of honeypot.,"Honeypot gives early warning and reveals attacker techniques. It is a decoy system designed to attract and study attackers. It is used to detect intrusions and collect threat intelligence. It requires careful isolation, since a compromised honeypot can become a foothold."
Cyber Security,What should I learn alongside phishing?,"Phishing includes spear phishing for targeted victims and vishing by phone. It is a social engineering attack using fake messages or sites to steal credentials. It is reduced by awareness training, email filtering, and multi-factor authentication. It can lead to account takeover, malware infection, and financial loss."
Cyber Security,How is zero trust typically used in real projects?,"Zero trust is used to protect cloud and remote-work environments. It is a security model that never trusts any user or device by default. It takes substantial effort to implement and can slow users down. It follows the motto never trust, always verify."
Cyber Security,What is the basic idea behind privilege escalation?,Privilege escalation is the exploitation of a flaw to gain higher access than intended. It is used by attackers after initial access to take control. It lets a normal user become administrator through a vulnerable service. It occurs vertically to higher roles or horizontally to other users' accounts.
Cyber Security,Give an example of directory traversal.,Directory traversal requests ../../etc/passwd through a file download parameter. It is an attack that uses path sequences like ../ to access files outside the intended folder. It is prevented by validating paths and using allow-lists. It can expose configuration files and passwords.
Cyber Security,Can you give a short overview of ransomware?,"Ransomware is malware that encrypts files and demands payment for the decryption key. It can be mitigated with offline backups, patching, and network segmentation. It can halt operations, leak stolen data, and offers no guarantee of recovery after payment. It locks all files with a note demanding bitcoin."
Cyber Security,What problem does honeypot solve?,"Honeypot is used to detect intrusions and collect threat intelligence. It requires careful isolation, since a compromised honeypot can become a foothold. It exposes a fake database server that logs every access attempt. It scales up to honeynets and honeytokens."
Cyber Security,Why is network segmentation useful?,Network segmentation limits lateral movement and contains breaches. It is dividing a network into separate zones with controlled traffic between them. It is used to isolate sensitive systems such as payment servers. It places guest Wi-Fi on a separate VLAN from internal servers.
Cyber Security,What problem does cross-site scripting solve?,"Cross-site scripting is tested for wherever user input is displayed back on web pages. It is an attack that injects malicious scripts into pages viewed by other users. It can steal session cookies, deface pages, and perform actions as victims. It comes in stored, reflected, and DOM-based forms."
Cyber Security,When should you use SIEM?,"SIEM is used by security teams to detect and investigate threats. It is expensive and noisy, and needs tuning to avoid alert fatigue. It alerts when many failed logins are followed by a success. It is offered by Splunk, Microsoft Sentinel, and Elastic."
Cyber Security,What is related to zero trust?,"Zero trust follows the motto never trust, always verify. It limits the damage from stolen credentials through continuous verification. It takes substantial effort to implement and can slow users down. It checks identity and device health on every request, even inside the network."
Cyber Security,What other concepts are connected to incident response?,"Incident response follows phases like preparation, detection, containment, eradication, recovery, and lessons learned. It is the organized approach to detecting, containing, and recovering from security incidents. It fails when plans are untested or roles are unclear. It isolates infected machines, preserves evidence, and restores from clean backups."
Cyber Security,Walk me through a simple example of directory traversal.,Directory traversal requests ../../etc/passwd through a file download parameter. It is an attack that uses path sequences like ../ to access files outside the intended folder. It is tested wherever file names come from user input. It is also called path traversal.
Cyber Security,What is an alternative to multi-factor authentication?,"Multi-factor authentication is strongest with hardware security keys and passkeys. It is authentication requiring two or more independent proof types. It stops most account takeovers even when passwords leak. It can be bypassed by phishing or SIM swapping, and adds user friction."
Cyber Security,What are the benefits of using SIEM?,"SIEM gives central visibility across systems and supports compliance. It is expensive and noisy, and needs tuning to avoid alert fatigue. It alerts when many failed logins are followed by a success. It is offered by Splunk, Microsoft Sentinel, and Elastic."
Cyber Security,Explain ransomware.,"Ransomware is malware that encrypts files and demands payment for the decryption key. It can halt operations, leak stolen data, and offers no guarantee of recovery after payment. It locks all files with a note demanding bitcoin. It often arrives through phishing or exposed remote desktop services."
Cyber Security,Why do developers use VPN?,VPN is used for secure remote access and protecting traffic on untrusted networks. It is a service that creates an encrypted tunnel between a device and a network. It does not make users anonymous and shifts trust to the VPN provider.
Cyber Security,Why is digital signature useful?,"Digital signature provides authenticity, integrity, and non-repudiation. It is a cryptographic proof that a message came from a signer and was not altered. It is used for software updates, contracts, and certificates. It is created by signing a hash with a private key."
Cyber Security,How is privilege escalation typically used in real projects?,"Privilege escalation is used by attackers after initial access to take control. It is the exploitation of a flaw to gain higher access than intended. It is limited through patching, least privilege, and monitoring. It occurs vertically to higher roles or horizontally to other users' accounts."
Cyber Security,What is an alternative to brute force attack?,"Brute force attack differs from credential stuffing, which reuses leaked passwords. It is used against weak passwords and exposed login pages. It is slowed by lockouts, rate limiting, and strong passwords. It tries thousands of passwords per minute on an SSH login."
Cyber Security,How would you explain public key infrastructure to a beginner?,"Public key infrastructure is a framework of certificates and authorities that manages public keys and identities. It is used for HTTPS, code signing, and email encryption. It depends on certificate authorities, and a compromised authority harms trust. It includes certificate authorities, registration authorities, and revocation lists."
Cyber Security,Explain intrusion detection system.,Intrusion detection system is a system that monitors network or host activity for suspicious behavior. It is used to detect intrusions and policy violations. It gives visibility and alerts that enable fast response. It alerts when a host scans many ports in seconds.
Cyber Security,What are the downsides of digital signature?,Digital signature depends on keeping private keys secure and trusting certificates. It is a cryptographic proof that a message came from a signer and was not altered. It lets a developer sign an app so users verify it. It is created by signing a hash with a private key.
Cyber Security,What is related to buffer overflow?,"Buffer overflow is mitigated by stack canaries, ASLR, and non-executable memory. It is a bug where a program writes beyond the end of a memory buffer. It is studied in low-level languages like C and C++. It is prevented by bounds checking, memory-safe languages, and compiler protections."
Cyber Security,How is symmetric encryption typically used in real projects?,Symmetric encryption is used for bulk data such as disk encryption and file protection. It is encryption that uses the same secret key for encryption and decryption. It encrypts a file with AES-256 using one shared key. It is often combined with asymmetric encryption in TLS.
Cyber Security,What are the downsides of ransomware?,"Ransomware can halt operations, leak stolen data, and offers no guarantee of recovery after payment. It is malware that encrypts files and demands payment for the decryption key. It locks all files with a note demanding bitcoin. It often arrives through phishing or exposed remote desktop services."
Cyber Security,Explain OWASP Top 10.,OWASP Top 10 is a regularly updated list of the most critical web application security risks. It gives teams a common priority list for fixing issues. It lists risks such as broken access control and injection. It is published by the Open Worldwide Application Security Project.
Cyber Security,When should you avoid penetration testing?,"Penetration testing covers a limited time and scope and costs money. It is an authorized simulated attack to find weaknesses in a system. It finds real exploitable issues and shows their impact. It differs from vulnerability scanning, which is automated and less deep."
Cyber Security,What is related to VPN?,"VPN uses protocols like WireGuard, OpenVPN, and IPsec. It is used for secure remote access and protecting traffic on untrusted networks. It protects data in transit and hides the user's IP address from sites. It lets an employee reach the company intranet from home securely."
Cyber Security,Define digital signature in simple words.,"Digital signature is a cryptographic proof that a message came from a signer and was not altered. It provides authenticity, integrity, and non-repudiation. It lets a developer sign an app so users verify it. It is created by signing a hash with a private key."
Cyber Security,Give an example of ransomware.,"Ransomware locks all files with a note demanding bitcoin. It is used by criminals against hospitals, businesses, and individuals for extortion. It can halt operations, leak stolen data, and offers no guarantee of recovery after payment. It often arrives through phishing or exposed remote desktop services."
Cyber Security,What is the main purpose of malware?,"Malware is used by attackers to steal data, spy, or control machines. It is software designed to damage, disrupt, or gain unauthorized access to systems. It is detected by antivirus, endpoint detection, and safe user habits. It can cause data theft, system damage, and spread across networks."
Cyber Security,What are the limitations of cross-site scripting?,"Cross-site scripting can steal session cookies, deface pages, and perform actions as victims. It is an attack that injects malicious scripts into pages viewed by other users. It is tested for wherever user input is displayed back on web pages."
Cyber Security,What are the downsides of man-in-the-middle attack?,"Man-in-the-middle attack can expose passwords and let attackers modify messages. It is an attack where someone secretly intercepts or alters communication between two parties. It is common on unsecured public Wi-Fi and compromised networks. It is prevented by TLS, certificate validation, and VPNs. It includes ARP spoofing and SSL stripping."
Cyber Security,How is OWASP Top 10 used in practice?,OWASP Top 10 lists risks such as broken access control and injection. It is a regularly updated list of the most critical web application security risks. It is used as an awareness and secure coding baseline. It is not exhaustive and should not be the only security standard.
Cyber Security,When should you use digital signature?,"Digital signature is used for software updates, contracts, and certificates. It is a cryptographic proof that a message came from a signer and was not altered. It provides authenticity, integrity, and non-repudiation. It is created by signing a hash with a private key."
Cyber Security,How is least privilege used in practice?,"Least privilege gives a support agent read access to tickets but not billing data. It is used when designing roles, permissions, and service accounts. It limits the damage from mistakes and compromised accounts. It supports separation of duties and role-based access control."
Cyber Security,What problems can network segmentation cause?,"Network segmentation increases design complexity and management effort. It is dividing a network into separate zones with controlled traffic between them. It is used to isolate sensitive systems such as payment servers. It limits lateral movement and contains breaches. It is implemented with VLANs, firewalls, and microsegmentation."
Cyber Security,Can you give a short overview of VPN?,"VPN is a service that creates an encrypted tunnel between a device and a network. It is used for secure remote access and protecting traffic on untrusted networks. It protects data in transit and hides the user's IP address from sites. It uses protocols like WireGuard, OpenVPN, and IPsec."
Cyber Security,Can you give a short overview of data loss prevention?,Data loss prevention is a set of tools and policies that stop sensitive data from leaving the organization. It reduces accidental leaks and supports regulatory compliance. It can cause false positives that block legitimate work. It blocks an email carrying credit card numbers to an external address.
Cyber Security,Why do developers use OWASP Top 10?,OWASP Top 10 is used as an awareness and secure coding baseline. It is not exhaustive and should not be the only security standard. It lists risks such as broken access control and injection. It is published by the Open Worldwide Application Security Project.
Cyber Security,Is there a substitute for hashing?,"Hashing differs from encryption, which can be reversed with a key. It is a one-way function that turns data into a fixed-length digest. It detects any change in data, since small differences change the digest. It is not reversible, and fast hashes are unsafe for passwords."
Cyber Security,How does zero trust help developers?,"Zero trust limits the damage from stolen credentials through continuous verification. It is a security model that never trusts any user or device by default. It checks identity and device health on every request, even inside the network. It follows the motto never trust, always verify."
Cyber Security,What is an alternative to social engineering?,"Social engineering includes phishing, pretexting, baiting, and tailgating. It is the manipulation of people into revealing information or performing actions. It bypasses technical controls entirely by targeting trust. It has a caller pose as IT support and ask for a password."
Cyber Security,What are the advantages of symmetric encryption?,Symmetric encryption is fast and efficient for large amounts of data. It is encryption that uses the same secret key for encryption and decryption. It is used for bulk data such as disk encryption and file protection. It is often combined with asymmetric encryption in TLS.
Cyber Security,How would you explain SIEM to a beginner?,"SIEM is a platform that collects and correlates security logs for analysis and alerts. It gives central visibility across systems and supports compliance. It is expensive and noisy, and needs tuning to avoid alert fatigue. It is offered by Splunk, Microsoft Sentinel, and Elastic."
Cyber Security,Describe vulnerability scanning briefly.,Vulnerability scanning is the automated checking of systems for known weaknesses. It is used regularly to find missing patches and misconfigurations. It covers many assets quickly and cheaply. It produces false positives and cannot confirm real exploitability. It is complemented by penetration testing for deeper validation.
Cyber Security,Describe OWASP Top 10 briefly.,OWASP Top 10 is a regularly updated list of the most critical web application security risks. It is used as an awareness and secure coding baseline. It gives teams a common priority list for fixing issues. It is published by the Open Worldwide Application Security Project.
Cyber Security,What are common pitfalls with brute force attack?,"Brute force attack succeeds quickly against short or common passwords. It is an attack that tries many password or key combinations until one works. It is slowed by lockouts, rate limiting, and strong passwords. It tries thousands of passwords per minute on an SSH login."
Cyber Security,Where is incident response commonly applied?,"Incident response is used whenever a breach or attack is suspected. It reduces damage and recovery time through prepared playbooks. It isolates infected machines, preserves evidence, and restores from clean backups. It follows phases like preparation, detection, containment, eradication, recovery, and lessons learned."
Cyber Security,What do you gain by using penetration testing?,Penetration testing finds real exploitable issues and shows their impact. It is an authorized simulated attack to find weaknesses in a system. It is used before launches and for compliance checks. It covers a limited time and scope and costs money.
Cyber Security,Give an example of hashing.,"Hashing verifies a downloaded file against a published SHA-256 checksum. It is a one-way function that turns data into a fixed-length digest. It detects any change in data, since small differences change the digest. It differs from encryption, which can be reversed with a key."
Cyber Security,What problem does SQL injection solve?,"SQL injection is tested for in login forms, search boxes, and any database-backed input. It is an attack that inserts malicious SQL into input so the database runs it. It is defended against by prepared statements, input validation, and least-privilege database accounts."
Cyber Security,How does privilege escalation differ from related concepts?,"Privilege escalation occurs vertically to higher roles or horizontally to other users' accounts. It is used by attackers after initial access to take control. It is limited through patching, least privilege, and monitoring. It can turn a small compromise into full system control."
Cyber Security,Why is SSH useful?,SSH protects credentials and supports key-based authentication. It is used by administrators to manage servers. It is exposed to brute force attempts if password login is enabled. It connects to a server with ssh user@host using a private key. It replaced insecure protocols like Telnet.
Cyber Security,What is a practical example of network segmentation?,Network segmentation places guest Wi-Fi on a separate VLAN from internal servers. It is dividing a network into separate zones with controlled traffic between them. It is used to isolate sensitive systems such as payment servers. It limits lateral movement and contains breaches. It increases design complexity and management effort.
Cyber Security,What are the benefits of using multi-factor authentication?,"Multi-factor authentication stops most account takeovers even when passwords leak. It is authentication requiring two or more independent proof types. It is used for email, banking, and administrator accounts. It asks for a password and a code from an authenticator app."
Cyber Security,What are the alternatives or companions of intrusion detection system?,"Intrusion detection system differs from an intrusion prevention system, which blocks traffic automatically. It is a system that monitors network or host activity for suspicious behavior. It is used to detect intrusions and policy violations. It generates false positives and only detects instead of blocking."
Cyber Security,What should you watch out for when using hashing?,"Hashing is not reversible, and fast hashes are unsafe for passwords. It is used for password storage, integrity checks, and digital signatures. It verifies a downloaded file against a published SHA-256 checksum. It differs from encryption, which can be reversed with a key."
Cyber Security,How does incident response compare with similar approaches?,"Incident response follows phases like preparation, detection, containment, eradication, recovery, and lessons learned. It is the organized approach to detecting, containing, and recovering from security incidents. It reduces damage and recovery time through prepared playbooks. It isolates infected machines, preserves evidence, and restores from clean backups."
Cyber Security,What should you watch out for when using password manager?,"Password manager creates a single point of failure if the master password is weak. It is an application that stores and generates unique passwords securely. It is used so people can have strong, different passwords for every account. It reduces reuse and makes phishing easier to spot through domain matching."
Cyber Security,What are the disadvantages of ransomware?,"Ransomware can halt operations, leak stolen data, and offers no guarantee of recovery after payment. It is malware that encrypts files and demands payment for the decryption key. It is used by criminals against hospitals, businesses, and individuals for extortion."
Cyber Security,What do you gain by using least privilege?,"Least privilege limits the damage from mistakes and compromised accounts. It is a principle giving users and programs only the access they need. It is used when designing roles, permissions, and service accounts. It gives a support agent read access to tickets but not billing data."
Cyber Security,What are the advantages of directory traversal?,Directory traversal is prevented by validating paths and using allow-lists. It is an attack that uses path sequences like ../ to access files outside the intended folder. It is tested wherever file names come from user input. It can expose configuration files and passwords.
Cyber Security,In which situations is malware a good choice?,"Malware is used by attackers to steal data, spy, or control machines. It is software designed to damage, disrupt, or gain unauthorized access to systems. It is detected by antivirus, endpoint detection, and safe user habits. It is analyzed through static and dynamic analysis in sandboxes."
Cyber Security,Describe a scenario where hashing is applied.,"Hashing verifies a downloaded file against a published SHA-256 checksum. It is a one-way function that turns data into a fixed-length digest. It detects any change in data, since small differences change the digest. It is not reversible, and fast hashes are unsafe for passwords."
Cyber Security,What are the downsides of SSH?,SSH is exposed to brute force attempts if password login is enabled. It is a protocol for secure remote login and command execution over an encrypted channel. It is used by administrators to manage servers. It connects to a server with ssh user@host using a private key.
Cyber Security,Where is endpoint detection and response commonly applied?,Endpoint detection and response is used to detect advanced threats on laptops and servers. It is a tool that monitors endpoints for malicious behavior and enables response. It requires agents and skilled analysts and can slow devices. It isolates a laptop when it sees ransomware-like file encryption.
Cyber Security,What problem does buffer overflow solve?,"Buffer overflow is studied in low-level languages like C and C++. It is prevented by bounds checking, memory-safe languages, and compiler protections. It can crash programs or let attackers run arbitrary code. It is mitigated by stack canaries, ASLR, and non-executable memory."
Cyber Security,What are the limitations of patch management?,"Patch management can cause downtime or compatibility issues if not tested. It is the process of identifying, testing, and installing software updates. It is used to close known vulnerabilities across systems. It is helped by asset inventory and automated tools."
Cyber Security,Show a real-world example of threat modeling.,"Threat modeling uses STRIDE to examine each component for spoofing or tampering. It is a structured process for identifying and prioritizing potential threats to a system. It needs expertise and time, and models go stale as systems change. It includes STRIDE, DREAD, and attack trees."
Cyber Security,What problem does endpoint detection and response solve?,Endpoint detection and response is used to detect advanced threats on laptops and servers. It offers deep visibility and rapid containment of compromised devices. It isolates a laptop when it sees ransomware-like file encryption. It goes beyond traditional antivirus signature matching.
Cyber Security,What are the advantages of penetration testing?,"Penetration testing finds real exploitable issues and shows their impact. It is an authorized simulated attack to find weaknesses in a system. It is used before launches and for compliance checks. It differs from vulnerability scanning, which is automated and less deep."
Cyber Security,What are the alternatives or companions of DDoS attack?,"DDoS attack differs from a single-source denial-of-service attack. It is an attack that floods a target with traffic from many sources. It is used by attackers to take down websites and services. It causes downtime, lost revenue, and can hide other attacks."
Cyber Security,Describe a scenario where threat modeling is applied.,"Threat modeling uses STRIDE to examine each component for spoofing or tampering. It is a structured process for identifying and prioritizing potential threats to a system. It is used during design to find security flaws early. It includes STRIDE, DREAD, and attack trees."
Cyber Security,Why is session hijacking useful?,"Session hijacking is prevented by HTTPS, secure cookies, and short session lifetimes. It is taking over a user's active session by stealing its identifier. It is attempted through XSS, network sniffing, or predictable tokens. It lets attackers act as the user without knowing the password."
Cyber Security,Define session hijacking in simple words.,"Session hijacking is taking over a user's active session by stealing its identifier. It is attempted through XSS, network sniffing, or predictable tokens. It is prevented by HTTPS, secure cookies, and short session lifetimes. It lets attackers act as the user without knowing the password."
Cyber Security,Why is ransomware considered important?,"Ransomware can be mitigated with offline backups, patching, and network segmentation. It is malware that encrypts files and demands payment for the decryption key. It can halt operations, leak stolen data, and offers no guarantee of recovery after payment. It locks all files with a note demanding bitcoin."
Cyber Security,What is related to network segmentation?,"Network segmentation is implemented with VLANs, firewalls, and microsegmentation. It is dividing a network into separate zones with controlled traffic between them. It is used to isolate sensitive systems such as payment servers. It limits lateral movement and contains breaches."
Cyber Security,What makes incident response valuable?,"Incident response reduces damage and recovery time through prepared playbooks. It is the organized approach to detecting, containing, and recovering from security incidents. It is used whenever a breach or attack is suspected. It isolates infected machines, preserves evidence, and restores from clean backups."
Cyber Security,Walk me through a simple example of penetration testing.,"Penetration testing has testers exploit a web app's flaw to reach customer records. It is an authorized simulated attack to find weaknesses in a system. It finds real exploitable issues and shows their impact. It differs from vulnerability scanning, which is automated and less deep."
Cyber Security,What are the limitations of multi-factor authentication?,"Multi-factor authentication can be bypassed by phishing or SIM swapping, and adds user friction. It is used for email, banking, and administrator accounts. It asks for a password and a code from an authenticator app. It is strongest with hardware security keys and passkeys."
Cyber Security,Why is session hijacking considered important?,"Session hijacking is prevented by HTTPS, secure cookies, and short session lifetimes. It is taking over a user's active session by stealing its identifier. It is attempted through XSS, network sniffing, or predictable tokens. It is related to session fixation."
Cyber Security,What is related to honeypot?,"Honeypot scales up to honeynets and honeytokens. It is used to detect intrusions and collect threat intelligence. It requires careful isolation, since a compromised honeypot can become a foothold. It exposes a fake database server that logs every access attempt."
Cyber Security,Can you illustrate vulnerability scanning with an example?,Vulnerability scanning uses a scanner like Nessus or OpenVAS to list outdated software. It is the automated checking of systems for known weaknesses. It is used regularly to find missing patches and misconfigurations. It covers many assets quickly and cheaply. It is complemented by penetration testing for deeper validation.
Cyber Security,What should you watch out for when using clickjacking?,Clickjacking abuses legitimate pages loaded in invisible frames. It is used to make victims perform unintended actions like likes or payments. It overlays a transparent frame of a bank page over a fake prize button. It is also called UI redress.
Cyber Security,How does zero trust differ from related concepts?,"Zero trust follows the motto never trust, always verify. It is a security model that never trusts any user or device by default. It is used to protect cloud and remote-work environments. It takes substantial effort to implement and can slow users down."
Cyber Security,What is cross-site scripting used for?,Cross-site scripting is tested for wherever user input is displayed back on web pages. It is an attack that injects malicious scripts into pages viewed by other users. It runs a script from a comment field in every visitor's browser.
Cyber Security,What are common pitfalls with social engineering?,Social engineering bypasses technical controls entirely by targeting trust. It is the manipulation of people into revealing information or performing actions. It is used by attackers because humans are often easier targets than systems. It has a caller pose as IT support and ask for a password.
Cyber Security,How is SQL injection used in practice?,"SQL injection abuses a login by entering a quote and OR 1=1 to bypass the password check. It is an attack that inserts malicious SQL into input so the database runs it. It is defended against by prepared statements, input validation, and least-privilege database accounts."
Cyber Security,How would you explain password salting to a beginner?,"Password salting is the practice of adding a random value to a password before hashing. It is used when storing passwords in databases. It defeats rainbow tables and keeps identical passwords from sharing the same hash. It should be paired with slow hashing like bcrypt, scrypt, or Argon2."
Cyber Security,Why do developers use least privilege?,"Least privilege is used when designing roles, permissions, and service accounts. It limits the damage from mistakes and compromised accounts. It needs ongoing review, since permissions tend to accumulate. It gives a support agent read access to tickets but not billing data."
Cyber Security,How does endpoint detection and response differ from related concepts?,Endpoint detection and response goes beyond traditional antivirus signature matching. It offers deep visibility and rapid containment of compromised devices. It requires agents and skilled analysts and can slow devices. It isolates a laptop when it sees ransomware-like file encryption.
Cyber Security,What are the benefits of using endpoint detection and response?,Endpoint detection and response offers deep visibility and rapid containment of compromised devices. It requires agents and skilled analysts and can slow devices. It isolates a laptop when it sees ransomware-like file encryption. It goes beyond traditional antivirus signature matching.
Cyber Security,What problems can privilege escalation cause?,Privilege escalation can turn a small compromise into full system control. It is the exploitation of a flaw to gain higher access than intended. It is used by attackers after initial access to take control. It occurs vertically to higher roles or horizontally to other users' accounts.
Cyber Security,What are the limitations of endpoint detection and response?,Endpoint detection and response requires agents and skilled analysts and can slow devices. It offers deep visibility and rapid containment of compromised devices. It isolates a laptop when it sees ransomware-like file encryption. It goes beyond traditional antivirus signature matching.
Cyber Security,What are the benefits of using asymmetric encryption?,"Asymmetric encryption removes the need to share a secret in advance. It is used for key exchange, digital signatures, and secure email. It is much slower than symmetric encryption and needs larger keys. It includes RSA and elliptic curve cryptography."
Cyber Security,What is a practical example of phishing?,"Phishing sends an email imitating a bank that links to a fake login page. It is a social engineering attack using fake messages or sites to steal credentials. It is reduced by awareness training, email filtering, and multi-factor authentication. It can lead to account takeover, malware infection, and financial loss."
Cyber Security,Explain TLS.,"TLS is a protocol that encrypts and authenticates data sent between clients and servers. It is used for HTTPS, email, and secure APIs. It protects confidentiality and integrity and verifies the server identity. It shows the padlock in the browser for HTTPS sites."
Cyber Security,What is the basic idea behind endpoint detection and response?,Endpoint detection and response is a tool that monitors endpoints for malicious behavior and enables response. It offers deep visibility and rapid containment of compromised devices. It isolates a laptop when it sees ransomware-like file encryption. It goes beyond traditional antivirus signature matching.
Cyber Security,How is SIEM typically used in real projects?,"SIEM is used by security teams to detect and investigate threats. It is a platform that collects and correlates security logs for analysis and alerts. It alerts when many failed logins are followed by a success. It is offered by Splunk, Microsoft Sentinel, and Elastic."
Cyber Security,What are the disadvantages of DNS spoofing?,"DNS spoofing can silently send users to lookalike sites. It is an attack that gives false DNS answers to redirect users to malicious sites. It is countered by DNSSEC, encrypted DNS, and HTTPS. It makes a bank's domain resolve to an attacker's server. It is also called DNS cache poisoning."
Cyber Security,What is public key infrastructure used for?,"Public key infrastructure is used for HTTPS, code signing, and email encryption. It is a framework of certificates and authorities that manages public keys and identities. It depends on certificate authorities, and a compromised authority harms trust. It includes certificate authorities, registration authorities, and revocation lists."
Cyber Security,What are the downsides of asymmetric encryption?,Asymmetric encryption is much slower than symmetric encryption and needs larger keys. It is encryption using a public key to encrypt and a private key to decrypt. It lets anyone encrypt a message with a public key that only the owner can read. It includes RSA and elliptic curve cryptography.
Cyber Security,Can you give a short overview of DDoS attack?,"DDoS attack is an attack that floods a target with traffic from many sources. It is mitigated with CDNs, rate limiting, and scrubbing services. It causes downtime, lost revenue, and can hide other attacks. It differs from a single-source denial-of-service attack."
Cyber Security,Can you give a short overview of DNS spoofing?,"DNS spoofing is an attack that gives false DNS answers to redirect users to malicious sites. It is countered by DNSSEC, encrypted DNS, and HTTPS. It can silently send users to lookalike sites. It is also called DNS cache poisoning."
Cyber Security,What problem does SSH solve?,SSH is used by administrators to manage servers. It is a protocol for secure remote login and command execution over an encrypted channel. It protects credentials and supports key-based authentication. It is exposed to brute force attempts if password login is enabled.
Cyber Security,What is the main purpose of privilege escalation?,Privilege escalation is used by attackers after initial access to take control. It is the exploitation of a flaw to gain higher access than intended. It lets a normal user become administrator through a vulnerable service. It occurs vertically to higher roles or horizontally to other users' accounts.
Cyber Security,When should you avoid SIEM?,"SIEM is expensive and noisy, and needs tuning to avoid alert fatigue. It is used by security teams to detect and investigate threats. It gives central visibility across systems and supports compliance. It is offered by Splunk, Microsoft Sentinel, and Elastic."
Cyber Security,Describe a scenario where VPN is applied.,VPN lets an employee reach the company intranet from home securely. It is used for secure remote access and protecting traffic on untrusted networks. It protects data in transit and hides the user's IP address from sites. It does not make users anonymous and shifts trust to the VPN provider.
Cyber Security,What is related to directory traversal?,Directory traversal is also called path traversal. It is an attack that uses path sequences like ../ to access files outside the intended folder. It is tested wherever file names come from user input. It can expose configuration files and passwords.
Cyber Security,What do you gain by using zero trust?,"Zero trust limits the damage from stolen credentials through continuous verification. It is a security model that never trusts any user or device by default. It is used to protect cloud and remote-work environments. It checks identity and device health on every request, even inside the network."
Cyber Security,What is multi-factor authentication used for?,"Multi-factor authentication is used for email, banking, and administrator accounts. It is authentication requiring two or more independent proof types. It can be bypassed by phishing or SIM swapping, and adds user friction. It asks for a password and a code from an authenticator app."
Cyber Security,List the strengths of zero trust.,"Zero trust limits the damage from stolen credentials through continuous verification. It takes substantial effort to implement and can slow users down. It checks identity and device health on every request, even inside the network. It follows the motto never trust, always verify."
Cyber Security,What are the downsides of SQL injection?,"SQL injection can expose, modify, or delete data and sometimes give attackers control of the server. It is tested for in login forms, search boxes, and any database-backed input. It is fully preventable with parameterized queries, which keep data separate from code."
Cyber Security,How is buffer overflow typically used in real projects?,"Buffer overflow is studied in low-level languages like C and C++. It is a bug where a program writes beyond the end of a memory buffer. It is prevented by bounds checking, memory-safe languages, and compiler protections. It happens when copying a long string into a small fixed array."
Cyber Security,What are the downsides of data loss prevention?,"Data loss prevention can cause false positives that block legitimate work. It is used to protect customer records, source code, and personal data. It blocks an email carrying credit card numbers to an external address. It monitors endpoints, networks, and cloud storage."
Cyber Security,What are the limitations of public key infrastructure?,"Public key infrastructure depends on certificate authorities, and a compromised authority harms trust. It is used for HTTPS, code signing, and email encryption. It enables trust between strangers on the internet. It lets browsers trust a website because a known authority signed its certificate."
Cyber Security,What is symmetric encryption?,Symmetric encryption is encryption that uses the same secret key for encryption and decryption. It is used for bulk data such as disk encryption and file protection. It is fast and efficient for large amounts of data. It struggles with secure key distribution between parties.
Cyber Security,What makes password salting valuable?,"Password salting defeats rainbow tables and keeps identical passwords from sharing the same hash. It does not stop brute force against weak passwords by itself. It stores a unique salt next to each user's hash. It should be paired with slow hashing like bcrypt, scrypt, or Argon2."
Cyber Security,Why is endpoint detection and response considered important?,Endpoint detection and response offers deep visibility and rapid containment of compromised devices. It is a tool that monitors endpoints for malicious behavior and enables response. It is used to detect advanced threats on laptops and servers. It requires agents and skilled analysts and can slow devices.
Cyber Security,Walk me through a simple example of threat modeling.,"Threat modeling uses STRIDE to examine each component for spoofing or tampering. It is a structured process for identifying and prioritizing potential threats to a system. It finds issues cheaply before code is written. It needs expertise and time, and models go stale as systems change."
Cyber Security,Why do developers use intrusion detection system?,Intrusion detection system is used to detect intrusions and policy violations. It is a system that monitors network or host activity for suspicious behavior. It gives visibility and alerts that enable fast response. It alerts when a host scans many ports in seconds.
Cyber Security,What are the limitations of SSH?,SSH is exposed to brute force attempts if password login is enabled. It is used by administrators to manage servers. It protects credentials and supports key-based authentication. It connects to a server with ssh user@host using a private key. It replaced insecure protocols like Telnet.
Cyber Security,What is data loss prevention used for?,"Data loss prevention is used to protect customer records, source code, and personal data. It is a set of tools and policies that stop sensitive data from leaving the organization. It can cause false positives that block legitimate work. It monitors endpoints, networks, and cloud storage."
Cyber Security,Explain VPN.,"VPN is a service that creates an encrypted tunnel between a device and a network. It does not make users anonymous and shifts trust to the VPN provider. It lets an employee reach the company intranet from home securely. It uses protocols like WireGuard, OpenVPN, and IPsec."
Cyber Security,What is an alternative to SIEM?,"SIEM is offered by Splunk, Microsoft Sentinel, and Elastic. It is a platform that collects and correlates security logs for analysis and alerts. It is expensive and noisy, and needs tuning to avoid alert fatigue. It alerts when many failed logins are followed by a success."
Cyber Security,Why is data loss prevention considered important?,"Data loss prevention reduces accidental leaks and supports regulatory compliance. It is used to protect customer records, source code, and personal data. It can cause false positives that block legitimate work. It blocks an email carrying credit card numbers to an external address."
Cyber Security,Explain penetration testing.,Penetration testing is an authorized simulated attack to find weaknesses in a system. It is used before launches and for compliance checks. It finds real exploitable issues and shows their impact. It covers a limited time and scope and costs money.
Cyber Security,What is digital signature?,"Digital signature is a cryptographic proof that a message came from a signer and was not altered. It provides authenticity, integrity, and non-repudiation. It depends on keeping private keys secure and trusting certificates. It lets a developer sign an app so users verify it."
Cyber Security,What is the basic idea behind penetration testing?,Penetration testing is an authorized simulated attack to find weaknesses in a system. It is used before launches and for compliance checks. It covers a limited time and scope and costs money. It has testers exploit a web app's flaw to reach customer records.
Cyber Security,When should you use TLS?,"TLS is used for HTTPS, email, and secure APIs. It protects confidentiality and integrity and verifies the server identity. It cannot protect endpoints, and weak configurations or old versions are vulnerable. It shows the padlock in the browser for HTTPS sites."
Cyber Security,Define DDoS attack in simple words.,"DDoS attack is an attack that floods a target with traffic from many sources. It causes downtime, lost revenue, and can hide other attacks. It uses a botnet to send millions of requests to a website. It differs from a single-source denial-of-service attack."
Cyber Security,When should you use DDoS attack?,"DDoS attack is used by attackers to take down websites and services. It is an attack that floods a target with traffic from many sources. It is mitigated with CDNs, rate limiting, and scrubbing services. It differs from a single-source denial-of-service attack."
Cyber Security,Give an example of honeypot.,"Honeypot exposes a fake database server that logs every access attempt. It is a decoy system designed to attract and study attackers. It requires careful isolation, since a compromised honeypot can become a foothold. It scales up to honeynets and honeytokens."
Cyber Security,What is phishing?,"Phishing is a social engineering attack using fake messages or sites to steal credentials. It is delivered by attackers through email, SMS, and fake login pages. It sends an email imitating a bank that links to a fake login page."
Cyber Security,How is firewall used in practice?,Firewall blocks incoming connections on port 23 while allowing HTTPS. It is a security control that filters network traffic using defined rules. It cannot stop attacks inside allowed traffic or insider threats alone. It ranges from packet filters to next-generation firewalls and web application firewalls.
Cyber Security,Show a real-world example of network segmentation.,"Network segmentation places guest Wi-Fi on a separate VLAN from internal servers. It is dividing a network into separate zones with controlled traffic between them. It limits lateral movement and contains breaches. It increases design complexity and management effort. It is implemented with VLANs, firewalls, and microsegmentation."
Cyber Security,How does brute force attack help developers?,"Brute force attack is slowed by lockouts, rate limiting, and strong passwords. It is used against weak passwords and exposed login pages. It tries thousands of passwords per minute on an SSH login. It differs from credential stuffing, which reuses leaked passwords."
Cyber Security,Walk me through a simple example of brute force attack.,Brute force attack tries thousands of passwords per minute on an SSH login. It is an attack that tries many password or key combinations until one works. It is used against weak passwords and exposed login pages. It succeeds quickly against short or common passwords.
Cyber Security,List the strengths of vulnerability scanning.,Vulnerability scanning covers many assets quickly and cheaply. It is used regularly to find missing patches and misconfigurations. It produces false positives and cannot confirm real exploitability. It uses a scanner like Nessus or OpenVAS to list outdated software. It is complemented by penetration testing for deeper validation.
Cyber Security,What are the downsides of hashing?,"Hashing is not reversible, and fast hashes are unsafe for passwords. It is used for password storage, integrity checks, and digital signatures. It detects any change in data, since small differences change the digest. It verifies a downloaded file against a published SHA-256 checksum."
Cyber Security,List the strengths of buffer overflow.,"Buffer overflow is prevented by bounds checking, memory-safe languages, and compiler protections. It is studied in low-level languages like C and C++. It happens when copying a long string into a small fixed array. It is mitigated by stack canaries, ASLR, and non-executable memory."
Cyber Security,What are the advantages of patch management?,"Patch management removes the easiest paths for attackers. It is the process of identifying, testing, and installing software updates. It is used to close known vulnerabilities across systems. It can cause downtime or compatibility issues if not tested. It is helped by asset inventory and automated tools."
Cyber Security,What other concepts are connected to symmetric encryption?,Symmetric encryption is often combined with asymmetric encryption in TLS. It is used for bulk data such as disk encryption and file protection. It struggles with secure key distribution between parties. It encrypts a file with AES-256 using one shared key.
Cyber Security,What does session hijacking mean?,"Session hijacking is taking over a user's active session by stealing its identifier. It is attempted through XSS, network sniffing, or predictable tokens. It is prevented by HTTPS, secure cookies, and short session lifetimes. It steals a session cookie from an open Wi-Fi network. It is related to session fixation."
Cyber Security,What are the drawbacks of hashing?,"Hashing is not reversible, and fast hashes are unsafe for passwords. It is a one-way function that turns data into a fixed-length digest. It detects any change in data, since small differences change the digest. It verifies a downloaded file against a published SHA-256 checksum."
Cyber Security,What is the basic idea behind OWASP Top 10?,OWASP Top 10 is a regularly updated list of the most critical web application security risks. It gives teams a common priority list for fixing issues. It is not exhaustive and should not be the only security standard. It lists risks such as broken access control and injection.
Cyber Security,Explain data loss prevention.,"Data loss prevention is a set of tools and policies that stop sensitive data from leaving the organization. It is used to protect customer records, source code, and personal data. It reduces accidental leaks and supports regulatory compliance. It can cause false positives that block legitimate work."
Cyber Security,What are the limitations of zero trust?,"Zero trust takes substantial effort to implement and can slow users down. It is a security model that never trusts any user or device by default. It is used to protect cloud and remote-work environments. It follows the motto never trust, always verify."
Cyber Security,Explain network segmentation.,"Network segmentation is dividing a network into separate zones with controlled traffic between them. It limits lateral movement and contains breaches. It places guest Wi-Fi on a separate VLAN from internal servers. It is implemented with VLANs, firewalls, and microsegmentation."
Cyber Security,Can you give a short overview of intrusion detection system?,Intrusion detection system is a system that monitors network or host activity for suspicious behavior. It is used to detect intrusions and policy violations. It generates false positives and only detects instead of blocking. It alerts when a host scans many ports in seconds.
Cyber Security,Is there a substitute for directory traversal?,Directory traversal is also called path traversal. It is an attack that uses path sequences like ../ to access files outside the intended folder. It is prevented by validating paths and using allow-lists. It can expose configuration files and passwords.
Cyber Security,What problem does incident response solve?,"Incident response is used whenever a breach or attack is suspected. It is the organized approach to detecting, containing, and recovering from security incidents. It reduces damage and recovery time through prepared playbooks. It follows phases like preparation, detection, containment, eradication, recovery, and lessons learned."
Cyber Security,How does cross-site scripting compare with similar approaches?,"Cross-site scripting comes in stored, reflected, and DOM-based forms. It is tested for wherever user input is displayed back on web pages. It can steal session cookies, deface pages, and perform actions as victims. It runs a script from a comment field in every visitor's browser."
Cyber Security,Give an example of password manager.,"Password manager fills a random twenty-character password on a login form. It is an application that stores and generates unique passwords securely. It is used so people can have strong, different passwords for every account. It creates a single point of failure if the master password is weak."
Cyber Security,Explain hashing.,"Hashing is a one-way function that turns data into a fixed-length digest. It is used for password storage, integrity checks, and digital signatures. It is not reversible, and fast hashes are unsafe for passwords. It differs from encryption, which can be reversed with a key."
Cyber Security,How is malware used in practice?,"Malware includes viruses, worms, trojans, spyware, and ransomware. It is software designed to damage, disrupt, or gain unauthorized access to systems. It is detected by antivirus, endpoint detection, and safe user habits. It can cause data theft, system damage, and spread across networks."
Cyber Security,What is the main purpose of SSH?,SSH is used by administrators to manage servers. It is a protocol for secure remote login and command execution over an encrypted channel. It is exposed to brute force attempts if password login is enabled. It connects to a server with ssh user@host using a private key.
Cyber Security,Why is zero trust useful?,Zero trust limits the damage from stolen credentials through continuous verification. It is a security model that never trusts any user or device by default. It is used to protect cloud and remote-work environments. It takes substantial effort to implement and can slow users down.
Cyber Security,What is SSH used for?,SSH is used by administrators to manage servers. It protects credentials and supports key-based authentication. It is exposed to brute force attempts if password login is enabled. It connects to a server with ssh user@host using a private key. It replaced insecure protocols like Telnet.
Cyber Security,Why is incident response considered important?,"Incident response reduces damage and recovery time through prepared playbooks. It is used whenever a breach or attack is suspected. It fails when plans are untested or roles are unclear. It follows phases like preparation, detection, containment, eradication, recovery, and lessons learned."
Cyber Security,What do you gain by using VPN?,"VPN protects data in transit and hides the user's IP address from sites. It does not make users anonymous and shifts trust to the VPN provider. It lets an employee reach the company intranet from home securely. It uses protocols like WireGuard, OpenVPN, and IPsec."
Cyber Security,How does password manager compare with similar approaches?,"Password manager works best with multi-factor authentication. It is an application that stores and generates unique passwords securely. It is used so people can have strong, different passwords for every account. It reduces reuse and makes phishing easier to spot through domain matching."
Cyber Security,How is privilege escalation used in practice?,Privilege escalation lets a normal user become administrator through a vulnerable service. It is the exploitation of a flaw to gain higher access than intended. It can turn a small compromise into full system control. It occurs vertically to higher roles or horizontally to other users' accounts.
Cyber Security,What other concepts are connected to multi-factor authentication?,"Multi-factor authentication is strongest with hardware security keys and passkeys. It is authentication requiring two or more independent proof types. It is used for email, banking, and administrator accounts. It stops most account takeovers even when passwords leak. It asks for a password and a code from an authenticator app."
Cyber Security,List the strengths of SSH.,SSH protects credentials and supports key-based authentication. It is a protocol for secure remote login and command execution over an encrypted channel. It is exposed to brute force attempts if password login is enabled. It connects to a server with ssh user@host using a private key.
Cyber Security,Describe privilege escalation briefly.,Privilege escalation is the exploitation of a flaw to gain higher access than intended. It can turn a small compromise into full system control. It lets a normal user become administrator through a vulnerable service. It occurs vertically to higher roles or horizontally to other users' accounts.
Cyber Security,Can you illustrate public key infrastructure with an example?,"Public key infrastructure lets browsers trust a website because a known authority signed its certificate. It is used for HTTPS, code signing, and email encryption. It depends on certificate authorities, and a compromised authority harms trust. It includes certificate authorities, registration authorities, and revocation lists."
Cyber Security,Explain threat modeling.,Threat modeling is a structured process for identifying and prioritizing potential threats to a system. It is used during design to find security flaws early. It finds issues cheaply before code is written. It uses STRIDE to examine each component for spoofing or tampering.
Cyber Security,In which situations is password salting a good choice?,"Password salting is used when storing passwords in databases. It is the practice of adding a random value to a password before hashing. It defeats rainbow tables and keeps identical passwords from sharing the same hash. It should be paired with slow hashing like bcrypt, scrypt, or Argon2."
Cyber Security,What should you watch out for when using DDoS attack?,"DDoS attack causes downtime, lost revenue, and can hide other attacks. It is mitigated with CDNs, rate limiting, and scrubbing services. It uses a botnet to send millions of requests to a website. It differs from a single-source denial-of-service attack."
Cyber Security,List the strengths of least privilege.,"Least privilege limits the damage from mistakes and compromised accounts. It is a principle giving users and programs only the access they need. It needs ongoing review, since permissions tend to accumulate. It gives a support agent read access to tickets but not billing data."
Cyber Security,What is the basic idea behind asymmetric encryption?,Asymmetric encryption is encryption using a public key to encrypt and a private key to decrypt. It is much slower than symmetric encryption and needs larger keys. It lets anyone encrypt a message with a public key that only the owner can read. It includes RSA and elliptic curve cryptography.
Cyber Security,List the strengths of symmetric encryption.,Symmetric encryption is fast and efficient for large amounts of data. It is used for bulk data such as disk encryption and file protection. It encrypts a file with AES-256 using one shared key. It is often combined with asymmetric encryption in TLS.
Cyber Security,What problems can honeypot cause?,"Honeypot requires careful isolation, since a compromised honeypot can become a foothold. It is a decoy system designed to attract and study attackers. It is used to detect intrusions and collect threat intelligence. It gives early warning and reveals attacker techniques. It scales up to honeynets and honeytokens."
Cyber Security,What are the limitations of honeypot?,"Honeypot requires careful isolation, since a compromised honeypot can become a foothold. It is a decoy system designed to attract and study attackers. It gives early warning and reveals attacker techniques. It exposes a fake database server that logs every access attempt."
Cyber Security,What are the alternatives or companions of cross-site scripting?,"Cross-site scripting comes in stored, reflected, and DOM-based forms. It is preventable through output encoding, sanitization, and Content Security Policy. It can steal session cookies, deface pages, and perform actions as victims. It runs a script from a comment field in every visitor's browser."
Cyber Security,What is the basic idea behind ransomware?,"Ransomware is malware that encrypts files and demands payment for the decryption key. It is used by criminals against hospitals, businesses, and individuals for extortion. It can be mitigated with offline backups, patching, and network segmentation. It locks all files with a note demanding bitcoin."
Cyber Security,Describe a scenario where asymmetric encryption is applied.,Asymmetric encryption lets anyone encrypt a message with a public key that only the owner can read. It is encryption using a public key to encrypt and a private key to decrypt. It removes the need to share a secret in advance. It includes RSA and elliptic curve cryptography.
Cyber Security,How does SSH compare with similar approaches?,SSH replaced insecure protocols like Telnet. It is a protocol for secure remote login and command execution over an encrypted channel. It protects credentials and supports key-based authentication. It is exposed to brute force attempts if password login is enabled.
Cyber Security,What are common pitfalls with asymmetric encryption?,Asymmetric encryption is much slower than symmetric encryption and needs larger keys. It is encryption using a public key to encrypt and a private key to decrypt. It removes the need to share a secret in advance. It includes RSA and elliptic curve cryptography.
Cyber Security,Can you give a short overview of least privilege?,"Least privilege is a principle giving users and programs only the access they need. It is used when designing roles, permissions, and service accounts. It limits the damage from mistakes and compromised accounts. It needs ongoing review, since permissions tend to accumulate."
Cyber Security,What problems can SIEM cause?,"SIEM is expensive and noisy, and needs tuning to avoid alert fatigue. It gives central visibility across systems and supports compliance. It alerts when many failed logins are followed by a success. It is offered by Splunk, Microsoft Sentinel, and Elastic."
Cyber Security,What is a practical example of directory traversal?,Directory traversal requests ../../etc/passwd through a file download parameter. It is an attack that uses path sequences like ../ to access files outside the intended folder. It is prevented by validating paths and using allow-lists. It can expose configuration files and passwords. It is also called path traversal.
Cyber Security,What do you gain by using multi-factor authentication?,"Multi-factor authentication stops most account takeovers even when passwords leak. It can be bypassed by phishing or SIM swapping, and adds user friction. It asks for a password and a code from an authenticator app. It is strongest with hardware security keys and passkeys."
Cyber Security,What are the disadvantages of multi-factor authentication?,"Multi-factor authentication can be bypassed by phishing or SIM swapping, and adds user friction. It is used for email, banking, and administrator accounts. It stops most account takeovers even when passwords leak. It asks for a password and a code from an authenticator app."
Cyber Security,What is threat modeling used for?,"Threat modeling is used during design to find security flaws early. It is a structured process for identifying and prioritizing potential threats to a system. It needs expertise and time, and models go stale as systems change. It includes STRIDE, DREAD, and attack trees."
Cyber Security,How is data loss prevention used in practice?,"Data loss prevention blocks an email carrying credit card numbers to an external address. It is a set of tools and policies that stop sensitive data from leaving the organization. It can cause false positives that block legitimate work. It monitors endpoints, networks, and cloud storage."
Cyber Security,What problem does session hijacking solve?,"Session hijacking is attempted through XSS, network sniffing, or predictable tokens. It is taking over a user's active session by stealing its identifier. It lets attackers act as the user without knowing the password. It is related to session fixation."
Cyber Security,What is the main purpose of password manager?,"Password manager is used so people can have strong, different passwords for every account. It creates a single point of failure if the master password is weak. It fills a random twenty-character password on a login form. It works best with multi-factor authentication."
Cyber Security,What other concepts are connected to DNS spoofing?,DNS spoofing is also called DNS cache poisoning. It is an attack that gives false DNS answers to redirect users to malicious sites. It is used by attackers to harvest credentials and spread malware. It makes a bank's domain resolve to an attacker's server.
Cyber Security,How does privilege escalation compare with similar approaches?,"Privilege escalation occurs vertically to higher roles or horizontally to other users' accounts. It is the exploitation of a flaw to gain higher access than intended. It is limited through patching, least privilege, and monitoring. It can turn a small compromise into full system control."
Cyber Security,How does patch management help developers?,"Patch management removes the easiest paths for attackers. It is the process of identifying, testing, and installing software updates. It is used to close known vulnerabilities across systems. It can cause downtime or compatibility issues if not tested. It applies a monthly operating system security update across all laptops."
Cyber Security,How would you explain session hijacking to a beginner?,"Session hijacking is taking over a user's active session by stealing its identifier. It is attempted through XSS, network sniffing, or predictable tokens. It lets attackers act as the user without knowing the password. It is related to session fixation."
Cyber Security,Can you illustrate privilege escalation with an example?,"Privilege escalation lets a normal user become administrator through a vulnerable service. It is the exploitation of a flaw to gain higher access than intended. It is used by attackers after initial access to take control. It is limited through patching, least privilege, and monitoring."
Cyber Security,What are the downsides of password salting?,"Password salting does not stop brute force against weak passwords by itself. It is the practice of adding a random value to a password before hashing. It is used when storing passwords in databases. It should be paired with slow hashing like bcrypt, scrypt, or Argon2."
Cyber Security,When should you avoid patch management?,Patch management can cause downtime or compatibility issues if not tested. It is used to close known vulnerabilities across systems. It removes the easiest paths for attackers. It applies a monthly operating system security update across all laptops. It is helped by asset inventory and automated tools.
Cyber Security,What are the disadvantages of privilege escalation?,Privilege escalation can turn a small compromise into full system control. It is the exploitation of a flaw to gain higher access than intended. It is used by attackers after initial access to take control. It lets a normal user become administrator through a vulnerable service.
Cyber Security,How does ransomware differ from related concepts?,"Ransomware often arrives through phishing or exposed remote desktop services. It can be mitigated with offline backups, patching, and network segmentation. It can halt operations, leak stolen data, and offers no guarantee of recovery after payment. It locks all files with a note demanding bitcoin."
Cyber Security,When should you avoid session hijacking?,"Session hijacking lets attackers act as the user without knowing the password. It is taking over a user's active session by stealing its identifier. It is prevented by HTTPS, secure cookies, and short session lifetimes. It is related to session fixation."
Cyber Security,What should you watch out for when using honeypot?,"Honeypot requires careful isolation, since a compromised honeypot can become a foothold. It is used to detect intrusions and collect threat intelligence. It exposes a fake database server that logs every access attempt. It scales up to honeynets and honeytokens."
Cyber Security,What are the drawbacks of patch management?,Patch management can cause downtime or compatibility issues if not tested. It is used to close known vulnerabilities across systems. It applies a monthly operating system security update across all laptops. It is helped by asset inventory and automated tools.
Cyber Security,What are the disadvantages of zero trust?,"Zero trust takes substantial effort to implement and can slow users down. It is a security model that never trusts any user or device by default. It limits the damage from stolen credentials through continuous verification. It follows the motto never trust, always verify."
Cyber Security,Where have you seen malware in action?,"Malware includes viruses, worms, trojans, spyware, and ransomware. It is software designed to damage, disrupt, or gain unauthorized access to systems. It is detected by antivirus, endpoint detection, and safe user habits. It is analyzed through static and dynamic analysis in sandboxes."
Cyber Security,Show a real-world example of hashing.,"Hashing verifies a downloaded file against a published SHA-256 checksum. It is a one-way function that turns data into a fixed-length digest. It is not reversible, and fast hashes are unsafe for passwords. It differs from encryption, which can be reversed with a key."
Cyber Security,How would you explain zero trust to a beginner?,"Zero trust is a security model that never trusts any user or device by default. It limits the damage from stolen credentials through continuous verification. It takes substantial effort to implement and can slow users down. It checks identity and device health on every request, even inside the network."
Cyber Security,What does penetration testing mean?,"Penetration testing is an authorized simulated attack to find weaknesses in a system. It is used before launches and for compliance checks. It has testers exploit a web app's flaw to reach customer records. It differs from vulnerability scanning, which is automated and less deep."
Cyber Security,Walk me through a simple example of vulnerability scanning.,Vulnerability scanning uses a scanner like Nessus or OpenVAS to list outdated software. It is the automated checking of systems for known weaknesses. It covers many assets quickly and cheaply. It produces false positives and cannot confirm real exploitability. It is complemented by penetration testing for deeper validation.
Cyber Security,What should I learn alongside endpoint detection and response?,Endpoint detection and response goes beyond traditional antivirus signature matching. It is a tool that monitors endpoints for malicious behavior and enables response. It offers deep visibility and rapid containment of compromised devices. It isolates a laptop when it sees ransomware-like file encryption.
Cyber Security,How does directory traversal differ from related concepts?,Directory traversal is also called path traversal. It is an attack that uses path sequences like ../ to access files outside the intended folder. It is tested wherever file names come from user input. It is prevented by validating paths and using allow-lists.
Cyber Security,What is an alternative to SQL injection?,"SQL injection is defended against by prepared statements, input validation, and least-privilege database accounts. It is tested for in login forms, search boxes, and any database-backed input. It can expose, modify, or delete data and sometimes give attackers control of the server."
Cyber Security,When should you use DNS spoofing?,"DNS spoofing is used by attackers to harvest credentials and spread malware. It is an attack that gives false DNS answers to redirect users to malicious sites. It is countered by DNSSEC, encrypted DNS, and HTTPS. It is also called DNS cache poisoning."
Cyber Security,When should you avoid vulnerability scanning?,Vulnerability scanning produces false positives and cannot confirm real exploitability. It is the automated checking of systems for known weaknesses. It uses a scanner like Nessus or OpenVAS to list outdated software. It is complemented by penetration testing for deeper validation.
Cyber Security,What does DDoS attack mean?,"DDoS attack is an attack that floods a target with traffic from many sources. It is used by attackers to take down websites and services. It is mitigated with CDNs, rate limiting, and scrubbing services. It differs from a single-source denial-of-service attack."
Cyber Security,Give an example of TLS.,"TLS shows the padlock in the browser for HTTPS sites. It is a protocol that encrypts and authenticates data sent between clients and servers. It is used for HTTPS, email, and secure APIs. It protects confidentiality and integrity and verifies the server identity. It is the successor of SSL."
Cyber Security,What are the benefits of using public key infrastructure?,"Public key infrastructure enables trust between strangers on the internet. It is a framework of certificates and authorities that manages public keys and identities. It is used for HTTPS, code signing, and email encryption. It lets browsers trust a website because a known authority signed its certificate."
Cyber Security,What problems can ransomware cause?,"Ransomware can halt operations, leak stolen data, and offers no guarantee of recovery after payment. It is malware that encrypts files and demands payment for the decryption key. It can be mitigated with offline backups, patching, and network segmentation. It locks all files with a note demanding bitcoin."
Cyber Security,Define network segmentation in simple words.,"Network segmentation is dividing a network into separate zones with controlled traffic between them. It is used to isolate sensitive systems such as payment servers. It limits lateral movement and contains breaches. It increases design complexity and management effort. It is implemented with VLANs, firewalls, and microsegmentation."
Cyber Security,What are the limitations of DDoS attack?,"DDoS attack causes downtime, lost revenue, and can hide other attacks. It is an attack that floods a target with traffic from many sources. It uses a botnet to send millions of requests to a website. It differs from a single-source denial-of-service attack."
Cyber Security,Why is malware considered important?,"Malware is detected by antivirus, endpoint detection, and safe user habits. It is software designed to damage, disrupt, or gain unauthorized access to systems. It can cause data theft, system damage, and spread across networks. It is analyzed through static and dynamic analysis in sandboxes."
Cyber Security,What is the basic idea behind public key infrastructure?,"Public key infrastructure is a framework of certificates and authorities that manages public keys and identities. It depends on certificate authorities, and a compromised authority harms trust. It lets browsers trust a website because a known authority signed its certificate. It includes certificate authorities, registration authorities, and revocation lists."
Cyber Security,How does session hijacking differ from related concepts?,Session hijacking is related to session fixation. It is taking over a user's active session by stealing its identifier. It lets attackers act as the user without knowing the password. It steals a session cookie from an open Wi-Fi network.
Cyber Security,When should you use man-in-the-middle attack?,"Man-in-the-middle attack is common on unsecured public Wi-Fi and compromised networks. It is prevented by TLS, certificate validation, and VPNs. It can expose passwords and let attackers modify messages. It lets an attacker on a cafe network read unencrypted traffic. It includes ARP spoofing and SSL stripping."
Cyber Security,What is related to malware?,"Malware is analyzed through static and dynamic analysis in sandboxes. It is software designed to damage, disrupt, or gain unauthorized access to systems. It is used by attackers to steal data, spy, or control machines. It includes viruses, worms, trojans, spyware, and ransomware."
Cyber Security,What are the downsides of phishing?,"Phishing can lead to account takeover, malware infection, and financial loss. It is a social engineering attack using fake messages or sites to steal credentials. It is reduced by awareness training, email filtering, and multi-factor authentication. It includes spear phishing for targeted victims and vishing by phone."
Cyber Security,What should you watch out for when using brute force attack?,"Brute force attack succeeds quickly against short or common passwords. It is an attack that tries many password or key combinations until one works. It is used against weak passwords and exposed login pages. It differs from credential stuffing, which reuses leaked passwords."
Cyber Security,What are the drawbacks of DNS spoofing?,DNS spoofing can silently send users to lookalike sites. It is an attack that gives false DNS answers to redirect users to malicious sites. It is used by attackers to harvest credentials and spread malware. It makes a bank's domain resolve to an attacker's server.
Cyber Security,Walk me through a simple example of VPN.,"VPN lets an employee reach the company intranet from home securely. It is a service that creates an encrypted tunnel between a device and a network. It does not make users anonymous and shifts trust to the VPN provider. It uses protocols like WireGuard, OpenVPN, and IPsec."
Cyber Security,What is a practical example of VPN?,"VPN lets an employee reach the company intranet from home securely. It is a service that creates an encrypted tunnel between a device and a network. It protects data in transit and hides the user's IP address from sites. It uses protocols like WireGuard, OpenVPN, and IPsec."
Cyber Security,What are the advantages of multi-factor authentication?,"Multi-factor authentication stops most account takeovers even when passwords leak. It is authentication requiring two or more independent proof types. It is used for email, banking, and administrator accounts. It can be bypassed by phishing or SIM swapping, and adds user friction."
Cyber Security,What should I learn alongside patch management?,"Patch management is helped by asset inventory and automated tools. It is the process of identifying, testing, and installing software updates. It is used to close known vulnerabilities across systems. It removes the easiest paths for attackers. It can cause downtime or compatibility issues if not tested."
Cyber Security,What is penetration testing?,"Penetration testing is an authorized simulated attack to find weaknesses in a system. It is used before launches and for compliance checks. It finds real exploitable issues and shows their impact. It differs from vulnerability scanning, which is automated and less deep."
Cyber Security,What should you watch out for when using OWASP Top 10?,OWASP Top 10 is not exhaustive and should not be the only security standard. It is a regularly updated list of the most critical web application security risks. It gives teams a common priority list for fixing issues. It is published by the Open Worldwide Application Security Project.
Cyber Security,What does phishing mean?,"Phishing is a social engineering attack using fake messages or sites to steal credentials. It is delivered by attackers through email, SMS, and fake login pages. It can lead to account takeover, malware infection, and financial loss. It includes spear phishing for targeted victims and vishing by phone."
Cyber Security,Show a real-world example of privilege escalation.,"Privilege escalation lets a normal user become administrator through a vulnerable service. It is used by attackers after initial access to take control. It is limited through patching, least privilege, and monitoring. It occurs vertically to higher roles or horizontally to other users' accounts."
Cyber Security,What is session hijacking?,"Session hijacking is taking over a user's active session by stealing its identifier. It is attempted through XSS, network sniffing, or predictable tokens. It is prevented by HTTPS, secure cookies, and short session lifetimes. It is related to session fixation."
Cyber Security,What are the limitations of SQL injection?,"SQL injection can expose, modify, or delete data and sometimes give attackers control of the server. It is fully preventable with parameterized queries, which keep data separate from code. It is defended against by prepared statements, input validation, and least-privilege database accounts."
Cyber Security,What is vulnerability scanning?,Vulnerability scanning is the automated checking of systems for known weaknesses. It is used regularly to find missing patches and misconfigurations. It produces false positives and cannot confirm real exploitability. It uses a scanner like Nessus or OpenVAS to list outdated software.
Cyber Security,What is the main purpose of honeypot?,"Honeypot is used to detect intrusions and collect threat intelligence. It is a decoy system designed to attract and study attackers. It requires careful isolation, since a compromised honeypot can become a foothold. It exposes a fake database server that logs every access attempt."
Cyber Security,When should you avoid DNS spoofing?,"DNS spoofing can silently send users to lookalike sites. It is used by attackers to harvest credentials and spread malware. It is countered by DNSSEC, encrypted DNS, and HTTPS. It makes a bank's domain resolve to an attacker's server. It is also called DNS cache poisoning."
Cyber Security,What are the alternatives or companions of session hijacking?,"Session hijacking is related to session fixation. It is taking over a user's active session by stealing its identifier. It is attempted through XSS, network sniffing, or predictable tokens. It is prevented by HTTPS, secure cookies, and short session lifetimes. It steals a session cookie from an open Wi-Fi network."
Cyber Security,Why do developers use social engineering?,"Social engineering is used by attackers because humans are often easier targets than systems. It bypasses technical controls entirely by targeting trust. It has a caller pose as IT support and ask for a password. It includes phishing, pretexting, baiting, and tailgating."
Cyber Security,What is related to ransomware?,"Ransomware often arrives through phishing or exposed remote desktop services. It is malware that encrypts files and demands payment for the decryption key. It can be mitigated with offline backups, patching, and network segmentation. It locks all files with a note demanding bitcoin."
Cyber Security,Can you illustrate penetration testing with an example?,"Penetration testing has testers exploit a web app's flaw to reach customer records. It is used before launches and for compliance checks. It finds real exploitable issues and shows their impact. It differs from vulnerability scanning, which is automated and less deep."
Cyber Security,What are the benefits of using honeypot?,"Honeypot gives early warning and reveals attacker techniques. It is a decoy system designed to attract and study attackers. It is used to detect intrusions and collect threat intelligence. It requires careful isolation, since a compromised honeypot can become a foothold. It scales up to honeynets and honeytokens."
Cyber Security,What are the downsides of penetration testing?,"Penetration testing covers a limited time and scope and costs money. It is used before launches and for compliance checks. It finds real exploitable issues and shows their impact. It differs from vulnerability scanning, which is automated and less deep."
Cyber Security,What are the alternatives or companions of asymmetric encryption?,Asymmetric encryption includes RSA and elliptic curve cryptography. It is encryption using a public key to encrypt and a private key to decrypt. It removes the need to share a secret in advance. It is much slower than symmetric encryption and needs larger keys.
Cyber Security,What does honeypot mean?,"Honeypot is a decoy system designed to attract and study attackers. It is used to detect intrusions and collect threat intelligence. It requires careful isolation, since a compromised honeypot can become a foothold. It exposes a fake database server that logs every access attempt."
Cyber Security,Where is hashing commonly applied?,"Hashing is used for password storage, integrity checks, and digital signatures. It is a one-way function that turns data into a fixed-length digest. It is not reversible, and fast hashes are unsafe for passwords. It verifies a downloaded file against a published SHA-256 checksum."
Cyber Security,What makes SIEM valuable?,"SIEM gives central visibility across systems and supports compliance. It is used by security teams to detect and investigate threats. It is expensive and noisy, and needs tuning to avoid alert fatigue. It alerts when many failed logins are followed by a success."
Cyber Security,Can you give a short overview of TLS?,TLS is a protocol that encrypts and authenticates data sent between clients and servers. It protects confidentiality and integrity and verifies the server identity. It shows the padlock in the browser for HTTPS sites. It is the successor of SSL.
Cyber Security,Define ransomware in simple words.,"Ransomware is malware that encrypts files and demands payment for the decryption key. It is used by criminals against hospitals, businesses, and individuals for extortion. It locks all files with a note demanding bitcoin. It often arrives through phishing or exposed remote desktop services."
Cyber Security,What are the alternatives or companions of endpoint detection and response?,Endpoint detection and response goes beyond traditional antivirus signature matching. It is a tool that monitors endpoints for malicious behavior and enables response. It offers deep visibility and rapid containment of compromised devices. It requires agents and skilled analysts and can slow devices.
Cyber Security,What are common pitfalls with vulnerability scanning?,Vulnerability scanning produces false positives and cannot confirm real exploitability. It is the automated checking of systems for known weaknesses. It is used regularly to find missing patches and misconfigurations. It covers many assets quickly and cheaply. It is complemented by penetration testing for deeper validation.
Cyber Security,Can you give a short overview of directory traversal?,Directory traversal is an attack that uses path sequences like ../ to access files outside the intended folder. It is prevented by validating paths and using allow-lists. It requests ../../etc/passwd through a file download parameter. It is also called path traversal.
Cyber Security,How does vulnerability scanning help developers?,Vulnerability scanning covers many assets quickly and cheaply. It is the automated checking of systems for known weaknesses. It produces false positives and cannot confirm real exploitability. It uses a scanner like Nessus or OpenVAS to list outdated software. It is complemented by penetration testing for deeper validation.
Cyber Security,How is SQL injection typically used in real projects?,"SQL injection is tested for in login forms, search boxes, and any database-backed input. It is an attack that inserts malicious SQL into input so the database runs it. It can expose, modify, or delete data and sometimes give attackers control of the server."
Cyber Security,What are the drawbacks of malware?,"Malware can cause data theft, system damage, and spread across networks. It is software designed to damage, disrupt, or gain unauthorized access to systems. It is used by attackers to steal data, spy, or control machines. It is analyzed through static and dynamic analysis in sandboxes."
Cyber Security,Define brute force attack in simple words.,"Brute force attack is an attack that tries many password or key combinations until one works. It is slowed by lockouts, rate limiting, and strong passwords. It succeeds quickly against short or common passwords. It tries thousands of passwords per minute on an SSH login."
Cyber Security,Where have you seen network segmentation in action?,Network segmentation places guest Wi-Fi on a separate VLAN from internal servers. It is dividing a network into separate zones with controlled traffic between them. It is used to isolate sensitive systems such as payment servers. It increases design complexity and management effort.
Cyber Security,What are the downsides of symmetric encryption?,Symmetric encryption struggles with secure key distribution between parties. It is encryption that uses the same secret key for encryption and decryption. It is used for bulk data such as disk encryption and file protection. It is often combined with asymmetric encryption in TLS.
Cyber Security,How does password salting differ from related concepts?,"Password salting should be paired with slow hashing like bcrypt, scrypt, or Argon2. It is the practice of adding a random value to a password before hashing. It is used when storing passwords in databases. It does not stop brute force against weak passwords by itself."
Cyber Security,Can you give a short overview of firewall?,Firewall is a security control that filters network traffic using defined rules. It reduces exposure by allowing only necessary traffic. It cannot stop attacks inside allowed traffic or insider threats alone. It blocks incoming connections on port 23 while allowing HTTPS.
Cyber Security,What makes password manager valuable?,Password manager reduces reuse and makes phishing easier to spot through domain matching. It is an application that stores and generates unique passwords securely. It fills a random twenty-character password on a login form. It works best with multi-factor authentication.
Cyber Security,What is a practical example of threat modeling?,"Threat modeling uses STRIDE to examine each component for spoofing or tampering. It is a structured process for identifying and prioritizing potential threats to a system. It finds issues cheaply before code is written. It includes STRIDE, DREAD, and attack trees."
Cyber Security,What are the limitations of OWASP Top 10?,OWASP Top 10 is not exhaustive and should not be the only security standard. It is used as an awareness and secure coding baseline. It lists risks such as broken access control and injection. It is published by the Open Worldwide Application Security Project.
Cyber Security,How would you explain SSH to a beginner?,SSH is a protocol for secure remote login and command execution over an encrypted channel. It is used by administrators to manage servers. It is exposed to brute force attempts if password login is enabled. It connects to a server with ssh user@host using a private key.
Cyber Security,What should you watch out for when using incident response?,"Incident response fails when plans are untested or roles are unclear. It is the organized approach to detecting, containing, and recovering from security incidents. It isolates infected machines, preserves evidence, and restores from clean backups. It follows phases like preparation, detection, containment, eradication, recovery, and lessons learned."
Cyber Security,What are common pitfalls with patch management?,"Patch management can cause downtime or compatibility issues if not tested. It is the process of identifying, testing, and installing software updates. It removes the easiest paths for attackers. It applies a monthly operating system security update across all laptops. It is helped by asset inventory and automated tools."
Cyber Security,Can you give a short overview of phishing?,"Phishing is a social engineering attack using fake messages or sites to steal credentials. It is reduced by awareness training, email filtering, and multi-factor authentication. It can lead to account takeover, malware infection, and financial loss. It sends an email imitating a bank that links to a fake login page."
Cyber Security,What is the basic idea behind multi-factor authentication?,"Multi-factor authentication is authentication requiring two or more independent proof types. It is used for email, banking, and administrator accounts. It asks for a password and a code from an authenticator app. It is strongest with hardware security keys and passkeys."
Cyber Security,How is incident response used in practice?,"Incident response isolates infected machines, preserves evidence, and restores from clean backups. It is the organized approach to detecting, containing, and recovering from security incidents. It reduces damage and recovery time through prepared playbooks. It follows phases like preparation, detection, containment, eradication, recovery, and lessons learned."
Cyber Security,Why is penetration testing considered important?,Penetration testing finds real exploitable issues and shows their impact. It is an authorized simulated attack to find weaknesses in a system. It is used before launches and for compliance checks. It has testers exploit a web app's flaw to reach customer records.
Cyber Security,What does incident response mean?,"Incident response is the organized approach to detecting, containing, and recovering from security incidents. It reduces damage and recovery time through prepared playbooks. It isolates infected machines, preserves evidence, and restores from clean backups. It follows phases like preparation, detection, containment, eradication, recovery, and lessons learned."
Cyber Security,Explain honeypot.,"Honeypot is a decoy system designed to attract and study attackers. It is used to detect intrusions and collect threat intelligence. It gives early warning and reveals attacker techniques. It requires careful isolation, since a compromised honeypot can become a foothold."
Cyber Security,Where have you seen TLS in action?,"TLS shows the padlock in the browser for HTTPS sites. It is used for HTTPS, email, and secure APIs. It protects confidentiality and integrity and verifies the server identity. It cannot protect endpoints, and weak configurations or old versions are vulnerable. It is the successor of SSL."
Cyber Security,What are the disadvantages of incident response?,"Incident response fails when plans are untested or roles are unclear. It is used whenever a breach or attack is suspected. It reduces damage and recovery time through prepared playbooks. It isolates infected machines, preserves evidence, and restores from clean backups."
Cyber Security,What are the alternatives or companions of CSRF?,"CSRF differs from XSS, since it exploits a server's trust in the user's browser. It can perform actions as the victim without stealing their credentials. It makes a hidden form on a malicious page submit a money transfer to a bank."
Cyber Security,When should you avoid honeypot?,"Honeypot requires careful isolation, since a compromised honeypot can become a foothold. It is a decoy system designed to attract and study attackers. It exposes a fake database server that logs every access attempt. It scales up to honeynets and honeytokens."
Cyber Security,Why is data loss prevention useful?,"Data loss prevention reduces accidental leaks and supports regulatory compliance. It is used to protect customer records, source code, and personal data. It blocks an email carrying credit card numbers to an external address. It monitors endpoints, networks, and cloud storage."
Cyber Security,What should you watch out for when using CSRF?,"CSRF can perform actions as the victim without stealing their credentials. It is relevant for state-changing actions such as transfers and password changes. It is blocked effectively by anti-CSRF tokens and SameSite cookies. It differs from XSS, since it exploits a server's trust in the user's browser."
Cyber Security,In which situations is man-in-the-middle attack a good choice?,Man-in-the-middle attack is common on unsecured public Wi-Fi and compromised networks. It is an attack where someone secretly intercepts or alters communication between two parties. It can expose passwords and let attackers modify messages. It lets an attacker on a cafe network read unencrypted traffic.
Cyber Security,What does network segmentation mean?,"Network segmentation is dividing a network into separate zones with controlled traffic between them. It is used to isolate sensitive systems such as payment servers. It places guest Wi-Fi on a separate VLAN from internal servers. It is implemented with VLANs, firewalls, and microsegmentation."
Cyber Security,Give an example of man-in-the-middle attack.,"Man-in-the-middle attack lets an attacker on a cafe network read unencrypted traffic. It is an attack where someone secretly intercepts or alters communication between two parties. It is prevented by TLS, certificate validation, and VPNs. It includes ARP spoofing and SSL stripping."
Cyber Security,What is the main purpose of DDoS attack?,DDoS attack is used by attackers to take down websites and services. It is an attack that floods a target with traffic from many sources. It uses a botnet to send millions of requests to a website. It differs from a single-source denial-of-service attack.
Cyber Security,When should you avoid SSH?,SSH is exposed to brute force attempts if password login is enabled. It is a protocol for secure remote login and command execution over an encrypted channel. It protects credentials and supports key-based authentication. It replaced insecure protocols like Telnet.
Cyber Security,How does DNS spoofing help developers?,"DNS spoofing is countered by DNSSEC, encrypted DNS, and HTTPS. It is used by attackers to harvest credentials and spread malware. It can silently send users to lookalike sites. It makes a bank's domain resolve to an attacker's server. It is also called DNS cache poisoning."
Cyber Security,What is a zero-day vulnerability?,"A zero-day vulnerability is a software flaw unknown to the vendor, so no patch exists when attackers begin exploiting it. Mitigation relies on defense in depth: network segmentation, least privilege, behavior-based detection, timely patching once fixes appear, and monitoring for unusual activity, since signature-based tools cannot recognize unknown threats."
Cyber Security,What does asymmetric encryption mean?,Asymmetric encryption is encryption using a public key to encrypt and a private key to decrypt. It is much slower than symmetric encryption and needs larger keys. It lets anyone encrypt a message with a public key that only the owner can read.
Cyber Security,How is vulnerability scanning used in practice?,Vulnerability scanning uses a scanner like Nessus or OpenVAS to list outdated software. It is used regularly to find missing patches and misconfigurations. It covers many assets quickly and cheaply. It produces false positives and cannot confirm real exploitability. It is complemented by penetration testing for deeper validation.
Cyber Security,Where have you seen directory traversal in action?,Directory traversal requests ../../etc/passwd through a file download parameter. It is an attack that uses path sequences like ../ to access files outside the intended folder. It is prevented by validating paths and using allow-lists. It is also called path traversal.
Cyber Security,What do you gain by using data loss prevention?,"Data loss prevention reduces accidental leaks and supports regulatory compliance. It is a set of tools and policies that stop sensitive data from leaving the organization. It is used to protect customer records, source code, and personal data. It blocks an email carrying credit card numbers to an external address."
Cyber Security,Walk me through a simple example of clickjacking.,Clickjacking overlays a transparent frame of a bank page over a fake prize button. It is an attack that tricks users into clicking something hidden under a visible element. It is used to make victims perform unintended actions like likes or payments.
Cyber Security,Describe honeypot briefly.,"Honeypot is a decoy system designed to attract and study attackers. It gives early warning and reveals attacker techniques. It requires careful isolation, since a compromised honeypot can become a foothold. It exposes a fake database server that logs every access attempt. It scales up to honeynets and honeytokens."
Cyber Security,What are the downsides of social engineering?,"Social engineering bypasses technical controls entirely by targeting trust. It is used by attackers because humans are often easier targets than systems. It is countered by training, verification procedures, and a reporting culture. It includes phishing, pretexting, baiting, and tailgating."
Cyber Security,Can you give a short overview of penetration testing?,"Penetration testing is an authorized simulated attack to find weaknesses in a system. It finds real exploitable issues and shows their impact. It has testers exploit a web app's flaw to reach customer records. It differs from vulnerability scanning, which is automated and less deep."
Cyber Security,How does public key infrastructure compare with similar approaches?,"Public key infrastructure includes certificate authorities, registration authorities, and revocation lists. It is a framework of certificates and authorities that manages public keys and identities. It enables trust between strangers on the internet. It depends on certificate authorities, and a compromised authority harms trust."
Cyber Security,What makes privilege escalation valuable?,"Privilege escalation is limited through patching, least privilege, and monitoring. It is used by attackers after initial access to take control. It lets a normal user become administrator through a vulnerable service. It occurs vertically to higher roles or horizontally to other users' accounts."
Cyber Security,When should you use public key infrastructure?,"Public key infrastructure is used for HTTPS, code signing, and email encryption. It is a framework of certificates and authorities that manages public keys and identities. It enables trust between strangers on the internet. It depends on certificate authorities, and a compromised authority harms trust."
Cyber Security,What does SSH mean?,SSH is a protocol for secure remote login and command execution over an encrypted channel. It protects credentials and supports key-based authentication. It connects to a server with ssh user@host using a private key. It replaced insecure protocols like Telnet.
Cyber Security,What are the advantages of endpoint detection and response?,Endpoint detection and response offers deep visibility and rapid containment of compromised devices. It is a tool that monitors endpoints for malicious behavior and enables response. It requires agents and skilled analysts and can slow devices. It isolates a laptop when it sees ransomware-like file encryption.
Cyber Security,Describe cross-site scripting briefly.,"Cross-site scripting is an attack that injects malicious scripts into pages viewed by other users. It can steal session cookies, deface pages, and perform actions as victims. It runs a script from a comment field in every visitor's browser. It comes in stored, reflected, and DOM-based forms."
Cyber Security,List the strengths of phishing.,"Phishing is reduced by awareness training, email filtering, and multi-factor authentication. It is delivered by attackers through email, SMS, and fake login pages. It can lead to account takeover, malware infection, and financial loss. It sends an email imitating a bank that links to a fake login page."
Cyber Security,When should you avoid OWASP Top 10?,OWASP Top 10 is not exhaustive and should not be the only security standard. It is a regularly updated list of the most critical web application security risks. It is used as an awareness and secure coding baseline. It gives teams a common priority list for fixing issues.
Cyber Security,What is a practical example of brute force attack?,"Brute force attack tries thousands of passwords per minute on an SSH login. It is used against weak passwords and exposed login pages. It is slowed by lockouts, rate limiting, and strong passwords. It succeeds quickly against short or common passwords."
Cyber Security,Why is SQL injection considered important?,"SQL injection is fully preventable with parameterized queries, which keep data separate from code. It is an attack that inserts malicious SQL into input so the database runs it. It is defended against by prepared statements, input validation, and least-privilege database accounts."
Cyber Security,Can you give a short overview of brute force attack?,"Brute force attack is an attack that tries many password or key combinations until one works. It is used against weak passwords and exposed login pages. It succeeds quickly against short or common passwords. It differs from credential stuffing, which reuses leaked passwords."
Cyber Security,What are the advantages of DDoS attack?,"DDoS attack is mitigated with CDNs, rate limiting, and scrubbing services. It is used by attackers to take down websites and services. It uses a botnet to send millions of requests to a website. It differs from a single-source denial-of-service attack."
Cyber Security,What is an alternative to clickjacking?,Clickjacking is also called UI redress. It is an attack that tricks users into clicking something hidden under a visible element. It is used to make victims perform unintended actions like likes or payments. It abuses legitimate pages loaded in invisible frames.
Cyber Security,List the strengths of directory traversal.,Directory traversal is prevented by validating paths and using allow-lists. It is an attack that uses path sequences like ../ to access files outside the intended folder. It can expose configuration files and passwords. It is also called path traversal.
Cyber Security,What do you gain by using clickjacking?,Clickjacking is blocked by X-Frame-Options and the CSP frame-ancestors directive. It is an attack that tricks users into clicking something hidden under a visible element. It overlays a transparent frame of a bank page over a fake prize button. It is also called UI redress.
Cyber Security,What is the basic idea behind least privilege?,"Least privilege is a principle giving users and programs only the access they need. It limits the damage from mistakes and compromised accounts. It needs ongoing review, since permissions tend to accumulate. It supports separation of duties and role-based access control."
Cyber Security,How is SSH typically used in real projects?,SSH is used by administrators to manage servers. It is a protocol for secure remote login and command execution over an encrypted channel. It protects credentials and supports key-based authentication. It is exposed to brute force attempts if password login is enabled. It replaced insecure protocols like Telnet.
Cyber Security,How is DDoS attack used in practice?,"DDoS attack uses a botnet to send millions of requests to a website. It is an attack that floods a target with traffic from many sources. It is used by attackers to take down websites and services. It is mitigated with CDNs, rate limiting, and scrubbing services."
Cyber Security,What are the downsides of cross-site scripting?,"Cross-site scripting can steal session cookies, deface pages, and perform actions as victims. It is an attack that injects malicious scripts into pages viewed by other users. It runs a script from a comment field in every visitor's browser. It comes in stored, reflected, and DOM-based forms."
Cyber Security,What are the alternatives or companions of malware?,"Malware is analyzed through static and dynamic analysis in sandboxes. It is software designed to damage, disrupt, or gain unauthorized access to systems. It is used by attackers to steal data, spy, or control machines. It is detected by antivirus, endpoint detection, and safe user habits."
Cyber Security,How is SSH used in practice?,SSH connects to a server with ssh user@host using a private key. It is a protocol for secure remote login and command execution over an encrypted channel. It is used by administrators to manage servers. It protects credentials and supports key-based authentication. It replaced insecure protocols like Telnet.
Cyber Security,Is there a substitute for asymmetric encryption?,"Asymmetric encryption includes RSA and elliptic curve cryptography. It is encryption using a public key to encrypt and a private key to decrypt. It is used for key exchange, digital signatures, and secure email. It lets anyone encrypt a message with a public key that only the owner can read."
Cyber Security,Show a real-world example of clickjacking.,Clickjacking overlays a transparent frame of a bank page over a fake prize button. It is an attack that tricks users into clicking something hidden under a visible element. It is used to make victims perform unintended actions like likes or payments. It abuses legitimate pages loaded in invisible frames.
Cyber Security,Can you give a short overview of privilege escalation?,"Privilege escalation is the exploitation of a flaw to gain higher access than intended. It is limited through patching, least privilege, and monitoring. It lets a normal user become administrator through a vulnerable service. It occurs vertically to higher roles or horizontally to other users' accounts."
Cyber Security,What are the drawbacks of clickjacking?,Clickjacking abuses legitimate pages loaded in invisible frames. It is an attack that tricks users into clicking something hidden under a visible element. It is used to make victims perform unintended actions like likes or payments. It overlays a transparent frame of a bank page over a fake prize button.
Cyber Security,List the strengths of multi-factor authentication.,"Multi-factor authentication stops most account takeovers even when passwords leak. It is authentication requiring two or more independent proof types. It can be bypassed by phishing or SIM swapping, and adds user friction. It is strongest with hardware security keys and passkeys."
Cyber Security,In which situations is password manager a good choice?,"Password manager is used so people can have strong, different passwords for every account. It reduces reuse and makes phishing easier to spot through domain matching. It fills a random twenty-character password on a login form. It works best with multi-factor authentication."
Cyber Security,What makes firewall valuable?,Firewall reduces exposure by allowing only necessary traffic. It is a security control that filters network traffic using defined rules. It cannot stop attacks inside allowed traffic or insider threats alone. It ranges from packet filters to next-generation firewalls and web application firewalls.
Cyber Security,How does man-in-the-middle attack help developers?,"Man-in-the-middle attack is prevented by TLS, certificate validation, and VPNs. It is an attack where someone secretly intercepts or alters communication between two parties. It is common on unsecured public Wi-Fi and compromised networks. It includes ARP spoofing and SSL stripping."
Cyber Security,What are the benefits of using data loss prevention?,"Data loss prevention reduces accidental leaks and supports regulatory compliance. It is a set of tools and policies that stop sensitive data from leaving the organization. It is used to protect customer records, source code, and personal data. It monitors endpoints, networks, and cloud storage."
Cyber Security,What problem does OWASP Top 10 solve?,OWASP Top 10 is used as an awareness and secure coding baseline. It is a regularly updated list of the most critical web application security risks. It gives teams a common priority list for fixing issues. It is not exhaustive and should not be the only security standard.
Cyber Security,Can you illustrate TLS with an example?,"TLS shows the padlock in the browser for HTTPS sites. It is a protocol that encrypts and authenticates data sent between clients and servers. It protects confidentiality and integrity and verifies the server identity. It cannot protect endpoints, and weak configurations or old versions are vulnerable."
Cyber Security,Show a real-world example of SIEM.,"SIEM alerts when many failed logins are followed by a success. It is used by security teams to detect and investigate threats. It gives central visibility across systems and supports compliance. It is expensive and noisy, and needs tuning to avoid alert fatigue."
Cyber Security,Walk me through a simple example of hashing.,"Hashing verifies a downloaded file against a published SHA-256 checksum. It is a one-way function that turns data into a fixed-length digest. It is used for password storage, integrity checks, and digital signatures. It is not reversible, and fast hashes are unsafe for passwords."
Cyber Security,What is the main purpose of data loss prevention?,"Data loss prevention is used to protect customer records, source code, and personal data. It reduces accidental leaks and supports regulatory compliance. It can cause false positives that block legitimate work. It blocks an email carrying credit card numbers to an external address."
Cyber Security,What is an alternative to incident response?,"Incident response follows phases like preparation, detection, containment, eradication, recovery, and lessons learned. It is used whenever a breach or attack is suspected. It reduces damage and recovery time through prepared playbooks. It isolates infected machines, preserves evidence, and restores from clean backups."
Cyber Security,What should you watch out for when using multi-factor authentication?,"Multi-factor authentication can be bypassed by phishing or SIM swapping, and adds user friction. It is authentication requiring two or more independent proof types. It stops most account takeovers even when passwords leak. It is strongest with hardware security keys and passkeys."
Cyber Security,When should you avoid cross-site scripting?,"Cross-site scripting can steal session cookies, deface pages, and perform actions as victims. It is tested for wherever user input is displayed back on web pages. It is preventable through output encoding, sanitization, and Content Security Policy. It runs a script from a comment field in every visitor's browser."
Cyber Security,Why is patch management useful?,"Patch management removes the easiest paths for attackers. It is the process of identifying, testing, and installing software updates. It can cause downtime or compatibility issues if not tested. It applies a monthly operating system security update across all laptops."
Cyber Security,How does multi-factor authentication compare with similar approaches?,"Multi-factor authentication is strongest with hardware security keys and passkeys. It is authentication requiring two or more independent proof types. It is used for email, banking, and administrator accounts. It asks for a password and a code from an authenticator app."
Cyber Security,What should I learn alongside malware?,"Malware is analyzed through static and dynamic analysis in sandboxes. It is used by attackers to steal data, spy, or control machines. It is detected by antivirus, endpoint detection, and safe user habits. It can cause data theft, system damage, and spread across networks."
Cyber Security,Explain privilege escalation.,"Privilege escalation is the exploitation of a flaw to gain higher access than intended. It is used by attackers after initial access to take control. It is limited through patching, least privilege, and monitoring. It lets a normal user become administrator through a vulnerable service."
Cyber Security,Show a real-world example of buffer overflow.,"Buffer overflow happens when copying a long string into a small fixed array. It is a bug where a program writes beyond the end of a memory buffer. It is prevented by bounds checking, memory-safe languages, and compiler protections. It can crash programs or let attackers run arbitrary code."
Cyber Security,Walk me through a simple example of network segmentation.,"Network segmentation places guest Wi-Fi on a separate VLAN from internal servers. It is used to isolate sensitive systems such as payment servers. It limits lateral movement and contains breaches. It increases design complexity and management effort. It is implemented with VLANs, firewalls, and microsegmentation."
Cyber Security,What is SQL injection?,"SQL injection is an attack that inserts malicious SQL into input so the database runs it. It is fully preventable with parameterized queries, which keep data separate from code. It is defended against by prepared statements, input validation, and least-privilege database accounts."
Cyber Security,Why is DDoS attack useful?,"DDoS attack is mitigated with CDNs, rate limiting, and scrubbing services. It causes downtime, lost revenue, and can hide other attacks. It uses a botnet to send millions of requests to a website. It differs from a single-source denial-of-service attack."
Cyber Security,How is clickjacking typically used in real projects?,Clickjacking is used to make victims perform unintended actions like likes or payments. It is an attack that tricks users into clicking something hidden under a visible element. It abuses legitimate pages loaded in invisible frames. It is also called UI redress.
Cyber Security,What are the benefits of using VPN?,VPN protects data in transit and hides the user's IP address from sites. It is a service that creates an encrypted tunnel between a device and a network. It is used for secure remote access and protecting traffic on untrusted networks.
Cyber Security,What are common pitfalls with network segmentation?,Network segmentation increases design complexity and management effort. It is dividing a network into separate zones with controlled traffic between them. It is used to isolate sensitive systems such as payment servers. It limits lateral movement and contains breaches. It places guest Wi-Fi on a separate VLAN from internal servers.
Cyber Security,What is privilege escalation?,"Privilege escalation is the exploitation of a flaw to gain higher access than intended. It is used by attackers after initial access to take control. It is limited through patching, least privilege, and monitoring. It can turn a small compromise into full system control."
Cyber Security,How is DNS spoofing typically used in real projects?,"DNS spoofing is used by attackers to harvest credentials and spread malware. It is countered by DNSSEC, encrypted DNS, and HTTPS. It can silently send users to lookalike sites. It makes a bank's domain resolve to an attacker's server. It is also called DNS cache poisoning."
Cyber Security,Describe a scenario where buffer overflow is applied.,"Buffer overflow happens when copying a long string into a small fixed array. It is a bug where a program writes beyond the end of a memory buffer. It is studied in low-level languages like C and C++. It is mitigated by stack canaries, ASLR, and non-executable memory."
Cyber Security,Describe multi-factor authentication briefly.,"Multi-factor authentication is authentication requiring two or more independent proof types. It is used for email, banking, and administrator accounts. It can be bypassed by phishing or SIM swapping, and adds user friction. It asks for a password and a code from an authenticator app."
Cyber Security,Describe digital signature briefly.,"Digital signature is a cryptographic proof that a message came from a signer and was not altered. It is used for software updates, contracts, and certificates. It depends on keeping private keys secure and trusting certificates. It lets a developer sign an app so users verify it."
Cyber Security,What is CSRF?,"Cross-site request forgery tricks an authenticated user's browser into sending unwanted requests to a trusted website, performing actions without consent. Mitigation includes anti-CSRF tokens, SameSite cookie attributes, verifying Origin or Referer headers, and requiring re-authentication for sensitive operations, so forged requests from other sites are rejected."
Cyber Security,What problems can intrusion detection system cause?,Intrusion detection system generates false positives and only detects instead of blocking. It is a system that monitors network or host activity for suspicious behavior. It is used to detect intrusions and policy violations. It alerts when a host scans many ports in seconds.
Cyber Security,What is related to privilege escalation?,"Privilege escalation occurs vertically to higher roles or horizontally to other users' accounts. It is the exploitation of a flaw to gain higher access than intended. It is limited through patching, least privilege, and monitoring. It lets a normal user become administrator through a vulnerable service."
Cyber Security,Give an example of incident response.,"Incident response isolates infected machines, preserves evidence, and restores from clean backups. It is used whenever a breach or attack is suspected. It fails when plans are untested or roles are unclear. It follows phases like preparation, detection, containment, eradication, recovery, and lessons learned."
Cyber Security,What is password salting?,"Password salting is the practice of adding a random value to a password before hashing. It defeats rainbow tables and keeps identical passwords from sharing the same hash. It stores a unique salt next to each user's hash. It should be paired with slow hashing like bcrypt, scrypt, or Argon2."
Cyber Security,Why do developers use cross-site scripting?,"Cross-site scripting is tested for wherever user input is displayed back on web pages. It is an attack that injects malicious scripts into pages viewed by other users. It is preventable through output encoding, sanitization, and Content Security Policy. It comes in stored, reflected, and DOM-based forms."
Cyber Security,What problem does symmetric encryption solve?,Symmetric encryption is used for bulk data such as disk encryption and file protection. It is fast and efficient for large amounts of data. It encrypts a file with AES-256 using one shared key. It is often combined with asymmetric encryption in TLS.
Cyber Security,What problems can password salting cause?,"Password salting does not stop brute force against weak passwords by itself. It defeats rainbow tables and keeps identical passwords from sharing the same hash. It stores a unique salt next to each user's hash. It should be paired with slow hashing like bcrypt, scrypt, or Argon2."
Cyber Security,What is social engineering used for?,"Social engineering is used by attackers because humans are often easier targets than systems. It is countered by training, verification procedures, and a reporting culture. It has a caller pose as IT support and ask for a password. It includes phishing, pretexting, baiting, and tailgating."
Cyber Security,What is an alternative to password salting?,"Password salting should be paired with slow hashing like bcrypt, scrypt, or Argon2. It is used when storing passwords in databases. It does not stop brute force against weak passwords by itself. It stores a unique salt next to each user's hash."
Cyber Security,What are the drawbacks of honeypot?,"Honeypot requires careful isolation, since a compromised honeypot can become a foothold. It is a decoy system designed to attract and study attackers. It is used to detect intrusions and collect threat intelligence. It gives early warning and reveals attacker techniques."
Cyber Security,Define asymmetric encryption in simple words.,"Asymmetric encryption is encryption using a public key to encrypt and a private key to decrypt. It is used for key exchange, digital signatures, and secure email. It removes the need to share a secret in advance. It is much slower than symmetric encryption and needs larger keys."
Cyber Security,What is multi-factor authentication?,"Multi-factor authentication requires users to prove identity with two or more independent factors: something they know like a password, something they have like a phone or security key, and something they are like a fingerprint. Even if a password is stolen, attackers cannot log in, greatly reducing account takeover risk."
Cyber Security,What is related to least privilege?,"Least privilege supports separation of duties and role-based access control. It is a principle giving users and programs only the access they need. It is used when designing roles, permissions, and service accounts. It gives a support agent read access to tickets but not billing data."
Cyber Security,How does buffer overflow compare with similar approaches?,"Buffer overflow is mitigated by stack canaries, ASLR, and non-executable memory. It is a bug where a program writes beyond the end of a memory buffer. It is studied in low-level languages like C and C++. It happens when copying a long string into a small fixed array."
Cyber Security,What are the limitations of firewall?,Firewall cannot stop attacks inside allowed traffic or insider threats alone. It is used at network edges and on hosts to block unauthorized connections. It reduces exposure by allowing only necessary traffic. It blocks incoming connections on port 23 while allowing HTTPS.
Cyber Security,How is intrusion detection system used in practice?,Intrusion detection system alerts when a host scans many ports in seconds. It is a system that monitors network or host activity for suspicious behavior. It gives visibility and alerts that enable fast response. It generates false positives and only detects instead of blocking.
Cyber Security,What makes penetration testing valuable?,Penetration testing finds real exploitable issues and shows their impact. It is an authorized simulated attack to find weaknesses in a system. It covers a limited time and scope and costs money. It has testers exploit a web app's flaw to reach customer records.
Cyber Security,How is cross-site scripting used in practice?,"Cross-site scripting runs a script from a comment field in every visitor's browser. It is tested for wherever user input is displayed back on web pages. It is preventable through output encoding, sanitization, and Content Security Policy. It comes in stored, reflected, and DOM-based forms."
Cyber Security,How is hashing typically used in real projects?,"Hashing is used for password storage, integrity checks, and digital signatures. It is a one-way function that turns data into a fixed-length digest. It detects any change in data, since small differences change the digest. It differs from encryption, which can be reversed with a key."
Cyber Security,What is the basic idea behind symmetric encryption?,Symmetric encryption is encryption that uses the same secret key for encryption and decryption. It is fast and efficient for large amounts of data. It struggles with secure key distribution between parties. It encrypts a file with AES-256 using one shared key.
Cyber Security,What are the benefits of using password manager?,Password manager reduces reuse and makes phishing easier to spot through domain matching. It is an application that stores and generates unique passwords securely. It creates a single point of failure if the master password is weak. It works best with multi-factor authentication.
Cyber Security,Describe a scenario where DNS spoofing is applied.,DNS spoofing makes a bank's domain resolve to an attacker's server. It is an attack that gives false DNS answers to redirect users to malicious sites. It can silently send users to lookalike sites. It is also called DNS cache poisoning.
Cyber Security,What makes DDoS attack valuable?,"DDoS attack is mitigated with CDNs, rate limiting, and scrubbing services. It is an attack that floods a target with traffic from many sources. It uses a botnet to send millions of requests to a website. It differs from a single-source denial-of-service attack."
Cyber Security,Can you give a short overview of multi-factor authentication?,"Multi-factor authentication is authentication requiring two or more independent proof types. It is used for email, banking, and administrator accounts. It can be bypassed by phishing or SIM swapping, and adds user friction. It is strongest with hardware security keys and passkeys."
Cyber Security,Where is OWASP Top 10 commonly applied?,OWASP Top 10 is used as an awareness and secure coding baseline. It gives teams a common priority list for fixing issues. It lists risks such as broken access control and injection. It is published by the Open Worldwide Application Security Project.
Cyber Security,How would you explain patch management to a beginner?,"Patch management is the process of identifying, testing, and installing software updates. It is used to close known vulnerabilities across systems. It removes the easiest paths for attackers. It can cause downtime or compatibility issues if not tested. It applies a monthly operating system security update across all laptops."
Cyber Security,What is CSRF used for?,CSRF is relevant for state-changing actions such as transfers and password changes. It is an attack that tricks a logged-in user's browser into sending unwanted requests. It makes a hidden form on a malicious page submit a money transfer to a bank.
Cyber Security,Describe a scenario where firewall is applied.,Firewall blocks incoming connections on port 23 while allowing HTTPS. It is a security control that filters network traffic using defined rules. It is used at network edges and on hosts to block unauthorized connections. It ranges from packet filters to next-generation firewalls and web application firewalls.
Cyber Security,Where is least privilege commonly applied?,"Least privilege is used when designing roles, permissions, and service accounts. It is a principle giving users and programs only the access they need. It limits the damage from mistakes and compromised accounts. It gives a support agent read access to tickets but not billing data."
Cyber Security,How is symmetric encryption used in practice?,Symmetric encryption encrypts a file with AES-256 using one shared key. It is encryption that uses the same secret key for encryption and decryption. It is used for bulk data such as disk encryption and file protection. It is often combined with asymmetric encryption in TLS.
Cyber Security,What are the drawbacks of SIEM?,"SIEM is expensive and noisy, and needs tuning to avoid alert fatigue. It is a platform that collects and correlates security logs for analysis and alerts. It alerts when many failed logins are followed by a success. It is offered by Splunk, Microsoft Sentinel, and Elastic."
Cyber Security,Why do developers use incident response?,"Incident response is used whenever a breach or attack is suspected. It is the organized approach to detecting, containing, and recovering from security incidents. It fails when plans are untested or roles are unclear. It follows phases like preparation, detection, containment, eradication, recovery, and lessons learned."
Cyber Security,When should you avoid directory traversal?,Directory traversal can expose configuration files and passwords. It is an attack that uses path sequences like ../ to access files outside the intended folder. It is prevented by validating paths and using allow-lists. It requests ../../etc/passwd through a file download parameter.
Cyber Security,In which situations is privilege escalation a good choice?,"Privilege escalation is used by attackers after initial access to take control. It is limited through patching, least privilege, and monitoring. It lets a normal user become administrator through a vulnerable service. It occurs vertically to higher roles or horizontally to other users' accounts."
Cyber Security,How would you explain CSRF to a beginner?,CSRF is an attack that tricks a logged-in user's browser into sending unwanted requests. It can perform actions as the victim without stealing their credentials. It makes a hidden form on a malicious page submit a money transfer to a bank.
Cyber Security,What are common pitfalls with honeypot?,"Honeypot requires careful isolation, since a compromised honeypot can become a foothold. It is a decoy system designed to attract and study attackers. It is used to detect intrusions and collect threat intelligence. It scales up to honeynets and honeytokens."
Cyber Security,Can you give a short overview of zero trust?,"Zero trust is a security model that never trusts any user or device by default. It limits the damage from stolen credentials through continuous verification. It checks identity and device health on every request, even inside the network. It follows the motto never trust, always verify."
Cyber Security,Describe a scenario where malware is applied.,"Malware includes viruses, worms, trojans, spyware, and ransomware. It is used by attackers to steal data, spy, or control machines. It is detected by antivirus, endpoint detection, and safe user habits. It can cause data theft, system damage, and spread across networks."
Cyber Security,When should you use patch management?,"Patch management is used to close known vulnerabilities across systems. It is the process of identifying, testing, and installing software updates. It applies a monthly operating system security update across all laptops. It is helped by asset inventory and automated tools."
Cyber Security,In which situations is VPN a good choice?,"VPN is used for secure remote access and protecting traffic on untrusted networks. It does not make users anonymous and shifts trust to the VPN provider. It lets an employee reach the company intranet from home securely. It uses protocols like WireGuard, OpenVPN, and IPsec."
Cyber Security,Where is honeypot commonly applied?,"Honeypot is used to detect intrusions and collect threat intelligence. It is a decoy system designed to attract and study attackers. It requires careful isolation, since a compromised honeypot can become a foothold. It scales up to honeynets and honeytokens."
Cyber Security,What problems can TLS cause?,"TLS cannot protect endpoints, and weak configurations or old versions are vulnerable. It is a protocol that encrypts and authenticates data sent between clients and servers. It is used for HTTPS, email, and secure APIs. It shows the padlock in the browser for HTTPS sites."
Cyber Security,What are the alternatives or companions of VPN?,"VPN uses protocols like WireGuard, OpenVPN, and IPsec. It is a service that creates an encrypted tunnel between a device and a network. It is used for secure remote access and protecting traffic on untrusted networks. It lets an employee reach the company intranet from home securely."
Cyber Security,What should I learn alongside hashing?,"Hashing differs from encryption, which can be reversed with a key. It is used for password storage, integrity checks, and digital signatures. It detects any change in data, since small differences change the digest. It verifies a downloaded file against a published SHA-256 checksum."
Cyber Security,List the strengths of DDoS attack.,"DDoS attack is mitigated with CDNs, rate limiting, and scrubbing services. It is an attack that floods a target with traffic from many sources. It causes downtime, lost revenue, and can hide other attacks. It differs from a single-source denial-of-service attack."
Cyber Security,What problems can multi-factor authentication cause?,"Multi-factor authentication can be bypassed by phishing or SIM swapping, and adds user friction. It is authentication requiring two or more independent proof types. It stops most account takeovers even when passwords leak. It asks for a password and a code from an authenticator app."
Cyber Security,How would you explain social engineering to a beginner?,Social engineering is the manipulation of people into revealing information or performing actions. It is used by attackers because humans are often easier targets than systems. It bypasses technical controls entirely by targeting trust. It has a caller pose as IT support and ask for a password.
Cyber Security,What does data loss prevention mean?,"Data loss prevention is a set of tools and policies that stop sensitive data from leaving the organization. It is used to protect customer records, source code, and personal data. It blocks an email carrying credit card numbers to an external address."
Cyber Security,What is an alternative to endpoint detection and response?,Endpoint detection and response goes beyond traditional antivirus signature matching. It is used to detect advanced threats on laptops and servers. It offers deep visibility and rapid containment of compromised devices. It isolates a laptop when it sees ransomware-like file encryption.
Cyber Security,In which situations is least privilege a good choice?,"Least privilege is used when designing roles, permissions, and service accounts. It needs ongoing review, since permissions tend to accumulate. It gives a support agent read access to tickets but not billing data. It supports separation of duties and role-based access control."
Cyber Security,When should you avoid endpoint detection and response?,Endpoint detection and response requires agents and skilled analysts and can slow devices. It is a tool that monitors endpoints for malicious behavior and enables response. It is used to detect advanced threats on laptops and servers. It isolates a laptop when it sees ransomware-like file encryption.
Cyber Security,What should I learn alongside DNS spoofing?,"DNS spoofing is also called DNS cache poisoning. It is an attack that gives false DNS answers to redirect users to malicious sites. It is used by attackers to harvest credentials and spread malware. It is countered by DNSSEC, encrypted DNS, and HTTPS."
Cyber Security,What are the benefits of using clickjacking?,Clickjacking is blocked by X-Frame-Options and the CSP frame-ancestors directive. It is used to make victims perform unintended actions like likes or payments. It overlays a transparent frame of a bank page over a fake prize button. It is also called UI redress.
Cyber Security,What is threat modeling?,"Threat modeling is a structured process for identifying and prioritizing potential threats to a system. It is used during design to find security flaws early. It finds issues cheaply before code is written. It needs expertise and time, and models go stale as systems change."
Cyber Security,What is the main purpose of symmetric encryption?,Symmetric encryption is used for bulk data such as disk encryption and file protection. It is encryption that uses the same secret key for encryption and decryption. It is fast and efficient for large amounts of data. It is often combined with asymmetric encryption in TLS.
Cyber Security,Can you give a short overview of vulnerability scanning?,Vulnerability scanning is the automated checking of systems for known weaknesses. It covers many assets quickly and cheaply. It produces false positives and cannot confirm real exploitability. It uses a scanner like Nessus or OpenVAS to list outdated software. It is complemented by penetration testing for deeper validation.
Cyber Security,Describe a scenario where DDoS attack is applied.,"DDoS attack uses a botnet to send millions of requests to a website. It is an attack that floods a target with traffic from many sources. It causes downtime, lost revenue, and can hide other attacks. It differs from a single-source denial-of-service attack."
Cyber Security,What other concepts are connected to intrusion detection system?,"Intrusion detection system differs from an intrusion prevention system, which blocks traffic automatically. It is used to detect intrusions and policy violations. It gives visibility and alerts that enable fast response. It generates false positives and only detects instead of blocking."
Cyber Security,What are the drawbacks of SSH?,SSH is exposed to brute force attempts if password login is enabled. It is a protocol for secure remote login and command execution over an encrypted channel. It protects credentials and supports key-based authentication. It connects to a server with ssh user@host using a private key.
Cyber Security,Define clickjacking in simple words.,Clickjacking is an attack that tricks users into clicking something hidden under a visible element. It is used to make victims perform unintended actions like likes or payments. It abuses legitimate pages loaded in invisible frames. It overlays a transparent frame of a bank page over a fake prize button.
Cyber Security,Define buffer overflow in simple words.,"Buffer overflow is a bug where a program writes beyond the end of a memory buffer. It is prevented by bounds checking, memory-safe languages, and compiler protections. It can crash programs or let attackers run arbitrary code. It is mitigated by stack canaries, ASLR, and non-executable memory."
Cyber Security,List the strengths of SQL injection.,"SQL injection is fully preventable with parameterized queries, which keep data separate from code. It is an attack that inserts malicious SQL into input so the database runs it. It can expose, modify, or delete data and sometimes give attackers control of the server."
Cyber Security,Why is cross-site scripting useful?,"Cross-site scripting is preventable through output encoding, sanitization, and Content Security Policy. It is an attack that injects malicious scripts into pages viewed by other users. It can steal session cookies, deface pages, and perform actions as victims. It comes in stored, reflected, and DOM-based forms."
Cyber Security,What do you gain by using symmetric encryption?,Symmetric encryption is fast and efficient for large amounts of data. It is encryption that uses the same secret key for encryption and decryption. It encrypts a file with AES-256 using one shared key. It is often combined with asymmetric encryption in TLS.
Cyber Security,Walk me through a simple example of privilege escalation.,Privilege escalation lets a normal user become administrator through a vulnerable service. It is used by attackers after initial access to take control. It can turn a small compromise into full system control. It occurs vertically to higher roles or horizontally to other users' accounts.
Cyber Security,What is related to incident response?,"Incident response follows phases like preparation, detection, containment, eradication, recovery, and lessons learned. It reduces damage and recovery time through prepared playbooks. It fails when plans are untested or roles are unclear. It isolates infected machines, preserves evidence, and restores from clean backups."
Cyber Security,Why is asymmetric encryption useful?,"Asymmetric encryption removes the need to share a secret in advance. It is encryption using a public key to encrypt and a private key to decrypt. It is used for key exchange, digital signatures, and secure email. It is much slower than symmetric encryption and needs larger keys."
Cyber Security,How does intrusion detection system help developers?,"Intrusion detection system gives visibility and alerts that enable fast response. It is a system that monitors network or host activity for suspicious behavior. It is used to detect intrusions and policy violations. It differs from an intrusion prevention system, which blocks traffic automatically."
Cyber Security,What are the drawbacks of OWASP Top 10?,OWASP Top 10 is not exhaustive and should not be the only security standard. It is a regularly updated list of the most critical web application security risks. It is used as an awareness and secure coding baseline. It is published by the Open Worldwide Application Security Project.
Cyber Security,What is DDoS attack used for?,"DDoS attack is used by attackers to take down websites and services. It is an attack that floods a target with traffic from many sources. It causes downtime, lost revenue, and can hide other attacks. It uses a botnet to send millions of requests to a website."
Cyber Security,What are the alternatives or companions of incident response?,"Incident response follows phases like preparation, detection, containment, eradication, recovery, and lessons learned. It is used whenever a breach or attack is suspected. It reduces damage and recovery time through prepared playbooks. It fails when plans are untested or roles are unclear."
Cyber Security,Define SSH in simple words.,SSH is a protocol for secure remote login and command execution over an encrypted channel. It is used by administrators to manage servers. It connects to a server with ssh user@host using a private key. It replaced insecure protocols like Telnet.
Cyber Security,What are common pitfalls with data loss prevention?,"Data loss prevention can cause false positives that block legitimate work. It is used to protect customer records, source code, and personal data. It reduces accidental leaks and supports regulatory compliance. It blocks an email carrying credit card numbers to an external address."
Cyber Security,What do you gain by using man-in-the-middle attack?,"Man-in-the-middle attack is prevented by TLS, certificate validation, and VPNs. It is an attack where someone secretly intercepts or alters communication between two parties. It can expose passwords and let attackers modify messages. It lets an attacker on a cafe network read unencrypted traffic."
Cyber Security,Where have you seen hashing in action?,"Hashing verifies a downloaded file against a published SHA-256 checksum. It is used for password storage, integrity checks, and digital signatures. It is not reversible, and fast hashes are unsafe for passwords. It differs from encryption, which can be reversed with a key."
Cyber Security,What are the downsides of SIEM?,"SIEM is expensive and noisy, and needs tuning to avoid alert fatigue. It is a platform that collects and correlates security logs for analysis and alerts. It is used by security teams to detect and investigate threats. It alerts when many failed logins are followed by a success."
Cyber Security,How is honeypot typically used in real projects?,"Honeypot is used to detect intrusions and collect threat intelligence. It gives early warning and reveals attacker techniques. It requires careful isolation, since a compromised honeypot can become a foothold. It exposes a fake database server that logs every access attempt."
Cyber Security,What makes VPN valuable?,VPN protects data in transit and hides the user's IP address from sites. It is used for secure remote access and protecting traffic on untrusted networks. It does not make users anonymous and shifts trust to the VPN provider. It lets an employee reach the company intranet from home securely.
Cyber Security,What is an alternative to data loss prevention?,"Data loss prevention monitors endpoints, networks, and cloud storage. It is used to protect customer records, source code, and personal data. It can cause false positives that block legitimate work. It blocks an email carrying credit card numbers to an external address."
Cyber Security,What should I learn alongside cross-site scripting?,"Cross-site scripting comes in stored, reflected, and DOM-based forms. It is an attack that injects malicious scripts into pages viewed by other users. It can steal session cookies, deface pages, and perform actions as victims. It runs a script from a comment field in every visitor's browser."
Cyber Security,What are the alternatives or companions of symmetric encryption?,Symmetric encryption is often combined with asymmetric encryption in TLS. It is encryption that uses the same secret key for encryption and decryption. It is used for bulk data such as disk encryption and file protection. It encrypts a file with AES-256 using one shared key.
Cyber Security,How would you explain network segmentation to a beginner?,Network segmentation is dividing a network into separate zones with controlled traffic between them. It is used to isolate sensitive systems such as payment servers. It limits lateral movement and contains breaches. It places guest Wi-Fi on a separate VLAN from internal servers.
Cyber Security,What do you gain by using ransomware?,"Ransomware can be mitigated with offline backups, patching, and network segmentation. It is malware that encrypts files and demands payment for the decryption key. It is used by criminals against hospitals, businesses, and individuals for extortion. It often arrives through phishing or exposed remote desktop services."
Cyber Security,What are the alternatives or companions of TLS?,"TLS is the successor of SSL. It is a protocol that encrypts and authenticates data sent between clients and servers. It cannot protect endpoints, and weak configurations or old versions are vulnerable. It shows the padlock in the browser for HTTPS sites."
Cyber Security,How is man-in-the-middle attack typically used in real projects?,"Man-in-the-middle attack is common on unsecured public Wi-Fi and compromised networks. It is prevented by TLS, certificate validation, and VPNs. It can expose passwords and let attackers modify messages. It lets an attacker on a cafe network read unencrypted traffic."
Cyber Security,What should you watch out for when using cross-site scripting?,"Cross-site scripting can steal session cookies, deface pages, and perform actions as victims. It is an attack that injects malicious scripts into pages viewed by other users. It is tested for wherever user input is displayed back on web pages. It comes in stored, reflected, and DOM-based forms."
Cyber Security,What problems can incident response cause?,"Incident response fails when plans are untested or roles are unclear. It reduces damage and recovery time through prepared playbooks. It isolates infected machines, preserves evidence, and restores from clean backups. It follows phases like preparation, detection, containment, eradication, recovery, and lessons learned."
Cyber Security,Why is SIEM useful?,"SIEM gives central visibility across systems and supports compliance. It is a platform that collects and correlates security logs for analysis and alerts. It alerts when many failed logins are followed by a success. It is offered by Splunk, Microsoft Sentinel, and Elastic."
Cyber Security,What problem does asymmetric encryption solve?,"Asymmetric encryption is used for key exchange, digital signatures, and secure email. It removes the need to share a secret in advance. It is much slower than symmetric encryption and needs larger keys. It lets anyone encrypt a message with a public key that only the owner can read."
Cyber Security,What are the downsides of zero trust?,"Zero trust takes substantial effort to implement and can slow users down. It is a security model that never trusts any user or device by default. It checks identity and device health on every request, even inside the network. It follows the motto never trust, always verify."
Cyber Security,What makes social engineering valuable?,"Social engineering is countered by training, verification procedures, and a reporting culture. It is the manipulation of people into revealing information or performing actions. It is used by attackers because humans are often easier targets than systems. It bypasses technical controls entirely by targeting trust."
Cyber Security,Is there a substitute for privilege escalation?,Privilege escalation occurs vertically to higher roles or horizontally to other users' accounts. It is the exploitation of a flaw to gain higher access than intended. It is used by attackers after initial access to take control. It lets a normal user become administrator through a vulnerable service.
Cyber Security,In which situations is SQL injection a good choice?,"SQL injection is tested for in login forms, search boxes, and any database-backed input. It can expose, modify, or delete data and sometimes give attackers control of the server. It abuses a login by entering a quote and OR 1=1 to bypass the password check."
Cyber Security,When should you use penetration testing?,Penetration testing is used before launches and for compliance checks. It is an authorized simulated attack to find weaknesses in a system. It finds real exploitable issues and shows their impact. It covers a limited time and scope and costs money.
Cyber Security,What should you watch out for when using session hijacking?,Session hijacking lets attackers act as the user without knowing the password. It is taking over a user's active session by stealing its identifier. It steals a session cookie from an open Wi-Fi network. It is related to session fixation.
Cyber Security,Can you give a short overview of asymmetric encryption?,"Asymmetric encryption is encryption using a public key to encrypt and a private key to decrypt. It is used for key exchange, digital signatures, and secure email. It is much slower than symmetric encryption and needs larger keys. It includes RSA and elliptic curve cryptography."
Cyber Security,What are the downsides of CSRF?,CSRF can perform actions as the victim without stealing their credentials. It is an attack that tricks a logged-in user's browser into sending unwanted requests. It is relevant for state-changing actions such as transfers and password changes. It is blocked effectively by anti-CSRF tokens and SameSite cookies.
Cyber Security,What is the main purpose of TLS?,"TLS is used for HTTPS, email, and secure APIs. It is a protocol that encrypts and authenticates data sent between clients and servers. It protects confidentiality and integrity and verifies the server identity. It cannot protect endpoints, and weak configurations or old versions are vulnerable."
Cyber Security,Describe a scenario where password manager is applied.,"Password manager fills a random twenty-character password on a login form. It is used so people can have strong, different passwords for every account. It reduces reuse and makes phishing easier to spot through domain matching. It works best with multi-factor authentication."
Cyber Security,What are the benefits of using phishing?,"Phishing is reduced by awareness training, email filtering, and multi-factor authentication. It is a social engineering attack using fake messages or sites to steal credentials. It is delivered by attackers through email, SMS, and fake login pages. It can lead to account takeover, malware infection, and financial loss."
Cyber Security,Is there a substitute for symmetric encryption?,Symmetric encryption is often combined with asymmetric encryption in TLS. It is encryption that uses the same secret key for encryption and decryption. It is fast and efficient for large amounts of data. It encrypts a file with AES-256 using one shared key.
Cyber Security,What are the disadvantages of phishing?,"Phishing can lead to account takeover, malware infection, and financial loss. It is delivered by attackers through email, SMS, and fake login pages. It is reduced by awareness training, email filtering, and multi-factor authentication. It sends an email imitating a bank that links to a fake login page."
Cyber Security,What are the disadvantages of honeypot?,"Honeypot requires careful isolation, since a compromised honeypot can become a foothold. It is a decoy system designed to attract and study attackers. It gives early warning and reveals attacker techniques. It exposes a fake database server that logs every access attempt. It scales up to honeynets and honeytokens."
Cyber Security,What are the drawbacks of SQL injection?,"SQL injection can expose, modify, or delete data and sometimes give attackers control of the server. It is fully preventable with parameterized queries, which keep data separate from code. It abuses a login by entering a quote and OR 1=1 to bypass the password check."
Cyber Security,In which situations is asymmetric encryption a good choice?,"Asymmetric encryption is used for key exchange, digital signatures, and secure email. It is encryption using a public key to encrypt and a private key to decrypt. It is much slower than symmetric encryption and needs larger keys. It includes RSA and elliptic curve cryptography."
Cyber Security,Explain patch management.,"Patch management is the process of identifying, testing, and installing software updates. It is used to close known vulnerabilities across systems. It removes the easiest paths for attackers. It can cause downtime or compatibility issues if not tested. It is helped by asset inventory and automated tools."
Cyber Security,What are the alternatives or companions of zero trust?,"Zero trust follows the motto never trust, always verify. It is a security model that never trusts any user or device by default. It limits the damage from stolen credentials through continuous verification. It takes substantial effort to implement and can slow users down."
Cyber Security,What are the downsides of network segmentation?,"Network segmentation increases design complexity and management effort. It is used to isolate sensitive systems such as payment servers. It limits lateral movement and contains breaches. It places guest Wi-Fi on a separate VLAN from internal servers. It is implemented with VLANs, firewalls, and microsegmentation."
Cyber Security,When should you use buffer overflow?,"Buffer overflow is studied in low-level languages like C and C++. It is prevented by bounds checking, memory-safe languages, and compiler protections. It can crash programs or let attackers run arbitrary code. It happens when copying a long string into a small fixed array."
Cyber Security,Why do developers use CSRF?,"CSRF is relevant for state-changing actions such as transfers and password changes. It is blocked effectively by anti-CSRF tokens and SameSite cookies. It can perform actions as the victim without stealing their credentials. It differs from XSS, since it exploits a server's trust in the user's browser."
Cyber Security,How is asymmetric encryption used in practice?,Asymmetric encryption lets anyone encrypt a message with a public key that only the owner can read. It removes the need to share a secret in advance. It is much slower than symmetric encryption and needs larger keys. It includes RSA and elliptic curve cryptography.
Cyber Security,What should you watch out for when using phishing?,"Phishing can lead to account takeover, malware infection, and financial loss. It is a social engineering attack using fake messages or sites to steal credentials. It is delivered by attackers through email, SMS, and fake login pages. It is reduced by awareness training, email filtering, and multi-factor authentication."
Cyber Security,What is a practical example of password salting?,Password salting stores a unique salt next to each user's hash. It is the practice of adding a random value to a password before hashing. It defeats rainbow tables and keeps identical passwords from sharing the same hash. It does not stop brute force against weak passwords by itself.
Cyber Security,How is buffer overflow used in practice?,"Buffer overflow happens when copying a long string into a small fixed array. It is studied in low-level languages like C and C++. It is prevented by bounds checking, memory-safe languages, and compiler protections. It can crash programs or let attackers run arbitrary code."
Cyber Security,Is there a substitute for vulnerability scanning?,Vulnerability scanning is complemented by penetration testing for deeper validation. It is the automated checking of systems for known weaknesses. It produces false positives and cannot confirm real exploitability. It uses a scanner like Nessus or OpenVAS to list outdated software.
Cyber Security,What is brute force attack used for?,"Brute force attack is used against weak passwords and exposed login pages. It is an attack that tries many password or key combinations until one works. It succeeds quickly against short or common passwords. It differs from credential stuffing, which reuses leaked passwords."
Cyber Security,Walk me through a simple example of DDoS attack.,DDoS attack uses a botnet to send millions of requests to a website. It is an attack that floods a target with traffic from many sources. It is used by attackers to take down websites and services. It differs from a single-source denial-of-service attack.
Cyber Security,Walk me through a simple example of honeypot.,"Honeypot exposes a fake database server that logs every access attempt. It is a decoy system designed to attract and study attackers. It gives early warning and reveals attacker techniques. It requires careful isolation, since a compromised honeypot can become a foothold."
Cyber Security,What is firewall used for?,Firewall is used at network edges and on hosts to block unauthorized connections. It is a security control that filters network traffic using defined rules. It cannot stop attacks inside allowed traffic or insider threats alone. It ranges from packet filters to next-generation firewalls and web application firewalls.
Cyber Security,What is the basic idea behind zero trust?,"Zero trust is a security model that never trusts any user or device by default. It limits the damage from stolen credentials through continuous verification. It takes substantial effort to implement and can slow users down. It follows the motto never trust, always verify."
Cyber Security,What is an alternative to symmetric encryption?,Symmetric encryption is often combined with asymmetric encryption in TLS. It is encryption that uses the same secret key for encryption and decryption. It struggles with secure key distribution between parties. It encrypts a file with AES-256 using one shared key.
Cyber Security,Why is DNS spoofing considered important?,"DNS spoofing is countered by DNSSEC, encrypted DNS, and HTTPS. It is an attack that gives false DNS answers to redirect users to malicious sites. It makes a bank's domain resolve to an attacker's server. It is also called DNS cache poisoning."
Cyber Security,What is an alternative to zero trust?,"Zero trust follows the motto never trust, always verify. It is a security model that never trusts any user or device by default. It limits the damage from stolen credentials through continuous verification. It checks identity and device health on every request, even inside the network."
Cyber Security,What are the advantages of malware?,"Malware is detected by antivirus, endpoint detection, and safe user habits. It is software designed to damage, disrupt, or gain unauthorized access to systems. It includes viruses, worms, trojans, spyware, and ransomware. It is analyzed through static and dynamic analysis in sandboxes."
Cyber Security,What are the advantages of asymmetric encryption?,"Asymmetric encryption removes the need to share a secret in advance. It is used for key exchange, digital signatures, and secure email. It lets anyone encrypt a message with a public key that only the owner can read. It includes RSA and elliptic curve cryptography."
Cyber Security,What are common pitfalls with intrusion detection system?,"Intrusion detection system generates false positives and only detects instead of blocking. It gives visibility and alerts that enable fast response. It alerts when a host scans many ports in seconds. It differs from an intrusion prevention system, which blocks traffic automatically."
Cyber Security,What do you gain by using cross-site scripting?,"Cross-site scripting is preventable through output encoding, sanitization, and Content Security Policy. It is an attack that injects malicious scripts into pages viewed by other users. It runs a script from a comment field in every visitor's browser. It comes in stored, reflected, and DOM-based forms."
Cyber Security,How does asymmetric encryption help developers?,"Asymmetric encryption removes the need to share a secret in advance. It is used for key exchange, digital signatures, and secure email. It is much slower than symmetric encryption and needs larger keys. It lets anyone encrypt a message with a public key that only the owner can read."
Cyber Security,How would you explain asymmetric encryption to a beginner?,"Asymmetric encryption is encryption using a public key to encrypt and a private key to decrypt. It is used for key exchange, digital signatures, and secure email. It removes the need to share a secret in advance. It includes RSA and elliptic curve cryptography."
Cyber Security,How does phishing help developers?,"Phishing is reduced by awareness training, email filtering, and multi-factor authentication. It is delivered by attackers through email, SMS, and fake login pages. It sends an email imitating a bank that links to a fake login page. It includes spear phishing for targeted victims and vishing by phone."
Cyber Security,In which situations is ransomware a good choice?,"Ransomware is used by criminals against hospitals, businesses, and individuals for extortion. It can halt operations, leak stolen data, and offers no guarantee of recovery after payment. It locks all files with a note demanding bitcoin. It often arrives through phishing or exposed remote desktop services."
Cyber Security,When should you avoid TLS?,"TLS cannot protect endpoints, and weak configurations or old versions are vulnerable. It is a protocol that encrypts and authenticates data sent between clients and servers. It is used for HTTPS, email, and secure APIs. It protects confidentiality and integrity and verifies the server identity."
Cyber Security,What should you watch out for when using ransomware?,"Ransomware can halt operations, leak stolen data, and offers no guarantee of recovery after payment. It can be mitigated with offline backups, patching, and network segmentation. It locks all files with a note demanding bitcoin. It often arrives through phishing or exposed remote desktop services."
Cyber Security,What are common pitfalls with CSRF?,"CSRF can perform actions as the victim without stealing their credentials. It is an attack that tricks a logged-in user's browser into sending unwanted requests. It is blocked effectively by anti-CSRF tokens and SameSite cookies. It differs from XSS, since it exploits a server's trust in the user's browser."
Cyber Security,Show a real-world example of DDoS attack.,"DDoS attack uses a botnet to send millions of requests to a website. It is used by attackers to take down websites and services. It is mitigated with CDNs, rate limiting, and scrubbing services. It causes downtime, lost revenue, and can hide other attacks."
Cyber Security,What makes hashing valuable?,"Hashing detects any change in data, since small differences change the digest. It is a one-way function that turns data into a fixed-length digest. It is not reversible, and fast hashes are unsafe for passwords. It verifies a downloaded file against a published SHA-256 checksum."
Cyber Security,List the strengths of SIEM.,"SIEM gives central visibility across systems and supports compliance. It is used by security teams to detect and investigate threats. It is expensive and noisy, and needs tuning to avoid alert fatigue. It is offered by Splunk, Microsoft Sentinel, and Elastic."
Cyber Security,What other concepts are connected to DDoS attack?,"DDoS attack differs from a single-source denial-of-service attack. It is an attack that floods a target with traffic from many sources. It is used by attackers to take down websites and services. It is mitigated with CDNs, rate limiting, and scrubbing services."
Cyber Security,What should I learn alongside password salting?,"Password salting should be paired with slow hashing like bcrypt, scrypt, or Argon2. It is used when storing passwords in databases. It defeats rainbow tables and keeps identical passwords from sharing the same hash. It stores a unique salt next to each user's hash."
Cyber Security,What problem does multi-factor authentication solve?,"Multi-factor authentication is used for email, banking, and administrator accounts. It is authentication requiring two or more independent proof types. It stops most account takeovers even when passwords leak. It asks for a password and a code from an authenticator app."
Cyber Security,When should you avoid SQL injection?,"SQL injection can expose, modify, or delete data and sometimes give attackers control of the server. It is an attack that inserts malicious SQL into input so the database runs it. It is tested for in login forms, search boxes, and any database-backed input."
Cyber Security,What is an alternative to buffer overflow?,"Buffer overflow is mitigated by stack canaries, ASLR, and non-executable memory. It is studied in low-level languages like C and C++. It can crash programs or let attackers run arbitrary code. It happens when copying a long string into a small fixed array."
Cyber Security,What are the drawbacks of incident response?,"Incident response fails when plans are untested or roles are unclear. It is the organized approach to detecting, containing, and recovering from security incidents. It is used whenever a breach or attack is suspected. It reduces damage and recovery time through prepared playbooks."
Cyber Security,How does penetration testing help developers?,Penetration testing finds real exploitable issues and shows their impact. It is used before launches and for compliance checks. It covers a limited time and scope and costs money. It has testers exploit a web app's flaw to reach customer records.
Cyber Security,Why is social engineering considered important?,"Social engineering is countered by training, verification procedures, and a reporting culture. It is used by attackers because humans are often easier targets than systems. It bypasses technical controls entirely by targeting trust. It includes phishing, pretexting, baiting, and tailgating."
Cyber Security,What problem does digital signature solve?,"Digital signature is used for software updates, contracts, and certificates. It is a cryptographic proof that a message came from a signer and was not altered. It lets a developer sign an app so users verify it. It is created by signing a hash with a private key."
Cyber Security,What problems can SQL injection cause?,"SQL injection can expose, modify, or delete data and sometimes give attackers control of the server. It is an attack that inserts malicious SQL into input so the database runs it. It is fully preventable with parameterized queries, which keep data separate from code."
Cyber Security,In which situations is session hijacking a good choice?,"Session hijacking is attempted through XSS, network sniffing, or predictable tokens. It is prevented by HTTPS, secure cookies, and short session lifetimes. It lets attackers act as the user without knowing the password. It steals a session cookie from an open Wi-Fi network. It is related to session fixation."
Cyber Security,Why do developers use network segmentation?,Network segmentation is used to isolate sensitive systems such as payment servers. It is dividing a network into separate zones with controlled traffic between them. It increases design complexity and management effort. It places guest Wi-Fi on a separate VLAN from internal servers.
Cyber Security,Can you illustrate phishing with an example?,"Phishing sends an email imitating a bank that links to a fake login page. It is a social engineering attack using fake messages or sites to steal credentials. It is delivered by attackers through email, SMS, and fake login pages."
Cyber Security,What problems can DNS spoofing cause?,"DNS spoofing can silently send users to lookalike sites. It is an attack that gives false DNS answers to redirect users to malicious sites. It is countered by DNSSEC, encrypted DNS, and HTTPS. It is also called DNS cache poisoning."
Cyber Security,Explain public key infrastructure.,"Public key infrastructure is a framework of certificates and authorities that manages public keys and identities. It is used for HTTPS, code signing, and email encryption. It lets browsers trust a website because a known authority signed its certificate. It includes certificate authorities, registration authorities, and revocation lists."
Cyber Security,What is the basic idea behind VPN?,"VPN is a service that creates an encrypted tunnel between a device and a network. It protects data in transit and hides the user's IP address from sites. It lets an employee reach the company intranet from home securely. It uses protocols like WireGuard, OpenVPN, and IPsec."
Cyber Security,Walk me through a simple example of zero trust.,"Zero trust checks identity and device health on every request, even inside the network. It is used to protect cloud and remote-work environments. It limits the damage from stolen credentials through continuous verification. It takes substantial effort to implement and can slow users down."
Cyber Security,In which situations is digital signature a good choice?,"Digital signature is used for software updates, contracts, and certificates. It is a cryptographic proof that a message came from a signer and was not altered. It depends on keeping private keys secure and trusting certificates. It is created by signing a hash with a private key."
Cyber Security,What does zero trust mean?,"Zero trust is a security model that never trusts any user or device by default. It is used to protect cloud and remote-work environments. It takes substantial effort to implement and can slow users down. It follows the motto never trust, always verify."
Cyber Security,What are the advantages of incident response?,"Incident response reduces damage and recovery time through prepared playbooks. It is the organized approach to detecting, containing, and recovering from security incidents. It fails when plans are untested or roles are unclear. It isolates infected machines, preserves evidence, and restores from clean backups."
Cyber Security,What problem does least privilege solve?,"Least privilege is used when designing roles, permissions, and service accounts. It limits the damage from mistakes and compromised accounts. It gives a support agent read access to tickets but not billing data. It supports separation of duties and role-based access control."
Cyber Security,When should you use incident response?,"Incident response is used whenever a breach or attack is suspected. It reduces damage and recovery time through prepared playbooks. It fails when plans are untested or roles are unclear. It follows phases like preparation, detection, containment, eradication, recovery, and lessons learned."
Cyber Security,Can you give a short overview of honeypot?,Honeypot is a decoy system designed to attract and study attackers. It is used to detect intrusions and collect threat intelligence. It gives early warning and reveals attacker techniques. It exposes a fake database server that logs every access attempt.
Cyber Security,Why is TLS useful?,"TLS protects confidentiality and integrity and verifies the server identity. It is used for HTTPS, email, and secure APIs. It cannot protect endpoints, and weak configurations or old versions are vulnerable. It shows the padlock in the browser for HTTPS sites. It is the successor of SSL."
Cyber Security,How is OWASP Top 10 typically used in real projects?,OWASP Top 10 is used as an awareness and secure coding baseline. It gives teams a common priority list for fixing issues. It is not exhaustive and should not be the only security standard. It is published by the Open Worldwide Application Security Project.
Cyber Security,What is a practical example of firewall?,Firewall blocks incoming connections on port 23 while allowing HTTPS. It is a security control that filters network traffic using defined rules. It is used at network edges and on hosts to block unauthorized connections. It reduces exposure by allowing only necessary traffic.
Cyber Security,What problems can vulnerability scanning cause?,Vulnerability scanning produces false positives and cannot confirm real exploitability. It is the automated checking of systems for known weaknesses. It is used regularly to find missing patches and misconfigurations. It uses a scanner like Nessus or OpenVAS to list outdated software.
Cyber Security,What problem does DNS spoofing solve?,DNS spoofing is used by attackers to harvest credentials and spread malware. It is an attack that gives false DNS answers to redirect users to malicious sites. It can silently send users to lookalike sites. It is also called DNS cache poisoning.
Cyber Security,Walk me through a simple example of SSH.,SSH connects to a server with ssh user@host using a private key. It is a protocol for secure remote login and command execution over an encrypted channel. It protects credentials and supports key-based authentication. It replaced insecure protocols like Telnet.
Cyber Security,What is TLS used for?,"TLS is used for HTTPS, email, and secure APIs. It protects confidentiality and integrity and verifies the server identity. It cannot protect endpoints, and weak configurations or old versions are vulnerable. It shows the padlock in the browser for HTTPS sites. It is the successor of SSL."
Cyber Security,Describe a scenario where penetration testing is applied.,Penetration testing has testers exploit a web app's flaw to reach customer records. It is used before launches and for compliance checks. It finds real exploitable issues and shows their impact. It covers a limited time and scope and costs money.
Cyber Security,Give an example of malware.,"Malware includes viruses, worms, trojans, spyware, and ransomware. It is software designed to damage, disrupt, or gain unauthorized access to systems. It is used by attackers to steal data, spy, or control machines. It is detected by antivirus, endpoint detection, and safe user habits."
Cyber Security,What problems can symmetric encryption cause?,Symmetric encryption struggles with secure key distribution between parties. It is encryption that uses the same secret key for encryption and decryption. It is used for bulk data such as disk encryption and file protection. It is fast and efficient for large amounts of data.
Cyber Security,What other concepts are connected to malware?,"Malware is analyzed through static and dynamic analysis in sandboxes. It is software designed to damage, disrupt, or gain unauthorized access to systems. It is detected by antivirus, endpoint detection, and safe user habits. It includes viruses, worms, trojans, spyware, and ransomware."
Cyber Security,What makes public key infrastructure valuable?,"Public key infrastructure enables trust between strangers on the internet. It is a framework of certificates and authorities that manages public keys and identities. It is used for HTTPS, code signing, and email encryption. It depends on certificate authorities, and a compromised authority harms trust."
Cyber Security,What makes patch management valuable?,"Patch management removes the easiest paths for attackers. It is the process of identifying, testing, and installing software updates. It is used to close known vulnerabilities across systems. It applies a monthly operating system security update across all laptops. It is helped by asset inventory and automated tools."
Cyber Security,Why is patch management considered important?,"Patch management removes the easiest paths for attackers. It is the process of identifying, testing, and installing software updates. It is used to close known vulnerabilities across systems. It can cause downtime or compatibility issues if not tested. It is helped by asset inventory and automated tools."
Cyber Security,What are the benefits of using privilege escalation?,"Privilege escalation is limited through patching, least privilege, and monitoring. It is the exploitation of a flaw to gain higher access than intended. It can turn a small compromise into full system control. It lets a normal user become administrator through a vulnerable service."
Cyber Security,How does firewall help developers?,Firewall reduces exposure by allowing only necessary traffic. It is a security control that filters network traffic using defined rules. It cannot stop attacks inside allowed traffic or insider threats alone. It blocks incoming connections on port 23 while allowing HTTPS.
Cyber Security,Explain malware.,"Malware is software designed to damage, disrupt, or gain unauthorized access to systems. It is used by attackers to steal data, spy, or control machines. It is detected by antivirus, endpoint detection, and safe user habits. It is analyzed through static and dynamic analysis in sandboxes."
Cyber Security,Can you illustrate hashing with an example?,"Hashing verifies a downloaded file against a published SHA-256 checksum. It is used for password storage, integrity checks, and digital signatures. It detects any change in data, since small differences change the digest. It is not reversible, and fast hashes are unsafe for passwords."
Cyber Security,How does OWASP Top 10 help developers?,OWASP Top 10 gives teams a common priority list for fixing issues. It is a regularly updated list of the most critical web application security risks. It lists risks such as broken access control and injection. It is published by the Open Worldwide Application Security Project.
Cyber Security,How is directory traversal typically used in real projects?,Directory traversal is tested wherever file names come from user input. It is an attack that uses path sequences like ../ to access files outside the intended folder. It requests ../../etc/passwd through a file download parameter. It is also called path traversal.
Cyber Security,Is there a substitute for threat modeling?,"Threat modeling includes STRIDE, DREAD, and attack trees. It is a structured process for identifying and prioritizing potential threats to a system. It finds issues cheaply before code is written. It needs expertise and time, and models go stale as systems change."
Cyber Security,Describe least privilege briefly.,"Least privilege is a principle giving users and programs only the access they need. It is used when designing roles, permissions, and service accounts. It gives a support agent read access to tickets but not billing data. It supports separation of duties and role-based access control."
Cyber Security,Why do developers use directory traversal?,Directory traversal is tested wherever file names come from user input. It is an attack that uses path sequences like ../ to access files outside the intended folder. It can expose configuration files and passwords. It is also called path traversal.
Cyber Security,Why is OWASP Top 10 considered important?,OWASP Top 10 gives teams a common priority list for fixing issues. It is used as an awareness and secure coding baseline. It is not exhaustive and should not be the only security standard. It is published by the Open Worldwide Application Security Project.
Cyber Security,What is related to SSH?,SSH replaced insecure protocols like Telnet. It is a protocol for secure remote login and command execution over an encrypted channel. It is used by administrators to manage servers. It protects credentials and supports key-based authentication. It is exposed to brute force attempts if password login is enabled.
Cyber Security,What is the main purpose of password salting?,Password salting is used when storing passwords in databases. It is the practice of adding a random value to a password before hashing. It does not stop brute force against weak passwords by itself. It stores a unique salt next to each user's hash.
Cyber Security,Show a real-world example of least privilege.,Least privilege gives a support agent read access to tickets but not billing data. It is a principle giving users and programs only the access they need. It limits the damage from mistakes and compromised accounts. It supports separation of duties and role-based access control.
Cyber Security,Why do developers use DNS spoofing?,DNS spoofing is used by attackers to harvest credentials and spread malware. It is an attack that gives false DNS answers to redirect users to malicious sites. It makes a bank's domain resolve to an attacker's server. It is also called DNS cache poisoning.
Cyber Security,What is malware?,"Malware is software designed to damage, disrupt, or gain unauthorized access to systems. It is detected by antivirus, endpoint detection, and safe user habits. It can cause data theft, system damage, and spread across networks. It includes viruses, worms, trojans, spyware, and ransomware."
Cyber Security,What problems can zero trust cause?,"Zero trust takes substantial effort to implement and can slow users down. It is used to protect cloud and remote-work environments. It limits the damage from stolen credentials through continuous verification. It checks identity and device health on every request, even inside the network."
Cyber Security,How is incident response typically used in real projects?,"Incident response is used whenever a breach or attack is suspected. It reduces damage and recovery time through prepared playbooks. It fails when plans are untested or roles are unclear. It isolates infected machines, preserves evidence, and restores from clean backups."
Cyber Security,Is there a substitute for least privilege?,"Least privilege supports separation of duties and role-based access control. It is a principle giving users and programs only the access they need. It is used when designing roles, permissions, and service accounts. It limits the damage from mistakes and compromised accounts."
Cyber Security,List the strengths of VPN.,"VPN protects data in transit and hides the user's IP address from sites. It is a service that creates an encrypted tunnel between a device and a network. It is used for secure remote access and protecting traffic on untrusted networks. It uses protocols like WireGuard, OpenVPN, and IPsec."
Cyber Security,In which situations is DNS spoofing a good choice?,"DNS spoofing is used by attackers to harvest credentials and spread malware. It is an attack that gives false DNS answers to redirect users to malicious sites. It is countered by DNSSEC, encrypted DNS, and HTTPS. It makes a bank's domain resolve to an attacker's server."
Cyber Security,What is directory traversal used for?,Directory traversal is tested wherever file names come from user input. It is an attack that uses path sequences like ../ to access files outside the intended folder. It can expose configuration files and passwords. It requests ../../etc/passwd through a file download parameter.
Cyber Security,What is the basic idea behind man-in-the-middle attack?,"Man-in-the-middle attack is an attack where someone secretly intercepts or alters communication between two parties. It is prevented by TLS, certificate validation, and VPNs. It can expose passwords and let attackers modify messages. It lets an attacker on a cafe network read unencrypted traffic."
Cyber Security,Where is data loss prevention commonly applied?,"Data loss prevention is used to protect customer records, source code, and personal data. It is a set of tools and policies that stop sensitive data from leaving the organization. It reduces accidental leaks and supports regulatory compliance. It can cause false positives that block legitimate work."
Cyber Security,When should you avoid incident response?,"Incident response fails when plans are untested or roles are unclear. It is the organized approach to detecting, containing, and recovering from security incidents. It reduces damage and recovery time through prepared playbooks. It follows phases like preparation, detection, containment, eradication, recovery, and lessons learned."
Cyber Security,Where is clickjacking commonly applied?,Clickjacking is used to make victims perform unintended actions like likes or payments. It is an attack that tricks users into clicking something hidden under a visible element. It is blocked by X-Frame-Options and the CSP frame-ancestors directive. It is also called UI redress.
Cyber Security,In which situations is patch management a good choice?,Patch management is used to close known vulnerabilities across systems. It removes the easiest paths for attackers. It can cause downtime or compatibility issues if not tested. It applies a monthly operating system security update across all laptops. It is helped by asset inventory and automated tools.
Cyber Security,What are the disadvantages of man-in-the-middle attack?,Man-in-the-middle attack can expose passwords and let attackers modify messages. It is an attack where someone secretly intercepts or alters communication between two parties. It lets an attacker on a cafe network read unencrypted traffic. It includes ARP spoofing and SSL stripping.
Cyber Security,What are the drawbacks of DDoS attack?,"DDoS attack causes downtime, lost revenue, and can hide other attacks. It is an attack that floods a target with traffic from many sources. It is used by attackers to take down websites and services. It uses a botnet to send millions of requests to a website."
Cyber Security,How does network segmentation help developers?,"Network segmentation limits lateral movement and contains breaches. It is used to isolate sensitive systems such as payment servers. It increases design complexity and management effort. It places guest Wi-Fi on a separate VLAN from internal servers. It is implemented with VLANs, firewalls, and microsegmentation."
Cyber Security,In which situations is clickjacking a good choice?,Clickjacking is used to make victims perform unintended actions like likes or payments. It is an attack that tricks users into clicking something hidden under a visible element. It overlays a transparent frame of a bank page over a fake prize button. It is also called UI redress.
Cyber Security,How does patch management differ from related concepts?,"Patch management is helped by asset inventory and automated tools. It is the process of identifying, testing, and installing software updates. It can cause downtime or compatibility issues if not tested. It applies a monthly operating system security update across all laptops."
Cyber Security,What is the main purpose of patch management?,"Patch management is used to close known vulnerabilities across systems. It is the process of identifying, testing, and installing software updates. It can cause downtime or compatibility issues if not tested. It applies a monthly operating system security update across all laptops."
Cyber Security,How does threat modeling compare with similar approaches?,"Threat modeling includes STRIDE, DREAD, and attack trees. It is a structured process for identifying and prioritizing potential threats to a system. It is used during design to find security flaws early. It uses STRIDE to examine each component for spoofing or tampering."
Cyber Security,Show a real-world example of password manager.,Password manager fills a random twenty-character password on a login form. It is an application that stores and generates unique passwords securely. It reduces reuse and makes phishing easier to spot through domain matching. It works best with multi-factor authentication.
Cyber Security,How does DDoS attack help developers?,"DDoS attack is mitigated with CDNs, rate limiting, and scrubbing services. It is an attack that floods a target with traffic from many sources. It is used by attackers to take down websites and services. It differs from a single-source denial-of-service attack."
Cyber Security,How does password manager differ from related concepts?,"Password manager works best with multi-factor authentication. It is used so people can have strong, different passwords for every account. It creates a single point of failure if the master password is weak. It fills a random twenty-character password on a login form."
Cyber Security,Show a real-world example of password salting.,Password salting stores a unique salt next to each user's hash. It is used when storing passwords in databases. It defeats rainbow tables and keeps identical passwords from sharing the same hash. It does not stop brute force against weak passwords by itself.
Cyber Security,Can you illustrate least privilege with an example?,"Least privilege gives a support agent read access to tickets but not billing data. It is a principle giving users and programs only the access they need. It needs ongoing review, since permissions tend to accumulate. It supports separation of duties and role-based access control."
Cyber Security,What are the drawbacks of CSRF?,"CSRF can perform actions as the victim without stealing their credentials. It is relevant for state-changing actions such as transfers and password changes. It is blocked effectively by anti-CSRF tokens and SameSite cookies. It differs from XSS, since it exploits a server's trust in the user's browser."
Cyber Security,Why is directory traversal useful?,Directory traversal is prevented by validating paths and using allow-lists. It is tested wherever file names come from user input. It can expose configuration files and passwords. It requests ../../etc/passwd through a file download parameter. It is also called path traversal.
Cyber Security,Walk me through a simple example of social engineering.,"Social engineering has a caller pose as IT support and ask for a password. It is used by attackers because humans are often easier targets than systems. It is countered by training, verification procedures, and a reporting culture. It bypasses technical controls entirely by targeting trust."
Cyber Security,How would you explain penetration testing to a beginner?,"Penetration testing is an authorized simulated attack to find weaknesses in a system. It covers a limited time and scope and costs money. It has testers exploit a web app's flaw to reach customer records. It differs from vulnerability scanning, which is automated and less deep."
Cyber Security,Show a real-world example of SSH.,SSH connects to a server with ssh user@host using a private key. It is a protocol for secure remote login and command execution over an encrypted channel. It is exposed to brute force attempts if password login is enabled. It replaced insecure protocols like Telnet.
Cyber Security,What are the alternatives or companions of phishing?,"Phishing includes spear phishing for targeted victims and vishing by phone. It is a social engineering attack using fake messages or sites to steal credentials. It is delivered by attackers through email, SMS, and fake login pages. It is reduced by awareness training, email filtering, and multi-factor authentication."
Cyber Security,What are the disadvantages of cross-site scripting?,"Cross-site scripting can steal session cookies, deface pages, and perform actions as victims. It is tested for wherever user input is displayed back on web pages. It runs a script from a comment field in every visitor's browser. It comes in stored, reflected, and DOM-based forms."
Cyber Security,What should you watch out for when using asymmetric encryption?,"Asymmetric encryption is much slower than symmetric encryption and needs larger keys. It is used for key exchange, digital signatures, and secure email. It removes the need to share a secret in advance. It lets anyone encrypt a message with a public key that only the owner can read."
Cyber Security,How does intrusion detection system differ from related concepts?,"Intrusion detection system differs from an intrusion prevention system, which blocks traffic automatically. It is a system that monitors network or host activity for suspicious behavior. It generates false positives and only detects instead of blocking. It alerts when a host scans many ports in seconds."
Cyber Security,How does SSH differ from related concepts?,SSH replaced insecure protocols like Telnet. It is a protocol for secure remote login and command execution over an encrypted channel. It is exposed to brute force attempts if password login is enabled. It connects to a server with ssh user@host using a private key.
Cyber Security,What problem does CSRF solve?,"CSRF is relevant for state-changing actions such as transfers and password changes. It is an attack that tricks a logged-in user's browser into sending unwanted requests. It differs from XSS, since it exploits a server's trust in the user's browser."
Cyber Security,What other concepts are connected to data loss prevention?,"Data loss prevention monitors endpoints, networks, and cloud storage. It is a set of tools and policies that stop sensitive data from leaving the organization. It reduces accidental leaks and supports regulatory compliance. It can cause false positives that block legitimate work."
Cyber Security,What are the advantages of ransomware?,"Ransomware can be mitigated with offline backups, patching, and network segmentation. It is malware that encrypts files and demands payment for the decryption key. It can halt operations, leak stolen data, and offers no guarantee of recovery after payment. It often arrives through phishing or exposed remote desktop services."
Cyber Security,What should you watch out for when using patch management?,"Patch management can cause downtime or compatibility issues if not tested. It is the process of identifying, testing, and installing software updates. It is used to close known vulnerabilities across systems. It removes the easiest paths for attackers. It is helped by asset inventory and automated tools."
Cyber Security,What are the limitations of social engineering?,"Social engineering bypasses technical controls entirely by targeting trust. It is countered by training, verification procedures, and a reporting culture. It has a caller pose as IT support and ask for a password. It includes phishing, pretexting, baiting, and tailgating."
Cyber Security,Why is man-in-the-middle attack considered important?,"Man-in-the-middle attack is prevented by TLS, certificate validation, and VPNs. It is common on unsecured public Wi-Fi and compromised networks. It can expose passwords and let attackers modify messages. It lets an attacker on a cafe network read unencrypted traffic."
Cyber Security,Can you illustrate network segmentation with an example?,"Network segmentation places guest Wi-Fi on a separate VLAN from internal servers. It is dividing a network into separate zones with controlled traffic between them. It increases design complexity and management effort. It is implemented with VLANs, firewalls, and microsegmentation."
Cyber Security,What should I learn alongside OWASP Top 10?,OWASP Top 10 is published by the Open Worldwide Application Security Project. It is a regularly updated list of the most critical web application security risks. It is used as an awareness and secure coding baseline. It lists risks such as broken access control and injection.
Cyber Security,When should you use directory traversal?,Directory traversal is tested wherever file names come from user input. It is prevented by validating paths and using allow-lists. It can expose configuration files and passwords. It requests ../../etc/passwd through a file download parameter. It is also called path traversal.
Cyber Security,Why do developers use SSH?,SSH is used by administrators to manage servers. It is a protocol for secure remote login and command execution over an encrypted channel. It is exposed to brute force attempts if password login is enabled. It replaced insecure protocols like Telnet.
Cyber Security,When should you avoid social engineering?,"Social engineering bypasses technical controls entirely by targeting trust. It is used by attackers because humans are often easier targets than systems. It has a caller pose as IT support and ask for a password. It includes phishing, pretexting, baiting, and tailgating."
Cyber Security,What should I learn alongside ransomware?,"Ransomware often arrives through phishing or exposed remote desktop services. It is malware that encrypts files and demands payment for the decryption key. It is used by criminals against hospitals, businesses, and individuals for extortion. It can be mitigated with offline backups, patching, and network segmentation."
Cyber Security,Describe a scenario where privilege escalation is applied.,Privilege escalation lets a normal user become administrator through a vulnerable service. It is the exploitation of a flaw to gain higher access than intended. It is used by attackers after initial access to take control. It occurs vertically to higher roles or horizontally to other users' accounts.
Cyber Security,When should you avoid data loss prevention?,"Data loss prevention can cause false positives that block legitimate work. It is used to protect customer records, source code, and personal data. It reduces accidental leaks and supports regulatory compliance. It blocks an email carrying credit card numbers to an external address. It monitors endpoints, networks, and cloud storage."
Cyber Security,Explain vulnerability scanning.,Vulnerability scanning is the automated checking of systems for known weaknesses. It is used regularly to find missing patches and misconfigurations. It covers many assets quickly and cheaply. It produces false positives and cannot confirm real exploitability. It uses a scanner like Nessus or OpenVAS to list outdated software.
Cyber Security,What is an alternative to malware?,"Malware is analyzed through static and dynamic analysis in sandboxes. It is detected by antivirus, endpoint detection, and safe user habits. It can cause data theft, system damage, and spread across networks. It includes viruses, worms, trojans, spyware, and ransomware."
Cyber Security,What is the basic idea behind intrusion detection system?,"Intrusion detection system is a system that monitors network or host activity for suspicious behavior. It is used to detect intrusions and policy violations. It alerts when a host scans many ports in seconds. It differs from an intrusion prevention system, which blocks traffic automatically."
Cyber Security,When should you use firewall?,Firewall is used at network edges and on hosts to block unauthorized connections. It is a security control that filters network traffic using defined rules. It reduces exposure by allowing only necessary traffic. It blocks incoming connections on port 23 while allowing HTTPS.
Cyber Security,What is a practical example of DNS spoofing?,DNS spoofing makes a bank's domain resolve to an attacker's server. It is an attack that gives false DNS answers to redirect users to malicious sites. It is used by attackers to harvest credentials and spread malware. It is also called DNS cache poisoning.
Cyber Security,Walk me through a simple example of password manager.,"Password manager fills a random twenty-character password on a login form. It is used so people can have strong, different passwords for every account. It reduces reuse and makes phishing easier to spot through domain matching. It creates a single point of failure if the master password is weak."
Cyber Security,What should you watch out for when using intrusion detection system?,Intrusion detection system generates false positives and only detects instead of blocking. It is used to detect intrusions and policy violations. It gives visibility and alerts that enable fast response. It alerts when a host scans many ports in seconds.
Cyber Security,What problems can least privilege cause?,"Least privilege needs ongoing review, since permissions tend to accumulate. It is a principle giving users and programs only the access they need. It gives a support agent read access to tickets but not billing data. It supports separation of duties and role-based access control."
Cyber Security,What are the disadvantages of SQL injection?,"SQL injection can expose, modify, or delete data and sometimes give attackers control of the server. It is an attack that inserts malicious SQL into input so the database runs it. It abuses a login by entering a quote and OR 1=1 to bypass the password check."
Cyber Security,What problems can DDoS attack cause?,"DDoS attack causes downtime, lost revenue, and can hide other attacks. It is used by attackers to take down websites and services. It uses a botnet to send millions of requests to a website. It differs from a single-source denial-of-service attack."
Cyber Security,What is man-in-the-middle attack used for?,"Man-in-the-middle attack is common on unsecured public Wi-Fi and compromised networks. It is an attack where someone secretly intercepts or alters communication between two parties. It is prevented by TLS, certificate validation, and VPNs. It can expose passwords and let attackers modify messages."
Cyber Security,In which situations is firewall a good choice?,Firewall is used at network edges and on hosts to block unauthorized connections. It cannot stop attacks inside allowed traffic or insider threats alone. It blocks incoming connections on port 23 while allowing HTTPS. It ranges from packet filters to next-generation firewalls and web application firewalls.
Cyber Security,What are the limitations of man-in-the-middle attack?,"Man-in-the-middle attack can expose passwords and let attackers modify messages. It is an attack where someone secretly intercepts or alters communication between two parties. It is prevented by TLS, certificate validation, and VPNs. It includes ARP spoofing and SSL stripping."
Cyber Security,What are the benefits of using malware?,"Malware is detected by antivirus, endpoint detection, and safe user habits. It is used by attackers to steal data, spy, or control machines. It can cause data theft, system damage, and spread across networks. It is analyzed through static and dynamic analysis in sandboxes."
Cyber Security,What problem does DDoS attack solve?,"DDoS attack is used by attackers to take down websites and services. It causes downtime, lost revenue, and can hide other attacks. It uses a botnet to send millions of requests to a website. It differs from a single-source denial-of-service attack."
Cyber Security,Describe a scenario where zero trust is applied.,"Zero trust checks identity and device health on every request, even inside the network. It is used to protect cloud and remote-work environments. It takes substantial effort to implement and can slow users down. It follows the motto never trust, always verify."
Cyber Security,How does DDoS attack compare with similar approaches?,"DDoS attack differs from a single-source denial-of-service attack. It is an attack that floods a target with traffic from many sources. It causes downtime, lost revenue, and can hide other attacks. It uses a botnet to send millions of requests to a website."
Cyber Security,How is brute force attack used in practice?,"Brute force attack tries thousands of passwords per minute on an SSH login. It is an attack that tries many password or key combinations until one works. It is slowed by lockouts, rate limiting, and strong passwords. It succeeds quickly against short or common passwords."
Cyber Security,Can you give a short overview of OWASP Top 10?,OWASP Top 10 is a regularly updated list of the most critical web application security risks. It is not exhaustive and should not be the only security standard. It lists risks such as broken access control and injection. It is published by the Open Worldwide Application Security Project.
Cyber Security,What are the benefits of using penetration testing?,"Penetration testing finds real exploitable issues and shows their impact. It is an authorized simulated attack to find weaknesses in a system. It covers a limited time and scope and costs money. It differs from vulnerability scanning, which is automated and less deep."
Cyber Security,What other concepts are connected to digital signature?,"Digital signature is created by signing a hash with a private key. It is a cryptographic proof that a message came from a signer and was not altered. It provides authenticity, integrity, and non-repudiation. It lets a developer sign an app so users verify it."
Cyber Security,In which situations is network segmentation a good choice?,"Network segmentation is used to isolate sensitive systems such as payment servers. It is dividing a network into separate zones with controlled traffic between them. It limits lateral movement and contains breaches. It increases design complexity and management effort. It is implemented with VLANs, firewalls, and microsegmentation."
Cyber Security,What is the basic idea behind threat modeling?,"Threat modeling is a structured process for identifying and prioritizing potential threats to a system. It is used during design to find security flaws early. It uses STRIDE to examine each component for spoofing or tampering. It includes STRIDE, DREAD, and attack trees."
Cyber Security,What problems can directory traversal cause?,Directory traversal can expose configuration files and passwords. It is an attack that uses path sequences like ../ to access files outside the intended folder. It is tested wherever file names come from user input. It is also called path traversal.
Cyber Security,How is DNS spoofing used in practice?,"DNS spoofing makes a bank's domain resolve to an attacker's server. It is used by attackers to harvest credentials and spread malware. It is countered by DNSSEC, encrypted DNS, and HTTPS. It can silently send users to lookalike sites. It is also called DNS cache poisoning."
Cyber Security,Define social engineering in simple words.,"Social engineering is the manipulation of people into revealing information or performing actions. It bypasses technical controls entirely by targeting trust. It has a caller pose as IT support and ask for a password. It includes phishing, pretexting, baiting, and tailgating."
Cyber Security,How does symmetric encryption compare with similar approaches?,Symmetric encryption is often combined with asymmetric encryption in TLS. It is encryption that uses the same secret key for encryption and decryption. It is used for bulk data such as disk encryption and file protection. It struggles with secure key distribution between parties.
Cyber Security,How is password salting used in practice?,"Password salting stores a unique salt next to each user's hash. It is the practice of adding a random value to a password before hashing. It does not stop brute force against weak passwords by itself. It should be paired with slow hashing like bcrypt, scrypt, or Argon2."
Cyber Security,What is related to brute force attack?,"Brute force attack differs from credential stuffing, which reuses leaked passwords. It is used against weak passwords and exposed login pages. It is slowed by lockouts, rate limiting, and strong passwords. It succeeds quickly against short or common passwords. It tries thousands of passwords per minute on an SSH login."
Cyber Security,What makes clickjacking valuable?,Clickjacking is blocked by X-Frame-Options and the CSP frame-ancestors directive. It is an attack that tricks users into clicking something hidden under a visible element. It abuses legitimate pages loaded in invisible frames. It overlays a transparent frame of a bank page over a fake prize button.
Cyber Security,What are common pitfalls with SSH?,SSH is exposed to brute force attempts if password login is enabled. It is a protocol for secure remote login and command execution over an encrypted channel. It is used by administrators to manage servers. It replaced insecure protocols like Telnet.
Cyber Security,Where is DDoS attack commonly applied?,"DDoS attack is used by attackers to take down websites and services. It is an attack that floods a target with traffic from many sources. It is mitigated with CDNs, rate limiting, and scrubbing services. It causes downtime, lost revenue, and can hide other attacks."
Cyber Security,What is the main purpose of hashing?,"Hashing is used for password storage, integrity checks, and digital signatures. It is a one-way function that turns data into a fixed-length digest. It is not reversible, and fast hashes are unsafe for passwords. It differs from encryption, which can be reversed with a key."
Cyber Security,How does VPN compare with similar approaches?,"VPN uses protocols like WireGuard, OpenVPN, and IPsec. It is a service that creates an encrypted tunnel between a device and a network. It is used for secure remote access and protecting traffic on untrusted networks. It protects data in transit and hides the user's IP address from sites."
Cyber Security,What are common pitfalls with symmetric encryption?,Symmetric encryption struggles with secure key distribution between parties. It is used for bulk data such as disk encryption and file protection. It is fast and efficient for large amounts of data. It is often combined with asymmetric encryption in TLS.
Cyber Security,Can you give a short overview of network segmentation?,"Network segmentation is dividing a network into separate zones with controlled traffic between them. It limits lateral movement and contains breaches. It increases design complexity and management effort. It places guest Wi-Fi on a separate VLAN from internal servers. It is implemented with VLANs, firewalls, and microsegmentation."
Cyber Security,Where have you seen VPN in action?,"VPN lets an employee reach the company intranet from home securely. It is a service that creates an encrypted tunnel between a device and a network. It is used for secure remote access and protecting traffic on untrusted networks. It uses protocols like WireGuard, OpenVPN, and IPsec."
Cyber Security,Describe VPN briefly.,VPN is a service that creates an encrypted tunnel between a device and a network. It is used for secure remote access and protecting traffic on untrusted networks. It does not make users anonymous and shifts trust to the VPN provider.
Cyber Security,What problem does patch management solve?,"Patch management is used to close known vulnerabilities across systems. It is the process of identifying, testing, and installing software updates. It can cause downtime or compatibility issues if not tested. It is helped by asset inventory and automated tools."
Cyber Security,What is a practical example of malware?,"Malware includes viruses, worms, trojans, spyware, and ransomware. It is used by attackers to steal data, spy, or control machines. It is detected by antivirus, endpoint detection, and safe user habits. It is analyzed through static and dynamic analysis in sandboxes."
Cyber Security,Walk me through a simple example of session hijacking.,"Session hijacking steals a session cookie from an open Wi-Fi network. It is taking over a user's active session by stealing its identifier. It is prevented by HTTPS, secure cookies, and short session lifetimes. It lets attackers act as the user without knowing the password."
Cyber Security,What is the main purpose of man-in-the-middle attack?,"Man-in-the-middle attack is common on unsecured public Wi-Fi and compromised networks. It is an attack where someone secretly intercepts or alters communication between two parties. It is prevented by TLS, certificate validation, and VPNs. It lets an attacker on a cafe network read unencrypted traffic."
Cyber Security,When should you use ransomware?,"Ransomware is used by criminals against hospitals, businesses, and individuals for extortion. It is malware that encrypts files and demands payment for the decryption key. It locks all files with a note demanding bitcoin. It often arrives through phishing or exposed remote desktop services."
Cyber Security,What are common pitfalls with endpoint detection and response?,Endpoint detection and response requires agents and skilled analysts and can slow devices. It is a tool that monitors endpoints for malicious behavior and enables response. It offers deep visibility and rapid containment of compromised devices. It isolates a laptop when it sees ransomware-like file encryption.
Cyber Security,Where have you seen privilege escalation in action?,Privilege escalation lets a normal user become administrator through a vulnerable service. It is the exploitation of a flaw to gain higher access than intended. It is used by attackers after initial access to take control. It can turn a small compromise into full system control.
Cyber Security,How does SQL injection help developers?,"SQL injection is fully preventable with parameterized queries, which keep data separate from code. It is tested for in login forms, search boxes, and any database-backed input. It is defended against by prepared statements, input validation, and least-privilege database accounts."
Cyber Security,Show a real-world example of SQL injection.,"SQL injection abuses a login by entering a quote and OR 1=1 to bypass the password check. It is fully preventable with parameterized queries, which keep data separate from code. It is defended against by prepared statements, input validation, and least-privilege database accounts."
Cyber Security,How does malware help developers?,"Malware is detected by antivirus, endpoint detection, and safe user habits. It is software designed to damage, disrupt, or gain unauthorized access to systems. It is used by attackers to steal data, spy, or control machines. It includes viruses, worms, trojans, spyware, and ransomware."
Cyber Security,Where is social engineering commonly applied?,"Social engineering is used by attackers because humans are often easier targets than systems. It is countered by training, verification procedures, and a reporting culture. It bypasses technical controls entirely by targeting trust. It includes phishing, pretexting, baiting, and tailgating."
Cyber Security,What problem does social engineering solve?,"Social engineering is used by attackers because humans are often easier targets than systems. It is the manipulation of people into revealing information or performing actions. It bypasses technical controls entirely by targeting trust. It includes phishing, pretexting, baiting, and tailgating."
Cyber Security,Why is firewall considered important?,Firewall reduces exposure by allowing only necessary traffic. It is a security control that filters network traffic using defined rules. It blocks incoming connections on port 23 while allowing HTTPS. It ranges from packet filters to next-generation firewalls and web application firewalls.
Cyber Security,List the strengths of threat modeling.,"Threat modeling finds issues cheaply before code is written. It is a structured process for identifying and prioritizing potential threats to a system. It uses STRIDE to examine each component for spoofing or tampering. It includes STRIDE, DREAD, and attack trees."
Cyber Security,How does endpoint detection and response compare with similar approaches?,Endpoint detection and response goes beyond traditional antivirus signature matching. It is a tool that monitors endpoints for malicious behavior and enables response. It is used to detect advanced threats on laptops and servers. It isolates a laptop when it sees ransomware-like file encryption.
Cyber Security,Describe incident response briefly.,"Incident response is the organized approach to detecting, containing, and recovering from security incidents. It reduces damage and recovery time through prepared playbooks. It fails when plans are untested or roles are unclear. It follows phases like preparation, detection, containment, eradication, recovery, and lessons learned."
Cyber Security,Why do developers use password manager?,"Password manager is used so people can have strong, different passwords for every account. It is an application that stores and generates unique passwords securely. It reduces reuse and makes phishing easier to spot through domain matching. It works best with multi-factor authentication."
Cyber Security,Is there a substitute for password manager?,"Password manager works best with multi-factor authentication. It is used so people can have strong, different passwords for every account. It reduces reuse and makes phishing easier to spot through domain matching. It creates a single point of failure if the master password is weak."
Cyber Security,Define firewall in simple words.,Firewall is a security control that filters network traffic using defined rules. It is used at network edges and on hosts to block unauthorized connections. It cannot stop attacks inside allowed traffic or insider threats alone. It ranges from packet filters to next-generation firewalls and web application firewalls.
Cyber Security,Where have you seen endpoint detection and response in action?,Endpoint detection and response isolates a laptop when it sees ransomware-like file encryption. It is a tool that monitors endpoints for malicious behavior and enables response. It is used to detect advanced threats on laptops and servers. It offers deep visibility and rapid containment of compromised devices.
Cyber Security,How does data loss prevention help developers?,"Data loss prevention reduces accidental leaks and supports regulatory compliance. It is a set of tools and policies that stop sensitive data from leaving the organization. It is used to protect customer records, source code, and personal data. It can cause false positives that block legitimate work."
Cyber Security,Explain password manager.,Password manager is an application that stores and generates unique passwords securely. It reduces reuse and makes phishing easier to spot through domain matching. It fills a random twenty-character password on a login form. It works best with multi-factor authentication.
Cyber Security,Where have you seen honeypot in action?,"Honeypot exposes a fake database server that logs every access attempt. It is used to detect intrusions and collect threat intelligence. It requires careful isolation, since a compromised honeypot can become a foothold. It scales up to honeynets and honeytokens."
Cyber Security,How does SQL injection differ from related concepts?,"SQL injection is defended against by prepared statements, input validation, and least-privilege database accounts. It can expose, modify, or delete data and sometimes give attackers control of the server. It abuses a login by entering a quote and OR 1=1 to bypass the password check."
Cyber Security,What problem does malware solve?,"Malware is used by attackers to steal data, spy, or control machines. It is software designed to damage, disrupt, or gain unauthorized access to systems. It includes viruses, worms, trojans, spyware, and ransomware. It is analyzed through static and dynamic analysis in sandboxes."
Cyber Security,What does intrusion detection system mean?,Intrusion detection system is a system that monitors network or host activity for suspicious behavior. It gives visibility and alerts that enable fast response. It generates false positives and only detects instead of blocking. It alerts when a host scans many ports in seconds.
Cyber Security,What are the disadvantages of firewall?,Firewall cannot stop attacks inside allowed traffic or insider threats alone. It is a security control that filters network traffic using defined rules. It blocks incoming connections on port 23 while allowing HTTPS. It ranges from packet filters to next-generation firewalls and web application firewalls.
Cyber Security,What is a practical example of privilege escalation?,"Privilege escalation lets a normal user become administrator through a vulnerable service. It is the exploitation of a flaw to gain higher access than intended. It is limited through patching, least privilege, and monitoring. It occurs vertically to higher roles or horizontally to other users' accounts."
Cyber Security,List the strengths of network segmentation.,"Network segmentation limits lateral movement and contains breaches. It is dividing a network into separate zones with controlled traffic between them. It places guest Wi-Fi on a separate VLAN from internal servers. It is implemented with VLANs, firewalls, and microsegmentation."
Cyber Security,What are common pitfalls with session hijacking?,"Session hijacking lets attackers act as the user without knowing the password. It is taking over a user's active session by stealing its identifier. It is attempted through XSS, network sniffing, or predictable tokens. It is prevented by HTTPS, secure cookies, and short session lifetimes."
Cyber Security,How does incident response help developers?,"Incident response reduces damage and recovery time through prepared playbooks. It is used whenever a breach or attack is suspected. It fails when plans are untested or roles are unclear. It isolates infected machines, preserves evidence, and restores from clean backups."
Cyber Security,What are the disadvantages of penetration testing?,Penetration testing covers a limited time and scope and costs money. It is used before launches and for compliance checks. It finds real exploitable issues and shows their impact. It has testers exploit a web app's flaw to reach customer records.
Cyber Security,How is multi-factor authentication used in practice?,"Multi-factor authentication asks for a password and a code from an authenticator app. It is used for email, banking, and administrator accounts. It stops most account takeovers even when passwords leak. It is strongest with hardware security keys and passkeys."
Cyber Security,What should you watch out for when using privilege escalation?,"Privilege escalation can turn a small compromise into full system control. It is used by attackers after initial access to take control. It is limited through patching, least privilege, and monitoring. It occurs vertically to higher roles or horizontally to other users' accounts."
Cyber Security,What is patch management?,"Patch management is the process of identifying, testing, and installing software updates. It removes the easiest paths for attackers. It can cause downtime or compatibility issues if not tested. It applies a monthly operating system security update across all laptops. It is helped by asset inventory and automated tools."
Cyber Security,What are the drawbacks of phishing?,"Phishing can lead to account takeover, malware infection, and financial loss. It is delivered by attackers through email, SMS, and fake login pages. It is reduced by awareness training, email filtering, and multi-factor authentication. It includes spear phishing for targeted victims and vishing by phone."
Cyber Security,What are the alternatives or companions of password salting?,"Password salting should be paired with slow hashing like bcrypt, scrypt, or Argon2. It is the practice of adding a random value to a password before hashing. It defeats rainbow tables and keeps identical passwords from sharing the same hash."
Cyber Security,How does SIEM differ from related concepts?,"SIEM is offered by Splunk, Microsoft Sentinel, and Elastic. It is used by security teams to detect and investigate threats. It gives central visibility across systems and supports compliance. It is expensive and noisy, and needs tuning to avoid alert fatigue."
Cyber Security,When should you avoid threat modeling?,"Threat modeling needs expertise and time, and models go stale as systems change. It is used during design to find security flaws early. It uses STRIDE to examine each component for spoofing or tampering. It includes STRIDE, DREAD, and attack trees."
Cyber Security,What problems can SSH cause?,SSH is exposed to brute force attempts if password login is enabled. It is a protocol for secure remote login and command execution over an encrypted channel. It connects to a server with ssh user@host using a private key. It replaced insecure protocols like Telnet.
Cyber Security,What makes intrusion detection system valuable?,Intrusion detection system gives visibility and alerts that enable fast response. It is a system that monitors network or host activity for suspicious behavior. It is used to detect intrusions and policy violations. It generates false positives and only detects instead of blocking.
Cyber Security,What problem does vulnerability scanning solve?,Vulnerability scanning is used regularly to find missing patches and misconfigurations. It is the automated checking of systems for known weaknesses. It covers many assets quickly and cheaply. It uses a scanner like Nessus or OpenVAS to list outdated software.
Cyber Security,How is VPN typically used in real projects?,"VPN is used for secure remote access and protecting traffic on untrusted networks. It is a service that creates an encrypted tunnel between a device and a network. It protects data in transit and hides the user's IP address from sites. It uses protocols like WireGuard, OpenVPN, and IPsec."
Cyber Security,What is an alternative to session hijacking?,"Session hijacking is related to session fixation. It is attempted through XSS, network sniffing, or predictable tokens. It is prevented by HTTPS, secure cookies, and short session lifetimes. It lets attackers act as the user without knowing the password. It steals a session cookie from an open Wi-Fi network."
Cyber Security,When should you use privilege escalation?,Privilege escalation is used by attackers after initial access to take control. It can turn a small compromise into full system control. It lets a normal user become administrator through a vulnerable service. It occurs vertically to higher roles or horizontally to other users' accounts.
Cyber Security,Where is directory traversal commonly applied?,Directory traversal is tested wherever file names come from user input. It is an attack that uses path sequences like ../ to access files outside the intended folder. It is prevented by validating paths and using allow-lists. It is also called path traversal.
Cyber Security,How does multi-factor authentication help developers?,"Multi-factor authentication stops most account takeovers even when passwords leak. It is used for email, banking, and administrator accounts. It can be bypassed by phishing or SIM swapping, and adds user friction. It is strongest with hardware security keys and passkeys."
Cyber Security,Is there a substitute for ransomware?,"Ransomware often arrives through phishing or exposed remote desktop services. It is malware that encrypts files and demands payment for the decryption key. It is used by criminals against hospitals, businesses, and individuals for extortion. It can halt operations, leak stolen data, and offers no guarantee of recovery after payment."
Cyber Security,What is OWASP Top 10?,OWASP Top 10 is a regularly updated list of the most critical web application security risks. It is used as an awareness and secure coding baseline. It lists risks such as broken access control and injection. It is published by the Open Worldwide Application Security Project.
Cyber Security,What makes phishing valuable?,"Phishing is reduced by awareness training, email filtering, and multi-factor authentication. It is a social engineering attack using fake messages or sites to steal credentials. It is delivered by attackers through email, SMS, and fake login pages. It includes spear phishing for targeted victims and vishing by phone."
Cyber Security,In which situations is endpoint detection and response a good choice?,Endpoint detection and response is used to detect advanced threats on laptops and servers. It is a tool that monitors endpoints for malicious behavior and enables response. It requires agents and skilled analysts and can slow devices. It goes beyond traditional antivirus signature matching.
Cyber Security,What should I learn alongside directory traversal?,Directory traversal is also called path traversal. It is an attack that uses path sequences like ../ to access files outside the intended folder. It is tested wherever file names come from user input. It can expose configuration files and passwords. It requests ../../etc/passwd through a file download parameter.
Cyber Security,What do you gain by using digital signature?,"Digital signature provides authenticity, integrity, and non-repudiation. It is a cryptographic proof that a message came from a signer and was not altered. It is used for software updates, contracts, and certificates. It depends on keeping private keys secure and trusting certificates."
Cyber Security,Show a real-world example of endpoint detection and response.,Endpoint detection and response isolates a laptop when it sees ransomware-like file encryption. It is a tool that monitors endpoints for malicious behavior and enables response. It requires agents and skilled analysts and can slow devices. It goes beyond traditional antivirus signature matching.
Cyber Security,In which situations is vulnerability scanning a good choice?,Vulnerability scanning is used regularly to find missing patches and misconfigurations. It is the automated checking of systems for known weaknesses. It covers many assets quickly and cheaply. It produces false positives and cannot confirm real exploitability. It uses a scanner like Nessus or OpenVAS to list outdated software.
Cyber Security,What is the difference between symmetric and asymmetric encryption?,"Symmetric encryption uses one shared secret key for both encryption and decryption, making it fast for large data, as with AES. Asymmetric encryption uses a public and private key pair, solving key distribution and enabling digital signatures, as with RSA, but it is slower. Systems often combine both."
Cyber Security,What is related to password manager?,Password manager works best with multi-factor authentication. It reduces reuse and makes phishing easier to spot through domain matching. It creates a single point of failure if the master password is weak. It fills a random twenty-character password on a login form.
Cyber Security,Why is SIEM considered important?,"SIEM gives central visibility across systems and supports compliance. It is a platform that collects and correlates security logs for analysis and alerts. It is used by security teams to detect and investigate threats. It is expensive and noisy, and needs tuning to avoid alert fatigue."
Cyber Security,What makes vulnerability scanning valuable?,Vulnerability scanning covers many assets quickly and cheaply. It is the automated checking of systems for known weaknesses. It is used regularly to find missing patches and misconfigurations. It produces false positives and cannot confirm real exploitability. It uses a scanner like Nessus or OpenVAS to list outdated software.
Cyber Security,What are the limitations of VPN?,"VPN does not make users anonymous and shifts trust to the VPN provider. It is a service that creates an encrypted tunnel between a device and a network. It is used for secure remote access and protecting traffic on untrusted networks. It uses protocols like WireGuard, OpenVPN, and IPsec."
Cyber Security,Where is digital signature commonly applied?,"Digital signature is used for software updates, contracts, and certificates. It provides authenticity, integrity, and non-repudiation. It depends on keeping private keys secure and trusting certificates. It lets a developer sign an app so users verify it. It is created by signing a hash with a private key."
Cyber Security,When should you use VPN?,VPN is used for secure remote access and protecting traffic on untrusted networks. It is a service that creates an encrypted tunnel between a device and a network. It protects data in transit and hides the user's IP address from sites.
Cyber Security,How does penetration testing compare with similar approaches?,"Penetration testing differs from vulnerability scanning, which is automated and less deep. It is an authorized simulated attack to find weaknesses in a system. It is used before launches and for compliance checks. It has testers exploit a web app's flaw to reach customer records."
Cyber Security,What problem does network segmentation solve?,"Network segmentation is used to isolate sensitive systems such as payment servers. It is dividing a network into separate zones with controlled traffic between them. It places guest Wi-Fi on a separate VLAN from internal servers. It is implemented with VLANs, firewalls, and microsegmentation."
Cyber Security,Why do developers use honeypot?,Honeypot is used to detect intrusions and collect threat intelligence. It is a decoy system designed to attract and study attackers. It gives early warning and reveals attacker techniques. It exposes a fake database server that logs every access attempt. It scales up to honeynets and honeytokens.
Cyber Security,Where is TLS commonly applied?,"TLS is used for HTTPS, email, and secure APIs. It is a protocol that encrypts and authenticates data sent between clients and servers. It cannot protect endpoints, and weak configurations or old versions are vulnerable. It is the successor of SSL."
Cyber Security,What problem does phishing solve?,"Phishing is delivered by attackers through email, SMS, and fake login pages. It is a social engineering attack using fake messages or sites to steal credentials. It is reduced by awareness training, email filtering, and multi-factor authentication. It can lead to account takeover, malware infection, and financial loss."
Cyber Security,Why is public key infrastructure useful?,"Public key infrastructure enables trust between strangers on the internet. It is used for HTTPS, code signing, and email encryption. It depends on certificate authorities, and a compromised authority harms trust. It includes certificate authorities, registration authorities, and revocation lists."
Cyber Security,How is digital signature used in practice?,"Digital signature lets a developer sign an app so users verify it. It is a cryptographic proof that a message came from a signer and was not altered. It provides authenticity, integrity, and non-repudiation. It depends on keeping private keys secure and trusting certificates."
Cyber Security,Give an example of privilege escalation.,"Privilege escalation lets a normal user become administrator through a vulnerable service. It is the exploitation of a flaw to gain higher access than intended. It is limited through patching, least privilege, and monitoring. It can turn a small compromise into full system control."
Cyber Security,How is patch management typically used in real projects?,"Patch management is used to close known vulnerabilities across systems. It is the process of identifying, testing, and installing software updates. It removes the easiest paths for attackers. It applies a monthly operating system security update across all laptops. It is helped by asset inventory and automated tools."
Cyber Security,What other concepts are connected to least privilege?,"Least privilege supports separation of duties and role-based access control. It is a principle giving users and programs only the access they need. It limits the damage from mistakes and compromised accounts. It needs ongoing review, since permissions tend to accumulate."
Cyber Security,What are the drawbacks of digital signature?,"Digital signature depends on keeping private keys secure and trusting certificates. It is a cryptographic proof that a message came from a signer and was not altered. It provides authenticity, integrity, and non-repudiation. It is created by signing a hash with a private key."
Cyber Security,What are the downsides of password manager?,Password manager creates a single point of failure if the master password is weak. It is an application that stores and generates unique passwords securely. It reduces reuse and makes phishing easier to spot through domain matching. It fills a random twenty-character password on a login form.
Cyber Security,What are the benefits of using buffer overflow?,"Buffer overflow is prevented by bounds checking, memory-safe languages, and compiler protections. It is studied in low-level languages like C and C++. It can crash programs or let attackers run arbitrary code. It is mitigated by stack canaries, ASLR, and non-executable memory."
Cyber Security,What does VPN mean?,"VPN is a service that creates an encrypted tunnel between a device and a network. It is used for secure remote access and protecting traffic on untrusted networks. It lets an employee reach the company intranet from home securely. It uses protocols like WireGuard, OpenVPN, and IPsec."
Cyber Security,What is related to symmetric encryption?,Symmetric encryption is often combined with asymmetric encryption in TLS. It is used for bulk data such as disk encryption and file protection. It is fast and efficient for large amounts of data. It struggles with secure key distribution between parties.
Cyber Security,What are the alternatives or companions of penetration testing?,"Penetration testing differs from vulnerability scanning, which is automated and less deep. It is used before launches and for compliance checks. It finds real exploitable issues and shows their impact. It has testers exploit a web app's flaw to reach customer records."
Cyber Security,Can you illustrate asymmetric encryption with an example?,"Asymmetric encryption lets anyone encrypt a message with a public key that only the owner can read. It is used for key exchange, digital signatures, and secure email. It removes the need to share a secret in advance. It is much slower than symmetric encryption and needs larger keys."
Cyber Security,What are common pitfalls with directory traversal?,Directory traversal can expose configuration files and passwords. It is an attack that uses path sequences like ../ to access files outside the intended folder. It is tested wherever file names come from user input. It is prevented by validating paths and using allow-lists. It is also called path traversal.
Cyber Security,What are the alternatives or companions of SQL injection?,"SQL injection is defended against by prepared statements, input validation, and least-privilege database accounts. It is an attack that inserts malicious SQL into input so the database runs it. It can expose, modify, or delete data and sometimes give attackers control of the server."
Cyber Security,Explain cross-site scripting.,"Cross-site scripting is an attack that injects malicious scripts into pages viewed by other users. It is preventable through output encoding, sanitization, and Content Security Policy. It can steal session cookies, deface pages, and perform actions as victims. It comes in stored, reflected, and DOM-based forms."
Cyber Security,How would you explain threat modeling to a beginner?,"Threat modeling is a structured process for identifying and prioritizing potential threats to a system. It is used during design to find security flaws early. It needs expertise and time, and models go stale as systems change. It includes STRIDE, DREAD, and attack trees."
Cyber Security,What is the main purpose of threat modeling?,"Threat modeling is used during design to find security flaws early. It is a structured process for identifying and prioritizing potential threats to a system. It uses STRIDE to examine each component for spoofing or tampering. It includes STRIDE, DREAD, and attack trees."
Cyber Security,What is related to vulnerability scanning?,Vulnerability scanning is complemented by penetration testing for deeper validation. It is the automated checking of systems for known weaknesses. It is used regularly to find missing patches and misconfigurations. It covers many assets quickly and cheaply. It uses a scanner like Nessus or OpenVAS to list outdated software.
Cyber Security,Is there a substitute for DDoS attack?,DDoS attack differs from a single-source denial-of-service attack. It is an attack that floods a target with traffic from many sources. It is used by attackers to take down websites and services. It uses a botnet to send millions of requests to a website.
Cyber Security,What are the advantages of VPN?,"VPN protects data in transit and hides the user's IP address from sites. It is a service that creates an encrypted tunnel between a device and a network. It does not make users anonymous and shifts trust to the VPN provider. It uses protocols like WireGuard, OpenVPN, and IPsec."
Cyber Security,What do you gain by using TLS?,"TLS protects confidentiality and integrity and verifies the server identity. It is a protocol that encrypts and authenticates data sent between clients and servers. It cannot protect endpoints, and weak configurations or old versions are vulnerable. It shows the padlock in the browser for HTTPS sites."
Cyber Security,Describe patch management briefly.,"Patch management is the process of identifying, testing, and installing software updates. It is used to close known vulnerabilities across systems. It can cause downtime or compatibility issues if not tested. It applies a monthly operating system security update across all laptops."
Cyber Security,List the strengths of DNS spoofing.,"DNS spoofing is countered by DNSSEC, encrypted DNS, and HTTPS. It is an attack that gives false DNS answers to redirect users to malicious sites. It is used by attackers to harvest credentials and spread malware. It is also called DNS cache poisoning."
Cyber Security,Describe DNS spoofing briefly.,DNS spoofing is an attack that gives false DNS answers to redirect users to malicious sites. It is used by attackers to harvest credentials and spread malware. It can silently send users to lookalike sites. It makes a bank's domain resolve to an attacker's server.
Cyber Security,What are the limitations of threat modeling?,"Threat modeling needs expertise and time, and models go stale as systems change. It is a structured process for identifying and prioritizing potential threats to a system. It is used during design to find security flaws early. It includes STRIDE, DREAD, and attack trees."
Cyber Security,Explain symmetric encryption.,Symmetric encryption is encryption that uses the same secret key for encryption and decryption. It is used for bulk data such as disk encryption and file protection. It encrypts a file with AES-256 using one shared key. It is often combined with asymmetric encryption in TLS.
Cyber Security,Where is patch management commonly applied?,"Patch management is used to close known vulnerabilities across systems. It is the process of identifying, testing, and installing software updates. It removes the easiest paths for attackers. It can cause downtime or compatibility issues if not tested. It is helped by asset inventory and automated tools."
Cyber Security,How would you explain VPN to a beginner?,"VPN is a service that creates an encrypted tunnel between a device and a network. It is used for secure remote access and protecting traffic on untrusted networks. It does not make users anonymous and shifts trust to the VPN provider. It uses protocols like WireGuard, OpenVPN, and IPsec."
Cyber Security,When should you use clickjacking?,Clickjacking is used to make victims perform unintended actions like likes or payments. It is an attack that tricks users into clicking something hidden under a visible element. It abuses legitimate pages loaded in invisible frames. It overlays a transparent frame of a bank page over a fake prize button.
Cyber Security,Why is directory traversal considered important?,Directory traversal is prevented by validating paths and using allow-lists. It is an attack that uses path sequences like ../ to access files outside the intended folder. It is tested wherever file names come from user input. It is also called path traversal.
Cyber Security,List the strengths of patch management.,"Patch management removes the easiest paths for attackers. It is the process of identifying, testing, and installing software updates. It can cause downtime or compatibility issues if not tested. It applies a monthly operating system security update across all laptops. It is helped by asset inventory and automated tools."
Cyber Security,What are the alternatives or companions of password manager?,Password manager works best with multi-factor authentication. It is an application that stores and generates unique passwords securely. It creates a single point of failure if the master password is weak. It fills a random twenty-character password on a login form.
Cyber Security,What should you watch out for when using network segmentation?,"Network segmentation increases design complexity and management effort. It is dividing a network into separate zones with controlled traffic between them. It is used to isolate sensitive systems such as payment servers. It is implemented with VLANs, firewalls, and microsegmentation."
Cyber Security,What are the alternatives or companions of SIEM?,"SIEM is offered by Splunk, Microsoft Sentinel, and Elastic. It is a platform that collects and correlates security logs for analysis and alerts. It gives central visibility across systems and supports compliance. It is expensive and noisy, and needs tuning to avoid alert fatigue."
Cyber Security,How does password salting compare with similar approaches?,"Password salting should be paired with slow hashing like bcrypt, scrypt, or Argon2. It is the practice of adding a random value to a password before hashing. It defeats rainbow tables and keeps identical passwords from sharing the same hash. It stores a unique salt next to each user's hash."
Cyber Security,In which situations is DDoS attack a good choice?,"DDoS attack is used by attackers to take down websites and services. It is mitigated with CDNs, rate limiting, and scrubbing services. It causes downtime, lost revenue, and can hide other attacks. It uses a botnet to send millions of requests to a website."
Cyber Security,What does directory traversal mean?,Directory traversal is an attack that uses path sequences like ../ to access files outside the intended folder. It is prevented by validating paths and using allow-lists. It can expose configuration files and passwords. It requests ../../etc/passwd through a file download parameter.
Cyber Security,What should I learn alongside man-in-the-middle attack?,Man-in-the-middle attack includes ARP spoofing and SSL stripping. It is an attack where someone secretly intercepts or alters communication between two parties. It can expose passwords and let attackers modify messages. It lets an attacker on a cafe network read unencrypted traffic.
Cyber Security,What are common pitfalls with man-in-the-middle attack?,"Man-in-the-middle attack can expose passwords and let attackers modify messages. It is common on unsecured public Wi-Fi and compromised networks. It is prevented by TLS, certificate validation, and VPNs. It lets an attacker on a cafe network read unencrypted traffic. It includes ARP spoofing and SSL stripping."
Cyber Security,How is TLS typically used in real projects?,"TLS is used for HTTPS, email, and secure APIs. It protects confidentiality and integrity and verifies the server identity. It cannot protect endpoints, and weak configurations or old versions are vulnerable. It shows the padlock in the browser for HTTPS sites. It is the successor of SSL."
Cyber Security,What is a practical example of clickjacking?,Clickjacking overlays a transparent frame of a bank page over a fake prize button. It is an attack that tricks users into clicking something hidden under a visible element. It is blocked by X-Frame-Options and the CSP frame-ancestors directive. It abuses legitimate pages loaded in invisible frames.
Cyber Security,What are the alternatives or companions of digital signature?,"Digital signature is created by signing a hash with a private key. It is a cryptographic proof that a message came from a signer and was not altered. It is used for software updates, contracts, and certificates. It depends on keeping private keys secure and trusting certificates."
Cyber Security,What should I learn alongside firewall?,Firewall ranges from packet filters to next-generation firewalls and web application firewalls. It is used at network edges and on hosts to block unauthorized connections. It reduces exposure by allowing only necessary traffic. It blocks incoming connections on port 23 while allowing HTTPS.
Cyber Security,Why is public key infrastructure considered important?,"Public key infrastructure enables trust between strangers on the internet. It is a framework of certificates and authorities that manages public keys and identities. It is used for HTTPS, code signing, and email encryption. It includes certificate authorities, registration authorities, and revocation lists."
Cyber Security,What should I learn alongside DDoS attack?,"DDoS attack differs from a single-source denial-of-service attack. It is used by attackers to take down websites and services. It is mitigated with CDNs, rate limiting, and scrubbing services. It uses a botnet to send millions of requests to a website."
Cyber Security,What should I learn alongside symmetric encryption?,Symmetric encryption is often combined with asymmetric encryption in TLS. It is encryption that uses the same secret key for encryption and decryption. It is fast and efficient for large amounts of data. It struggles with secure key distribution between parties.
Cyber Security,What are the limitations of buffer overflow?,"Buffer overflow can crash programs or let attackers run arbitrary code. It is studied in low-level languages like C and C++. It is prevented by bounds checking, memory-safe languages, and compiler protections. It happens when copying a long string into a small fixed array."
Cyber Security,Show a real-world example of phishing.,"Phishing sends an email imitating a bank that links to a fake login page. It is a social engineering attack using fake messages or sites to steal credentials. It can lead to account takeover, malware infection, and financial loss. It includes spear phishing for targeted victims and vishing by phone."
Cyber Security,Why do developers use endpoint detection and response?,Endpoint detection and response is used to detect advanced threats on laptops and servers. It is a tool that monitors endpoints for malicious behavior and enables response. It isolates a laptop when it sees ransomware-like file encryption. It goes beyond traditional antivirus signature matching.
Cyber Security,What are the limitations of hashing?,"Hashing is not reversible, and fast hashes are unsafe for passwords. It is a one-way function that turns data into a fixed-length digest. It is used for password storage, integrity checks, and digital signatures. It verifies a downloaded file against a published SHA-256 checksum."
Cyber Security,What is honeypot?,"Honeypot is a decoy system designed to attract and study attackers. It is used to detect intrusions and collect threat intelligence. It requires careful isolation, since a compromised honeypot can become a foothold. It scales up to honeynets and honeytokens."
Cyber Security,What is clickjacking used for?,Clickjacking is used to make victims perform unintended actions like likes or payments. It is an attack that tricks users into clicking something hidden under a visible element. It is blocked by X-Frame-Options and the CSP frame-ancestors directive. It abuses legitimate pages loaded in invisible frames.
Cyber Security,What should I learn alongside SQL injection?,"SQL injection is defended against by prepared statements, input validation, and least-privilege database accounts. It is an attack that inserts malicious SQL into input so the database runs it. It is fully preventable with parameterized queries, which keep data separate from code."
Cyber Security,What is social engineering?,"Social engineering is the manipulation of people into revealing information or performing actions. It is countered by training, verification procedures, and a reporting culture. It has a caller pose as IT support and ask for a password. It includes phishing, pretexting, baiting, and tailgating."
Cyber Security,In which situations is buffer overflow a good choice?,"Buffer overflow is studied in low-level languages like C and C++. It is a bug where a program writes beyond the end of a memory buffer. It is prevented by bounds checking, memory-safe languages, and compiler protections. It is mitigated by stack canaries, ASLR, and non-executable memory."
Cyber Security,What does firewall mean?,Firewall is a security control that filters network traffic using defined rules. It reduces exposure by allowing only necessary traffic. It blocks incoming connections on port 23 while allowing HTTPS. It ranges from packet filters to next-generation firewalls and web application firewalls.
Cyber Security,How is data loss prevention typically used in real projects?,"Data loss prevention is used to protect customer records, source code, and personal data. It is a set of tools and policies that stop sensitive data from leaving the organization. It blocks an email carrying credit card numbers to an external address."
Cyber Security,Why is man-in-the-middle attack useful?,"Man-in-the-middle attack is prevented by TLS, certificate validation, and VPNs. It is an attack where someone secretly intercepts or alters communication between two parties. It is common on unsecured public Wi-Fi and compromised networks. It can expose passwords and let attackers modify messages."
Cyber Security,When should you avoid VPN?,VPN does not make users anonymous and shifts trust to the VPN provider. It is a service that creates an encrypted tunnel between a device and a network. It protects data in transit and hides the user's IP address from sites.
Cyber Security,Describe a scenario where SQL injection is applied.,"SQL injection abuses a login by entering a quote and OR 1=1 to bypass the password check. It can expose, modify, or delete data and sometimes give attackers control of the server. It is defended against by prepared statements, input validation, and least-privilege database accounts."
Cyber Security,What is related to DDoS attack?,"DDoS attack differs from a single-source denial-of-service attack. It is an attack that floods a target with traffic from many sources. It is mitigated with CDNs, rate limiting, and scrubbing services. It causes downtime, lost revenue, and can hide other attacks."
Cyber Security,Show a real-world example of firewall.,Firewall blocks incoming connections on port 23 while allowing HTTPS. It is a security control that filters network traffic using defined rules. It reduces exposure by allowing only necessary traffic. It ranges from packet filters to next-generation firewalls and web application firewalls.
Cyber Security,Why is buffer overflow useful?,"Buffer overflow is prevented by bounds checking, memory-safe languages, and compiler protections. It is studied in low-level languages like C and C++. It can crash programs or let attackers run arbitrary code. It happens when copying a long string into a small fixed array."
Cyber Security,When should you use network segmentation?,Network segmentation is used to isolate sensitive systems such as payment servers. It is dividing a network into separate zones with controlled traffic between them. It limits lateral movement and contains breaches. It increases design complexity and management effort. It places guest Wi-Fi on a separate VLAN from internal servers.
Cyber Security,Why do developers use vulnerability scanning?,Vulnerability scanning is used regularly to find missing patches and misconfigurations. It covers many assets quickly and cheaply. It produces false positives and cannot confirm real exploitability. It uses a scanner like Nessus or OpenVAS to list outdated software. It is complemented by penetration testing for deeper validation.
Cyber Security,Describe asymmetric encryption briefly.,Asymmetric encryption is encryption using a public key to encrypt and a private key to decrypt. It removes the need to share a secret in advance. It is much slower than symmetric encryption and needs larger keys. It includes RSA and elliptic curve cryptography.
Cyber Security,What makes session hijacking valuable?,"Session hijacking is prevented by HTTPS, secure cookies, and short session lifetimes. It is taking over a user's active session by stealing its identifier. It lets attackers act as the user without knowing the password. It is related to session fixation."
Cyber Security,What makes digital signature valuable?,"Digital signature provides authenticity, integrity, and non-repudiation. It is a cryptographic proof that a message came from a signer and was not altered. It depends on keeping private keys secure and trusting certificates. It lets a developer sign an app so users verify it."
Cyber Security,Where have you seen session hijacking in action?,"Session hijacking steals a session cookie from an open Wi-Fi network. It is taking over a user's active session by stealing its identifier. It is attempted through XSS, network sniffing, or predictable tokens. It is prevented by HTTPS, secure cookies, and short session lifetimes."
Cyber Security,How does honeypot compare with similar approaches?,"Honeypot scales up to honeynets and honeytokens. It is a decoy system designed to attract and study attackers. It is used to detect intrusions and collect threat intelligence. It gives early warning and reveals attacker techniques. It requires careful isolation, since a compromised honeypot can become a foothold."
Cyber Security,What is SSH?,SSH is a protocol for secure remote login and command execution over an encrypted channel. It is used by administrators to manage servers. It protects credentials and supports key-based authentication. It is exposed to brute force attempts if password login is enabled. It replaced insecure protocols like Telnet.
Cyber Security,Why is phishing considered important?,"Phishing is reduced by awareness training, email filtering, and multi-factor authentication. It is a social engineering attack using fake messages or sites to steal credentials. It sends an email imitating a bank that links to a fake login page. It includes spear phishing for targeted victims and vishing by phone."
Cyber Security,Describe password salting briefly.,"Password salting is the practice of adding a random value to a password before hashing. It is used when storing passwords in databases. It stores a unique salt next to each user's hash. It should be paired with slow hashing like bcrypt, scrypt, or Argon2."
Cyber Security,Why is vulnerability scanning considered important?,Vulnerability scanning covers many assets quickly and cheaply. It is the automated checking of systems for known weaknesses. It is used regularly to find missing patches and misconfigurations. It produces false positives and cannot confirm real exploitability. It is complemented by penetration testing for deeper validation.
Cyber Security,How is vulnerability scanning typically used in real projects?,Vulnerability scanning is used regularly to find missing patches and misconfigurations. It is the automated checking of systems for known weaknesses. It covers many assets quickly and cheaply. It uses a scanner like Nessus or OpenVAS to list outdated software. It is complemented by penetration testing for deeper validation.
Cyber Security,How is penetration testing used in practice?,"Penetration testing has testers exploit a web app's flaw to reach customer records. It is an authorized simulated attack to find weaknesses in a system. It is used before launches and for compliance checks. It differs from vulnerability scanning, which is automated and less deep."
Cyber Security,What are the downsides of vulnerability scanning?,Vulnerability scanning produces false positives and cannot confirm real exploitability. It is used regularly to find missing patches and misconfigurations. It uses a scanner like Nessus or OpenVAS to list outdated software. It is complemented by penetration testing for deeper validation.
Cyber Security,Define honeypot in simple words.,"Honeypot is a decoy system designed to attract and study attackers. It requires careful isolation, since a compromised honeypot can become a foothold. It exposes a fake database server that logs every access attempt. It scales up to honeynets and honeytokens."
Cyber Security,Can you illustrate ransomware with an example?,"Ransomware locks all files with a note demanding bitcoin. It is malware that encrypts files and demands payment for the decryption key. It can halt operations, leak stolen data, and offers no guarantee of recovery after payment. It often arrives through phishing or exposed remote desktop services."
Cyber Security,Define malware in simple words.,"Malware is software designed to damage, disrupt, or gain unauthorized access to systems. It is used by attackers to steal data, spy, or control machines. It includes viruses, worms, trojans, spyware, and ransomware. It is analyzed through static and dynamic analysis in sandboxes."
Cyber Security,What does vulnerability scanning mean?,Vulnerability scanning is the automated checking of systems for known weaknesses. It is used regularly to find missing patches and misconfigurations. It uses a scanner like Nessus or OpenVAS to list outdated software. It is complemented by penetration testing for deeper validation.
Cyber Security,What are the advantages of public key infrastructure?,"Public key infrastructure enables trust between strangers on the internet. It depends on certificate authorities, and a compromised authority harms trust. It lets browsers trust a website because a known authority signed its certificate. It includes certificate authorities, registration authorities, and revocation lists."
Cyber Security,What are the limitations of password manager?,"Password manager creates a single point of failure if the master password is weak. It is used so people can have strong, different passwords for every account. It fills a random twenty-character password on a login form. It works best with multi-factor authentication."
Cyber Security,What should you watch out for when using digital signature?,"Digital signature depends on keeping private keys secure and trusting certificates. It is a cryptographic proof that a message came from a signer and was not altered. It is used for software updates, contracts, and certificates. It lets a developer sign an app so users verify it."
Cyber Security,When should you avoid symmetric encryption?,Symmetric encryption struggles with secure key distribution between parties. It is encryption that uses the same secret key for encryption and decryption. It is fast and efficient for large amounts of data. It is often combined with asymmetric encryption in TLS.
Cyber Security,How would you explain DNS spoofing to a beginner?,DNS spoofing is an attack that gives false DNS answers to redirect users to malicious sites. It is used by attackers to harvest credentials and spread malware. It makes a bank's domain resolve to an attacker's server. It is also called DNS cache poisoning.
Cyber Security,What is the basic idea behind firewall?,Firewall is a security control that filters network traffic using defined rules. It is used at network edges and on hosts to block unauthorized connections. It reduces exposure by allowing only necessary traffic. It cannot stop attacks inside allowed traffic or insider threats alone.
Cyber Security,What is related to public key infrastructure?,"Public key infrastructure includes certificate authorities, registration authorities, and revocation lists. It is used for HTTPS, code signing, and email encryption. It enables trust between strangers on the internet. It depends on certificate authorities, and a compromised authority harms trust."
Cyber Security,Explain SIEM.,"SIEM is a platform that collects and correlates security logs for analysis and alerts. It is used by security teams to detect and investigate threats. It is expensive and noisy, and needs tuning to avoid alert fatigue. It alerts when many failed logins are followed by a success."
Cyber Security,Give an example of VPN.,"VPN lets an employee reach the company intranet from home securely. It is a service that creates an encrypted tunnel between a device and a network. It is used for secure remote access and protecting traffic on untrusted networks. It uses protocols like WireGuard, OpenVPN, and IPsec."
Cyber Security,Where have you seen CSRF in action?,CSRF makes a hidden form on a malicious page submit a money transfer to a bank. It is relevant for state-changing actions such as transfers and password changes. It is blocked effectively by anti-CSRF tokens and SameSite cookies. It can perform actions as the victim without stealing their credentials.
Cyber Security,How does SQL injection compare with similar approaches?,"SQL injection is defended against by prepared statements, input validation, and least-privilege database accounts. It is tested for in login forms, search boxes, and any database-backed input. It is fully preventable with parameterized queries, which keep data separate from code."
Cyber Security,What is SIEM?,SIEM is a platform that collects and correlates security logs for analysis and alerts. It is used by security teams to detect and investigate threats. It gives central visibility across systems and supports compliance. It alerts when many failed logins are followed by a success.
Cyber Security,How is public key infrastructure typically used in real projects?,"Public key infrastructure is used for HTTPS, code signing, and email encryption. It depends on certificate authorities, and a compromised authority harms trust. It lets browsers trust a website because a known authority signed its certificate. It includes certificate authorities, registration authorities, and revocation lists."
Cyber Security,How would you explain ransomware to a beginner?,"Ransomware is malware that encrypts files and demands payment for the decryption key. It can be mitigated with offline backups, patching, and network segmentation. It can halt operations, leak stolen data, and offers no guarantee of recovery after payment. It often arrives through phishing or exposed remote desktop services."
Cyber Security,How is man-in-the-middle attack used in practice?,Man-in-the-middle attack lets an attacker on a cafe network read unencrypted traffic. It is an attack where someone secretly intercepts or alters communication between two parties. It is common on unsecured public Wi-Fi and compromised networks. It includes ARP spoofing and SSL stripping.
Cyber Security,What are the alternatives or companions of DNS spoofing?,"DNS spoofing is also called DNS cache poisoning. It is an attack that gives false DNS answers to redirect users to malicious sites. It is countered by DNSSEC, encrypted DNS, and HTTPS. It can silently send users to lookalike sites. It makes a bank's domain resolve to an attacker's server."
Cyber Security,What is brute force attack?,"Brute force attack is an attack that tries many password or key combinations until one works. It is used against weak passwords and exposed login pages. It is slowed by lockouts, rate limiting, and strong passwords. It tries thousands of passwords per minute on an SSH login."
Cyber Security,What is SQL injection and how can it be prevented?,"SQL injection is an attack where malicious SQL code is inserted into input fields so the database executes unintended commands, potentially exposing or modifying data. Prevent it using parameterized queries or prepared statements, input validation, least-privilege database accounts, and ORM frameworks rather than concatenating user input into queries."
Cyber Security,What is ransomware used for?,"Ransomware is used by criminals against hospitals, businesses, and individuals for extortion. It can be mitigated with offline backups, patching, and network segmentation. It can halt operations, leak stolen data, and offers no guarantee of recovery after payment. It often arrives through phishing or exposed remote desktop services."
Cyber Security,Define CSRF in simple words.,CSRF is an attack that tricks a logged-in user's browser into sending unwanted requests. It is relevant for state-changing actions such as transfers and password changes. It makes a hidden form on a malicious page submit a money transfer to a bank.
Cyber Security,Why is password manager considered important?,Password manager reduces reuse and makes phishing easier to spot through domain matching. It creates a single point of failure if the master password is weak. It fills a random twenty-character password on a login form. It works best with multi-factor authentication.
Cyber Security,What do you gain by using threat modeling?,"Threat modeling finds issues cheaply before code is written. It is a structured process for identifying and prioritizing potential threats to a system. It is used during design to find security flaws early. It includes STRIDE, DREAD, and attack trees."
Cyber Security,What are the drawbacks of ransomware?,"Ransomware can halt operations, leak stolen data, and offers no guarantee of recovery after payment. It is used by criminals against hospitals, businesses, and individuals for extortion. It can be mitigated with offline backups, patching, and network segmentation. It often arrives through phishing or exposed remote desktop services."
Cyber Security,Can you illustrate firewall with an example?,Firewall blocks incoming connections on port 23 while allowing HTTPS. It is a security control that filters network traffic using defined rules. It is used at network edges and on hosts to block unauthorized connections. It cannot stop attacks inside allowed traffic or insider threats alone.
Cyber Security,What should you watch out for when using least privilege?,"Least privilege needs ongoing review, since permissions tend to accumulate. It is a principle giving users and programs only the access they need. It is used when designing roles, permissions, and service accounts. It limits the damage from mistakes and compromised accounts."
Cyber Security,How is VPN used in practice?,"VPN lets an employee reach the company intranet from home securely. It is used for secure remote access and protecting traffic on untrusted networks. It protects data in transit and hides the user's IP address from sites. It uses protocols like WireGuard, OpenVPN, and IPsec."
Cyber Security,Give an example of CSRF.,CSRF makes a hidden form on a malicious page submit a money transfer to a bank. It is an attack that tricks a logged-in user's browser into sending unwanted requests. It is relevant for state-changing actions such as transfers and password changes.
Cyber Security,What should I learn alongside intrusion detection system?,"Intrusion detection system differs from an intrusion prevention system, which blocks traffic automatically. It is a system that monitors network or host activity for suspicious behavior. It is used to detect intrusions and policy violations. It gives visibility and alerts that enable fast response."
Cyber Security,Why is CSRF considered important?,"CSRF is blocked effectively by anti-CSRF tokens and SameSite cookies. It is relevant for state-changing actions such as transfers and password changes. It can perform actions as the victim without stealing their credentials. It differs from XSS, since it exploits a server's trust in the user's browser."
Cyber Security,Is there a substitute for multi-factor authentication?,"Multi-factor authentication is strongest with hardware security keys and passkeys. It is used for email, banking, and administrator accounts. It stops most account takeovers even when passwords leak. It asks for a password and a code from an authenticator app."
Cyber Security,What other concepts are connected to SIEM?,"SIEM is offered by Splunk, Microsoft Sentinel, and Elastic. It is a platform that collects and correlates security logs for analysis and alerts. It is used by security teams to detect and investigate threats. It is expensive and noisy, and needs tuning to avoid alert fatigue."
Cyber Security,What are the benefits of using vulnerability scanning?,Vulnerability scanning covers many assets quickly and cheaply. It is the automated checking of systems for known weaknesses. It is used regularly to find missing patches and misconfigurations. It uses a scanner like Nessus or OpenVAS to list outdated software.
Cyber Security,What problem does ransomware solve?,"Ransomware is used by criminals against hospitals, businesses, and individuals for extortion. It is malware that encrypts files and demands payment for the decryption key. It can halt operations, leak stolen data, and offers no guarantee of recovery after payment. It locks all files with a note demanding bitcoin."
Cyber Security,What are the downsides of multi-factor authentication?,"Multi-factor authentication can be bypassed by phishing or SIM swapping, and adds user friction. It is authentication requiring two or more independent proof types. It asks for a password and a code from an authenticator app. It is strongest with hardware security keys and passkeys."
Cyber Security,What is related to multi-factor authentication?,Multi-factor authentication is strongest with hardware security keys and passkeys. It is authentication requiring two or more independent proof types. It stops most account takeovers even when passwords leak. It asks for a password and a code from an authenticator app.
Cyber Security,Where have you seen multi-factor authentication in action?,"Multi-factor authentication asks for a password and a code from an authenticator app. It is authentication requiring two or more independent proof types. It is used for email, banking, and administrator accounts. It stops most account takeovers even when passwords leak. It is strongest with hardware security keys and passkeys."
Cyber Security,When should you avoid multi-factor authentication?,"Multi-factor authentication can be bypassed by phishing or SIM swapping, and adds user friction. It is authentication requiring two or more independent proof types. It is used for email, banking, and administrator accounts. It asks for a password and a code from an authenticator app."
Cyber Security,Show a real-world example of social engineering.,"Social engineering has a caller pose as IT support and ask for a password. It is the manipulation of people into revealing information or performing actions. It is countered by training, verification procedures, and a reporting culture. It bypasses technical controls entirely by targeting trust."
Cyber Security,How does directory traversal compare with similar approaches?,Directory traversal is also called path traversal. It is an attack that uses path sequences like ../ to access files outside the intended folder. It is tested wherever file names come from user input. It requests ../../etc/passwd through a file download parameter.
Cyber Security,What are the drawbacks of data loss prevention?,"Data loss prevention can cause false positives that block legitimate work. It is a set of tools and policies that stop sensitive data from leaving the organization. It blocks an email carrying credit card numbers to an external address. It monitors endpoints, networks, and cloud storage."
Cyber Security,What is the basic idea behind DNS spoofing?,"DNS spoofing is an attack that gives false DNS answers to redirect users to malicious sites. It is countered by DNSSEC, encrypted DNS, and HTTPS. It can silently send users to lookalike sites. It makes a bank's domain resolve to an attacker's server."
Cyber Security,When should you use data loss prevention?,"Data loss prevention is used to protect customer records, source code, and personal data. It is a set of tools and policies that stop sensitive data from leaving the organization. It reduces accidental leaks and supports regulatory compliance. It blocks an email carrying credit card numbers to an external address."
Cyber Security,What are the alternatives or companions of honeypot?,"Honeypot scales up to honeynets and honeytokens. It is a decoy system designed to attract and study attackers. It requires careful isolation, since a compromised honeypot can become a foothold. It exposes a fake database server that logs every access attempt."
Cyber Security,How is penetration testing typically used in real projects?,"Penetration testing is used before launches and for compliance checks. It is an authorized simulated attack to find weaknesses in a system. It covers a limited time and scope and costs money. It differs from vulnerability scanning, which is automated and less deep."
Cyber Security,Describe CSRF briefly.,"CSRF is an attack that tricks a logged-in user's browser into sending unwanted requests. It is relevant for state-changing actions such as transfers and password changes. It is blocked effectively by anti-CSRF tokens and SameSite cookies. It differs from XSS, since it exploits a server's trust in the user's browser."
Cyber Security,How does session hijacking help developers?,"Session hijacking is prevented by HTTPS, secure cookies, and short session lifetimes. It is taking over a user's active session by stealing its identifier. It steals a session cookie from an open Wi-Fi network. It is related to session fixation."
Cyber Security,Give an example of OWASP Top 10.,OWASP Top 10 lists risks such as broken access control and injection. It is used as an awareness and secure coding baseline. It gives teams a common priority list for fixing issues. It is published by the Open Worldwide Application Security Project.
Cyber Security,Describe a scenario where endpoint detection and response is applied.,Endpoint detection and response isolates a laptop when it sees ransomware-like file encryption. It is a tool that monitors endpoints for malicious behavior and enables response. It offers deep visibility and rapid containment of compromised devices. It requires agents and skilled analysts and can slow devices.
Cyber Security,What is SIEM used for?,"SIEM is used by security teams to detect and investigate threats. It is a platform that collects and correlates security logs for analysis and alerts. It is expensive and noisy, and needs tuning to avoid alert fatigue. It alerts when many failed logins are followed by a success."
Cyber Security,Where have you seen DDoS attack in action?,"DDoS attack uses a botnet to send millions of requests to a website. It is an attack that floods a target with traffic from many sources. It is mitigated with CDNs, rate limiting, and scrubbing services. It causes downtime, lost revenue, and can hide other attacks."
Cyber Security,What do you gain by using honeypot?,Honeypot gives early warning and reveals attacker techniques. It is a decoy system designed to attract and study attackers. It is used to detect intrusions and collect threat intelligence. It exposes a fake database server that logs every access attempt.
Cyber Security,What is the main purpose of buffer overflow?,"Buffer overflow is studied in low-level languages like C and C++. It is a bug where a program writes beyond the end of a memory buffer. It is prevented by bounds checking, memory-safe languages, and compiler protections. It can crash programs or let attackers run arbitrary code."
Cyber Security,What is malware used for?,"Malware is used by attackers to steal data, spy, or control machines. It is detected by antivirus, endpoint detection, and safe user habits. It includes viruses, worms, trojans, spyware, and ransomware. It is analyzed through static and dynamic analysis in sandboxes."
Cyber Security,How does password salting help developers?,Password salting defeats rainbow tables and keeps identical passwords from sharing the same hash. It is the practice of adding a random value to a password before hashing. It is used when storing passwords in databases. It stores a unique salt next to each user's hash.
Cyber Security,What are the alternatives or companions of social engineering?,"Social engineering includes phishing, pretexting, baiting, and tailgating. It is used by attackers because humans are often easier targets than systems. It bypasses technical controls entirely by targeting trust. It has a caller pose as IT support and ask for a password."
Cyber Security,What is an alternative to password manager?,"Password manager works best with multi-factor authentication. It is used so people can have strong, different passwords for every account. It reduces reuse and makes phishing easier to spot through domain matching. It fills a random twenty-character password on a login form."
Cyber Security,When should you avoid public key infrastructure?,"Public key infrastructure depends on certificate authorities, and a compromised authority harms trust. It is used for HTTPS, code signing, and email encryption. It lets browsers trust a website because a known authority signed its certificate. It includes certificate authorities, registration authorities, and revocation lists."
Cyber Security,What should you watch out for when using man-in-the-middle attack?,"Man-in-the-middle attack can expose passwords and let attackers modify messages. It is an attack where someone secretly intercepts or alters communication between two parties. It is common on unsecured public Wi-Fi and compromised networks. It is prevented by TLS, certificate validation, and VPNs."
Cyber Security,Explain SSH.,SSH is a protocol for secure remote login and command execution over an encrypted channel. It is used by administrators to manage servers. It is exposed to brute force attempts if password login is enabled. It replaced insecure protocols like Telnet.
Cyber Security,Explain firewall.,Firewall is a security control that filters network traffic using defined rules. It is used at network edges and on hosts to block unauthorized connections. It cannot stop attacks inside allowed traffic or insider threats alone. It blocks incoming connections on port 23 while allowing HTTPS.
Cyber Security,What is the difference between hashing and encryption?,"Encryption is reversible: data is transformed with a key and can be decrypted back to the original. Hashing is a one-way function producing a fixed-length digest that cannot be reversed. Passwords should be hashed with salted, slow algorithms like bcrypt or Argon2, while encryption protects retrievable data."
Cyber Security,What is an alternative to asymmetric encryption?,"Asymmetric encryption includes RSA and elliptic curve cryptography. It is encryption using a public key to encrypt and a private key to decrypt. It is used for key exchange, digital signatures, and secure email. It removes the need to share a secret in advance."
Cyber Security,Explain asymmetric encryption.,"Asymmetric encryption is encryption using a public key to encrypt and a private key to decrypt. It is used for key exchange, digital signatures, and secure email. It lets anyone encrypt a message with a public key that only the owner can read."
Cyber Security,What are the disadvantages of intrusion detection system?,"Intrusion detection system generates false positives and only detects instead of blocking. It is used to detect intrusions and policy violations. It alerts when a host scans many ports in seconds. It differs from an intrusion prevention system, which blocks traffic automatically."
Cyber Security,How does brute force attack differ from related concepts?,"Brute force attack differs from credential stuffing, which reuses leaked passwords. It is an attack that tries many password or key combinations until one works. It is slowed by lockouts, rate limiting, and strong passwords. It succeeds quickly against short or common passwords."
Cyber Security,What is the main purpose of network segmentation?,Network segmentation is used to isolate sensitive systems such as payment servers. It is dividing a network into separate zones with controlled traffic between them. It limits lateral movement and contains breaches. It places guest Wi-Fi on a separate VLAN from internal servers.
Cyber Security,What are the limitations of vulnerability scanning?,Vulnerability scanning produces false positives and cannot confirm real exploitability. It is the automated checking of systems for known weaknesses. It is used regularly to find missing patches and misconfigurations. It covers many assets quickly and cheaply. It uses a scanner like Nessus or OpenVAS to list outdated software.
Cyber Security,What is the main purpose of SQL injection?,"SQL injection is tested for in login forms, search boxes, and any database-backed input. It can expose, modify, or delete data and sometimes give attackers control of the server. It is defended against by prepared statements, input validation, and least-privilege database accounts."
Cyber Security,What is a practical example of TLS?,"TLS shows the padlock in the browser for HTTPS sites. It is used for HTTPS, email, and secure APIs. It protects confidentiality and integrity and verifies the server identity. It cannot protect endpoints, and weak configurations or old versions are vulnerable."
Cyber Security,Is there a substitute for endpoint detection and response?,Endpoint detection and response goes beyond traditional antivirus signature matching. It is a tool that monitors endpoints for malicious behavior and enables response. It is used to detect advanced threats on laptops and servers. It requires agents and skilled analysts and can slow devices.
Cyber Security,How is TLS used in practice?,TLS shows the padlock in the browser for HTTPS sites. It is a protocol that encrypts and authenticates data sent between clients and servers. It protects confidentiality and integrity and verifies the server identity. It is the successor of SSL.
Cyber Security,Define incident response in simple words.,"Incident response is the organized approach to detecting, containing, and recovering from security incidents. It is used whenever a breach or attack is suspected. It fails when plans are untested or roles are unclear. It follows phases like preparation, detection, containment, eradication, recovery, and lessons learned."
Cyber Security,How is intrusion detection system typically used in real projects?,Intrusion detection system is used to detect intrusions and policy violations. It is a system that monitors network or host activity for suspicious behavior. It gives visibility and alerts that enable fast response. It generates false positives and only detects instead of blocking.
Cyber Security,What are the advantages of phishing?,"Phishing is reduced by awareness training, email filtering, and multi-factor authentication. It can lead to account takeover, malware infection, and financial loss. It sends an email imitating a bank that links to a fake login page. It includes spear phishing for targeted victims and vishing by phone."
Cyber Security,Why do developers use firewall?,Firewall is used at network edges and on hosts to block unauthorized connections. It reduces exposure by allowing only necessary traffic. It blocks incoming connections on port 23 while allowing HTTPS. It ranges from packet filters to next-generation firewalls and web application firewalls.
Cyber Security,What are the downsides of TLS?,"TLS cannot protect endpoints, and weak configurations or old versions are vulnerable. It is a protocol that encrypts and authenticates data sent between clients and servers. It protects confidentiality and integrity and verifies the server identity. It shows the padlock in the browser for HTTPS sites."
Cyber Security,What does multi-factor authentication mean?,"Multi-factor authentication is authentication requiring two or more independent proof types. It stops most account takeovers even when passwords leak. It can be bypassed by phishing or SIM swapping, and adds user friction. It is strongest with hardware security keys and passkeys."
Cyber Security,What are common pitfalls with DNS spoofing?,"DNS spoofing can silently send users to lookalike sites. It is an attack that gives false DNS answers to redirect users to malicious sites. It is used by attackers to harvest credentials and spread malware. It is countered by DNSSEC, encrypted DNS, and HTTPS."
Cyber Security,How does OWASP Top 10 differ from related concepts?,OWASP Top 10 is published by the Open Worldwide Application Security Project. It is used as an awareness and secure coding baseline. It gives teams a common priority list for fixing issues. It lists risks such as broken access control and injection.
Cyber Security,Describe public key infrastructure briefly.,"Public key infrastructure is a framework of certificates and authorities that manages public keys and identities. It depends on certificate authorities, and a compromised authority harms trust. It lets browsers trust a website because a known authority signed its certificate."
Cyber Security,What are common pitfalls with zero trust?,"Zero trust takes substantial effort to implement and can slow users down. It is a security model that never trusts any user or device by default. It is used to protect cloud and remote-work environments. It checks identity and device health on every request, even inside the network."
Cyber Security,How does buffer overflow differ from related concepts?,"Buffer overflow is mitigated by stack canaries, ASLR, and non-executable memory. It is a bug where a program writes beyond the end of a memory buffer. It can crash programs or let attackers run arbitrary code. It happens when copying a long string into a small fixed array."
Cyber Security,Show a real-world example of asymmetric encryption.,"Asymmetric encryption lets anyone encrypt a message with a public key that only the owner can read. It is encryption using a public key to encrypt and a private key to decrypt. It is used for key exchange, digital signatures, and secure email."
Cyber Security,What is the main purpose of social engineering?,"Social engineering is used by attackers because humans are often easier targets than systems. It is the manipulation of people into revealing information or performing actions. It is countered by training, verification procedures, and a reporting culture. It has a caller pose as IT support and ask for a password."
Cyber Security,Show a real-world example of honeypot.,Honeypot exposes a fake database server that logs every access attempt. It is a decoy system designed to attract and study attackers. It is used to detect intrusions and collect threat intelligence. It gives early warning and reveals attacker techniques.
Cyber Security,When should you use least privilege?,"Least privilege is used when designing roles, permissions, and service accounts. It is a principle giving users and programs only the access they need. It needs ongoing review, since permissions tend to accumulate. It supports separation of duties and role-based access control."
Cyber Security,Describe a scenario where patch management is applied.,"Patch management applies a monthly operating system security update across all laptops. It is the process of identifying, testing, and installing software updates. It can cause downtime or compatibility issues if not tested. It is helped by asset inventory and automated tools."
Cyber Security,What are the downsides of malware?,"Malware can cause data theft, system damage, and spread across networks. It is software designed to damage, disrupt, or gain unauthorized access to systems. It is detected by antivirus, endpoint detection, and safe user habits. It includes viruses, worms, trojans, spyware, and ransomware."
Cyber Security,What are the limitations of DNS spoofing?,"DNS spoofing can silently send users to lookalike sites. It is an attack that gives false DNS answers to redirect users to malicious sites. It is countered by DNSSEC, encrypted DNS, and HTTPS. It makes a bank's domain resolve to an attacker's server."
Cyber Security,Give an example of asymmetric encryption.,Asymmetric encryption lets anyone encrypt a message with a public key that only the owner can read. It is encryption using a public key to encrypt and a private key to decrypt. It removes the need to share a secret in advance.
Cyber Security,In which situations is social engineering a good choice?,"Social engineering is used by attackers because humans are often easier targets than systems. It is the manipulation of people into revealing information or performing actions. It is countered by training, verification procedures, and a reporting culture. It includes phishing, pretexting, baiting, and tailgating."
Cyber Security,How does multi-factor authentication differ from related concepts?,"Multi-factor authentication is strongest with hardware security keys and passkeys. It is authentication requiring two or more independent proof types. It is used for email, banking, and administrator accounts. It can be bypassed by phishing or SIM swapping, and adds user friction."
Cyber Security,What are the alternatives or companions of threat modeling?,"Threat modeling includes STRIDE, DREAD, and attack trees. It is a structured process for identifying and prioritizing potential threats to a system. It is used during design to find security flaws early. It finds issues cheaply before code is written."
Cyber Security,What other concepts are connected to firewall?,Firewall ranges from packet filters to next-generation firewalls and web application firewalls. It is a security control that filters network traffic using defined rules. It is used at network edges and on hosts to block unauthorized connections. It cannot stop attacks inside allowed traffic or insider threats alone.
Cyber Security,Why do developers use phishing?,"Phishing is delivered by attackers through email, SMS, and fake login pages. It is reduced by awareness training, email filtering, and multi-factor authentication. It sends an email imitating a bank that links to a fake login page. It includes spear phishing for targeted victims and vishing by phone."
Cyber Security,What are the limitations of data loss prevention?,"Data loss prevention can cause false positives that block legitimate work. It is a set of tools and policies that stop sensitive data from leaving the organization. It reduces accidental leaks and supports regulatory compliance. It monitors endpoints, networks, and cloud storage."
Cyber Security,What is DNS spoofing?,"DNS spoofing is an attack that gives false DNS answers to redirect users to malicious sites. It is used by attackers to harvest credentials and spread malware. It is countered by DNSSEC, encrypted DNS, and HTTPS. It makes a bank's domain resolve to an attacker's server."
Cyber Security,What are the drawbacks of multi-factor authentication?,"Multi-factor authentication can be bypassed by phishing or SIM swapping, and adds user friction. It is used for email, banking, and administrator accounts. It stops most account takeovers even when passwords leak. It is strongest with hardware security keys and passkeys."
Cyber Security,Walk me through a simple example of multi-factor authentication.,Multi-factor authentication asks for a password and a code from an authenticator app. It is authentication requiring two or more independent proof types. It stops most account takeovers even when passwords leak. It is strongest with hardware security keys and passkeys.
Cyber Security,What are the benefits of using symmetric encryption?,Symmetric encryption is fast and efficient for large amounts of data. It is encryption that uses the same secret key for encryption and decryption. It is used for bulk data such as disk encryption and file protection. It struggles with secure key distribution between parties.
Cyber Security,What are the advantages of session hijacking?,"Session hijacking is prevented by HTTPS, secure cookies, and short session lifetimes. It is taking over a user's active session by stealing its identifier. It lets attackers act as the user without knowing the password. It steals a session cookie from an open Wi-Fi network."
Cyber Security,How is malware typically used in real projects?,"Malware is used by attackers to steal data, spy, or control machines. It is detected by antivirus, endpoint detection, and safe user habits. It can cause data theft, system damage, and spread across networks. It includes viruses, worms, trojans, spyware, and ransomware."
Cyber Security,What does hashing mean?,"Hashing is a one-way function that turns data into a fixed-length digest. It is used for password storage, integrity checks, and digital signatures. It verifies a downloaded file against a published SHA-256 checksum. It differs from encryption, which can be reversed with a key."
Cyber Security,What problems can clickjacking cause?,Clickjacking abuses legitimate pages loaded in invisible frames. It is an attack that tricks users into clicking something hidden under a visible element. It overlays a transparent frame of a bank page over a fake prize button. It is also called UI redress.
Cyber Security,Describe TLS briefly.,"TLS is a protocol that encrypts and authenticates data sent between clients and servers. It protects confidentiality and integrity and verifies the server identity. It cannot protect endpoints, and weak configurations or old versions are vulnerable. It is the successor of SSL."
Cyber Security,How is CSRF typically used in real projects?,CSRF is relevant for state-changing actions such as transfers and password changes. It is an attack that tricks a logged-in user's browser into sending unwanted requests. It makes a hidden form on a malicious page submit a money transfer to a bank.
Cyber Security,What other concepts are connected to vulnerability scanning?,Vulnerability scanning is complemented by penetration testing for deeper validation. It is the automated checking of systems for known weaknesses. It covers many assets quickly and cheaply. It produces false positives and cannot confirm real exploitability. It uses a scanner like Nessus or OpenVAS to list outdated software.
Cyber Security,Walk me through a simple example of ransomware.,"Ransomware locks all files with a note demanding bitcoin. It is used by criminals against hospitals, businesses, and individuals for extortion. It can be mitigated with offline backups, patching, and network segmentation. It can halt operations, leak stolen data, and offers no guarantee of recovery after payment."
Cyber Security,What other concepts are connected to password manager?,Password manager works best with multi-factor authentication. It is an application that stores and generates unique passwords securely. It reduces reuse and makes phishing easier to spot through domain matching. It creates a single point of failure if the master password is weak.
Cyber Security,What are the alternatives or companions of firewall?,Firewall ranges from packet filters to next-generation firewalls and web application firewalls. It is a security control that filters network traffic using defined rules. It reduces exposure by allowing only necessary traffic. It cannot stop attacks inside allowed traffic or insider threats alone.
Cyber Security,How does digital signature differ from related concepts?,Digital signature is created by signing a hash with a private key. It is a cryptographic proof that a message came from a signer and was not altered. It depends on keeping private keys secure and trusting certificates. It lets a developer sign an app so users verify it.
Cyber Security,What are the limitations of penetration testing?,"Penetration testing covers a limited time and scope and costs money. It is used before launches and for compliance checks. It has testers exploit a web app's flaw to reach customer records. It differs from vulnerability scanning, which is automated and less deep."
Cyber Security,What is a practical example of SQL injection?,"SQL injection abuses a login by entering a quote and OR 1=1 to bypass the password check. It is an attack that inserts malicious SQL into input so the database runs it. It is tested for in login forms, search boxes, and any database-backed input."
Cyber Security,What problems can digital signature cause?,"Digital signature depends on keeping private keys secure and trusting certificates. It is used for software updates, contracts, and certificates. It lets a developer sign an app so users verify it. It is created by signing a hash with a private key."
Cyber Security,Why is OWASP Top 10 useful?,OWASP Top 10 gives teams a common priority list for fixing issues. It is used as an awareness and secure coding baseline. It is not exhaustive and should not be the only security standard. It lists risks such as broken access control and injection.
Cyber Security,Give an example of DNS spoofing.,"DNS spoofing makes a bank's domain resolve to an attacker's server. It is an attack that gives false DNS answers to redirect users to malicious sites. It is used by attackers to harvest credentials and spread malware. It is countered by DNSSEC, encrypted DNS, and HTTPS."
Cyber Security,What is the main purpose of multi-factor authentication?,"Multi-factor authentication is used for email, banking, and administrator accounts. It stops most account takeovers even when passwords leak. It can be bypassed by phishing or SIM swapping, and adds user friction. It is strongest with hardware security keys and passkeys."
Cyber Security,How does privilege escalation help developers?,"Privilege escalation is limited through patching, least privilege, and monitoring. It is used by attackers after initial access to take control. It can turn a small compromise into full system control. It occurs vertically to higher roles or horizontally to other users' accounts."
Cyber Security,What should I learn alongside asymmetric encryption?,"Asymmetric encryption includes RSA and elliptic curve cryptography. It is used for key exchange, digital signatures, and secure email. It is much slower than symmetric encryption and needs larger keys. It lets anyone encrypt a message with a public key that only the owner can read."
Cyber Security,What is an alternative to least privilege?,"Least privilege supports separation of duties and role-based access control. It is a principle giving users and programs only the access they need. It is used when designing roles, permissions, and service accounts. It needs ongoing review, since permissions tend to accumulate."
Cyber Security,What other concepts are connected to patch management?,"Patch management is helped by asset inventory and automated tools. It is the process of identifying, testing, and installing software updates. It is used to close known vulnerabilities across systems. It removes the easiest paths for attackers. It applies a monthly operating system security update across all laptops."
Cyber Security,What other concepts are connected to OWASP Top 10?,OWASP Top 10 is published by the Open Worldwide Application Security Project. It is used as an awareness and secure coding baseline. It is not exhaustive and should not be the only security standard. It lists risks such as broken access control and injection.
Cyber Security,What do you gain by using brute force attack?,"Brute force attack is slowed by lockouts, rate limiting, and strong passwords. It is an attack that tries many password or key combinations until one works. It tries thousands of passwords per minute on an SSH login. It differs from credential stuffing, which reuses leaked passwords."
Cyber Security,List the strengths of endpoint detection and response.,Endpoint detection and response offers deep visibility and rapid containment of compromised devices. It is used to detect advanced threats on laptops and servers. It isolates a laptop when it sees ransomware-like file encryption. It goes beyond traditional antivirus signature matching.
Cyber Security,Explain password salting.,Password salting is the practice of adding a random value to a password before hashing. It is used when storing passwords in databases. It defeats rainbow tables and keeps identical passwords from sharing the same hash. It does not stop brute force against weak passwords by itself.
Cyber Security,What is a practical example of buffer overflow?,"Buffer overflow happens when copying a long string into a small fixed array. It is studied in low-level languages like C and C++. It is prevented by bounds checking, memory-safe languages, and compiler protections. It is mitigated by stack canaries, ASLR, and non-executable memory."
Cyber Security,Explain session hijacking.,Session hijacking is taking over a user's active session by stealing its identifier. It lets attackers act as the user without knowing the password. It steals a session cookie from an open Wi-Fi network. It is related to session fixation.
Cyber Security,How does CSRF help developers?,"CSRF is blocked effectively by anti-CSRF tokens and SameSite cookies. It is an attack that tricks a logged-in user's browser into sending unwanted requests. It can perform actions as the victim without stealing their credentials. It differs from XSS, since it exploits a server's trust in the user's browser."
Cyber Security,What are the disadvantages of CSRF?,"CSRF can perform actions as the victim without stealing their credentials. It makes a hidden form on a malicious page submit a money transfer to a bank. It differs from XSS, since it exploits a server's trust in the user's browser."
Cyber Security,What is OWASP Top 10 used for?,OWASP Top 10 is used as an awareness and secure coding baseline. It is a regularly updated list of the most critical web application security risks. It gives teams a common priority list for fixing issues. It is published by the Open Worldwide Application Security Project.
Cyber Security,When should you avoid buffer overflow?,"Buffer overflow can crash programs or let attackers run arbitrary code. It is a bug where a program writes beyond the end of a memory buffer. It happens when copying a long string into a small fixed array. It is mitigated by stack canaries, ASLR, and non-executable memory."
Cyber Security,Define vulnerability scanning in simple words.,Vulnerability scanning is the automated checking of systems for known weaknesses. It is used regularly to find missing patches and misconfigurations. It covers many assets quickly and cheaply. It uses a scanner like Nessus or OpenVAS to list outdated software. It is complemented by penetration testing for deeper validation.
Cyber Security,How is asymmetric encryption typically used in real projects?,"Asymmetric encryption is used for key exchange, digital signatures, and secure email. It removes the need to share a secret in advance. It is much slower than symmetric encryption and needs larger keys. It includes RSA and elliptic curve cryptography."
Cyber Security,Walk me through a simple example of phishing.,"Phishing sends an email imitating a bank that links to a fake login page. It is delivered by attackers through email, SMS, and fake login pages. It is reduced by awareness training, email filtering, and multi-factor authentication. It can lead to account takeover, malware infection, and financial loss."
Cyber Security,Give an example of network segmentation.,Network segmentation places guest Wi-Fi on a separate VLAN from internal servers. It is dividing a network into separate zones with controlled traffic between them. It is used to isolate sensitive systems such as payment servers. It limits lateral movement and contains breaches.
Cyber Security,Can you illustrate CSRF with an example?,CSRF makes a hidden form on a malicious page submit a money transfer to a bank. It is an attack that tricks a logged-in user's browser into sending unwanted requests. It is blocked effectively by anti-CSRF tokens and SameSite cookies.
Cyber Security,What is the main purpose of penetration testing?,Penetration testing is used before launches and for compliance checks. It is an authorized simulated attack to find weaknesses in a system. It finds real exploitable issues and shows their impact. It has testers exploit a web app's flaw to reach customer records.
Cyber Security,What is an alternative to directory traversal?,Directory traversal is also called path traversal. It is an attack that uses path sequences like ../ to access files outside the intended folder. It is tested wherever file names come from user input. It is prevented by validating paths and using allow-lists. It can expose configuration files and passwords.
Cyber Security,When should you avoid brute force attack?,"Brute force attack succeeds quickly against short or common passwords. It is used against weak passwords and exposed login pages. It is slowed by lockouts, rate limiting, and strong passwords. It tries thousands of passwords per minute on an SSH login."
Cyber Security,Explain DDoS attack.,"DDoS attack is an attack that floods a target with traffic from many sources. It is mitigated with CDNs, rate limiting, and scrubbing services. It uses a botnet to send millions of requests to a website. It differs from a single-source denial-of-service attack."
Cyber Security,When should you use password manager?,"Password manager is used so people can have strong, different passwords for every account. It reduces reuse and makes phishing easier to spot through domain matching. It creates a single point of failure if the master password is weak. It fills a random twenty-character password on a login form."
Cyber Security,What is a practical example of digital signature?,"Digital signature lets a developer sign an app so users verify it. It is a cryptographic proof that a message came from a signer and was not altered. It provides authenticity, integrity, and non-repudiation. It is created by signing a hash with a private key."
Cyber Security,What do you gain by using buffer overflow?,"Buffer overflow is prevented by bounds checking, memory-safe languages, and compiler protections. It is a bug where a program writes beyond the end of a memory buffer. It is studied in low-level languages like C and C++. It can crash programs or let attackers run arbitrary code."
Cyber Security,How is digital signature typically used in real projects?,"Digital signature is used for software updates, contracts, and certificates. It is a cryptographic proof that a message came from a signer and was not altered. It provides authenticity, integrity, and non-repudiation. It lets a developer sign an app so users verify it."
Cyber Security,When should you use password salting?,Password salting is used when storing passwords in databases. It is the practice of adding a random value to a password before hashing. It defeats rainbow tables and keeps identical passwords from sharing the same hash. It stores a unique salt next to each user's hash.
Cyber Security,Can you illustrate patch management with an example?,"Patch management applies a monthly operating system security update across all laptops. It is the process of identifying, testing, and installing software updates. It is used to close known vulnerabilities across systems. It removes the easiest paths for attackers. It can cause downtime or compatibility issues if not tested."
Cyber Security,Define data loss prevention in simple words.,"Data loss prevention is a set of tools and policies that stop sensitive data from leaving the organization. It is used to protect customer records, source code, and personal data. It reduces accidental leaks and supports regulatory compliance. It monitors endpoints, networks, and cloud storage."
Cyber Security,What are the drawbacks of directory traversal?,Directory traversal can expose configuration files and passwords. It is an attack that uses path sequences like ../ to access files outside the intended folder. It is tested wherever file names come from user input. It requests ../../etc/passwd through a file download parameter. It is also called path traversal.
Cyber Security,In which situations is brute force attack a good choice?,"Brute force attack is used against weak passwords and exposed login pages. It is slowed by lockouts, rate limiting, and strong passwords. It tries thousands of passwords per minute on an SSH login. It differs from credential stuffing, which reuses leaked passwords."
Cyber Security,What should you watch out for when using social engineering?,"Social engineering bypasses technical controls entirely by targeting trust. It is used by attackers because humans are often easier targets than systems. It is countered by training, verification procedures, and a reporting culture. It has a caller pose as IT support and ask for a password."
Cyber Security,List the strengths of clickjacking.,Clickjacking is blocked by X-Frame-Options and the CSP frame-ancestors directive. It is an attack that tricks users into clicking something hidden under a visible element. It is used to make victims perform unintended actions like likes or payments. It abuses legitimate pages loaded in invisible frames.
Cyber Security,Describe phishing briefly.,"Phishing is a social engineering attack using fake messages or sites to steal credentials. It can lead to account takeover, malware infection, and financial loss. It sends an email imitating a bank that links to a fake login page. It includes spear phishing for targeted victims and vishing by phone."
Cyber Security,What are the advantages of OWASP Top 10?,OWASP Top 10 gives teams a common priority list for fixing issues. It is used as an awareness and secure coding baseline. It lists risks such as broken access control and injection. It is published by the Open Worldwide Application Security Project.
Cyber Security,Why is cross-site scripting considered important?,"Cross-site scripting is preventable through output encoding, sanitization, and Content Security Policy. It can steal session cookies, deface pages, and perform actions as victims. It runs a script from a comment field in every visitor's browser. It comes in stored, reflected, and DOM-based forms."
Cyber Security,Where have you seen zero trust in action?,"Zero trust checks identity and device health on every request, even inside the network. It is a security model that never trusts any user or device by default. It is used to protect cloud and remote-work environments. It follows the motto never trust, always verify."
Cyber Security,Show a real-world example of vulnerability scanning.,Vulnerability scanning uses a scanner like Nessus or OpenVAS to list outdated software. It is used regularly to find missing patches and misconfigurations. It produces false positives and cannot confirm real exploitability. It is complemented by penetration testing for deeper validation.
Cyber Security,What are the downsides of threat modeling?,"Threat modeling needs expertise and time, and models go stale as systems change. It is a structured process for identifying and prioritizing potential threats to a system. It finds issues cheaply before code is written. It uses STRIDE to examine each component for spoofing or tampering."
Cyber Security,What is the main purpose of firewall?,Firewall is used at network edges and on hosts to block unauthorized connections. It is a security control that filters network traffic using defined rules. It reduces exposure by allowing only necessary traffic. It ranges from packet filters to next-generation firewalls and web application firewalls.
Cyber Security,How does digital signature help developers?,"Digital signature provides authenticity, integrity, and non-repudiation. It is a cryptographic proof that a message came from a signer and was not altered. It depends on keeping private keys secure and trusting certificates. It is created by signing a hash with a private key."
Cyber Security,How would you explain clickjacking to a beginner?,Clickjacking is an attack that tricks users into clicking something hidden under a visible element. It abuses legitimate pages loaded in invisible frames. It overlays a transparent frame of a bank page over a fake prize button. It is also called UI redress.
Cyber Security,What is an alternative to firewall?,Firewall ranges from packet filters to next-generation firewalls and web application firewalls. It is a security control that filters network traffic using defined rules. It is used at network edges and on hosts to block unauthorized connections. It reduces exposure by allowing only necessary traffic.
Cyber Security,What are the disadvantages of SSH?,SSH is exposed to brute force attempts if password login is enabled. It is a protocol for secure remote login and command execution over an encrypted channel. It is used by administrators to manage servers. It protects credentials and supports key-based authentication. It replaced insecure protocols like Telnet.
Cyber Security,Give an example of DDoS attack.,"DDoS attack uses a botnet to send millions of requests to a website. It is used by attackers to take down websites and services. It causes downtime, lost revenue, and can hide other attacks. It differs from a single-source denial-of-service attack."
Cyber Security,How does data loss prevention differ from related concepts?,"Data loss prevention monitors endpoints, networks, and cloud storage. It is a set of tools and policies that stop sensitive data from leaving the organization. It is used to protect customer records, source code, and personal data. It blocks an email carrying credit card numbers to an external address."
Cyber Security,Is there a substitute for CSRF?,"CSRF differs from XSS, since it exploits a server's trust in the user's browser. It is an attack that tricks a logged-in user's browser into sending unwanted requests. It is blocked effectively by anti-CSRF tokens and SameSite cookies. It can perform actions as the victim without stealing their credentials."
Cyber Security,Where have you seen password manager in action?,"Password manager fills a random twenty-character password on a login form. It is an application that stores and generates unique passwords securely. It is used so people can have strong, different passwords for every account. It reduces reuse and makes phishing easier to spot through domain matching."
Cyber Security,Can you give a short overview of hashing?,"Hashing is a one-way function that turns data into a fixed-length digest. It is not reversible, and fast hashes are unsafe for passwords. It verifies a downloaded file against a published SHA-256 checksum. It differs from encryption, which can be reversed with a key."
Cyber Security,What are the alternatives or companions of least privilege?,"Least privilege supports separation of duties and role-based access control. It is used when designing roles, permissions, and service accounts. It needs ongoing review, since permissions tend to accumulate. It gives a support agent read access to tickets but not billing data."
Cyber Security,What should I learn alongside privilege escalation?,Privilege escalation occurs vertically to higher roles or horizontally to other users' accounts. It is the exploitation of a flaw to gain higher access than intended. It is used by attackers after initial access to take control. It can turn a small compromise into full system control.
Cyber Security,Why is digital signature considered important?,"Digital signature provides authenticity, integrity, and non-repudiation. It is a cryptographic proof that a message came from a signer and was not altered. It is used for software updates, contracts, and certificates. It lets a developer sign an app so users verify it."
Cyber Security,What is DNS spoofing used for?,"DNS spoofing is used by attackers to harvest credentials and spread malware. It is countered by DNSSEC, encrypted DNS, and HTTPS. It can silently send users to lookalike sites. It makes a bank's domain resolve to an attacker's server. It is also called DNS cache poisoning."
Cyber Security,What should I learn alongside vulnerability scanning?,Vulnerability scanning is complemented by penetration testing for deeper validation. It is the automated checking of systems for known weaknesses. It is used regularly to find missing patches and misconfigurations. It uses a scanner like Nessus or OpenVAS to list outdated software.
Cyber Security,What problem does man-in-the-middle attack solve?,Man-in-the-middle attack is common on unsecured public Wi-Fi and compromised networks. It is an attack where someone secretly intercepts or alters communication between two parties. It can expose passwords and let attackers modify messages. It includes ARP spoofing and SSL stripping.
Cyber Security,What problems can hashing cause?,"Hashing is not reversible, and fast hashes are unsafe for passwords. It detects any change in data, since small differences change the digest. It verifies a downloaded file against a published SHA-256 checksum. It differs from encryption, which can be reversed with a key."
Cyber Security,What are the advantages of brute force attack?,"Brute force attack is slowed by lockouts, rate limiting, and strong passwords. It is an attack that tries many password or key combinations until one works. It is used against weak passwords and exposed login pages. It differs from credential stuffing, which reuses leaked passwords."
Cyber Security,What is the main purpose of phishing?,"Phishing is delivered by attackers through email, SMS, and fake login pages. It is a social engineering attack using fake messages or sites to steal credentials. It can lead to account takeover, malware infection, and financial loss. It includes spear phishing for targeted victims and vishing by phone."
Cyber Security,Where is symmetric encryption commonly applied?,Symmetric encryption is used for bulk data such as disk encryption and file protection. It is encryption that uses the same secret key for encryption and decryption. It is fast and efficient for large amounts of data. It struggles with secure key distribution between parties.
Cyber Security,Describe directory traversal briefly.,Directory traversal is an attack that uses path sequences like ../ to access files outside the intended folder. It is tested wherever file names come from user input. It can expose configuration files and passwords. It requests ../../etc/passwd through a file download parameter. It is also called path traversal.
Cyber Security,What are the downsides of buffer overflow?,"Buffer overflow can crash programs or let attackers run arbitrary code. It is a bug where a program writes beyond the end of a memory buffer. It is studied in low-level languages like C and C++. It is mitigated by stack canaries, ASLR, and non-executable memory."
Cyber Security,What do you gain by using intrusion detection system?,Intrusion detection system gives visibility and alerts that enable fast response. It is a system that monitors network or host activity for suspicious behavior. It is used to detect intrusions and policy violations. It alerts when a host scans many ports in seconds.
Cyber Security,How is directory traversal used in practice?,Directory traversal requests ../../etc/passwd through a file download parameter. It is an attack that uses path sequences like ../ to access files outside the intended folder. It is tested wherever file names come from user input. It can expose configuration files and passwords.
Cyber Security,How does symmetric encryption help developers?,Symmetric encryption is fast and efficient for large amounts of data. It is used for bulk data such as disk encryption and file protection. It struggles with secure key distribution between parties. It encrypts a file with AES-256 using one shared key.
Cyber Security,What are the disadvantages of hashing?,"Hashing is not reversible, and fast hashes are unsafe for passwords. It is a one-way function that turns data into a fixed-length digest. It is used for password storage, integrity checks, and digital signatures. It detects any change in data, since small differences change the digest."
Cyber Security,What problem does public key infrastructure solve?,"Public key infrastructure is used for HTTPS, code signing, and email encryption. It enables trust between strangers on the internet. It depends on certificate authorities, and a compromised authority harms trust. It includes certificate authorities, registration authorities, and revocation lists."
Cyber Security,What is penetration testing used for?,Penetration testing is used before launches and for compliance checks. It is an authorized simulated attack to find weaknesses in a system. It covers a limited time and scope and costs money. It has testers exploit a web app's flaw to reach customer records.
Cyber Security,What problem does threat modeling solve?,"Threat modeling is used during design to find security flaws early. It is a structured process for identifying and prioritizing potential threats to a system. It finds issues cheaply before code is written. It needs expertise and time, and models go stale as systems change."
Cyber Security,Where is SSH commonly applied?,SSH is used by administrators to manage servers. It is a protocol for secure remote login and command execution over an encrypted channel. It protects credentials and supports key-based authentication. It connects to a server with ssh user@host using a private key. It replaced insecure protocols like Telnet.
Cyber Security,Show a real-world example of penetration testing.,Penetration testing has testers exploit a web app's flaw to reach customer records. It is an authorized simulated attack to find weaknesses in a system. It finds real exploitable issues and shows their impact. It covers a limited time and scope and costs money.
Cyber Security,Where is password salting commonly applied?,"Password salting is used when storing passwords in databases. It defeats rainbow tables and keeps identical passwords from sharing the same hash. It does not stop brute force against weak passwords by itself. It should be paired with slow hashing like bcrypt, scrypt, or Argon2."
Cyber Security,What are the alternatives or companions of clickjacking?,Clickjacking is also called UI redress. It is an attack that tricks users into clicking something hidden under a visible element. It is used to make victims perform unintended actions like likes or payments. It abuses legitimate pages loaded in invisible frames.
Cyber Security,What does least privilege mean?,"Least privilege is a principle giving users and programs only the access they need. It limits the damage from mistakes and compromised accounts. It needs ongoing review, since permissions tend to accumulate. It gives a support agent read access to tickets but not billing data."
Cyber Security,What are the drawbacks of man-in-the-middle attack?,"Man-in-the-middle attack can expose passwords and let attackers modify messages. It is common on unsecured public Wi-Fi and compromised networks. It is prevented by TLS, certificate validation, and VPNs. It lets an attacker on a cafe network read unencrypted traffic."
Cyber Security,What is related to OWASP Top 10?,OWASP Top 10 is published by the Open Worldwide Application Security Project. It is used as an awareness and secure coding baseline. It gives teams a common priority list for fixing issues. It is not exhaustive and should not be the only security standard.
Cyber Security,What is DDoS attack?,"DDoS attack is an attack that floods a target with traffic from many sources. It is used by attackers to take down websites and services. It is mitigated with CDNs, rate limiting, and scrubbing services. It causes downtime, lost revenue, and can hide other attacks."
Cyber Security,What are the disadvantages of VPN?,"VPN does not make users anonymous and shifts trust to the VPN provider. It is a service that creates an encrypted tunnel between a device and a network. It lets an employee reach the company intranet from home securely. It uses protocols like WireGuard, OpenVPN, and IPsec."
Cyber Security,What problem does SIEM solve?,"SIEM is used by security teams to detect and investigate threats. It is a platform that collects and correlates security logs for analysis and alerts. It gives central visibility across systems and supports compliance. It is expensive and noisy, and needs tuning to avoid alert fatigue."
Cyber Security,Why is CSRF useful?,"CSRF is blocked effectively by anti-CSRF tokens and SameSite cookies. It makes a hidden form on a malicious page submit a money transfer to a bank. It differs from XSS, since it exploits a server's trust in the user's browser."
Cyber Security,What other concepts are connected to social engineering?,"Social engineering includes phishing, pretexting, baiting, and tailgating. It is the manipulation of people into revealing information or performing actions. It is used by attackers because humans are often easier targets than systems. It bypasses technical controls entirely by targeting trust."
Cyber Security,What do you gain by using CSRF?,"CSRF is blocked effectively by anti-CSRF tokens and SameSite cookies. It is an attack that tricks a logged-in user's browser into sending unwanted requests. It is relevant for state-changing actions such as transfers and password changes. It differs from XSS, since it exploits a server's trust in the user's browser."
Cyber Security,Where is privilege escalation commonly applied?,"Privilege escalation is used by attackers after initial access to take control. It is the exploitation of a flaw to gain higher access than intended. It is limited through patching, least privilege, and monitoring. It can turn a small compromise into full system control."
Cyber Security,When should you use social engineering?,"Social engineering is used by attackers because humans are often easier targets than systems. It is the manipulation of people into revealing information or performing actions. It is countered by training, verification procedures, and a reporting culture. It bypasses technical controls entirely by targeting trust."
Cyber Security,How does phishing differ from related concepts?,"Phishing includes spear phishing for targeted victims and vishing by phone. It is reduced by awareness training, email filtering, and multi-factor authentication. It can lead to account takeover, malware infection, and financial loss. It sends an email imitating a bank that links to a fake login page."
Cyber Security,Show a real-world example of public key infrastructure.,"Public key infrastructure lets browsers trust a website because a known authority signed its certificate. It is a framework of certificates and authorities that manages public keys and identities. It depends on certificate authorities, and a compromised authority harms trust."
Cyber Security,Where have you seen intrusion detection system in action?,"Intrusion detection system alerts when a host scans many ports in seconds. It gives visibility and alerts that enable fast response. It generates false positives and only detects instead of blocking. It differs from an intrusion prevention system, which blocks traffic automatically."
Cyber Security,Can you give a short overview of endpoint detection and response?,Endpoint detection and response is a tool that monitors endpoints for malicious behavior and enables response. It is used to detect advanced threats on laptops and servers. It requires agents and skilled analysts and can slow devices. It isolates a laptop when it sees ransomware-like file encryption.
Cyber Security,What should I learn alongside data loss prevention?,"Data loss prevention monitors endpoints, networks, and cloud storage. It is used to protect customer records, source code, and personal data. It reduces accidental leaks and supports regulatory compliance. It blocks an email carrying credit card numbers to an external address."
Cyber Security,What are the downsides of brute force attack?,"Brute force attack succeeds quickly against short or common passwords. It is an attack that tries many password or key combinations until one works. It is used against weak passwords and exposed login pages. It is slowed by lockouts, rate limiting, and strong passwords."
Cyber Security,Where is ransomware commonly applied?,"Ransomware is used by criminals against hospitals, businesses, and individuals for extortion. It is malware that encrypts files and demands payment for the decryption key. It can be mitigated with offline backups, patching, and network segmentation. It locks all files with a note demanding bitcoin."
Cyber Security,What are the limitations of intrusion detection system?,"Intrusion detection system generates false positives and only detects instead of blocking. It is a system that monitors network or host activity for suspicious behavior. It alerts when a host scans many ports in seconds. It differs from an intrusion prevention system, which blocks traffic automatically."
Cyber Security,Is there a substitute for OWASP Top 10?,OWASP Top 10 is published by the Open Worldwide Application Security Project. It gives teams a common priority list for fixing issues. It is not exhaustive and should not be the only security standard. It lists risks such as broken access control and injection.
Cyber Security,What are the downsides of patch management?,"Patch management can cause downtime or compatibility issues if not tested. It is the process of identifying, testing, and installing software updates. It removes the easiest paths for attackers. It applies a monthly operating system security update across all laptops."
Cyber Security,Can you illustrate social engineering with an example?,"Social engineering has a caller pose as IT support and ask for a password. It is used by attackers because humans are often easier targets than systems. It bypasses technical controls entirely by targeting trust. It includes phishing, pretexting, baiting, and tailgating."
Cyber Security,How does hashing differ from related concepts?,"Hashing differs from encryption, which can be reversed with a key. It is a one-way function that turns data into a fixed-length digest. It is used for password storage, integrity checks, and digital signatures. It detects any change in data, since small differences change the digest."
Cyber Security,When should you use brute force attack?,Brute force attack is used against weak passwords and exposed login pages. It is an attack that tries many password or key combinations until one works. It succeeds quickly against short or common passwords. It tries thousands of passwords per minute on an SSH login.
Cyber Security,What is an alternative to ransomware?,"Ransomware often arrives through phishing or exposed remote desktop services. It is used by criminals against hospitals, businesses, and individuals for extortion. It can be mitigated with offline backups, patching, and network segmentation. It locks all files with a note demanding bitcoin."
Cyber Security,What other concepts are connected to man-in-the-middle attack?,"Man-in-the-middle attack includes ARP spoofing and SSL stripping. It is an attack where someone secretly intercepts or alters communication between two parties. It is prevented by TLS, certificate validation, and VPNs. It can expose passwords and let attackers modify messages."
Cyber Security,How does malware differ from related concepts?,"Malware is analyzed through static and dynamic analysis in sandboxes. It is software designed to damage, disrupt, or gain unauthorized access to systems. It can cause data theft, system damage, and spread across networks. It includes viruses, worms, trojans, spyware, and ransomware."
Cyber Security,How is zero trust used in practice?,"Zero trust checks identity and device health on every request, even inside the network. It is used to protect cloud and remote-work environments. It limits the damage from stolen credentials through continuous verification. It follows the motto never trust, always verify."
Cyber Security,What is hashing used for?,"Hashing is used for password storage, integrity checks, and digital signatures. It is a one-way function that turns data into a fixed-length digest. It detects any change in data, since small differences change the digest. It verifies a downloaded file against a published SHA-256 checksum."
Cyber Security,What do you gain by using malware?,"Malware is detected by antivirus, endpoint detection, and safe user habits. It is software designed to damage, disrupt, or gain unauthorized access to systems. It is used by attackers to steal data, spy, or control machines. It is analyzed through static and dynamic analysis in sandboxes."
Cyber Security,Why is honeypot considered important?,"Honeypot gives early warning and reveals attacker techniques. It is used to detect intrusions and collect threat intelligence. It requires careful isolation, since a compromised honeypot can become a foothold. It exposes a fake database server that logs every access attempt."
Cyber Security,What are the disadvantages of social engineering?,"Social engineering bypasses technical controls entirely by targeting trust. It is the manipulation of people into revealing information or performing actions. It is used by attackers because humans are often easier targets than systems. It is countered by training, verification procedures, and a reporting culture."
Cyber Security,Describe a scenario where cross-site scripting is applied.,"Cross-site scripting runs a script from a comment field in every visitor's browser. It is preventable through output encoding, sanitization, and Content Security Policy. It can steal session cookies, deface pages, and perform actions as victims. It comes in stored, reflected, and DOM-based forms."
Cyber Security,What problem does TLS solve?,"TLS is used for HTTPS, email, and secure APIs. It is a protocol that encrypts and authenticates data sent between clients and servers. It protects confidentiality and integrity and verifies the server identity. It shows the padlock in the browser for HTTPS sites."
Cyber Security,What other concepts are connected to cross-site scripting?,"Cross-site scripting comes in stored, reflected, and DOM-based forms. It is tested for wherever user input is displayed back on web pages. It is preventable through output encoding, sanitization, and Content Security Policy. It can steal session cookies, deface pages, and perform actions as victims."
Cyber Security,What is a practical example of multi-factor authentication?,"Multi-factor authentication asks for a password and a code from an authenticator app. It is used for email, banking, and administrator accounts. It stops most account takeovers even when passwords leak. It can be bypassed by phishing or SIM swapping, and adds user friction."
Cyber Security,Where have you seen brute force attack in action?,"Brute force attack tries thousands of passwords per minute on an SSH login. It is an attack that tries many password or key combinations until one works. It is used against weak passwords and exposed login pages. It differs from credential stuffing, which reuses leaked passwords."
Cyber Security,List the strengths of brute force attack.,"Brute force attack is slowed by lockouts, rate limiting, and strong passwords. It succeeds quickly against short or common passwords. It tries thousands of passwords per minute on an SSH login. It differs from credential stuffing, which reuses leaked passwords."
Cyber Security,List the strengths of CSRF.,CSRF is blocked effectively by anti-CSRF tokens and SameSite cookies. It is an attack that tricks a logged-in user's browser into sending unwanted requests. It is relevant for state-changing actions such as transfers and password changes. It can perform actions as the victim without stealing their credentials.
Cyber Security,What are the benefits of using SSH?,SSH protects credentials and supports key-based authentication. It is a protocol for secure remote login and command execution over an encrypted channel. It is exposed to brute force attempts if password login is enabled. It replaced insecure protocols like Telnet.
Cyber Security,What is a practical example of SSH?,SSH connects to a server with ssh user@host using a private key. It is a protocol for secure remote login and command execution over an encrypted channel. It protects credentials and supports key-based authentication. It is exposed to brute force attempts if password login is enabled.
Cyber Security,What are the disadvantages of SIEM?,"SIEM is expensive and noisy, and needs tuning to avoid alert fatigue. It is a platform that collects and correlates security logs for analysis and alerts. It gives central visibility across systems and supports compliance. It alerts when many failed logins are followed by a success."
Cyber Security,Can you illustrate SIEM with an example?,"SIEM alerts when many failed logins are followed by a success. It is a platform that collects and correlates security logs for analysis and alerts. It gives central visibility across systems and supports compliance. It is offered by Splunk, Microsoft Sentinel, and Elastic."
Cyber Security,What are the advantages of TLS?,"TLS protects confidentiality and integrity and verifies the server identity. It is a protocol that encrypts and authenticates data sent between clients and servers. It is used for HTTPS, email, and secure APIs. It cannot protect endpoints, and weak configurations or old versions are vulnerable."
Cyber Security,Why do developers use data loss prevention?,"Data loss prevention is used to protect customer records, source code, and personal data. It reduces accidental leaks and supports regulatory compliance. It can cause false positives that block legitimate work. It blocks an email carrying credit card numbers to an external address. It monitors endpoints, networks, and cloud storage."
Cyber Security,Can you give a short overview of malware?,"Malware is software designed to damage, disrupt, or gain unauthorized access to systems. It is detected by antivirus, endpoint detection, and safe user habits. It includes viruses, worms, trojans, spyware, and ransomware. It is analyzed through static and dynamic analysis in sandboxes."
Cyber Security,How does social engineering differ from related concepts?,"Social engineering includes phishing, pretexting, baiting, and tailgating. It is used by attackers because humans are often easier targets than systems. It is countered by training, verification procedures, and a reporting culture. It has a caller pose as IT support and ask for a password."
Cyber Security,Describe network segmentation briefly.,Network segmentation is dividing a network into separate zones with controlled traffic between them. It is used to isolate sensitive systems such as payment servers. It limits lateral movement and contains breaches. It increases design complexity and management effort. It places guest Wi-Fi on a separate VLAN from internal servers.
Cyber Security,What are the advantages of CSRF?,"CSRF is blocked effectively by anti-CSRF tokens and SameSite cookies. It is an attack that tricks a logged-in user's browser into sending unwanted requests. It is relevant for state-changing actions such as transfers and password changes. It differs from XSS, since it exploits a server's trust in the user's browser."
Cyber Security,What should I learn alongside zero trust?,"Zero trust follows the motto never trust, always verify. It is a security model that never trusts any user or device by default. It is used to protect cloud and remote-work environments. It limits the damage from stolen credentials through continuous verification."
Cyber Security,What are the advantages of social engineering?,"Social engineering is countered by training, verification procedures, and a reporting culture. It is the manipulation of people into revealing information or performing actions. It is used by attackers because humans are often easier targets than systems. It has a caller pose as IT support and ask for a password."
Cyber Security,Give an example of phishing.,"Phishing sends an email imitating a bank that links to a fake login page. It is reduced by awareness training, email filtering, and multi-factor authentication. It can lead to account takeover, malware infection, and financial loss. It includes spear phishing for targeted victims and vishing by phone."
Cyber Security,What does symmetric encryption mean?,Symmetric encryption is encryption that uses the same secret key for encryption and decryption. It is used for bulk data such as disk encryption and file protection. It is fast and efficient for large amounts of data. It encrypts a file with AES-256 using one shared key.
Cyber Security,Walk me through a simple example of CSRF.,"CSRF makes a hidden form on a malicious page submit a money transfer to a bank. It can perform actions as the victim without stealing their credentials. It differs from XSS, since it exploits a server's trust in the user's browser."
Cyber Security,Give an example of zero trust.,"Zero trust checks identity and device health on every request, even inside the network. It is a security model that never trusts any user or device by default. It is used to protect cloud and remote-work environments. It limits the damage from stolen credentials through continuous verification."
Cyber Security,What are the advantages of least privilege?,"Least privilege limits the damage from mistakes and compromised accounts. It is a principle giving users and programs only the access they need. It needs ongoing review, since permissions tend to accumulate. It supports separation of duties and role-based access control."
Cyber Security,What do you gain by using phishing?,"Phishing is reduced by awareness training, email filtering, and multi-factor authentication. It is a social engineering attack using fake messages or sites to steal credentials. It can lead to account takeover, malware infection, and financial loss. It includes spear phishing for targeted victims and vishing by phone."
Cyber Security,What are the benefits of using cross-site scripting?,"Cross-site scripting is preventable through output encoding, sanitization, and Content Security Policy. It is tested for wherever user input is displayed back on web pages. It runs a script from a comment field in every visitor's browser. It comes in stored, reflected, and DOM-based forms."
Cyber Security,How does VPN differ from related concepts?,"VPN uses protocols like WireGuard, OpenVPN, and IPsec. It is used for secure remote access and protecting traffic on untrusted networks. It does not make users anonymous and shifts trust to the VPN provider. It lets an employee reach the company intranet from home securely."
Cyber Security,What do you gain by using DDoS attack?,"DDoS attack is mitigated with CDNs, rate limiting, and scrubbing services. It is an attack that floods a target with traffic from many sources. It causes downtime, lost revenue, and can hide other attacks. It uses a botnet to send millions of requests to a website."
Cyber Security,What are the downsides of incident response?,"Incident response fails when plans are untested or roles are unclear. It is the organized approach to detecting, containing, and recovering from security incidents. It is used whenever a breach or attack is suspected. It isolates infected machines, preserves evidence, and restores from clean backups."
Cyber Security,In which situations is CSRF a good choice?,"CSRF is relevant for state-changing actions such as transfers and password changes. It makes a hidden form on a malicious page submit a money transfer to a bank. It differs from XSS, since it exploits a server's trust in the user's browser."
Cyber Security,Show a real-world example of brute force attack.,"Brute force attack tries thousands of passwords per minute on an SSH login. It is slowed by lockouts, rate limiting, and strong passwords. It succeeds quickly against short or common passwords. It differs from credential stuffing, which reuses leaked passwords."
Cyber Security,How does public key infrastructure help developers?,"Public key infrastructure enables trust between strangers on the internet. It is a framework of certificates and authorities that manages public keys and identities. It lets browsers trust a website because a known authority signed its certificate. It includes certificate authorities, registration authorities, and revocation lists."
Cyber Security,Where have you seen phishing in action?,"Phishing sends an email imitating a bank that links to a fake login page. It is delivered by attackers through email, SMS, and fake login pages. It is reduced by awareness training, email filtering, and multi-factor authentication. It includes spear phishing for targeted victims and vishing by phone."
Cyber Security,Show a real-world example of man-in-the-middle attack.,"Man-in-the-middle attack lets an attacker on a cafe network read unencrypted traffic. It is an attack where someone secretly intercepts or alters communication between two parties. It is prevented by TLS, certificate validation, and VPNs. It can expose passwords and let attackers modify messages."
Cyber Security,What is related to patch management?,"Patch management is helped by asset inventory and automated tools. It is the process of identifying, testing, and installing software updates. It removes the easiest paths for attackers. It can cause downtime or compatibility issues if not tested. It applies a monthly operating system security update across all laptops."
Cyber Security,What other concepts are connected to CSRF?,"CSRF differs from XSS, since it exploits a server's trust in the user's browser. It is relevant for state-changing actions such as transfers and password changes. It is blocked effectively by anti-CSRF tokens and SameSite cookies. It can perform actions as the victim without stealing their credentials."
Cyber Security,What is an alternative to cross-site scripting?,"Cross-site scripting comes in stored, reflected, and DOM-based forms. It is an attack that injects malicious scripts into pages viewed by other users. It is tested for wherever user input is displayed back on web pages. It runs a script from a comment field in every visitor's browser."
Cyber Security,What problems can endpoint detection and response cause?,Endpoint detection and response requires agents and skilled analysts and can slow devices. It is used to detect advanced threats on laptops and servers. It isolates a laptop when it sees ransomware-like file encryption. It goes beyond traditional antivirus signature matching.
Cyber Security,Give an example of multi-factor authentication.,"Multi-factor authentication asks for a password and a code from an authenticator app. It is authentication requiring two or more independent proof types. It is used for email, banking, and administrator accounts. It can be bypassed by phishing or SIM swapping, and adds user friction."
Cyber Security,What problem does firewall solve?,Firewall is used at network edges and on hosts to block unauthorized connections. It is a security control that filters network traffic using defined rules. It reduces exposure by allowing only necessary traffic. It cannot stop attacks inside allowed traffic or insider threats alone.
Cyber Security,In which situations is data loss prevention a good choice?,"Data loss prevention is used to protect customer records, source code, and personal data. It can cause false positives that block legitimate work. It blocks an email carrying credit card numbers to an external address. It monitors endpoints, networks, and cloud storage."
Cyber Security,What should you watch out for when using password salting?,Password salting does not stop brute force against weak passwords by itself. It is the practice of adding a random value to a password before hashing. It is used when storing passwords in databases. It defeats rainbow tables and keeps identical passwords from sharing the same hash.
